experiment_id,script_name,timestamp,git_commit,hostname,device_type,device_name,dataset,dataset_variant,split_name,N,D,K_true,informative_ratio,noise_ratio,noise_sigma,data_seed,run_seed,method,prior_mode,baseline_name,beta,beta_mult,Tsplit,tau_mode,tau,tau_mult,lr,temp_start,temp_end,max_epochs,epochs_completed,final_K,split_count,first_split_epoch,last_split_epoch,split_epochs_json,ari,nmi,f1_feature,acc,selected_dims_count,selected_dims_ratio,mean_phi,median_phi,objective_final,objective_best,objective_gap,nll_final,kl_final,wallclock_total_sec,wallclock_stepA_sec,wallclock_train_sec,wallclock_split_diag_sec,wallclock_post_sec,time_per_epoch_sec,peak_memory_mb,status,timeout_flag,error_message,artifact_dir,runtime_axis,runtime_value,baseline_timeout_sec,baseline_converged_flag,source_runs_csv,sensitivity_factor,sensitivity_value,default_reference_value,fixed_data_flag
runtime_real__20ng_train_4cats_2000docs__runtime_20ng__seed0__divi,run_divi_runtime_real.py,2026-03-25T09:19:00Z,unknown,x86_64,cpu,x86_64,20ng,20ng_train_4cats_2000docs,runtime_20ng,2000,384,4,,,,,0,divi,1.0,divi,2000.0,1.0,80.0,auto_entropy,544.8723967505944,1.0,0.01,1.0,0.1,300.0,300.0,4,3,80.0,240.0,"[80, 160, 240]",0.8094396532839916,0.7800561978561804,,0.9255,353.0,0.9192708333333334,0.7334172129631042,0.7710463404655457,1206434.75,1105155.25,101279.5,1184174.5,11.13012409210205,15.614224048000324,1.1415073680000205,14.425180926999928,0.042323712000325,0.0449573360001522,0.048083936423333,1147.2734375,ok,False,,,dataset,20ng,,True,outputs_revision/runtime_real/20ng/runs.csv,,,,
runtime_real__20ng_train_4cats_2000docs__runtime_20ng__seed0__kmeans_oracle,run_divi_runtime_real.py,2026-03-25T09:19:01Z,unknown,x86_64,cpu,x86_64,20ng,20ng_train_4cats_2000docs,runtime_20ng,2000,384,4,,,,,0,kmeans_oracle,,kmeans_oracle,,,,,,,,,,,,4,0,,,[],0.844402778092528,0.8020908544967006,,0.939,,,,,,,,,,0.405856,,0.405856,,,,1147.453125,ok,False,,,dataset,20ng,,True,outputs_revision/runtime_real/20ng/runs.csv,,,,
runtime_real__20ng_train_4cats_2000docs__runtime_20ng__seed0__gmm_oracle,run_divi_runtime_real.py,2026-03-25T09:19:02Z,unknown,x86_64,cpu,x86_64,20ng,20ng_train_4cats_2000docs,runtime_20ng,2000,384,4,,,,,0,gmm_oracle,,gmm_oracle,,,,,,,,,,,,4,0,,,[],0.8434601563692999,0.8022758616966952,,0.9385,,,,,,,,,,1.331898,,1.331898,,,,1153.109375,ok,False,,,dataset,20ng,,True,outputs_revision/runtime_real/20ng/runs.csv,,,,
runtime_real__20ng_train_4cats_2000docs__runtime_20ng__seed0__spkm,run_divi_runtime_real.py,2026-03-25T09:19:10Z,unknown,x86_64,cpu,x86_64,20ng,20ng_train_4cats_2000docs,runtime_20ng,2000,384,4,,,,,0,spkm,,spkm,,,,,,,,,,,,4,0,,,[],0.5139629644456103,0.5151563566882862,,0.7755,30.0,0.078125,,,,,,,,8.110535,,8.110535,,,,1153.109375,ok,False,,,dataset,20ng,,True,outputs_revision/runtime_real/20ng/runs.csv,,,,
runtime_real__20ng_train_4cats_2000docs__runtime_20ng__seed1__divi,run_divi_runtime_real.py,2026-03-25T09:19:26Z,unknown,x86_64,cpu,x86_64,20ng,20ng_train_4cats_2000docs,runtime_20ng,2000,384,4,,,,,1,divi,1.0,divi,2000.0,1.0,80.0,auto_entropy,544.8723967505944,1.0,0.01,1.0,0.1,300.0,300.0,4,3,80.0,240.0,"[80, 160, 240]",0.5226676114821452,0.6206571817307148,,0.6645,351.0,0.9140625,0.7320777773857117,0.7718565464019775,1210556.625,1115297.25,95259.375,1188917.5,10.81954574584961,15.983461801000884,1.087728333999621,14.84342330600066,0.0446485660004327,0.0500126840015582,0.0494780776866688,1153.109375,ok,False,,,dataset,20ng,,True,outputs_revision/runtime_real/20ng/runs.csv,,,,
runtime_real__20ng_train_4cats_2000docs__runtime_20ng__seed1__kmeans_oracle,run_divi_runtime_real.py,2026-03-25T09:19:27Z,unknown,x86_64,cpu,x86_64,20ng,20ng_train_4cats_2000docs,runtime_20ng,2000,384,4,,,,,1,kmeans_oracle,,kmeans_oracle,,,,,,,,,,,,4,0,,,[],0.8445932629572291,0.8021979143114102,,0.939,,,,,,,,,,0.409828,,0.409828,,,,1153.109375,ok,False,,,dataset,20ng,,True,outputs_revision/runtime_real/20ng/runs.csv,,,,
runtime_real__20ng_train_4cats_2000docs__runtime_20ng__seed1__gmm_oracle,run_divi_runtime_real.py,2026-03-25T09:19:28Z,unknown,x86_64,cpu,x86_64,20ng,20ng_train_4cats_2000docs,runtime_20ng,2000,384,4,,,,,1,gmm_oracle,,gmm_oracle,,,,,,,,,,,,4,0,,,[],0.8311467646385914,0.7919380276263053,,0.9335,,,,,,,,,,1.435031,,1.435031,,,,1153.109375,ok,False,,,dataset,20ng,,True,outputs_revision/runtime_real/20ng/runs.csv,,,,
runtime_real__20ng_train_4cats_2000docs__runtime_20ng__seed1__spkm,run_divi_runtime_real.py,2026-03-25T09:19:37Z,unknown,x86_64,cpu,x86_64,20ng,20ng_train_4cats_2000docs,runtime_20ng,2000,384,4,,,,,1,spkm,,spkm,,,,,,,,,,,,4,0,,,[],0.5139629644456103,0.5151563566882862,,0.7755,30.0,0.078125,,,,,,,,8.692425,,8.692425,,,,1153.109375,ok,False,,,dataset,20ng,,True,outputs_revision/runtime_real/20ng/runs.csv,,,,
runtime_real__20ng_train_4cats_2000docs__runtime_20ng__seed2__divi,run_divi_runtime_real.py,2026-03-25T09:19:53Z,unknown,x86_64,cpu,x86_64,20ng,20ng_train_4cats_2000docs,runtime_20ng,2000,384,4,,,,,2,divi,1.0,divi,2000.0,1.0,80.0,auto_entropy,544.8723967505944,1.0,0.01,1.0,0.1,300.0,300.0,4,3,80.0,240.0,"[80, 160, 240]",0.803066610059557,0.7783243197545773,,0.921,352.0,0.9166666666666666,0.7322610020637512,0.7735626101493835,1208564.75,1114567.875,93996.875,1186538.0,11.01340103149414,15.761768732998462,1.185729517001164,14.527441005000584,0.0477984639983333,0.0463713179997284,0.0484248033500019,1153.109375,ok,False,,,dataset,20ng,,True,outputs_revision/runtime_real/20ng/runs.csv,,,,
runtime_real__20ng_train_4cats_2000docs__runtime_20ng__seed2__kmeans_oracle,run_divi_runtime_real.py,2026-03-25T09:19:53Z,unknown,x86_64,cpu,x86_64,20ng,20ng_train_4cats_2000docs,runtime_20ng,2000,384,4,,,,,2,kmeans_oracle,,kmeans_oracle,,,,,,,,,,,,4,0,,,[],0.8481849185503184,0.8060240675720713,,0.9405,,,,,,,,,,0.418497,,0.418497,,,,1153.109375,ok,False,,,dataset,20ng,,True,outputs_revision/runtime_real/20ng/runs.csv,,,,
runtime_real__20ng_train_4cats_2000docs__runtime_20ng__seed2__gmm_oracle,run_divi_runtime_real.py,2026-03-25T09:19:54Z,unknown,x86_64,cpu,x86_64,20ng,20ng_train_4cats_2000docs,runtime_20ng,2000,384,4,,,,,2,gmm_oracle,,gmm_oracle,,,,,,,,,,,,4,0,,,[],0.5462341533957157,0.6519467588159202,,0.6465,,,,,,,,,,1.212005,,1.212005,,,,1153.109375,ok,False,,,dataset,20ng,,True,outputs_revision/runtime_real/20ng/runs.csv,,,,
runtime_real__20ng_train_4cats_2000docs__runtime_20ng__seed2__spkm,run_divi_runtime_real.py,2026-03-25T09:20:01Z,unknown,x86_64,cpu,x86_64,20ng,20ng_train_4cats_2000docs,runtime_20ng,2000,384,4,,,,,2,spkm,,spkm,,,,,,,,,,,,4,0,,,[],0.5139629644456103,0.5151563566882862,,0.7755,30.0,0.078125,,,,,,,,7.250096,,7.250096,,,,1153.109375,ok,False,,,dataset,20ng,,True,outputs_revision/runtime_real/20ng/runs.csv,,,,
runtime_real__20ng_train_4cats_2000docs__runtime_20ng__seed3__divi,run_divi_runtime_real.py,2026-03-25T09:20:20Z,unknown,x86_64,cpu,x86_64,20ng,20ng_train_4cats_2000docs,runtime_20ng,2000,384,4,,,,,3,divi,1.0,divi,2000.0,1.0,80.0,auto_entropy,544.8723967505944,1.0,0.01,1.0,0.1,300.0,300.0,4,3,80.0,240.0,"[80, 160, 240]",0.8361551249675714,0.7972406691216025,,0.9355,350.0,0.9114583333333334,0.7318015098571777,0.7723449468612671,1206717.0,1107178.25,99538.75,1185027.25,10.844879150390623,18.03280256699873,2.357910921000439,15.626853398000094,0.0448957749977125,0.044453484000769,0.0520895113266669,1153.109375,ok,False,,,dataset,20ng,,True,outputs_revision/runtime_real/20ng/runs.csv,,,,
runtime_real__20ng_train_4cats_2000docs__runtime_20ng__seed3__kmeans_oracle,run_divi_runtime_real.py,2026-03-25T09:20:20Z,unknown,x86_64,cpu,x86_64,20ng,20ng_train_4cats_2000docs,runtime_20ng,2000,384,4,,,,,3,kmeans_oracle,,kmeans_oracle,,,,,,,,,,,,4,0,,,[],0.8443595376183625,0.8021491712345852,,0.939,,,,,,,,,,0.374622,,0.374622,,,,1153.109375,ok,False,,,dataset,20ng,,True,outputs_revision/runtime_real/20ng/runs.csv,,,,
runtime_real__20ng_train_4cats_2000docs__runtime_20ng__seed3__gmm_oracle,run_divi_runtime_real.py,2026-03-25T09:20:21Z,unknown,x86_64,cpu,x86_64,20ng,20ng_train_4cats_2000docs,runtime_20ng,2000,384,4,,,,,3,gmm_oracle,,gmm_oracle,,,,,,,,,,,,4,0,,,[],0.8443926634652008,0.8035170221289007,,0.939,,,,,,,,,,1.555578,,1.555578,,,,1153.109375,ok,False,,,dataset,20ng,,True,outputs_revision/runtime_real/20ng/runs.csv,,,,
runtime_real__20ng_train_4cats_2000docs__runtime_20ng__seed3__spkm,run_divi_runtime_real.py,2026-03-25T09:20:29Z,unknown,x86_64,cpu,x86_64,20ng,20ng_train_4cats_2000docs,runtime_20ng,2000,384,4,,,,,3,spkm,,spkm,,,,,,,,,,,,4,0,,,[],0.5139629644456103,0.5151563566882862,,0.7755,30.0,0.078125,,,,,,,,7.451574,,7.451574,,,,1153.109375,ok,False,,,dataset,20ng,,True,outputs_revision/runtime_real/20ng/runs.csv,,,,
runtime_real__20ng_train_4cats_2000docs__runtime_20ng__seed4__divi,run_divi_runtime_real.py,2026-03-25T09:20:46Z,unknown,x86_64,cpu,x86_64,20ng,20ng_train_4cats_2000docs,runtime_20ng,2000,384,4,,,,,4,divi,1.0,divi,2000.0,1.0,80.0,auto_entropy,544.8723967505944,1.0,0.01,1.0,0.1,300.0,300.0,4,3,80.0,240.0,"[80, 160, 240]",0.8234453300189003,0.7887935800649062,,0.931,352.0,0.9166666666666666,0.7338380813598633,0.7750465869903564,1206470.625,1108581.375,97889.25,1183985.75,11.242444038391112,17.047742095001013,1.7337507020001794,15.266935329998889,0.0475024630013649,0.044861916998343,0.0508897844333296,1153.109375,ok,False,,,dataset,20ng,,True,outputs_revision/runtime_real/20ng/runs.csv,,,,
runtime_real__20ng_train_4cats_2000docs__runtime_20ng__seed4__kmeans_oracle,run_divi_runtime_real.py,2026-03-25T09:20:46Z,unknown,x86_64,cpu,x86_64,20ng,20ng_train_4cats_2000docs,runtime_20ng,2000,384,4,,,,,4,kmeans_oracle,,kmeans_oracle,,,,,,,,,,,,4,0,,,[],0.8443911771389144,0.8030594826009252,,0.939,,,,,,,,,,0.37443,,0.37443,,,,1153.109375,ok,False,,,dataset,20ng,,True,outputs_revision/runtime_real/20ng/runs.csv,,,,
runtime_real__20ng_train_4cats_2000docs__runtime_20ng__seed4__gmm_oracle,run_divi_runtime_real.py,2026-03-25T09:20:48Z,unknown,x86_64,cpu,x86_64,20ng,20ng_train_4cats_2000docs,runtime_20ng,2000,384,4,,,,,4,gmm_oracle,,gmm_oracle,,,,,,,,,,,,4,0,,,[],0.5252734227692097,0.6259589565923137,,0.642,,,,,,,,,,1.557846,,1.557846,,,,1153.109375,ok,False,,,dataset,20ng,,True,outputs_revision/runtime_real/20ng/runs.csv,,,,
runtime_real__20ng_train_4cats_2000docs__runtime_20ng__seed4__spkm,run_divi_runtime_real.py,2026-03-25T09:20:56Z,unknown,x86_64,cpu,x86_64,20ng,20ng_train_4cats_2000docs,runtime_20ng,2000,384,4,,,,,4,spkm,,spkm,,,,,,,,,,,,4,0,,,[],0.5139629644456103,0.5151563566882862,,0.7755,30.0,0.078125,,,,,,,,8.38155,,8.38155,,,,1153.109375,ok,False,,,dataset,20ng,,True,outputs_revision/runtime_real/20ng/runs.csv,,,,
runtime_real__isolet_first_5__runtime_isolet__seed0__divi,run_divi_runtime_real.py,2026-03-25T09:11:53Z,unknown,x86_64,cpu,x86_64,isolet,isolet_first_5,runtime_isolet,1499,617,5,,,,,0,divi,1.0,divi,1499.0,1.0,80.0,auto_entropy,875.485074987283,1.0,0.01,1.0,0.1,300.0,300.0,4,3,80.0,240.0,"[80, 160, 240]",0.6851688477204501,0.7636543240111847,,0.7598398932621748,575.0,0.9319286871961102,0.7803779244422913,0.8233674764633179,1319836.75,1211005.625,108831.125,1300485.75,12.909246444702148,23.81933362699965,2.39988565800013,20.13699514699965,0.0631541899992953,0.0625523779999639,0.0671233171566655,666.96875,ok,False,,,dataset,isolet,,True,outputs_revision/runtime_real/isolet/runs.csv,,,,
runtime_real__isolet_first_5__runtime_isolet__seed0__kmeans_oracle,run_divi_runtime_real.py,2026-03-25T09:11:54Z,unknown,x86_64,cpu,x86_64,isolet,isolet_first_5,runtime_isolet,1499,617,5,,,,,0,kmeans_oracle,,kmeans_oracle,,,,,,,,,,,,5,0,,,[],0.6308339952955893,0.714477151994444,,0.752501667778519,,,,,,,,,,0.626074,,0.626074,,,,667.37109375,ok,False,,,dataset,isolet,,True,outputs_revision/runtime_real/isolet/runs.csv,,,,
runtime_real__isolet_first_5__runtime_isolet__seed0__gmm_oracle,run_divi_runtime_real.py,2026-03-25T09:11:58Z,unknown,x86_64,cpu,x86_64,isolet,isolet_first_5,runtime_isolet,1499,617,5,,,,,0,gmm_oracle,,gmm_oracle,,,,,,,,,,,,5,0,,,[],0.3800334292360192,0.5623034662866924,,0.5163442294863242,,,,,,,,,,3.834844,,3.834844,,,,673.9296875,ok,False,,,dataset,isolet,,True,outputs_revision/runtime_real/isolet/runs.csv,,,,
runtime_real__isolet_first_5__runtime_isolet__seed0__spkm,run_divi_runtime_real.py,2026-03-25T09:12:06Z,unknown,x86_64,cpu,x86_64,isolet,isolet_first_5,runtime_isolet,1499,617,5,,,,,0,spkm,,spkm,,,,,,,,,,,,5,0,,,[],0.551433696762814,0.6395391257587981,,0.7224816544362909,23.0,0.0372771474878444,,,,,,,,8.423622,,8.423622,,,,673.93359375,ok,False,,,dataset,isolet,,True,outputs_revision/runtime_real/isolet/runs.csv,,,,
runtime_real__isolet_first_5__runtime_isolet__seed1__divi,run_divi_runtime_real.py,2026-03-25T09:12:28Z,unknown,x86_64,cpu,x86_64,isolet,isolet_first_5,runtime_isolet,1499,617,5,,,,,1,divi,1.0,divi,1499.0,1.0,80.0,auto_entropy,875.485074987283,1.0,0.01,1.0,0.1,300.0,300.0,4,3,80.0,240.0,"[80, 160, 240]",0.3166925538777617,0.4290620609693827,,0.5270180120080054,579.0,0.9384116693679092,0.7816243767738342,0.8216168880462646,1327060.0,1217619.75,109440.25,1306904.5,13.44593620300293,21.63250104800045,1.4848104239999884,20.073321245000443,0.0559904300007474,0.0719443849993695,0.0669110708166681,719.9140625,ok,False,,,dataset,isolet,,True,outputs_revision/runtime_real/isolet/runs.csv,,,,
runtime_real__isolet_first_5__runtime_isolet__seed1__kmeans_oracle,run_divi_runtime_real.py,2026-03-25T09:12:29Z,unknown,x86_64,cpu,x86_64,isolet,isolet_first_5,runtime_isolet,1499,617,5,,,,,1,kmeans_oracle,,kmeans_oracle,,,,,,,,,,,,5,0,,,[],0.6304310304785326,0.7154610478994805,,0.7505003335557038,,,,,,,,,,0.536894,,0.536894,,,,663.734375,ok,False,,,dataset,isolet,,True,outputs_revision/runtime_real/isolet/runs.csv,,,,
runtime_real__isolet_first_5__runtime_isolet__seed1__gmm_oracle,run_divi_runtime_real.py,2026-03-25T09:12:31Z,unknown,x86_64,cpu,x86_64,isolet,isolet_first_5,runtime_isolet,1499,617,5,,,,,1,gmm_oracle,,gmm_oracle,,,,,,,,,,,,5,0,,,[],0.6304310304785326,0.7154610478994805,,0.7505003335557038,,,,,,,,,,2.195683,,2.195683,,,,663.734375,ok,False,,,dataset,isolet,,True,outputs_revision/runtime_real/isolet/runs.csv,,,,
runtime_real__isolet_first_5__runtime_isolet__seed1__spkm,run_divi_runtime_real.py,2026-03-25T09:12:41Z,unknown,x86_64,cpu,x86_64,isolet,isolet_first_5,runtime_isolet,1499,617,5,,,,,1,spkm,,spkm,,,,,,,,,,,,5,0,,,[],0.551433696762814,0.6395391257587981,,0.7224816544362909,23.0,0.0372771474878444,,,,,,,,9.881915,,9.881915,,,,663.73828125,ok,False,,,dataset,isolet,,True,outputs_revision/runtime_real/isolet/runs.csv,,,,
runtime_real__isolet_first_5__runtime_isolet__seed2__divi,run_divi_runtime_real.py,2026-03-25T09:13:04Z,unknown,x86_64,cpu,x86_64,isolet,isolet_first_5,runtime_isolet,1499,617,5,,,,,2,divi,1.0,divi,1499.0,1.0,80.0,auto_entropy,875.485074987283,1.0,0.01,1.0,0.1,300.0,300.0,4,3,80.0,240.0,"[80, 160, 240]",0.5035622502556053,0.609473719885339,,0.5837224816544363,578.0,0.9367909238249594,0.7810192704200745,0.8224171996116638,1324188.75,1216565.375,107623.375,1304354.5,13.231619834899902,22.866483003999747,1.426811579999594,21.353152806999788,0.0607548899997709,0.0839777000001049,0.0711771760233326,699.03125,ok,False,,,dataset,isolet,,True,outputs_revision/runtime_real/isolet/runs.csv,,,,
runtime_real__isolet_first_5__runtime_isolet__seed2__kmeans_oracle,run_divi_runtime_real.py,2026-03-25T09:13:04Z,unknown,x86_64,cpu,x86_64,isolet,isolet_first_5,runtime_isolet,1499,617,5,,,,,2,kmeans_oracle,,kmeans_oracle,,,,,,,,,,,,5,0,,,[],0.6325398386786752,0.7166484840543856,,0.7531687791861241,,,,,,,,,,0.608913,,0.608913,,,,699.03125,ok,False,,,dataset,isolet,,True,outputs_revision/runtime_real/isolet/runs.csv,,,,
runtime_real__isolet_first_5__runtime_isolet__seed2__gmm_oracle,run_divi_runtime_real.py,2026-03-25T09:13:07Z,unknown,x86_64,cpu,x86_64,isolet,isolet_first_5,runtime_isolet,1499,617,5,,,,,2,gmm_oracle,,gmm_oracle,,,,,,,,,,,,5,0,,,[],0.6268244501643063,0.7106443178604657,,0.7545030020013342,,,,,,,,,,2.360428,,2.360428,,,,699.03125,ok,False,,,dataset,isolet,,True,outputs_revision/runtime_real/isolet/runs.csv,,,,
runtime_real__isolet_first_5__runtime_isolet__seed2__spkm,run_divi_runtime_real.py,2026-03-25T09:13:16Z,unknown,x86_64,cpu,x86_64,isolet,isolet_first_5,runtime_isolet,1499,617,5,,,,,2,spkm,,spkm,,,,,,,,,,,,5,0,,,[],0.551433696762814,0.6395391257587981,,0.7224816544362909,23.0,0.0372771474878444,,,,,,,,9.938277,,9.938277,,,,699.03515625,ok,False,,,dataset,isolet,,True,outputs_revision/runtime_real/isolet/runs.csv,,,,
runtime_real__isolet_first_5__runtime_isolet__seed3__divi,run_divi_runtime_real.py,2026-03-25T09:13:39Z,unknown,x86_64,cpu,x86_64,isolet,isolet_first_5,runtime_isolet,1499,617,5,,,,,3,divi,1.0,divi,1499.0,1.0,80.0,auto_entropy,875.485074987283,1.0,0.01,1.0,0.1,300.0,300.0,4,3,80.0,240.0,"[80, 160, 240]",0.4121970501643345,0.5902539666079768,,0.5570380253502335,579.0,0.9384116693679092,0.7808614373207092,0.8226712942123413,1338545.75,1230160.375,108385.375,1318795.625,13.175540924072266,22.14845703999981,1.9132210810003016,20.16198425999937,0.0560617229994022,0.0702645510000365,0.0672066141999979,688.328125,ok,False,,,dataset,isolet,,True,outputs_revision/runtime_real/isolet/runs.csv,,,,
runtime_real__isolet_first_5__runtime_isolet__seed3__kmeans_oracle,run_divi_runtime_real.py,2026-03-25T09:13:39Z,unknown,x86_64,cpu,x86_64,isolet,isolet_first_5,runtime_isolet,1499,617,5,,,,,3,kmeans_oracle,,kmeans_oracle,,,,,,,,,,,,5,0,,,[],0.6327541562206604,0.7155228258534756,,0.752501667778519,,,,,,,,,,0.615025,,0.615025,,,,688.328125,ok,False,,,dataset,isolet,,True,outputs_revision/runtime_real/isolet/runs.csv,,,,
runtime_real__isolet_first_5__runtime_isolet__seed3__gmm_oracle,run_divi_runtime_real.py,2026-03-25T09:13:43Z,unknown,x86_64,cpu,x86_64,isolet,isolet_first_5,runtime_isolet,1499,617,5,,,,,3,gmm_oracle,,gmm_oracle,,,,,,,,,,,,5,0,,,[],0.6304310304785326,0.7154610478994804,,0.7505003335557038,,,,,,,,,,3.395401,,3.395401,,,,688.328125,ok,False,,,dataset,isolet,,True,outputs_revision/runtime_real/isolet/runs.csv,,,,
runtime_real__isolet_first_5__runtime_isolet__seed3__spkm,run_divi_runtime_real.py,2026-03-25T09:13:52Z,unknown,x86_64,cpu,x86_64,isolet,isolet_first_5,runtime_isolet,1499,617,5,,,,,3,spkm,,spkm,,,,,,,,,,,,5,0,,,[],0.551433696762814,0.6395391257587981,,0.7224816544362909,23.0,0.0372771474878444,,,,,,,,8.797939,,8.797939,,,,688.328125,ok,False,,,dataset,isolet,,True,outputs_revision/runtime_real/isolet/runs.csv,,,,
runtime_real__isolet_first_5__runtime_isolet__seed4__divi,run_divi_runtime_real.py,2026-03-25T09:14:12Z,unknown,x86_64,cpu,x86_64,isolet,isolet_first_5,runtime_isolet,1499,617,5,,,,,4,divi,1.0,divi,1499.0,1.0,80.0,auto_entropy,875.485074987283,1.0,0.01,1.0,0.1,300.0,300.0,4,3,80.0,240.0,"[80, 160, 240]",0.3808515914072269,0.5324848547539195,,0.5350233488992662,579.0,0.9384116693679092,0.7802916169166565,0.8201515078544617,1335852.125,1219840.0,116012.125,1316426.5,12.959030151367188,20.83840380899983,1.396308324000529,19.380224121000538,0.0515443459999005,0.0594171069997173,0.0646007470700018,684.9375,ok,False,,,dataset,isolet,,True,outputs_revision/runtime_real/isolet/runs.csv,,,,
runtime_real__isolet_first_5__runtime_isolet__seed4__kmeans_oracle,run_divi_runtime_real.py,2026-03-25T09:14:13Z,unknown,x86_64,cpu,x86_64,isolet,isolet_first_5,runtime_isolet,1499,617,5,,,,,4,kmeans_oracle,,kmeans_oracle,,,,,,,,,,,,5,0,,,[],0.6333375949392477,0.7159829952155068,,0.752501667778519,,,,,,,,,,0.547847,,0.547847,,,,684.9375,ok,False,,,dataset,isolet,,True,outputs_revision/runtime_real/isolet/runs.csv,,,,
runtime_real__isolet_first_5__runtime_isolet__seed4__gmm_oracle,run_divi_runtime_real.py,2026-03-25T09:14:15Z,unknown,x86_64,cpu,x86_64,isolet,isolet_first_5,runtime_isolet,1499,617,5,,,,,4,gmm_oracle,,gmm_oracle,,,,,,,,,,,,5,0,,,[],0.631249632338815,0.7147633429295881,,0.7545030020013342,,,,,,,,,,2.259639,,2.259639,,,,684.9375,ok,False,,,dataset,isolet,,True,outputs_revision/runtime_real/isolet/runs.csv,,,,
runtime_real__isolet_first_5__runtime_isolet__seed4__spkm,run_divi_runtime_real.py,2026-03-25T09:14:24Z,unknown,x86_64,cpu,x86_64,isolet,isolet_first_5,runtime_isolet,1499,617,5,,,,,4,spkm,,spkm,,,,,,,,,,,,5,0,,,[],0.551433696762814,0.6395391257587981,,0.7224816544362909,23.0,0.0372771474878444,,,,,,,,9.24915,,9.24915,,,,684.94140625,ok,False,,,dataset,isolet,,True,outputs_revision/runtime_real/isolet/runs.csv,,,,
runtime_synth__synthetic_n1000_d100_noise3.0__runtime_dscale__seed0__divi,run_divi_runtime_synth.py,2026-03-25T08:15:50Z,unknown,x86_64,cpu,x86_64,synthetic,synthetic_n1000_d100_noise3.0,runtime_dscale,1000,100,3,0.1,0.9,3.0,20260425.0,0,divi,1.0,divi,1000.0,1.0,80.0,auto_entropy,141.89385332046726,1.0,0.01,1.0,0.1,300.0,300.0,4,3,80.0,240.0,"[80, 160, 240]",0.8790863947577888,0.9094849103554182,,0.879,10.0,0.1,0.2848047316074371,0.2045182287693023,187202.46875,179704.53125,7497.9375,183629.0625,3.573408365249634,8.700206663000245,0.2665009780002947,2.851336994999656,0.0183120690007854,0.0076732029992854,0.0095044566499988,485.96484375,ok,False,,,D,100,,True,outputs_revision/runtime_synth/runs.csv,,,,
runtime_synth__synthetic_n1000_d100_noise3.0__runtime_dscale__seed0__kmeans_oracle,run_divi_runtime_synth.py,2026-03-25T08:15:50Z,unknown,x86_64,cpu,x86_64,synthetic,synthetic_n1000_d100_noise3.0,runtime_dscale,1000,100,3,0.1,0.9,3.0,20260425.0,0,kmeans_oracle,,kmeans_oracle,,,,,,,,,,,,3,0,,,[],1.0,1.0,,1.0,,,,,,,,,,0.063302,,0.063302,,,,486.1796875,ok,False,,,D,100,,True,outputs_revision/runtime_synth/runs.csv,,,,
runtime_synth__synthetic_n1000_d100_noise3.0__runtime_dscale__seed0__gmm_oracle,run_divi_runtime_synth.py,2026-03-25T08:15:50Z,unknown,x86_64,cpu,x86_64,synthetic,synthetic_n1000_d100_noise3.0,runtime_dscale,1000,100,3,0.1,0.9,3.0,20260425.0,0,gmm_oracle,,gmm_oracle,,,,,,,,,,,,3,0,,,[],1.0,1.0,,1.0,,,,,,,,,,0.217052,,0.217052,,,,487.828125,ok,False,,,D,100,,True,outputs_revision/runtime_synth/runs.csv,,,,
runtime_synth__synthetic_n1000_d100_noise3.0__runtime_dscale__seed0__spkm,run_divi_runtime_synth.py,2026-03-25T08:15:50Z,unknown,x86_64,cpu,x86_64,synthetic,synthetic_n1000_d100_noise3.0,runtime_dscale,1000,100,3,0.1,0.9,3.0,20260425.0,0,spkm,,spkm,,,,,,,,,,,,3,0,,,[],1.0,1.0,,1.0,95.0,0.95,,,,,,,,0.149814,,0.149814,,,,488.296875,ok,False,,,D,100,,True,outputs_revision/runtime_synth/runs.csv,,,,
runtime_synth__synthetic_n1000_d100_noise3.0__runtime_dscale__seed1__divi,run_divi_runtime_synth.py,2026-03-25T08:15:53Z,unknown,x86_64,cpu,x86_64,synthetic,synthetic_n1000_d100_noise3.0,runtime_dscale,1000,100,3,0.1,0.9,3.0,20260425.0,1,divi,1.0,divi,1000.0,1.0,80.0,auto_entropy,141.89385332046726,1.0,0.01,1.0,0.1,300.0,300.0,4,3,80.0,240.0,"[80, 160, 240]",0.8717912569048336,0.906079716572033,,0.858,10.0,0.1,0.2808740437030792,0.2018592059612274,187168.109375,177899.140625,9268.96875,183878.390625,3.2897229194641118,2.533242997999878,0.2449971290006942,2.2795493290004742,0.0059846370004379,0.0078200090001701,0.0075984977633349,494.2734375,ok,False,,,D,100,,True,outputs_revision/runtime_synth/runs.csv,,,,
runtime_synth__synthetic_n1000_d100_noise3.0__runtime_dscale__seed1__kmeans_oracle,run_divi_runtime_synth.py,2026-03-25T08:15:53Z,unknown,x86_64,cpu,x86_64,synthetic,synthetic_n1000_d100_noise3.0,runtime_dscale,1000,100,3,0.1,0.9,3.0,20260425.0,1,kmeans_oracle,,kmeans_oracle,,,,,,,,,,,,3,0,,,[],1.0,1.0,,1.0,,,,,,,,,,0.044574,,0.044574,,,,494.2734375,ok,False,,,D,100,,True,outputs_revision/runtime_synth/runs.csv,,,,
runtime_synth__synthetic_n1000_d100_noise3.0__runtime_dscale__seed1__gmm_oracle,run_divi_runtime_synth.py,2026-03-25T08:15:53Z,unknown,x86_64,cpu,x86_64,synthetic,synthetic_n1000_d100_noise3.0,runtime_dscale,1000,100,3,0.1,0.9,3.0,20260425.0,1,gmm_oracle,,gmm_oracle,,,,,,,,,,,,3,0,,,[],0.9970015045323004,0.9938029489046496,,0.999,,,,,,,,,,0.097223,,0.097223,,,,494.2734375,ok,False,,,D,100,,True,outputs_revision/runtime_synth/runs.csv,,,,
runtime_synth__synthetic_n1000_d100_noise3.0__runtime_dscale__seed1__spkm,run_divi_runtime_synth.py,2026-03-25T08:15:53Z,unknown,x86_64,cpu,x86_64,synthetic,synthetic_n1000_d100_noise3.0,runtime_dscale,1000,100,3,0.1,0.9,3.0,20260425.0,1,spkm,,spkm,,,,,,,,,,,,3,0,,,[],1.0,1.0,,1.0,95.0,0.95,,,,,,,,0.128949,,0.128949,,,,494.2734375,ok,False,,,D,100,,True,outputs_revision/runtime_synth/runs.csv,,,,
runtime_synth__synthetic_n1000_d100_noise3.0__runtime_dscale__seed2__divi,run_divi_runtime_synth.py,2026-03-25T08:15:55Z,unknown,x86_64,cpu,x86_64,synthetic,synthetic_n1000_d100_noise3.0,runtime_dscale,1000,100,3,0.1,0.9,3.0,20260425.0,2,divi,1.0,divi,1000.0,1.0,80.0,auto_entropy,141.89385332046726,1.0,0.01,1.0,0.1,300.0,300.0,4,3,80.0,240.0,"[80, 160, 240]",0.8829865582560039,0.911349518786087,,0.887,10.0,0.1,0.2850266396999359,0.2068149298429489,187234.5,178575.171875,8659.328125,183602.8125,3.631682872772217,2.270528199999717,0.1556352210000113,2.1081941339998598,0.0057579300000725,0.0059963789999528,0.0070273137799995,488.296875,ok,False,,,D,100,,True,outputs_revision/runtime_synth/runs.csv,,,,
runtime_synth__synthetic_n1000_d100_noise3.0__runtime_dscale__seed2__kmeans_oracle,run_divi_runtime_synth.py,2026-03-25T08:15:55Z,unknown,x86_64,cpu,x86_64,synthetic,synthetic_n1000_d100_noise3.0,runtime_dscale,1000,100,3,0.1,0.9,3.0,20260425.0,2,kmeans_oracle,,kmeans_oracle,,,,,,,,,,,,3,0,,,[],1.0,1.0,,1.0,,,,,,,,,,0.037573,,0.037573,,,,488.296875,ok,False,,,D,100,,True,outputs_revision/runtime_synth/runs.csv,,,,
runtime_synth__synthetic_n1000_d100_noise3.0__runtime_dscale__seed2__gmm_oracle,run_divi_runtime_synth.py,2026-03-25T08:15:55Z,unknown,x86_64,cpu,x86_64,synthetic,synthetic_n1000_d100_noise3.0,runtime_dscale,1000,100,3,0.1,0.9,3.0,20260425.0,2,gmm_oracle,,gmm_oracle,,,,,,,,,,,,3,0,,,[],1.0,1.0,,1.0,,,,,,,,,,0.068568,,0.068568,,,,488.296875,ok,False,,,D,100,,True,outputs_revision/runtime_synth/runs.csv,,,,
runtime_synth__synthetic_n1000_d100_noise3.0__runtime_dscale__seed2__spkm,run_divi_runtime_synth.py,2026-03-25T08:15:55Z,unknown,x86_64,cpu,x86_64,synthetic,synthetic_n1000_d100_noise3.0,runtime_dscale,1000,100,3,0.1,0.9,3.0,20260425.0,2,spkm,,spkm,,,,,,,,,,,,3,0,,,[],1.0,1.0,,1.0,95.0,0.95,,,,,,,,0.085148,,0.085148,,,,488.296875,ok,False,,,D,100,,True,outputs_revision/runtime_synth/runs.csv,,,,
runtime_synth__synthetic_n1000_d100_noise3.0__runtime_dscale__seed3__divi,run_divi_runtime_synth.py,2026-03-25T08:15:58Z,unknown,x86_64,cpu,x86_64,synthetic,synthetic_n1000_d100_noise3.0,runtime_dscale,1000,100,3,0.1,0.9,3.0,20260425.0,3,divi,1.0,divi,1000.0,1.0,80.0,auto_entropy,141.89385332046726,1.0,0.01,1.0,0.1,300.0,300.0,4,3,80.0,240.0,"[80, 160, 240]",0.869828316109374,0.9051810602393668,,0.848,10.0,0.1,0.2801240682601928,0.2017895579338073,187181.796875,175497.203125,11684.59375,183925.59375,3.2562038898468018,2.3916147059999275,0.1762765490002493,2.208085506000316,0.0066036780008289,0.0065671689999362,0.007360285020001,495.80078125,ok,False,,,D,100,,True,outputs_revision/runtime_synth/runs.csv,,,,
runtime_synth__synthetic_n1000_d100_noise3.0__runtime_dscale__seed3__kmeans_oracle,run_divi_runtime_synth.py,2026-03-25T08:15:58Z,unknown,x86_64,cpu,x86_64,synthetic,synthetic_n1000_d100_noise3.0,runtime_dscale,1000,100,3,0.1,0.9,3.0,20260425.0,3,kmeans_oracle,,kmeans_oracle,,,,,,,,,,,,3,0,,,[],1.0,1.0,,1.0,,,,,,,,,,0.0473,,0.0473,,,,495.80078125,ok,False,,,D,100,,True,outputs_revision/runtime_synth/runs.csv,,,,
runtime_synth__synthetic_n1000_d100_noise3.0__runtime_dscale__seed3__gmm_oracle,run_divi_runtime_synth.py,2026-03-25T08:15:58Z,unknown,x86_64,cpu,x86_64,synthetic,synthetic_n1000_d100_noise3.0,runtime_dscale,1000,100,3,0.1,0.9,3.0,20260425.0,3,gmm_oracle,,gmm_oracle,,,,,,,,,,,,3,0,,,[],1.0,1.0,,1.0,,,,,,,,,,0.093005,,0.093005,,,,495.80078125,ok,False,,,D,100,,True,outputs_revision/runtime_synth/runs.csv,,,,
runtime_synth__synthetic_n1000_d100_noise3.0__runtime_dscale__seed3__spkm,run_divi_runtime_synth.py,2026-03-25T08:15:58Z,unknown,x86_64,cpu,x86_64,synthetic,synthetic_n1000_d100_noise3.0,runtime_dscale,1000,100,3,0.1,0.9,3.0,20260425.0,3,spkm,,spkm,,,,,,,,,,,,3,0,,,[],1.0,1.0,,1.0,95.0,0.95,,,,,,,,0.125386,,0.125386,,,,495.80078125,ok,False,,,D,100,,True,outputs_revision/runtime_synth/runs.csv,,,,
runtime_synth__synthetic_n1000_d100_noise3.0__runtime_dscale__seed4__divi,run_divi_runtime_synth.py,2026-03-25T08:16:00Z,unknown,x86_64,cpu,x86_64,synthetic,synthetic_n1000_d100_noise3.0,runtime_dscale,1000,100,3,0.1,0.9,3.0,20260425.0,4,divi,1.0,divi,1000.0,1.0,80.0,auto_entropy,141.89385332046726,1.0,0.01,1.0,0.1,300.0,300.0,4,3,80.0,240.0,"[80, 160, 240]",0.86968590675457,0.9051161454734876,,0.847,10.0,0.1,0.2814654111862182,0.1931620240211486,187226.015625,178759.140625,8466.875,183830.328125,3.395685195922852,2.2946810680005,0.1582493220003016,2.1290754940000625,0.0059812099998453,0.0066532479995657,0.0070969183133335,489.8203125,ok,False,,,D,100,,True,outputs_revision/runtime_synth/runs.csv,,,,
runtime_synth__synthetic_n1000_d100_noise3.0__runtime_dscale__seed4__kmeans_oracle,run_divi_runtime_synth.py,2026-03-25T08:16:00Z,unknown,x86_64,cpu,x86_64,synthetic,synthetic_n1000_d100_noise3.0,runtime_dscale,1000,100,3,0.1,0.9,3.0,20260425.0,4,kmeans_oracle,,kmeans_oracle,,,,,,,,,,,,3,0,,,[],1.0,1.0,,1.0,,,,,,,,,,0.049078,,0.049078,,,,489.8203125,ok,False,,,D,100,,True,outputs_revision/runtime_synth/runs.csv,,,,
runtime_synth__synthetic_n1000_d100_noise3.0__runtime_dscale__seed4__gmm_oracle,run_divi_runtime_synth.py,2026-03-25T08:16:01Z,unknown,x86_64,cpu,x86_64,synthetic,synthetic_n1000_d100_noise3.0,runtime_dscale,1000,100,3,0.1,0.9,3.0,20260425.0,4,gmm_oracle,,gmm_oracle,,,,,,,,,,,,3,0,,,[],0.9970015045323004,0.9938029489046496,,0.999,,,,,,,,,,0.105738,,0.105738,,,,489.8203125,ok,False,,,D,100,,True,outputs_revision/runtime_synth/runs.csv,,,,
runtime_synth__synthetic_n1000_d100_noise3.0__runtime_dscale__seed4__spkm,run_divi_runtime_synth.py,2026-03-25T08:16:01Z,unknown,x86_64,cpu,x86_64,synthetic,synthetic_n1000_d100_noise3.0,runtime_dscale,1000,100,3,0.1,0.9,3.0,20260425.0,4,spkm,,spkm,,,,,,,,,,,,3,0,,,[],1.0,1.0,,1.0,95.0,0.95,,,,,,,,0.127462,,0.127462,,,,489.8203125,ok,False,,,D,100,,True,outputs_revision/runtime_synth/runs.csv,,,,
runtime_synth__synthetic_n1000_d500_noise3.0__runtime_dscale__seed0__divi,run_divi_runtime_synth.py,2026-03-25T08:16:14Z,unknown,x86_64,cpu,x86_64,synthetic,synthetic_n1000_d500_noise3.0,runtime_dscale,1000,500,3,0.02,0.98,3.0,20260825.0,0,divi,1.0,divi,1000.0,1.0,80.0,auto_entropy,709.4692666023363,1.0,0.01,1.0,0.1,300.0,300.0,4,3,80.0,240.0,"[80, 160, 240]",0.8678246112931919,0.8998556849854175,,0.844,15.0,0.03,0.2447852492332458,0.2151339650154113,971687.8125,940874.3125,30813.5,951060.5,20.62730407714844,12.995860845000609,1.412768842999867,11.544055382999431,0.0293229089984379,0.0373079730006793,0.0384801846099981,571.4375,ok,False,,,D,500,,True,outputs_revision/runtime_synth/runs.csv,,,,
runtime_synth__synthetic_n1000_d500_noise3.0__runtime_dscale__seed0__kmeans_oracle,run_divi_runtime_synth.py,2026-03-25T08:16:14Z,unknown,x86_64,cpu,x86_64,synthetic,synthetic_n1000_d500_noise3.0,runtime_dscale,1000,500,3,0.02,0.98,3.0,20260825.0,0,kmeans_oracle,,kmeans_oracle,,,,,,,,,,,,3,0,,,[],0.709732882357319,0.6855525018315312,,0.888,,,,,,,,,,0.448495,,0.448495,,,,571.4375,ok,False,,,D,500,,True,outputs_revision/runtime_synth/runs.csv,,,,
runtime_synth__synthetic_n1000_d500_noise3.0__runtime_dscale__seed0__gmm_oracle,run_divi_runtime_synth.py,2026-03-25T08:16:16Z,unknown,x86_64,cpu,x86_64,synthetic,synthetic_n1000_d500_noise3.0,runtime_dscale,1000,500,3,0.02,0.98,3.0,20260825.0,0,gmm_oracle,,gmm_oracle,,,,,,,,,,,,3,0,,,[],0.4530917275995816,0.4928627179348216,,0.701,,,,,,,,,,1.697779,,1.697779,,,,574.4375,ok,False,,,D,500,,True,outputs_revision/runtime_synth/runs.csv,,,,
runtime_synth__synthetic_n1000_d500_noise3.0__runtime_dscale__seed0__spkm,run_divi_runtime_synth.py,2026-03-25T08:16:17Z,unknown,x86_64,cpu,x86_64,synthetic,synthetic_n1000_d500_noise3.0,runtime_dscale,1000,500,3,0.02,0.98,3.0,20260825.0,0,spkm,,spkm,,,,,,,,,,,,3,0,,,[],0.994003000015024,0.9876059147486772,,0.998,448.0,0.896,,,,,,,,1.033426,,1.033426,,,,574.4375,ok,False,,,D,500,,True,outputs_revision/runtime_synth/runs.csv,,,,
runtime_synth__synthetic_n1000_d500_noise3.0__runtime_dscale__seed1__divi,run_divi_runtime_synth.py,2026-03-25T08:16:28Z,unknown,x86_64,cpu,x86_64,synthetic,synthetic_n1000_d500_noise3.0,runtime_dscale,1000,500,3,0.02,0.98,3.0,20260825.0,1,divi,1.0,divi,1000.0,1.0,80.0,auto_entropy,709.4692666023363,1.0,0.01,1.0,0.1,300.0,300.0,4,3,80.0,240.0,"[80, 160, 240]",0.8640508301215161,0.8940427467024771,,0.834,15.0,0.03,0.2441339343786239,0.2116715312004089,971630.375,937627.5,34002.875,951244.3125,20.38605690002441,11.203668083000592,1.1545739749999484,10.016178529000172,0.027263732999927,0.0313606290001189,0.0333872617633339,526.62890625,ok,False,,,D,500,,True,outputs_revision/runtime_synth/runs.csv,,,,
runtime_synth__synthetic_n1000_d500_noise3.0__runtime_dscale__seed1__kmeans_oracle,run_divi_runtime_synth.py,2026-03-25T08:16:29Z,unknown,x86_64,cpu,x86_64,synthetic,synthetic_n1000_d500_noise3.0,runtime_dscale,1000,500,3,0.02,0.98,3.0,20260825.0,1,kmeans_oracle,,kmeans_oracle,,,,,,,,,,,,3,0,,,[],0.87160084933864,0.8320242909069556,,0.955,,,,,,,,,,0.667845,,0.667845,,,,503.8671875,ok,False,,,D,500,,True,outputs_revision/runtime_synth/runs.csv,,,,
runtime_synth__synthetic_n1000_d500_noise3.0__runtime_dscale__seed1__gmm_oracle,run_divi_runtime_synth.py,2026-03-25T08:16:31Z,unknown,x86_64,cpu,x86_64,synthetic,synthetic_n1000_d500_noise3.0,runtime_dscale,1000,500,3,0.02,0.98,3.0,20260825.0,1,gmm_oracle,,gmm_oracle,,,,,,,,,,,,3,0,,,[],0.6824291541779783,0.664785091492741,,0.875,,,,,,,,,,1.637364,,1.637364,,,,517.09375,ok,False,,,D,500,,True,outputs_revision/runtime_synth/runs.csv,,,,
runtime_synth__synthetic_n1000_d500_noise3.0__runtime_dscale__seed1__spkm,run_divi_runtime_synth.py,2026-03-25T08:16:31Z,unknown,x86_64,cpu,x86_64,synthetic,synthetic_n1000_d500_noise3.0,runtime_dscale,1000,500,3,0.02,0.98,3.0,20260825.0,1,spkm,,spkm,,,,,,,,,,,,3,0,,,[],0.994003000015024,0.9876059147486772,,0.998,448.0,0.896,,,,,,,,0.713562,,0.713562,,,,517.09375,ok,False,,,D,500,,True,outputs_revision/runtime_synth/runs.csv,,,,
runtime_synth__synthetic_n1000_d500_noise3.0__runtime_dscale__seed2__divi,run_divi_runtime_synth.py,2026-03-25T08:16:43Z,unknown,x86_64,cpu,x86_64,synthetic,synthetic_n1000_d500_noise3.0,runtime_dscale,1000,500,3,0.02,0.98,3.0,20260825.0,2,divi,1.0,divi,1000.0,1.0,80.0,auto_entropy,709.4692666023363,1.0,0.01,1.0,0.1,300.0,300.0,4,3,80.0,240.0,"[80, 160, 240]",0.8666411491860637,0.8952024365215505,,0.855,15.0,0.03,0.2442788779735565,0.2101117223501205,971719.0,946149.5625,25569.4375,951210.0,20.50899314880371,11.5289205450008,0.8970553279996238,10.595613643999968,0.0299186810007086,0.0346220020001055,0.0353187121466665,606.7421875,ok,False,,,D,500,,True,outputs_revision/runtime_synth/runs.csv,,,,
runtime_synth__synthetic_n1000_d500_noise3.0__runtime_dscale__seed2__kmeans_oracle,run_divi_runtime_synth.py,2026-03-25T08:16:43Z,unknown,x86_64,cpu,x86_64,synthetic,synthetic_n1000_d500_noise3.0,runtime_dscale,1000,500,3,0.02,0.98,3.0,20260825.0,2,kmeans_oracle,,kmeans_oracle,,,,,,,,,,,,3,0,,,[],0.8401601748262775,0.8009242838736389,,0.943,,,,,,,,,,0.467502,,0.467502,,,,606.7421875,ok,False,,,D,500,,True,outputs_revision/runtime_synth/runs.csv,,,,
runtime_synth__synthetic_n1000_d500_noise3.0__runtime_dscale__seed2__gmm_oracle,run_divi_runtime_synth.py,2026-03-25T08:16:44Z,unknown,x86_64,cpu,x86_64,synthetic,synthetic_n1000_d500_noise3.0,runtime_dscale,1000,500,3,0.02,0.98,3.0,20260825.0,2,gmm_oracle,,gmm_oracle,,,,,,,,,,,,3,0,,,[],0.7754519385661254,0.7359457908829382,,0.918,,,,,,,,,,1.173246,,1.173246,,,,606.7421875,ok,False,,,D,500,,True,outputs_revision/runtime_synth/runs.csv,,,,
runtime_synth__synthetic_n1000_d500_noise3.0__runtime_dscale__seed2__spkm,run_divi_runtime_synth.py,2026-03-25T08:16:45Z,unknown,x86_64,cpu,x86_64,synthetic,synthetic_n1000_d500_noise3.0,runtime_dscale,1000,500,3,0.02,0.98,3.0,20260825.0,2,spkm,,spkm,,,,,,,,,,,,3,0,,,[],0.994003000015024,0.9876059147486772,,0.998,448.0,0.896,,,,,,,,0.448186,,0.448186,,,,606.7421875,ok,False,,,D,500,,True,outputs_revision/runtime_synth/runs.csv,,,,
runtime_synth__synthetic_n1000_d500_noise3.0__runtime_dscale__seed3__divi,run_divi_runtime_synth.py,2026-03-25T08:16:56Z,unknown,x86_64,cpu,x86_64,synthetic,synthetic_n1000_d500_noise3.0,runtime_dscale,1000,500,3,0.02,0.98,3.0,20260825.0,3,divi,1.0,divi,1000.0,1.0,80.0,auto_entropy,709.4692666023363,1.0,0.01,1.0,0.1,300.0,300.0,4,3,80.0,240.0,"[80, 160, 240]",0.8640508301215161,0.8940427467024771,,0.834,16.0,0.032,0.2449761927127838,0.2109695971012115,971703.0,942154.8125,29548.1875,950982.625,20.720388412475582,10.93854705800004,0.8915698369992242,10.011376876999748,0.0250856709999425,0.034148069999901,0.0333712562566658,614.49609375,ok,False,,,D,500,,True,outputs_revision/runtime_synth/runs.csv,,,,
runtime_synth__synthetic_n1000_d500_noise3.0__runtime_dscale__seed3__kmeans_oracle,run_divi_runtime_synth.py,2026-03-25T08:16:56Z,unknown,x86_64,cpu,x86_64,synthetic,synthetic_n1000_d500_noise3.0,runtime_dscale,1000,500,3,0.02,0.98,3.0,20260825.0,3,kmeans_oracle,,kmeans_oracle,,,,,,,,,,,,3,0,,,[],0.767384186643999,0.7252442174390693,,0.914,,,,,,,,,,0.382233,,0.382233,,,,614.49609375,ok,False,,,D,500,,True,outputs_revision/runtime_synth/runs.csv,,,,
runtime_synth__synthetic_n1000_d500_noise3.0__runtime_dscale__seed3__gmm_oracle,run_divi_runtime_synth.py,2026-03-25T08:16:57Z,unknown,x86_64,cpu,x86_64,synthetic,synthetic_n1000_d500_noise3.0,runtime_dscale,1000,500,3,0.02,0.98,3.0,20260825.0,3,gmm_oracle,,gmm_oracle,,,,,,,,,,,,3,0,,,[],0.3877544359835218,0.4521799527962504,,0.629,,,,,,,,,,1.028783,,1.028783,,,,614.49609375,ok,False,,,D,500,,True,outputs_revision/runtime_synth/runs.csv,,,,
runtime_synth__synthetic_n1000_d500_noise3.0__runtime_dscale__seed3__spkm,run_divi_runtime_synth.py,2026-03-25T08:16:58Z,unknown,x86_64,cpu,x86_64,synthetic,synthetic_n1000_d500_noise3.0,runtime_dscale,1000,500,3,0.02,0.98,3.0,20260825.0,3,spkm,,spkm,,,,,,,,,,,,3,0,,,[],0.994003000015024,0.9876059147486772,,0.998,448.0,0.896,,,,,,,,0.461632,,0.461632,,,,614.49609375,ok,False,,,D,500,,True,outputs_revision/runtime_synth/runs.csv,,,,
runtime_synth__synthetic_n1000_d500_noise3.0__runtime_dscale__seed4__divi,run_divi_runtime_synth.py,2026-03-25T08:17:08Z,unknown,x86_64,cpu,x86_64,synthetic,synthetic_n1000_d500_noise3.0,runtime_dscale,1000,500,3,0.02,0.98,3.0,20260825.0,4,divi,1.0,divi,1000.0,1.0,80.0,auto_entropy,709.4692666023363,1.0,0.01,1.0,0.1,300.0,300.0,4,3,80.0,240.0,"[80, 160, 240]",0.8739464360437226,0.8986307205353946,,0.876,14.0,0.028,0.2445378899574279,0.2126481384038925,971616.875,939961.75,31655.125,951114.75,20.50212287902832,10.428244866000568,0.9052951680005208,9.492661899000268,0.0256433100012145,0.0288200249997316,0.0316422063300008,576.34765625,ok,False,,,D,500,,True,outputs_revision/runtime_synth/runs.csv,,,,
runtime_synth__synthetic_n1000_d500_noise3.0__runtime_dscale__seed4__kmeans_oracle,run_divi_runtime_synth.py,2026-03-25T08:17:09Z,unknown,x86_64,cpu,x86_64,synthetic,synthetic_n1000_d500_noise3.0,runtime_dscale,1000,500,3,0.02,0.98,3.0,20260825.0,4,kmeans_oracle,,kmeans_oracle,,,,,,,,,,,,3,0,,,[],0.8530602557638053,0.812302608112427,,0.948,,,,,,,,,,0.56709,,0.56709,,,,576.34765625,ok,False,,,D,500,,True,outputs_revision/runtime_synth/runs.csv,,,,
runtime_synth__synthetic_n1000_d500_noise3.0__runtime_dscale__seed4__gmm_oracle,run_divi_runtime_synth.py,2026-03-25T08:17:10Z,unknown,x86_64,cpu,x86_64,synthetic,synthetic_n1000_d500_noise3.0,runtime_dscale,1000,500,3,0.02,0.98,3.0,20260825.0,4,gmm_oracle,,gmm_oracle,,,,,,,,,,,,3,0,,,[],0.7848791119385957,0.7483009946979001,,0.921,,,,,,,,,,1.354659,,1.354659,,,,576.34765625,ok,False,,,D,500,,True,outputs_revision/runtime_synth/runs.csv,,,,
runtime_synth__synthetic_n1000_d500_noise3.0__runtime_dscale__seed4__spkm,run_divi_runtime_synth.py,2026-03-25T08:17:11Z,unknown,x86_64,cpu,x86_64,synthetic,synthetic_n1000_d500_noise3.0,runtime_dscale,1000,500,3,0.02,0.98,3.0,20260825.0,4,spkm,,spkm,,,,,,,,,,,,3,0,,,[],0.994003000015024,0.9876059147486772,,0.998,448.0,0.896,,,,,,,,0.507666,,0.507666,,,,576.34765625,ok,False,,,D,500,,True,outputs_revision/runtime_synth/runs.csv,,,,
runtime_synth__synthetic_n1000_d1000_noise3.0__runtime_dscale__seed0__divi,run_divi_runtime_synth.py,2026-03-25T08:17:33Z,unknown,x86_64,cpu,x86_64,synthetic,synthetic_n1000_d1000_noise3.0,runtime_dscale,1000,1000,3,0.01,0.99,3.0,20261325.0,0,divi,1.0,divi,1000.0,1.0,80.0,auto_entropy,1418.9385332046727,1.0,0.01,1.0,0.1,300.0,300.0,4,3,80.0,240.0,"[80, 160, 240]",0.8654356393371855,0.8946463063862121,,0.843,40.0,0.04,0.2540589869022369,0.2281033098697662,1945402.125,1894089.875,51312.25,1901187.375,44.2147331237793,21.869299310000315,1.6087045129997932,20.18338581100033,0.0504594579997501,0.0749597900003209,0.0672779527033344,805.2734375,ok,False,,,D,1000,,True,outputs_revision/runtime_synth/runs.csv,,,,
runtime_synth__synthetic_n1000_d1000_noise3.0__runtime_dscale__seed0__kmeans_oracle,run_divi_runtime_synth.py,2026-03-25T08:17:33Z,unknown,x86_64,cpu,x86_64,synthetic,synthetic_n1000_d1000_noise3.0,runtime_dscale,1000,1000,3,0.01,0.99,3.0,20261325.0,0,kmeans_oracle,,kmeans_oracle,,,,,,,,,,,,3,0,,,[],0.44524753983739,0.4540349850579521,,0.74,,,,,,,,,,0.519289,,0.519289,,,,805.2734375,ok,False,,,D,1000,,True,outputs_revision/runtime_synth/runs.csv,,,,
runtime_synth__synthetic_n1000_d1000_noise3.0__runtime_dscale__seed0__gmm_oracle,run_divi_runtime_synth.py,2026-03-25T08:17:37Z,unknown,x86_64,cpu,x86_64,synthetic,synthetic_n1000_d1000_noise3.0,runtime_dscale,1000,1000,3,0.01,0.99,3.0,20261325.0,0,gmm_oracle,,gmm_oracle,,,,,,,,,,,,3,0,,,[],0.3716063556371758,0.4472357015411369,,0.601,,,,,,,,,,4.1504,,4.1504,,,,807.7109375,ok,False,,,D,1000,,True,outputs_revision/runtime_synth/runs.csv,,,,
runtime_synth__synthetic_n1000_d1000_noise3.0__runtime_dscale__seed0__spkm,run_divi_runtime_synth.py,2026-03-25T08:17:38Z,unknown,x86_64,cpu,x86_64,synthetic,synthetic_n1000_d1000_noise3.0,runtime_dscale,1000,1000,3,0.01,0.99,3.0,20261325.0,0,spkm,,spkm,,,,,,,,,,,,3,0,,,[],0.9970015045323004,0.9938029489046496,,0.999,873.0,0.873,,,,,,,,0.871928,,0.871928,,,,807.7109375,ok,False,,,D,1000,,True,outputs_revision/runtime_synth/runs.csv,,,,
runtime_synth__synthetic_n1000_d1000_noise3.0__runtime_dscale__seed1__divi,run_divi_runtime_synth.py,2026-03-25T08:17:59Z,unknown,x86_64,cpu,x86_64,synthetic,synthetic_n1000_d1000_noise3.0,runtime_dscale,1000,1000,3,0.01,0.99,3.0,20261325.0,1,divi,1.0,divi,1000.0,1.0,80.0,auto_entropy,1418.9385332046727,1.0,0.01,1.0,0.1,300.0,300.0,4,3,80.0,240.0,"[80, 160, 240]",0.8630788936315316,0.890395272811926,,0.843,41.0,0.041,0.2545084953308105,0.229429543018341,1945371.25,1892377.375,52993.875,1900914.5,44.45669174194336,20.78065748100016,1.6209384060002776,19.089201785000117,0.0531981189997168,0.0681746009995549,0.063630672616667,838.2265625,ok,False,,,D,1000,,True,outputs_revision/runtime_synth/runs.csv,,,,
runtime_synth__synthetic_n1000_d1000_noise3.0__runtime_dscale__seed1__kmeans_oracle,run_divi_runtime_synth.py,2026-03-25T08:17:59Z,unknown,x86_64,cpu,x86_64,synthetic,synthetic_n1000_d1000_noise3.0,runtime_dscale,1000,1000,3,0.01,0.99,3.0,20261325.0,1,kmeans_oracle,,kmeans_oracle,,,,,,,,,,,,3,0,,,[],0.455259292935016,0.4964204170726029,,0.678,,,,,,,,,,0.414422,,0.414422,,,,838.2265625,ok,False,,,D,1000,,True,outputs_revision/runtime_synth/runs.csv,,,,
runtime_synth__synthetic_n1000_d1000_noise3.0__runtime_dscale__seed1__gmm_oracle,run_divi_runtime_synth.py,2026-03-25T08:18:04Z,unknown,x86_64,cpu,x86_64,synthetic,synthetic_n1000_d1000_noise3.0,runtime_dscale,1000,1000,3,0.01,0.99,3.0,20261325.0,1,gmm_oracle,,gmm_oracle,,,,,,,,,,,,3,0,,,[],0.4462430264204144,0.4978516497120865,,0.664,,,,,,,,,,4.582896,,4.582896,,,,838.2265625,ok,False,,,D,1000,,True,outputs_revision/runtime_synth/runs.csv,,,,
runtime_synth__synthetic_n1000_d1000_noise3.0__runtime_dscale__seed1__spkm,run_divi_runtime_synth.py,2026-03-25T08:18:05Z,unknown,x86_64,cpu,x86_64,synthetic,synthetic_n1000_d1000_noise3.0,runtime_dscale,1000,1000,3,0.01,0.99,3.0,20261325.0,1,spkm,,spkm,,,,,,,,,,,,3,0,,,[],0.9970015045323004,0.9938029489046496,,0.999,873.0,0.873,,,,,,,,1.006308,,1.006308,,,,838.2265625,ok,False,,,D,1000,,True,outputs_revision/runtime_synth/runs.csv,,,,
runtime_synth__synthetic_n1000_d1000_noise3.0__runtime_dscale__seed2__divi,run_divi_runtime_synth.py,2026-03-25T08:18:27Z,unknown,x86_64,cpu,x86_64,synthetic,synthetic_n1000_d1000_noise3.0,runtime_dscale,1000,1000,3,0.01,0.99,3.0,20261325.0,2,divi,1.0,divi,1000.0,1.0,80.0,auto_entropy,1418.9385332046727,1.0,0.01,1.0,0.1,300.0,300.0,4,3,80.0,240.0,"[80, 160, 240]",0.8632480773418789,0.8892660408344389,,0.843,37.0,0.037,0.2523744404315948,0.2280632555484771,1945203.75,1889422.75,55781.0,1902286.375,42.91739654541016,21.57656729700011,1.8516325659993529,19.66480700200009,0.0576973840006758,0.0576295999999274,0.0655493566733336,822.96875,ok,False,,,D,1000,,True,outputs_revision/runtime_synth/runs.csv,,,,
runtime_synth__synthetic_n1000_d1000_noise3.0__runtime_dscale__seed2__kmeans_oracle,run_divi_runtime_synth.py,2026-03-25T08:18:27Z,unknown,x86_64,cpu,x86_64,synthetic,synthetic_n1000_d1000_noise3.0,runtime_dscale,1000,1000,3,0.01,0.99,3.0,20261325.0,2,kmeans_oracle,,kmeans_oracle,,,,,,,,,,,,3,0,,,[],0.4105036975446074,0.4438783558547725,,0.698,,,,,,,,,,0.504064,,0.504064,,,,822.96875,ok,False,,,D,1000,,True,outputs_revision/runtime_synth/runs.csv,,,,
runtime_synth__synthetic_n1000_d1000_noise3.0__runtime_dscale__seed2__gmm_oracle,run_divi_runtime_synth.py,2026-03-25T08:18:31Z,unknown,x86_64,cpu,x86_64,synthetic,synthetic_n1000_d1000_noise3.0,runtime_dscale,1000,1000,3,0.01,0.99,3.0,20261325.0,2,gmm_oracle,,gmm_oracle,,,,,,,,,,,,3,0,,,[],0.4005113679241254,0.4461571061524615,,0.652,,,,,,,,,,4.071938,,4.071938,,,,822.96875,ok,False,,,D,1000,,True,outputs_revision/runtime_synth/runs.csv,,,,
runtime_synth__synthetic_n1000_d1000_noise3.0__runtime_dscale__seed2__spkm,run_divi_runtime_synth.py,2026-03-25T08:18:32Z,unknown,x86_64,cpu,x86_64,synthetic,synthetic_n1000_d1000_noise3.0,runtime_dscale,1000,1000,3,0.01,0.99,3.0,20261325.0,2,spkm,,spkm,,,,,,,,,,,,3,0,,,[],0.9970015045323004,0.9938029489046496,,0.999,873.0,0.873,,,,,,,,0.813942,,0.813942,,,,822.96875,ok,False,,,D,1000,,True,outputs_revision/runtime_synth/runs.csv,,,,
runtime_synth__synthetic_n1000_d1000_noise3.0__runtime_dscale__seed3__divi,run_divi_runtime_synth.py,2026-03-25T08:18:51Z,unknown,x86_64,cpu,x86_64,synthetic,synthetic_n1000_d1000_noise3.0,runtime_dscale,1000,1000,3,0.01,0.99,3.0,20261325.0,3,divi,1.0,divi,1000.0,1.0,80.0,auto_entropy,1418.9385332046727,1.0,0.01,1.0,0.1,300.0,300.0,4,3,80.0,240.0,"[80, 160, 240]",0.8661373299770324,0.8847893035866942,,0.871,39.0,0.039,0.2534260153770447,0.225983664393425,1945535.875,1894870.0,50665.875,1901808.0,43.72792053222656,18.958784563000336,1.6092162220002135,17.290272819000165,0.0517594389993973,0.0568949019998399,0.0576342427300005,815.33984375,ok,False,,,D,1000,,True,outputs_revision/runtime_synth/runs.csv,,,,
runtime_synth__synthetic_n1000_d1000_noise3.0__runtime_dscale__seed3__kmeans_oracle,run_divi_runtime_synth.py,2026-03-25T08:18:51Z,unknown,x86_64,cpu,x86_64,synthetic,synthetic_n1000_d1000_noise3.0,runtime_dscale,1000,1000,3,0.01,0.99,3.0,20261325.0,3,kmeans_oracle,,kmeans_oracle,,,,,,,,,,,,3,0,,,[],0.4282686561963897,0.4608724480029592,,0.694,,,,,,,,,,0.380354,,0.380354,,,,815.33984375,ok,False,,,D,1000,,True,outputs_revision/runtime_synth/runs.csv,,,,
runtime_synth__synthetic_n1000_d1000_noise3.0__runtime_dscale__seed3__gmm_oracle,run_divi_runtime_synth.py,2026-03-25T08:18:54Z,unknown,x86_64,cpu,x86_64,synthetic,synthetic_n1000_d1000_noise3.0,runtime_dscale,1000,1000,3,0.01,0.99,3.0,20261325.0,3,gmm_oracle,,gmm_oracle,,,,,,,,,,,,3,0,,,[],0.4321396868574484,0.4629086004925288,,0.671,,,,,,,,,,2.792646,,2.792646,,,,815.33984375,ok,False,,,D,1000,,True,outputs_revision/runtime_synth/runs.csv,,,,
runtime_synth__synthetic_n1000_d1000_noise3.0__runtime_dscale__seed3__spkm,run_divi_runtime_synth.py,2026-03-25T08:18:56Z,unknown,x86_64,cpu,x86_64,synthetic,synthetic_n1000_d1000_noise3.0,runtime_dscale,1000,1000,3,0.01,0.99,3.0,20261325.0,3,spkm,,spkm,,,,,,,,,,,,3,0,,,[],0.9970015045323004,0.9938029489046496,,0.999,873.0,0.873,,,,,,,,2.235939,,2.235939,,,,815.33984375,ok,False,,,D,1000,,True,outputs_revision/runtime_synth/runs.csv,,,,
runtime_synth__synthetic_n1000_d1000_noise3.0__runtime_dscale__seed4__divi,run_divi_runtime_synth.py,2026-03-25T08:19:18Z,unknown,x86_64,cpu,x86_64,synthetic,synthetic_n1000_d1000_noise3.0,runtime_dscale,1000,1000,3,0.01,0.99,3.0,20261325.0,4,divi,1.0,divi,1000.0,1.0,80.0,auto_entropy,1418.9385332046727,1.0,0.01,1.0,0.1,300.0,300.0,4,3,80.0,240.0,"[80, 160, 240]",0.8421748747196006,0.8635504915132793,,0.83,38.0,0.038,0.2543398141860962,0.225380852818489,1945678.375,1891616.625,54061.75,1901311.125,44.36724472045898,21.147680438999487,2.1639091090000875,18.912711183000283,0.0518954310000481,0.0670602789996337,0.0630423706100009,857.17578125,ok,False,,,D,1000,,True,outputs_revision/runtime_synth/runs.csv,,,,
runtime_synth__synthetic_n1000_d1000_noise3.0__runtime_dscale__seed4__kmeans_oracle,run_divi_runtime_synth.py,2026-03-25T08:19:18Z,unknown,x86_64,cpu,x86_64,synthetic,synthetic_n1000_d1000_noise3.0,runtime_dscale,1000,1000,3,0.01,0.99,3.0,20261325.0,4,kmeans_oracle,,kmeans_oracle,,,,,,,,,,,,3,0,,,[],0.4369131472345216,0.4808987767564827,,0.643,,,,,,,,,,0.369236,,0.369236,,,,857.17578125,ok,False,,,D,1000,,True,outputs_revision/runtime_synth/runs.csv,,,,
runtime_synth__synthetic_n1000_d1000_noise3.0__runtime_dscale__seed4__gmm_oracle,run_divi_runtime_synth.py,2026-03-25T08:19:20Z,unknown,x86_64,cpu,x86_64,synthetic,synthetic_n1000_d1000_noise3.0,runtime_dscale,1000,1000,3,0.01,0.99,3.0,20261325.0,4,gmm_oracle,,gmm_oracle,,,,,,,,,,,,3,0,,,[],0.3677442788379523,0.4407994556695497,,0.616,,,,,,,,,,2.384388,,2.384388,,,,761.93359375,ok,False,,,D,1000,,True,outputs_revision/runtime_synth/runs.csv,,,,
runtime_synth__synthetic_n1000_d1000_noise3.0__runtime_dscale__seed4__spkm,run_divi_runtime_synth.py,2026-03-25T08:19:22Z,unknown,x86_64,cpu,x86_64,synthetic,synthetic_n1000_d1000_noise3.0,runtime_dscale,1000,1000,3,0.01,0.99,3.0,20261325.0,4,spkm,,spkm,,,,,,,,,,,,3,0,,,[],0.9970015045323004,0.9938029489046496,,0.999,873.0,0.873,,,,,,,,1.57118,,1.57118,,,,761.93359375,ok,False,,,D,1000,,True,outputs_revision/runtime_synth/runs.csv,,,,
runtime_synth__synthetic_n1000_d2000_noise3.0__runtime_dscale__seed0__divi,run_divi_runtime_synth.py,2026-03-25T08:20:06Z,unknown,x86_64,cpu,x86_64,synthetic,synthetic_n1000_d2000_noise3.0,runtime_dscale,1000,2000,3,0.005,0.995,3.0,20262325.0,0,divi,1.0,divi,1000.0,1.0,80.0,auto_entropy,2837.8770664093454,1.0,0.01,1.0,0.1,300.0,300.0,4,3,80.0,240.0,"[80, 160, 240]",0.3648834606410615,0.480601526823816,,0.558,70.0,0.035,0.2501315474510193,0.2247077971696853,3903484.25,3807885.25,95599.0,3814278.75,89.20550537109375,43.36347345000013,4.358072528999401,38.85589784100012,0.1027318159995047,0.1455671100002291,0.1295196594700003,990.81640625,ok,False,,,D,2000,,True,outputs_revision/runtime_synth/runs.csv,,,,
runtime_synth__synthetic_n1000_d2000_noise3.0__runtime_dscale__seed0__kmeans_oracle,run_divi_runtime_synth.py,2026-03-25T08:20:07Z,unknown,x86_64,cpu,x86_64,synthetic,synthetic_n1000_d2000_noise3.0,runtime_dscale,1000,2000,3,0.005,0.995,3.0,20262325.0,0,kmeans_oracle,,kmeans_oracle,,,,,,,,,,,,3,0,,,[],0.3780248232240663,0.4168475391886709,,0.654,,,,,,,,,,1.109868,,1.109868,,,,990.8671875,ok,False,,,D,2000,,True,outputs_revision/runtime_synth/runs.csv,,,,
runtime_synth__synthetic_n1000_d2000_noise3.0__runtime_dscale__seed0__gmm_oracle,run_divi_runtime_synth.py,2026-03-25T08:20:20Z,unknown,x86_64,cpu,x86_64,synthetic,synthetic_n1000_d2000_noise3.0,runtime_dscale,1000,2000,3,0.005,0.995,3.0,20262325.0,0,gmm_oracle,,gmm_oracle,,,,,,,,,,,,3,0,,,[],0.3780248232240663,0.4168475391886709,,0.654,,,,,,,,,,12.952377,,12.952377,,,,995.60546875,ok,False,,,D,2000,,True,outputs_revision/runtime_synth/runs.csv,,,,
runtime_synth__synthetic_n1000_d2000_noise3.0__runtime_dscale__seed0__spkm,run_divi_runtime_synth.py,2026-03-25T08:20:21Z,unknown,x86_64,cpu,x86_64,synthetic,synthetic_n1000_d2000_noise3.0,runtime_dscale,1000,2000,3,0.005,0.995,3.0,20262325.0,0,spkm,,spkm,,,,,,,,,,,,3,0,,,[],0.9970015045323004,0.9938029489046496,,0.999,834.0,0.417,,,,,,,,1.805496,,1.805496,,,,995.60546875,ok,False,,,D,2000,,True,outputs_revision/runtime_synth/runs.csv,,,,
runtime_synth__synthetic_n1000_d2000_noise3.0__runtime_dscale__seed1__divi,run_divi_runtime_synth.py,2026-03-25T08:21:00Z,unknown,x86_64,cpu,x86_64,synthetic,synthetic_n1000_d2000_noise3.0,runtime_dscale,1000,2000,3,0.005,0.995,3.0,20262325.0,1,divi,1.0,divi,1000.0,1.0,80.0,auto_entropy,2837.8770664093454,1.0,0.01,1.0,0.1,300.0,300.0,4,3,80.0,240.0,"[80, 160, 240]",0.4319023182340527,0.5110443015114278,,0.663,67.0,0.0335,0.2501847445964813,0.2231709957122802,3903697.5,3806022.75,97674.75,3814310.0,89.38756561279297,38.48106600400024,3.50361076199988,34.855904065000686,0.0931717559997196,0.1169124190000729,0.1161863468833356,995.60546875,ok,False,,,D,2000,,True,outputs_revision/runtime_synth/runs.csv,,,,
runtime_synth__synthetic_n1000_d2000_noise3.0__runtime_dscale__seed1__kmeans_oracle,run_divi_runtime_synth.py,2026-03-25T08:21:01Z,unknown,x86_64,cpu,x86_64,synthetic,synthetic_n1000_d2000_noise3.0,runtime_dscale,1000,2000,3,0.005,0.995,3.0,20262325.0,1,kmeans_oracle,,kmeans_oracle,,,,,,,,,,,,3,0,,,[],0.3540902077465151,0.3643754008759563,,0.62,,,,,,,,,,1.19782,,1.19782,,,,858.4609375,ok,False,,,D,2000,,True,outputs_revision/runtime_synth/runs.csv,,,,
runtime_synth__synthetic_n1000_d2000_noise3.0__runtime_dscale__seed1__gmm_oracle,run_divi_runtime_synth.py,2026-03-25T08:21:13Z,unknown,x86_64,cpu,x86_64,synthetic,synthetic_n1000_d2000_noise3.0,runtime_dscale,1000,2000,3,0.005,0.995,3.0,20262325.0,1,gmm_oracle,,gmm_oracle,,,,,,,,,,,,3,0,,,[],0.3357626803367899,0.3560759490402342,,0.619,,,,,,,,,,11.695888,,11.695888,,,,858.4609375,ok,False,,,D,2000,,True,outputs_revision/runtime_synth/runs.csv,,,,
runtime_synth__synthetic_n1000_d2000_noise3.0__runtime_dscale__seed1__spkm,run_divi_runtime_synth.py,2026-03-25T08:21:15Z,unknown,x86_64,cpu,x86_64,synthetic,synthetic_n1000_d2000_noise3.0,runtime_dscale,1000,2000,3,0.005,0.995,3.0,20262325.0,1,spkm,,spkm,,,,,,,,,,,,3,0,,,[],0.9970015045323004,0.9938029489046496,,0.999,834.0,0.417,,,,,,,,1.664041,,1.664041,,,,858.4609375,ok,False,,,D,2000,,True,outputs_revision/runtime_synth/runs.csv,,,,
runtime_synth__synthetic_n1000_d2000_noise3.0__runtime_dscale__seed2__divi,run_divi_runtime_synth.py,2026-03-25T08:21:55Z,unknown,x86_64,cpu,x86_64,synthetic,synthetic_n1000_d2000_noise3.0,runtime_dscale,1000,2000,3,0.005,0.995,3.0,20262325.0,2,divi,1.0,divi,1000.0,1.0,80.0,auto_entropy,2837.8770664093454,1.0,0.01,1.0,0.1,300.0,300.0,4,3,80.0,240.0,"[80, 160, 240]",0.8208883276796728,0.8413515068234446,,0.833,65.0,0.0325,0.24927319586277,0.2238821536302566,3901789.75,3811422.0,90367.75,3813859.0,87.9306869506836,40.5241897320002,3.3043831639997734,37.03430390099948,0.0966852789997574,0.1814637580000635,0.1234476796699982,950.015625,ok,False,,,D,2000,,True,outputs_revision/runtime_synth/runs.csv,,,,
runtime_synth__synthetic_n1000_d2000_noise3.0__runtime_dscale__seed2__kmeans_oracle,run_divi_runtime_synth.py,2026-03-25T08:21:56Z,unknown,x86_64,cpu,x86_64,synthetic,synthetic_n1000_d2000_noise3.0,runtime_dscale,1000,2000,3,0.005,0.995,3.0,20262325.0,2,kmeans_oracle,,kmeans_oracle,,,,,,,,,,,,3,0,,,[],0.3418697982799202,0.4010876478578403,,0.557,,,,,,,,,,0.927885,,0.927885,,,,950.015625,ok,False,,,D,2000,,True,outputs_revision/runtime_synth/runs.csv,,,,
runtime_synth__synthetic_n1000_d2000_noise3.0__runtime_dscale__seed2__gmm_oracle,run_divi_runtime_synth.py,2026-03-25T08:22:08Z,unknown,x86_64,cpu,x86_64,synthetic,synthetic_n1000_d2000_noise3.0,runtime_dscale,1000,2000,3,0.005,0.995,3.0,20262325.0,2,gmm_oracle,,gmm_oracle,,,,,,,,,,,,3,0,,,[],0.3857297797171671,0.4018712394847675,,0.628,,,,,,,,,,11.741676,,11.741676,,,,980.40625,ok,False,,,D,2000,,True,outputs_revision/runtime_synth/runs.csv,,,,
runtime_synth__synthetic_n1000_d2000_noise3.0__runtime_dscale__seed2__spkm,run_divi_runtime_synth.py,2026-03-25T08:22:10Z,unknown,x86_64,cpu,x86_64,synthetic,synthetic_n1000_d2000_noise3.0,runtime_dscale,1000,2000,3,0.005,0.995,3.0,20262325.0,2,spkm,,spkm,,,,,,,,,,,,3,0,,,[],0.9970015045323004,0.9938029489046496,,0.999,834.0,0.417,,,,,,,,1.668099,,1.668099,,,,980.40625,ok,False,,,D,2000,,True,outputs_revision/runtime_synth/runs.csv,,,,
runtime_synth__synthetic_n1000_d2000_noise3.0__runtime_dscale__seed3__divi,run_divi_runtime_synth.py,2026-03-25T08:22:49Z,unknown,x86_64,cpu,x86_64,synthetic,synthetic_n1000_d2000_noise3.0,runtime_dscale,1000,2000,3,0.005,0.995,3.0,20262325.0,3,divi,1.0,divi,1000.0,1.0,80.0,auto_entropy,2837.8770664093454,1.0,0.01,1.0,0.1,300.0,300.0,4,3,80.0,240.0,"[80, 160, 240]",0.7180697634709182,0.7513691348201769,,0.798,68.0,0.034,0.2497853636741638,0.2240375876426696,3902396.0,3809719.75,92676.25,3813686.0,88.71007537841797,39.81390040899987,3.3649859859997377,36.33596967100039,0.1075851750001675,0.108789130000332,0.1211198989033346,1132.99609375,ok,False,,,D,2000,,True,outputs_revision/runtime_synth/runs.csv,,,,
runtime_synth__synthetic_n1000_d2000_noise3.0__runtime_dscale__seed3__kmeans_oracle,run_divi_runtime_synth.py,2026-03-25T08:22:50Z,unknown,x86_64,cpu,x86_64,synthetic,synthetic_n1000_d2000_noise3.0,runtime_dscale,1000,2000,3,0.005,0.995,3.0,20262325.0,3,kmeans_oracle,,kmeans_oracle,,,,,,,,,,,,3,0,,,[],0.3688859225206038,0.3967550733089294,,0.654,,,,,,,,,,0.912915,,0.912915,,,,1132.99609375,ok,False,,,D,2000,,True,outputs_revision/runtime_synth/runs.csv,,,,
runtime_synth__synthetic_n1000_d2000_noise3.0__runtime_dscale__seed3__gmm_oracle,run_divi_runtime_synth.py,2026-03-25T08:23:02Z,unknown,x86_64,cpu,x86_64,synthetic,synthetic_n1000_d2000_noise3.0,runtime_dscale,1000,2000,3,0.005,0.995,3.0,20262325.0,3,gmm_oracle,,gmm_oracle,,,,,,,,,,,,3,0,,,[],0.4084505172440754,0.4262894582293172,,0.658,,,,,,,,,,11.449558,,11.449558,,,,1132.99609375,ok,False,,,D,2000,,True,outputs_revision/runtime_synth/runs.csv,,,,
runtime_synth__synthetic_n1000_d2000_noise3.0__runtime_dscale__seed3__spkm,run_divi_runtime_synth.py,2026-03-25T08:23:03Z,unknown,x86_64,cpu,x86_64,synthetic,synthetic_n1000_d2000_noise3.0,runtime_dscale,1000,2000,3,0.005,0.995,3.0,20262325.0,3,spkm,,spkm,,,,,,,,,,,,3,0,,,[],0.9970015045323004,0.9938029489046496,,0.999,834.0,0.417,,,,,,,,1.634357,,1.634357,,,,1132.99609375,ok,False,,,D,2000,,True,outputs_revision/runtime_synth/runs.csv,,,,
runtime_synth__synthetic_n1000_d2000_noise3.0__runtime_dscale__seed4__divi,run_divi_runtime_synth.py,2026-03-25T08:23:40Z,unknown,x86_64,cpu,x86_64,synthetic,synthetic_n1000_d2000_noise3.0,runtime_dscale,1000,2000,3,0.005,0.995,3.0,20262325.0,4,divi,1.0,divi,1000.0,1.0,80.0,auto_entropy,2837.8770664093454,1.0,0.01,1.0,0.1,300.0,300.0,4,3,80.0,240.0,"[80, 160, 240]",0.7362133427013928,0.7712202544971435,,0.799,73.0,0.0365,0.2490029335021972,0.2231817841529846,3902125.75,3807545.5,94580.25,3814451.75,87.67388153076172,36.17209742199975,3.427508042999761,32.63371928300057,0.0935683990010147,0.1055268800000703,0.1087790642766685,759.65625,ok,False,,,D,2000,,True,outputs_revision/runtime_synth/runs.csv,,,,
runtime_synth__synthetic_n1000_d2000_noise3.0__runtime_dscale__seed4__kmeans_oracle,run_divi_runtime_synth.py,2026-03-25T08:23:41Z,unknown,x86_64,cpu,x86_64,synthetic,synthetic_n1000_d2000_noise3.0,runtime_dscale,1000,2000,3,0.005,0.995,3.0,20262325.0,4,kmeans_oracle,,kmeans_oracle,,,,,,,,,,,,3,0,,,[],0.3470959120370289,0.401287002512242,,0.584,,,,,,,,,,1.007147,,1.007147,,,,759.65625,ok,False,,,D,2000,,True,outputs_revision/runtime_synth/runs.csv,,,,
runtime_synth__synthetic_n1000_d2000_noise3.0__runtime_dscale__seed4__gmm_oracle,run_divi_runtime_synth.py,2026-03-25T08:23:56Z,unknown,x86_64,cpu,x86_64,synthetic,synthetic_n1000_d2000_noise3.0,runtime_dscale,1000,2000,3,0.005,0.995,3.0,20262325.0,4,gmm_oracle,,gmm_oracle,,,,,,,,,,,,3,0,,,[],0.3470959120370289,0.401287002512242,,0.584,,,,,,,,,,15.713281,,15.713281,,,,759.65625,ok,False,,,D,2000,,True,outputs_revision/runtime_synth/runs.csv,,,,
runtime_synth__synthetic_n1000_d2000_noise3.0__runtime_dscale__seed4__spkm,run_divi_runtime_synth.py,2026-03-25T08:23:58Z,unknown,x86_64,cpu,x86_64,synthetic,synthetic_n1000_d2000_noise3.0,runtime_dscale,1000,2000,3,0.005,0.995,3.0,20262325.0,4,spkm,,spkm,,,,,,,,,,,,3,0,,,[],0.9970015045323004,0.9938029489046496,,0.999,834.0,0.417,,,,,,,,1.635159,,1.635159,,,,759.65625,ok,False,,,D,2000,,True,outputs_revision/runtime_synth/runs.csv,,,,
runtime_synth__synthetic_n1000_d5000_noise3.0__runtime_dscale__seed0__divi,run_divi_runtime_synth.py,2026-03-25T08:27:02Z,unknown,x86_64,cpu,x86_64,synthetic,synthetic_n1000_d5000_noise3.0,runtime_dscale,1000,5000,3,0.002,0.998,3.0,20265325.0,0,divi,1.0,divi,1000.0,1.0,80.0,auto_entropy,7094.692666023363,1.0,0.01,1.0,0.1,300.0,300.0,4,3,80.0,240.0,"[80, 160, 240]",0.0036793023344123,0.0066141956819774,,0.366,2345.0,0.469,0.4699788093566894,0.4799358248710632,9103683.0,8678853.0,424830.0,8822110.0,281.57257080078125,183.3182890400003,8.2529532869994,174.36492785799965,0.4468584540009033,0.6895483819998844,0.5812164261933321,1064.7109375,ok,False,,,D,5000,,True,outputs_revision/runtime_synth/runs.csv,,,,
runtime_synth__synthetic_n1000_d5000_noise3.0__runtime_dscale__seed0__kmeans_oracle,run_divi_runtime_synth.py,2026-03-25T08:27:04Z,unknown,x86_64,cpu,x86_64,synthetic,synthetic_n1000_d5000_noise3.0,runtime_dscale,1000,5000,3,0.002,0.998,3.0,20265325.0,0,kmeans_oracle,,kmeans_oracle,,,,,,,,,,,,3,0,,,[],0.0225378146646779,0.0198292311543093,,0.404,,,,,,,,,,2.311472,,2.311472,,,,1064.7109375,ok,False,,,D,5000,,True,outputs_revision/runtime_synth/runs.csv,,,,
runtime_synth__synthetic_n1000_d5000_noise3.0__runtime_dscale__seed0__gmm_oracle,run_divi_runtime_synth.py,2026-03-25T08:28:45Z,unknown,x86_64,cpu,x86_64,synthetic,synthetic_n1000_d5000_noise3.0,runtime_dscale,1000,5000,3,0.002,0.998,3.0,20265325.0,0,gmm_oracle,,gmm_oracle,,,,,,,,,,,,3,0,,,[],0.0002760650161715,0.0035358839653075,,0.348,,,,,,,,,,100.198709,,100.198709,,,,1078.85546875,ok,False,,,D,5000,,True,outputs_revision/runtime_synth/runs.csv,,,,
runtime_synth__synthetic_n1000_d5000_noise3.0__runtime_dscale__seed0__spkm,run_divi_runtime_synth.py,2026-03-25T08:28:49Z,unknown,x86_64,cpu,x86_64,synthetic,synthetic_n1000_d5000_noise3.0,runtime_dscale,1000,5000,3,0.002,0.998,3.0,20265325.0,0,spkm,,spkm,,,,,,,,,,,,3,0,,,[],0.9940120180601144,0.9876086482064032,,0.998,884.0,0.1768,,,,,,,,4.192139,,4.192139,,,,1078.85546875,ok,False,,,D,5000,,True,outputs_revision/runtime_synth/runs.csv,,,,
runtime_synth__synthetic_n1000_d5000_noise3.0__runtime_dscale__seed1__divi,run_divi_runtime_synth.py,2026-03-25T08:31:37Z,unknown,x86_64,cpu,x86_64,synthetic,synthetic_n1000_d5000_noise3.0,runtime_dscale,1000,5000,3,0.002,0.998,3.0,20265325.0,1,divi,1.0,divi,1000.0,1.0,80.0,auto_entropy,7094.692666023363,1.0,0.01,1.0,0.1,300.0,300.0,4,3,80.0,240.0,"[80, 160, 240]",0.0203622366208134,0.020769348925251,,0.403,2338.0,0.4676,0.4700702130794525,0.4810125231742859,9103835.0,8692556.0,411279.0,8821728.0,282.10711669921875,167.93453606999992,7.872220998000557,159.4543314170005,0.5284903080000731,0.5983837470002982,0.5315144380566683,945.46484375,ok,False,,,D,5000,,True,outputs_revision/runtime_synth/runs.csv,,,,
runtime_synth__synthetic_n1000_d5000_noise3.0__runtime_dscale__seed1__kmeans_oracle,run_divi_runtime_synth.py,2026-03-25T08:31:38Z,unknown,x86_64,cpu,x86_64,synthetic,synthetic_n1000_d5000_noise3.0,runtime_dscale,1000,5000,3,0.002,0.998,3.0,20265325.0,1,kmeans_oracle,,kmeans_oracle,,,,,,,,,,,,3,0,,,[],0.0071329290929249,0.0077586041695862,,0.385,,,,,,,,,,0.857365,,0.857365,,,,945.46484375,ok,False,,,D,5000,,True,outputs_revision/runtime_synth/runs.csv,,,,
runtime_synth__synthetic_n1000_d5000_noise3.0__runtime_dscale__seed1__gmm_oracle,run_divi_runtime_synth.py,2026-03-25T08:33:16Z,unknown,x86_64,cpu,x86_64,synthetic,synthetic_n1000_d5000_noise3.0,runtime_dscale,1000,5000,3,0.002,0.998,3.0,20265325.0,1,gmm_oracle,,gmm_oracle,,,,,,,,,,,,3,0,,,[],0.0015298308922352,0.0034876840507061,,0.367,,,,,,,,,,98.669246,,98.669246,,,,945.46484375,ok,False,,,D,5000,,True,outputs_revision/runtime_synth/runs.csv,,,,
runtime_synth__synthetic_n1000_d5000_noise3.0__runtime_dscale__seed1__spkm,run_divi_runtime_synth.py,2026-03-25T08:33:21Z,unknown,x86_64,cpu,x86_64,synthetic,synthetic_n1000_d5000_noise3.0,runtime_dscale,1000,5000,3,0.002,0.998,3.0,20265325.0,1,spkm,,spkm,,,,,,,,,,,,3,0,,,[],0.9940120180601144,0.9876086482064032,,0.998,884.0,0.1768,,,,,,,,4.811203,,4.811203,,,,945.46484375,ok,False,,,D,5000,,True,outputs_revision/runtime_synth/runs.csv,,,,
runtime_synth__synthetic_n1000_d5000_noise3.0__runtime_dscale__seed2__divi,run_divi_runtime_synth.py,2026-03-25T08:35:39Z,unknown,x86_64,cpu,x86_64,synthetic,synthetic_n1000_d5000_noise3.0,runtime_dscale,1000,5000,3,0.002,0.998,3.0,20265325.0,2,divi,1.0,divi,1000.0,1.0,80.0,auto_entropy,7094.692666023363,1.0,0.01,1.0,0.1,300.0,300.0,4,3,80.0,240.0,"[80, 160, 240]",0.0541234891310442,0.0506583690502209,,0.448,2330.0,0.466,0.4696812629699707,0.4771412312984466,9103380.0,8688861.0,414519.0,8822572.0,280.8075561523437,137.1046037210008,6.831956271000308,129.88886150599956,0.2643929069990918,0.374400763000267,0.4329628716866652,689.75390625,ok,False,,,D,5000,,True,outputs_revision/runtime_synth/runs.csv,,,,
runtime_synth__synthetic_n1000_d5000_noise3.0__runtime_dscale__seed2__kmeans_oracle,run_divi_runtime_synth.py,2026-03-25T08:35:40Z,unknown,x86_64,cpu,x86_64,synthetic,synthetic_n1000_d5000_noise3.0,runtime_dscale,1000,5000,3,0.002,0.998,3.0,20265325.0,2,kmeans_oracle,,kmeans_oracle,,,,,,,,,,,,3,0,,,[],0.0068418120906703,0.0073096190530018,,0.376,,,,,,,,,,1.037114,,1.037114,,,,689.75390625,ok,False,,,D,5000,,True,outputs_revision/runtime_synth/runs.csv,,,,
runtime_synth__synthetic_n1000_d5000_noise3.0__runtime_dscale__seed2__gmm_oracle,run_divi_runtime_synth.py,2026-03-25T08:37:23Z,unknown,x86_64,cpu,x86_64,synthetic,synthetic_n1000_d5000_noise3.0,runtime_dscale,1000,5000,3,0.002,0.998,3.0,20265325.0,2,gmm_oracle,,gmm_oracle,,,,,,,,,,,,3,0,,,[],0.0042171871452192,0.0087811904233404,,0.367,,,,,,,,,,103.443264,,103.443264,,,,689.75390625,ok,False,,,D,5000,,True,outputs_revision/runtime_synth/runs.csv,,,,
runtime_synth__synthetic_n1000_d5000_noise3.0__runtime_dscale__seed2__spkm,run_divi_runtime_synth.py,2026-03-25T08:37:27Z,unknown,x86_64,cpu,x86_64,synthetic,synthetic_n1000_d5000_noise3.0,runtime_dscale,1000,5000,3,0.002,0.998,3.0,20265325.0,2,spkm,,spkm,,,,,,,,,,,,3,0,,,[],0.9940120180601144,0.9876086482064032,,0.998,884.0,0.1768,,,,,,,,4.117771,,4.117771,,,,689.75390625,ok,False,,,D,5000,,True,outputs_revision/runtime_synth/runs.csv,,,,
runtime_synth__synthetic_n1000_d5000_noise3.0__runtime_dscale__seed3__divi,run_divi_runtime_synth.py,2026-03-25T08:40:39Z,unknown,x86_64,cpu,x86_64,synthetic,synthetic_n1000_d5000_noise3.0,runtime_dscale,1000,5000,3,0.002,0.998,3.0,20265325.0,3,divi,1.0,divi,1000.0,1.0,80.0,auto_entropy,7094.692666023363,1.0,0.01,1.0,0.1,300.0,300.0,4,3,80.0,240.0,"[80, 160, 240]",0.0212455012871885,0.0213395163302736,,0.405,2340.0,0.468,0.4696703255176544,0.4789872169494629,9103636.0,8698838.0,404798.0,8822986.0,280.6501770019531,190.7819204309999,7.865131585000199,182.13420850999955,0.4621313819998249,0.7732767279994732,0.6071140283666652,708.82421875,ok,False,,,D,5000,,True,outputs_revision/runtime_synth/runs.csv,,,,
runtime_synth__synthetic_n1000_d5000_noise3.0__runtime_dscale__seed3__kmeans_oracle,run_divi_runtime_synth.py,2026-03-25T08:40:39Z,unknown,x86_64,cpu,x86_64,synthetic,synthetic_n1000_d5000_noise3.0,runtime_dscale,1000,5000,3,0.002,0.998,3.0,20265325.0,3,kmeans_oracle,,kmeans_oracle,,,,,,,,,,,,3,0,,,[],0.0029950130901122,0.0045090944592385,,0.356,,,,,,,,,,0.899156,,0.899156,,,,708.82421875,ok,False,,,D,5000,,True,outputs_revision/runtime_synth/runs.csv,,,,
runtime_synth__synthetic_n1000_d5000_noise3.0__runtime_dscale__seed3__gmm_oracle,run_divi_runtime_synth.py,2026-03-25T08:42:24Z,unknown,x86_64,cpu,x86_64,synthetic,synthetic_n1000_d5000_noise3.0,runtime_dscale,1000,5000,3,0.002,0.998,3.0,20265325.0,3,gmm_oracle,,gmm_oracle,,,,,,,,,,,,3,0,,,[],0.0029950130901122,0.0045090944592385,,0.356,,,,,,,,,,104.570182,,104.570182,,,,708.82421875,ok,False,,,D,5000,,True,outputs_revision/runtime_synth/runs.csv,,,,
runtime_synth__synthetic_n1000_d5000_noise3.0__runtime_dscale__seed3__spkm,run_divi_runtime_synth.py,2026-03-25T08:42:28Z,unknown,x86_64,cpu,x86_64,synthetic,synthetic_n1000_d5000_noise3.0,runtime_dscale,1000,5000,3,0.002,0.998,3.0,20265325.0,3,spkm,,spkm,,,,,,,,,,,,3,0,,,[],0.9940120180601144,0.9876086482064032,,0.998,884.0,0.1768,,,,,,,,4.081447,,4.081447,,,,708.82421875,ok,False,,,D,5000,,True,outputs_revision/runtime_synth/runs.csv,,,,
runtime_synth__synthetic_n1000_d5000_noise3.0__runtime_dscale__seed4__divi,run_divi_runtime_synth.py,2026-03-25T08:45:05Z,unknown,x86_64,cpu,x86_64,synthetic,synthetic_n1000_d5000_noise3.0,runtime_dscale,1000,5000,3,0.002,0.998,3.0,20265325.0,4,divi,1.0,divi,1000.0,1.0,80.0,auto_entropy,7094.692666023363,1.0,0.01,1.0,0.1,300.0,300.0,4,3,80.0,240.0,"[80, 160, 240]",0.0132922401120356,0.0178712962744993,,0.387,2340.0,0.468,0.4694200158119201,0.4778343737125397,9102845.0,8693689.0,409156.0,8823334.0,279.5105285644531,156.39081519999945,7.808586060999914,148.18457266899986,0.3215804070005106,0.3884653300001446,0.4939485755633329,1033.078125,ok,False,,,D,5000,,True,outputs_revision/runtime_synth/runs.csv,,,,
runtime_synth__synthetic_n1000_d5000_noise3.0__runtime_dscale__seed4__kmeans_oracle,run_divi_runtime_synth.py,2026-03-25T08:45:06Z,unknown,x86_64,cpu,x86_64,synthetic,synthetic_n1000_d5000_noise3.0,runtime_dscale,1000,5000,3,0.002,0.998,3.0,20265325.0,4,kmeans_oracle,,kmeans_oracle,,,,,,,,,,,,3,0,,,[],0.0007653740822829,0.0025895080022521,,0.365,,,,,,,,,,0.943215,,0.943215,,,,1033.078125,ok,False,,,D,5000,,True,outputs_revision/runtime_synth/runs.csv,,,,
runtime_synth__synthetic_n1000_d5000_noise3.0__runtime_dscale__seed4__gmm_oracle,run_divi_runtime_synth.py,2026-03-25T08:46:55Z,unknown,x86_64,cpu,x86_64,synthetic,synthetic_n1000_d5000_noise3.0,runtime_dscale,1000,5000,3,0.002,0.998,3.0,20265325.0,4,gmm_oracle,,gmm_oracle,,,,,,,,,,,,3,0,,,[],0.0098690716606766,0.0114290788257187,,0.384,,,,,,,,,,109.291701,,109.291701,,,,1033.078125,ok,False,,,D,5000,,True,outputs_revision/runtime_synth/runs.csv,,,,
runtime_synth__synthetic_n1000_d5000_noise3.0__runtime_dscale__seed4__spkm,run_divi_runtime_synth.py,2026-03-25T08:46:59Z,unknown,x86_64,cpu,x86_64,synthetic,synthetic_n1000_d5000_noise3.0,runtime_dscale,1000,5000,3,0.002,0.998,3.0,20265325.0,4,spkm,,spkm,,,,,,,,,,,,3,0,,,[],0.9940120180601144,0.9876086482064032,,0.998,884.0,0.1768,,,,,,,,4.189408,,4.189408,,,,1033.078125,ok,False,,,D,5000,,True,outputs_revision/runtime_synth/runs.csv,,,,
runtime_synth__synthetic_n200_d1000_noise3.0__runtime_nscale__seed0__divi,run_divi_runtime_synth.py,2026-03-25T08:47:04Z,unknown,x86_64,cpu,x86_64,synthetic,synthetic_n200_d1000_noise3.0,runtime_nscale,200,1000,3,0.01,0.99,3.0,20260526.0,0,divi,1.0,divi,200.0,1.0,80.0,auto_entropy,1418.9385332046727,1.0,0.01,1.0,0.1,300.0,300.0,4,3,80.0,240.0,"[80, 160, 240]",0.2992530632759397,0.4144874551455406,,0.525,355.0,0.355,0.4174216389656067,0.4019424319267273,369460.0625,352503.0625,16957.0,358216.8125,56.2163200378418,5.058560197000588,1.111529200000405,3.9339701139997487,0.0120806320001065,0.0120389229996362,0.0131132337133324,856.20703125,ok,False,,,N,200,,True,outputs_revision/runtime_synth/runs.csv,,,,
runtime_synth__synthetic_n200_d1000_noise3.0__runtime_nscale__seed0__kmeans_oracle,run_divi_runtime_synth.py,2026-03-25T08:47:04Z,unknown,x86_64,cpu,x86_64,synthetic,synthetic_n200_d1000_noise3.0,runtime_nscale,200,1000,3,0.01,0.99,3.0,20260526.0,0,kmeans_oracle,,kmeans_oracle,,,,,,,,,,,,3,0,,,[],0.0586498193949227,0.0652640397864257,,0.46,,,,,,,,,,0.038922,,0.038922,,,,856.20703125,ok,False,,,N,200,,True,outputs_revision/runtime_synth/runs.csv,,,,
runtime_synth__synthetic_n200_d1000_noise3.0__runtime_nscale__seed0__gmm_oracle,run_divi_runtime_synth.py,2026-03-25T08:47:06Z,unknown,x86_64,cpu,x86_64,synthetic,synthetic_n200_d1000_noise3.0,runtime_nscale,200,1000,3,0.01,0.99,3.0,20260526.0,0,gmm_oracle,,gmm_oracle,,,,,,,,,,,,3,0,,,[],0.0305414573558579,0.0429901201589225,,0.445,,,,,,,,,,1.385529,,1.385529,,,,856.2109375,ok,False,,,N,200,,True,outputs_revision/runtime_synth/runs.csv,,,,
runtime_synth__synthetic_n200_d1000_noise3.0__runtime_nscale__seed0__spkm,run_divi_runtime_synth.py,2026-03-25T08:47:06Z,unknown,x86_64,cpu,x86_64,synthetic,synthetic_n200_d1000_noise3.0,runtime_nscale,200,1000,3,0.01,0.99,3.0,20260526.0,0,spkm,,spkm,,,,,,,,,,,,3,0,,,[],1.0,1.0,,1.0,208.0,0.208,,,,,,,,0.143013,,0.143013,,,,856.2109375,ok,False,,,N,200,,True,outputs_revision/runtime_synth/runs.csv,,,,
runtime_synth__synthetic_n200_d1000_noise3.0__runtime_nscale__seed1__divi,run_divi_runtime_synth.py,2026-03-25T08:47:10Z,unknown,x86_64,cpu,x86_64,synthetic,synthetic_n200_d1000_noise3.0,runtime_nscale,200,1000,3,0.01,0.99,3.0,20260526.0,1,divi,1.0,divi,200.0,1.0,80.0,auto_entropy,1418.9385332046727,1.0,0.01,1.0,0.1,300.0,300.0,4,3,80.0,240.0,"[80, 160, 240]",0.2706912640259752,0.38175910715158,,0.475,357.0,0.357,0.4170151352882385,0.3966495096683502,369473.6875,351830.5,17643.1875,358278.375,55.9765853881836,4.665363269000409,1.1090068089997658,3.544162631999825,0.010996347999935,0.0113275450003129,0.0118138754399994,856.2109375,ok,False,,,N,200,,True,outputs_revision/runtime_synth/runs.csv,,,,
runtime_synth__synthetic_n200_d1000_noise3.0__runtime_nscale__seed1__kmeans_oracle,run_divi_runtime_synth.py,2026-03-25T08:47:10Z,unknown,x86_64,cpu,x86_64,synthetic,synthetic_n200_d1000_noise3.0,runtime_nscale,200,1000,3,0.01,0.99,3.0,20260526.0,1,kmeans_oracle,,kmeans_oracle,,,,,,,,,,,,3,0,,,[],0.0367123515098068,0.0357216230482326,,0.445,,,,,,,,,,0.039347,,0.039347,,,,856.2109375,ok,False,,,N,200,,True,outputs_revision/runtime_synth/runs.csv,,,,
runtime_synth__synthetic_n200_d1000_noise3.0__runtime_nscale__seed1__gmm_oracle,run_divi_runtime_synth.py,2026-03-25T08:47:12Z,unknown,x86_64,cpu,x86_64,synthetic,synthetic_n200_d1000_noise3.0,runtime_nscale,200,1000,3,0.01,0.99,3.0,20260526.0,1,gmm_oracle,,gmm_oracle,,,,,,,,,,,,3,0,,,[],0.0111918311377428,0.0219751477270911,,0.395,,,,,,,,,,1.355759,,1.355759,,,,856.2109375,ok,False,,,N,200,,True,outputs_revision/runtime_synth/runs.csv,,,,
runtime_synth__synthetic_n200_d1000_noise3.0__runtime_nscale__seed1__spkm,run_divi_runtime_synth.py,2026-03-25T08:47:12Z,unknown,x86_64,cpu,x86_64,synthetic,synthetic_n200_d1000_noise3.0,runtime_nscale,200,1000,3,0.01,0.99,3.0,20260526.0,1,spkm,,spkm,,,,,,,,,,,,3,0,,,[],1.0,1.0,,1.0,208.0,0.208,,,,,,,,0.140749,,0.140749,,,,856.2109375,ok,False,,,N,200,,True,outputs_revision/runtime_synth/runs.csv,,,,
runtime_synth__synthetic_n200_d1000_noise3.0__runtime_nscale__seed2__divi,run_divi_runtime_synth.py,2026-03-25T08:47:17Z,unknown,x86_64,cpu,x86_64,synthetic,synthetic_n200_d1000_noise3.0,runtime_nscale,200,1000,3,0.01,0.99,3.0,20260526.0,2,divi,1.0,divi,200.0,1.0,80.0,auto_entropy,1418.9385332046727,1.0,0.01,1.0,0.1,300.0,300.0,4,3,80.0,240.0,"[80, 160, 240]",0.339286775480786,0.44297805843437,,0.58,354.0,0.354,0.4158817529678345,0.3945623636245727,369424.84375,353151.875,16272.96875,358415.0625,55.04893112182617,5.07268854799986,1.1111918380001953,3.950480251000045,0.0105714089995672,0.0100737070006289,0.0131682675033334,856.2109375,ok,False,,,N,200,,True,outputs_revision/runtime_synth/runs.csv,,,,
runtime_synth__synthetic_n200_d1000_noise3.0__runtime_nscale__seed2__kmeans_oracle,run_divi_runtime_synth.py,2026-03-25T08:47:17Z,unknown,x86_64,cpu,x86_64,synthetic,synthetic_n200_d1000_noise3.0,runtime_nscale,200,1000,3,0.01,0.99,3.0,20260526.0,2,kmeans_oracle,,kmeans_oracle,,,,,,,,,,,,3,0,,,[],0.03869483324588,0.0546612755561403,,0.46,,,,,,,,,,0.034297,,0.034297,,,,856.2109375,ok,False,,,N,200,,True,outputs_revision/runtime_synth/runs.csv,,,,
runtime_synth__synthetic_n200_d1000_noise3.0__runtime_nscale__seed2__gmm_oracle,run_divi_runtime_synth.py,2026-03-25T08:47:19Z,unknown,x86_64,cpu,x86_64,synthetic,synthetic_n200_d1000_noise3.0,runtime_nscale,200,1000,3,0.01,0.99,3.0,20260526.0,2,gmm_oracle,,gmm_oracle,,,,,,,,,,,,3,0,,,[],0.0217793984781645,0.043098285014311,,0.415,,,,,,,,,,1.387743,,1.387743,,,,856.2109375,ok,False,,,N,200,,True,outputs_revision/runtime_synth/runs.csv,,,,
runtime_synth__synthetic_n200_d1000_noise3.0__runtime_nscale__seed2__spkm,run_divi_runtime_synth.py,2026-03-25T08:47:19Z,unknown,x86_64,cpu,x86_64,synthetic,synthetic_n200_d1000_noise3.0,runtime_nscale,200,1000,3,0.01,0.99,3.0,20260526.0,2,spkm,,spkm,,,,,,,,,,,,3,0,,,[],1.0,1.0,,1.0,208.0,0.208,,,,,,,,0.132689,,0.132689,,,,856.2109375,ok,False,,,N,200,,True,outputs_revision/runtime_synth/runs.csv,,,,
runtime_synth__synthetic_n200_d1000_noise3.0__runtime_nscale__seed3__divi,run_divi_runtime_synth.py,2026-03-25T08:47:23Z,unknown,x86_64,cpu,x86_64,synthetic,synthetic_n200_d1000_noise3.0,runtime_nscale,200,1000,3,0.01,0.99,3.0,20260526.0,3,divi,1.0,divi,200.0,1.0,80.0,auto_entropy,1418.9385332046727,1.0,0.01,1.0,0.1,300.0,300.0,4,3,80.0,240.0,"[80, 160, 240]",0.2758464938710653,0.3870576994899919,,0.475,348.0,0.348,0.4160811901092529,0.3921027779579162,369432.75,352427.25,17005.5,358399.3125,55.16716003417969,4.475385067999923,1.093741976999809,3.369554118999986,0.0098528189992066,0.0111906019992602,0.0112318470633332,603.3125,ok,False,,,N,200,,True,outputs_revision/runtime_synth/runs.csv,,,,
runtime_synth__synthetic_n200_d1000_noise3.0__runtime_nscale__seed3__kmeans_oracle,run_divi_runtime_synth.py,2026-03-25T08:47:23Z,unknown,x86_64,cpu,x86_64,synthetic,synthetic_n200_d1000_noise3.0,runtime_nscale,200,1000,3,0.01,0.99,3.0,20260526.0,3,kmeans_oracle,,kmeans_oracle,,,,,,,,,,,,3,0,,,[],0.1145382258790332,0.1186262427771677,,0.51,,,,,,,,,,0.041633,,0.041633,,,,603.3125,ok,False,,,N,200,,True,outputs_revision/runtime_synth/runs.csv,,,,
runtime_synth__synthetic_n200_d1000_noise3.0__runtime_nscale__seed3__gmm_oracle,run_divi_runtime_synth.py,2026-03-25T08:47:25Z,unknown,x86_64,cpu,x86_64,synthetic,synthetic_n200_d1000_noise3.0,runtime_nscale,200,1000,3,0.01,0.99,3.0,20260526.0,3,gmm_oracle,,gmm_oracle,,,,,,,,,,,,3,0,,,[],0.1145382258790332,0.1186262427771677,,0.51,,,,,,,,,,1.365601,,1.365601,,,,582.078125,ok,False,,,N,200,,True,outputs_revision/runtime_synth/runs.csv,,,,
runtime_synth__synthetic_n200_d1000_noise3.0__runtime_nscale__seed3__spkm,run_divi_runtime_synth.py,2026-03-25T08:47:25Z,unknown,x86_64,cpu,x86_64,synthetic,synthetic_n200_d1000_noise3.0,runtime_nscale,200,1000,3,0.01,0.99,3.0,20260526.0,3,spkm,,spkm,,,,,,,,,,,,3,0,,,[],1.0,1.0,,1.0,208.0,0.208,,,,,,,,0.130284,,0.130284,,,,582.078125,ok,False,,,N,200,,True,outputs_revision/runtime_synth/runs.csv,,,,
runtime_synth__synthetic_n200_d1000_noise3.0__runtime_nscale__seed4__divi,run_divi_runtime_synth.py,2026-03-25T08:47:30Z,unknown,x86_64,cpu,x86_64,synthetic,synthetic_n200_d1000_noise3.0,runtime_nscale,200,1000,3,0.01,0.99,3.0,20260526.0,4,divi,1.0,divi,200.0,1.0,80.0,auto_entropy,1418.9385332046727,1.0,0.01,1.0,0.1,300.0,300.0,4,3,80.0,240.0,"[80, 160, 240]",0.2782328674864159,0.3911969637108858,,0.495,359.0,0.359,0.4170288741588592,0.3923447728157043,369502.28125,353047.96875,16454.3125,358307.78125,55.97251129150391,4.874080479999975,1.0973430839994762,3.7649987669992697,0.0104511939998701,0.010851607999939,0.0125499958899975,597.2109375,ok,False,,,N,200,,True,outputs_revision/runtime_synth/runs.csv,,,,
runtime_synth__synthetic_n200_d1000_noise3.0__runtime_nscale__seed4__kmeans_oracle,run_divi_runtime_synth.py,2026-03-25T08:47:30Z,unknown,x86_64,cpu,x86_64,synthetic,synthetic_n200_d1000_noise3.0,runtime_nscale,200,1000,3,0.01,0.99,3.0,20260526.0,4,kmeans_oracle,,kmeans_oracle,,,,,,,,,,,,3,0,,,[],0.0094138491098073,0.0272204530028312,,0.395,,,,,,,,,,0.036287,,0.036287,,,,597.2109375,ok,False,,,N,200,,True,outputs_revision/runtime_synth/runs.csv,,,,
runtime_synth__synthetic_n200_d1000_noise3.0__runtime_nscale__seed4__gmm_oracle,run_divi_runtime_synth.py,2026-03-25T08:47:31Z,unknown,x86_64,cpu,x86_64,synthetic,synthetic_n200_d1000_noise3.0,runtime_nscale,200,1000,3,0.01,0.99,3.0,20260526.0,4,gmm_oracle,,gmm_oracle,,,,,,,,,,,,3,0,,,[],0.0121609122852748,0.0182694003520695,,0.4,,,,,,,,,,1.378648,,1.378648,,,,588.1796875,ok,False,,,N,200,,True,outputs_revision/runtime_synth/runs.csv,,,,
runtime_synth__synthetic_n200_d1000_noise3.0__runtime_nscale__seed4__spkm,run_divi_runtime_synth.py,2026-03-25T08:47:31Z,unknown,x86_64,cpu,x86_64,synthetic,synthetic_n200_d1000_noise3.0,runtime_nscale,200,1000,3,0.01,0.99,3.0,20260526.0,4,spkm,,spkm,,,,,,,,,,,,3,0,,,[],1.0,1.0,,1.0,208.0,0.208,,,,,,,,0.127433,,0.127433,,,,588.1796875,ok,False,,,N,200,,True,outputs_revision/runtime_synth/runs.csv,,,,
runtime_synth__synthetic_n500_d1000_noise3.0__runtime_nscale__seed0__divi,run_divi_runtime_synth.py,2026-03-25T08:47:42Z,unknown,x86_64,cpu,x86_64,synthetic,synthetic_n500_d1000_noise3.0,runtime_nscale,500,1000,3,0.01,0.99,3.0,20260826.0,0,divi,1.0,divi,500.0,1.0,80.0,auto_entropy,1418.9385332046727,1.0,0.01,1.0,0.1,300.0,300.0,4,3,80.0,240.0,"[80, 160, 240]",0.7414338815172202,0.7699525626176648,,0.816,72.0,0.072,0.2805953621864319,0.2539852559566498,965723.5,938021.5625,27701.9375,941639.375,48.16828918457031,10.601143412000056,1.3133199710000554,9.247713755000404,0.0242733080003745,0.0388855390001481,0.030825712516668,712.03515625,ok,False,,,N,500,,True,outputs_revision/runtime_synth/runs.csv,,,,
runtime_synth__synthetic_n500_d1000_noise3.0__runtime_nscale__seed0__kmeans_oracle,run_divi_runtime_synth.py,2026-03-25T08:47:42Z,unknown,x86_64,cpu,x86_64,synthetic,synthetic_n500_d1000_noise3.0,runtime_nscale,500,1000,3,0.01,0.99,3.0,20260826.0,0,kmeans_oracle,,kmeans_oracle,,,,,,,,,,,,3,0,,,[],0.3651290846767301,0.3949643690944168,,0.612,,,,,,,,,,0.395113,,0.395113,,,,712.03515625,ok,False,,,N,500,,True,outputs_revision/runtime_synth/runs.csv,,,,
runtime_synth__synthetic_n500_d1000_noise3.0__runtime_nscale__seed0__gmm_oracle,run_divi_runtime_synth.py,2026-03-25T08:47:44Z,unknown,x86_64,cpu,x86_64,synthetic,synthetic_n500_d1000_noise3.0,runtime_nscale,500,1000,3,0.01,0.99,3.0,20260826.0,0,gmm_oracle,,gmm_oracle,,,,,,,,,,,,3,0,,,[],0.4157804916216244,0.440532974979848,,0.648,,,,,,,,,,2.010276,,2.010276,,,,712.03515625,ok,False,,,N,500,,True,outputs_revision/runtime_synth/runs.csv,,,,
runtime_synth__synthetic_n500_d1000_noise3.0__runtime_nscale__seed0__spkm,run_divi_runtime_synth.py,2026-03-25T08:47:45Z,unknown,x86_64,cpu,x86_64,synthetic,synthetic_n500_d1000_noise3.0,runtime_nscale,500,1000,3,0.01,0.99,3.0,20260826.0,0,spkm,,spkm,,,,,,,,,,,,3,0,,,[],1.0,1.0,,1.0,471.0,0.471,,,,,,,,0.395144,,0.395144,,,,612.9765625,ok,False,,,N,500,,True,outputs_revision/runtime_synth/runs.csv,,,,
runtime_synth__synthetic_n500_d1000_noise3.0__runtime_nscale__seed1__divi,run_divi_runtime_synth.py,2026-03-25T08:47:55Z,unknown,x86_64,cpu,x86_64,synthetic,synthetic_n500_d1000_noise3.0,runtime_nscale,500,1000,3,0.01,0.99,3.0,20260826.0,1,divi,1.0,divi,500.0,1.0,80.0,auto_entropy,1418.9385332046727,1.0,0.01,1.0,0.1,300.0,300.0,4,3,80.0,240.0,"[80, 160, 240]",0.6791095829688009,0.7081717597300375,,0.762,77.0,0.077,0.2815124988555908,0.2546587586402893,965940.4375,936005.9375,29934.5,941532.75,48.81538772583008,10.279494344999875,1.2968240320005862,8.949102292000134,0.024380602999372,0.0321061980002923,0.0298303409733337,704.40625,ok,False,,,N,500,,True,outputs_revision/runtime_synth/runs.csv,,,,
runtime_synth__synthetic_n500_d1000_noise3.0__runtime_nscale__seed1__kmeans_oracle,run_divi_runtime_synth.py,2026-03-25T08:47:55Z,unknown,x86_64,cpu,x86_64,synthetic,synthetic_n500_d1000_noise3.0,runtime_nscale,500,1000,3,0.01,0.99,3.0,20260826.0,1,kmeans_oracle,,kmeans_oracle,,,,,,,,,,,,3,0,,,[],0.34919400958281,0.3764640150071291,,0.598,,,,,,,,,,0.297008,,0.297008,,,,704.40625,ok,False,,,N,500,,True,outputs_revision/runtime_synth/runs.csv,,,,
runtime_synth__synthetic_n500_d1000_noise3.0__runtime_nscale__seed1__gmm_oracle,run_divi_runtime_synth.py,2026-03-25T08:47:57Z,unknown,x86_64,cpu,x86_64,synthetic,synthetic_n500_d1000_noise3.0,runtime_nscale,500,1000,3,0.01,0.99,3.0,20260826.0,1,gmm_oracle,,gmm_oracle,,,,,,,,,,,,3,0,,,[],0.3416733068068764,0.3616955762945346,,0.634,,,,,,,,,,1.901218,,1.901218,,,,704.40625,ok,False,,,N,500,,True,outputs_revision/runtime_synth/runs.csv,,,,
runtime_synth__synthetic_n500_d1000_noise3.0__runtime_nscale__seed1__spkm,run_divi_runtime_synth.py,2026-03-25T08:47:57Z,unknown,x86_64,cpu,x86_64,synthetic,synthetic_n500_d1000_noise3.0,runtime_nscale,500,1000,3,0.01,0.99,3.0,20260826.0,1,spkm,,spkm,,,,,,,,,,,,3,0,,,[],1.0,1.0,,1.0,471.0,0.471,,,,,,,,0.364936,,0.364936,,,,704.40625,ok,False,,,N,500,,True,outputs_revision/runtime_synth/runs.csv,,,,
runtime_synth__synthetic_n500_d1000_noise3.0__runtime_nscale__seed2__divi,run_divi_runtime_synth.py,2026-03-25T08:48:08Z,unknown,x86_64,cpu,x86_64,synthetic,synthetic_n500_d1000_noise3.0,runtime_nscale,500,1000,3,0.01,0.99,3.0,20260826.0,2,divi,1.0,divi,500.0,1.0,80.0,auto_entropy,1418.9385332046727,1.0,0.01,1.0,0.1,300.0,300.0,4,3,80.0,240.0,"[80, 160, 240]",0.7059485071173027,0.7456583610126141,,0.792,69.0,0.069,0.2805094122886657,0.2494677007198333,965743.375,938272.3125,27471.0625,941705.125,48.07646560668945,10.2718867829999,1.3104088999998569,8.921347067999704,0.0249757600004159,0.0386938900001041,0.029737823559999,704.40625,ok,False,,,N,500,,True,outputs_revision/runtime_synth/runs.csv,,,,
runtime_synth__synthetic_n500_d1000_noise3.0__runtime_nscale__seed2__kmeans_oracle,run_divi_runtime_synth.py,2026-03-25T08:48:08Z,unknown,x86_64,cpu,x86_64,synthetic,synthetic_n500_d1000_noise3.0,runtime_nscale,500,1000,3,0.01,0.99,3.0,20260826.0,2,kmeans_oracle,,kmeans_oracle,,,,,,,,,,,,3,0,,,[],0.4022235364493603,0.4256073301397298,,0.644,,,,,,,,,,0.363214,,0.363214,,,,704.40625,ok,False,,,N,500,,True,outputs_revision/runtime_synth/runs.csv,,,,
runtime_synth__synthetic_n500_d1000_noise3.0__runtime_nscale__seed2__gmm_oracle,run_divi_runtime_synth.py,2026-03-25T08:48:10Z,unknown,x86_64,cpu,x86_64,synthetic,synthetic_n500_d1000_noise3.0,runtime_nscale,500,1000,3,0.01,0.99,3.0,20260826.0,2,gmm_oracle,,gmm_oracle,,,,,,,,,,,,3,0,,,[],0.3818278650225678,0.3986623445647697,,0.636,,,,,,,,,,1.929138,,1.929138,,,,704.40625,ok,False,,,N,500,,True,outputs_revision/runtime_synth/runs.csv,,,,
runtime_synth__synthetic_n500_d1000_noise3.0__runtime_nscale__seed2__spkm,run_divi_runtime_synth.py,2026-03-25T08:48:10Z,unknown,x86_64,cpu,x86_64,synthetic,synthetic_n500_d1000_noise3.0,runtime_nscale,500,1000,3,0.01,0.99,3.0,20260826.0,2,spkm,,spkm,,,,,,,,,,,,3,0,,,[],1.0,1.0,,1.0,471.0,0.471,,,,,,,,0.371724,,0.371724,,,,704.40625,ok,False,,,N,500,,True,outputs_revision/runtime_synth/runs.csv,,,,
runtime_synth__synthetic_n500_d1000_noise3.0__runtime_nscale__seed3__divi,run_divi_runtime_synth.py,2026-03-25T08:48:21Z,unknown,x86_64,cpu,x86_64,synthetic,synthetic_n500_d1000_noise3.0,runtime_nscale,500,1000,3,0.01,0.99,3.0,20260826.0,3,divi,1.0,divi,500.0,1.0,80.0,auto_entropy,1418.9385332046727,1.0,0.01,1.0,0.1,300.0,300.0,4,3,80.0,240.0,"[80, 160, 240]",0.6482742645445949,0.6967100644818497,,0.742,73.0,0.073,0.2806745767593384,0.2496041059494018,965888.125,936634.9375,29253.1875,941804.75,48.16676330566406,10.179379382999286,1.3421197039997423,8.803771910999785,0.0240808919998016,0.032090548999804,0.0293459063699992,704.40625,ok,False,,,N,500,,True,outputs_revision/runtime_synth/runs.csv,,,,
runtime_synth__synthetic_n500_d1000_noise3.0__runtime_nscale__seed3__kmeans_oracle,run_divi_runtime_synth.py,2026-03-25T08:48:21Z,unknown,x86_64,cpu,x86_64,synthetic,synthetic_n500_d1000_noise3.0,runtime_nscale,500,1000,3,0.01,0.99,3.0,20260826.0,3,kmeans_oracle,,kmeans_oracle,,,,,,,,,,,,3,0,,,[],0.359468079919609,0.4206258578144751,,0.608,,,,,,,,,,0.363464,,0.363464,,,,704.40625,ok,False,,,N,500,,True,outputs_revision/runtime_synth/runs.csv,,,,
runtime_synth__synthetic_n500_d1000_noise3.0__runtime_nscale__seed3__gmm_oracle,run_divi_runtime_synth.py,2026-03-25T08:48:23Z,unknown,x86_64,cpu,x86_64,synthetic,synthetic_n500_d1000_noise3.0,runtime_nscale,500,1000,3,0.01,0.99,3.0,20260826.0,3,gmm_oracle,,gmm_oracle,,,,,,,,,,,,3,0,,,[],0.3568041983441514,0.4057127914634659,,0.606,,,,,,,,,,2.075813,,2.075813,,,,704.40625,ok,False,,,N,500,,True,outputs_revision/runtime_synth/runs.csv,,,,
runtime_synth__synthetic_n500_d1000_noise3.0__runtime_nscale__seed3__spkm,run_divi_runtime_synth.py,2026-03-25T08:48:24Z,unknown,x86_64,cpu,x86_64,synthetic,synthetic_n500_d1000_noise3.0,runtime_nscale,500,1000,3,0.01,0.99,3.0,20260826.0,3,spkm,,spkm,,,,,,,,,,,,3,0,,,[],1.0,1.0,,1.0,471.0,0.471,,,,,,,,0.389648,,0.389648,,,,704.40625,ok,False,,,N,500,,True,outputs_revision/runtime_synth/runs.csv,,,,
runtime_synth__synthetic_n500_d1000_noise3.0__runtime_nscale__seed4__divi,run_divi_runtime_synth.py,2026-03-25T08:48:33Z,unknown,x86_64,cpu,x86_64,synthetic,synthetic_n500_d1000_noise3.0,runtime_nscale,500,1000,3,0.01,0.99,3.0,20260826.0,4,divi,1.0,divi,500.0,1.0,80.0,auto_entropy,1418.9385332046727,1.0,0.01,1.0,0.1,300.0,300.0,4,3,80.0,240.0,"[80, 160, 240]",0.7229713123746909,0.7619800033890214,,0.796,75.0,0.075,0.2815297245979309,0.2537228167057037,965740.6875,936855.0,28885.6875,941355.375,48.77058410644531,9.945990951999192,1.3081863040006283,8.602190280999821,0.0238249860012729,0.034099963000699,0.0286739676033327,704.40625,ok,False,,,N,500,,True,outputs_revision/runtime_synth/runs.csv,,,,
runtime_synth__synthetic_n500_d1000_noise3.0__runtime_nscale__seed4__kmeans_oracle,run_divi_runtime_synth.py,2026-03-25T08:48:34Z,unknown,x86_64,cpu,x86_64,synthetic,synthetic_n500_d1000_noise3.0,runtime_nscale,500,1000,3,0.01,0.99,3.0,20260826.0,4,kmeans_oracle,,kmeans_oracle,,,,,,,,,,,,3,0,,,[],0.3356071737872617,0.3502306245631238,,0.604,,,,,,,,,,0.285001,,0.285001,,,,704.40625,ok,False,,,N,500,,True,outputs_revision/runtime_synth/runs.csv,,,,
runtime_synth__synthetic_n500_d1000_noise3.0__runtime_nscale__seed4__gmm_oracle,run_divi_runtime_synth.py,2026-03-25T08:48:36Z,unknown,x86_64,cpu,x86_64,synthetic,synthetic_n500_d1000_noise3.0,runtime_nscale,500,1000,3,0.01,0.99,3.0,20260826.0,4,gmm_oracle,,gmm_oracle,,,,,,,,,,,,3,0,,,[],0.3356071737872617,0.3502306245631238,,0.604,,,,,,,,,,2.223412,,2.223412,,,,704.40625,ok,False,,,N,500,,True,outputs_revision/runtime_synth/runs.csv,,,,
runtime_synth__synthetic_n500_d1000_noise3.0__runtime_nscale__seed4__spkm,run_divi_runtime_synth.py,2026-03-25T08:48:36Z,unknown,x86_64,cpu,x86_64,synthetic,synthetic_n500_d1000_noise3.0,runtime_nscale,500,1000,3,0.01,0.99,3.0,20260826.0,4,spkm,,spkm,,,,,,,,,,,,3,0,,,[],1.0,1.0,,1.0,471.0,0.471,,,,,,,,0.357701,,0.357701,,,,704.40625,ok,False,,,N,500,,True,outputs_revision/runtime_synth/runs.csv,,,,
runtime_synth__synthetic_n1000_d1000_noise3.0__runtime_nscale__seed0__divi,run_divi_runtime_synth.py,2026-03-25T08:48:56Z,unknown,x86_64,cpu,x86_64,synthetic,synthetic_n1000_d1000_noise3.0,runtime_nscale,1000,1000,3,0.01,0.99,3.0,20261326.0,0,divi,1.0,divi,1000.0,1.0,80.0,auto_entropy,1418.9385332046727,1.0,0.01,1.0,0.1,300.0,300.0,4,3,80.0,240.0,"[80, 160, 240]",0.8716462322294324,0.90161019952655,,0.863,26.0,0.026,0.2464456856250763,0.2181732356548309,1948626.0,1895962.5,52663.5,1906229.375,42.39667510986328,20.03353375200004,1.6665361920004216,18.30634050900062,0.0550636680000025,0.0585021209999467,0.061021135030002,883.31640625,ok,False,,,N,1000,,True,outputs_revision/runtime_synth/runs.csv,,,,
runtime_synth__synthetic_n1000_d1000_noise3.0__runtime_nscale__seed0__kmeans_oracle,run_divi_runtime_synth.py,2026-03-25T08:48:57Z,unknown,x86_64,cpu,x86_64,synthetic,synthetic_n1000_d1000_noise3.0,runtime_nscale,1000,1000,3,0.01,0.99,3.0,20261326.0,0,kmeans_oracle,,kmeans_oracle,,,,,,,,,,,,3,0,,,[],0.5047385502161924,0.5067625964579401,,0.782,,,,,,,,,,0.374789,,0.374789,,,,883.31640625,ok,False,,,N,1000,,True,outputs_revision/runtime_synth/runs.csv,,,,
runtime_synth__synthetic_n1000_d1000_noise3.0__runtime_nscale__seed0__gmm_oracle,run_divi_runtime_synth.py,2026-03-25T08:49:00Z,unknown,x86_64,cpu,x86_64,synthetic,synthetic_n1000_d1000_noise3.0,runtime_nscale,1000,1000,3,0.01,0.99,3.0,20261326.0,0,gmm_oracle,,gmm_oracle,,,,,,,,,,,,3,0,,,[],0.5030198105093872,0.5807226216894823,,0.665,,,,,,,,,,3.436594,,3.436594,,,,883.31640625,ok,False,,,N,1000,,True,outputs_revision/runtime_synth/runs.csv,,,,
runtime_synth__synthetic_n1000_d1000_noise3.0__runtime_nscale__seed0__spkm,run_divi_runtime_synth.py,2026-03-25T08:49:02Z,unknown,x86_64,cpu,x86_64,synthetic,synthetic_n1000_d1000_noise3.0,runtime_nscale,1000,1000,3,0.01,0.99,3.0,20261326.0,0,spkm,,spkm,,,,,,,,,,,,3,0,,,[],0.9970015045323004,0.9938029489046496,,0.999,871.0,0.871,,,,,,,,1.499,,1.499,,,,883.31640625,ok,False,,,N,1000,,True,outputs_revision/runtime_synth/runs.csv,,,,
runtime_synth__synthetic_n1000_d1000_noise3.0__runtime_nscale__seed1__divi,run_divi_runtime_synth.py,2026-03-25T08:49:21Z,unknown,x86_64,cpu,x86_64,synthetic,synthetic_n1000_d1000_noise3.0,runtime_nscale,1000,1000,3,0.01,0.99,3.0,20261326.0,1,divi,1.0,divi,1000.0,1.0,80.0,auto_entropy,1418.9385332046727,1.0,0.01,1.0,0.1,300.0,300.0,4,3,80.0,240.0,"[80, 160, 240]",0.8685738772560065,0.9002961256072078,,0.849,28.0,0.028,0.2477620542049408,0.2211837768554687,1948754.75,1900294.5,48460.25,1905255.625,43.49918746948242,19.524848080000083,1.6496360239998469,17.811021147000247,0.0511544509990926,0.0619094140001834,0.0593700704900008,974.87109375,ok,False,,,N,1000,,True,outputs_revision/runtime_synth/runs.csv,,,,
runtime_synth__synthetic_n1000_d1000_noise3.0__runtime_nscale__seed1__kmeans_oracle,run_divi_runtime_synth.py,2026-03-25T08:49:22Z,unknown,x86_64,cpu,x86_64,synthetic,synthetic_n1000_d1000_noise3.0,runtime_nscale,1000,1000,3,0.01,0.99,3.0,20261326.0,1,kmeans_oracle,,kmeans_oracle,,,,,,,,,,,,3,0,,,[],0.5392122916434462,0.6106245133205501,,0.745,,,,,,,,,,0.313268,,0.313268,,,,974.87109375,ok,False,,,N,1000,,True,outputs_revision/runtime_synth/runs.csv,,,,
runtime_synth__synthetic_n1000_d1000_noise3.0__runtime_nscale__seed1__gmm_oracle,run_divi_runtime_synth.py,2026-03-25T08:49:24Z,unknown,x86_64,cpu,x86_64,synthetic,synthetic_n1000_d1000_noise3.0,runtime_nscale,1000,1000,3,0.01,0.99,3.0,20261326.0,1,gmm_oracle,,gmm_oracle,,,,,,,,,,,,3,0,,,[],0.365213849371227,0.4375822988777034,,0.609,,,,,,,,,,2.395891,,2.395891,,,,974.87109375,ok,False,,,N,1000,,True,outputs_revision/runtime_synth/runs.csv,,,,
runtime_synth__synthetic_n1000_d1000_noise3.0__runtime_nscale__seed1__spkm,run_divi_runtime_synth.py,2026-03-25T08:49:25Z,unknown,x86_64,cpu,x86_64,synthetic,synthetic_n1000_d1000_noise3.0,runtime_nscale,1000,1000,3,0.01,0.99,3.0,20261326.0,1,spkm,,spkm,,,,,,,,,,,,3,0,,,[],0.9970015045323004,0.9938029489046496,,0.999,871.0,0.871,,,,,,,,1.237181,,1.237181,,,,974.87109375,ok,False,,,N,1000,,True,outputs_revision/runtime_synth/runs.csv,,,,
runtime_synth__synthetic_n1000_d1000_noise3.0__runtime_nscale__seed2__divi,run_divi_runtime_synth.py,2026-03-25T08:49:46Z,unknown,x86_64,cpu,x86_64,synthetic,synthetic_n1000_d1000_noise3.0,runtime_nscale,1000,1000,3,0.01,0.99,3.0,20261326.0,2,divi,1.0,divi,1000.0,1.0,80.0,auto_entropy,1418.9385332046727,1.0,0.01,1.0,0.1,300.0,300.0,4,3,80.0,240.0,"[80, 160, 240]",0.8803194108139746,0.8730971786967476,,0.917,29.0,0.029,0.2466016262769699,0.2193429172039032,1948689.0,1901924.5,46764.5,1906158.0,42.53105163574219,20.44429665899952,2.8045211099997687,17.57835737499954,0.0563673630003904,0.0570780190000732,0.0585945245833318,822.40625,ok,False,,,N,1000,,True,outputs_revision/runtime_synth/runs.csv,,,,
runtime_synth__synthetic_n1000_d1000_noise3.0__runtime_nscale__seed2__kmeans_oracle,run_divi_runtime_synth.py,2026-03-25T08:49:46Z,unknown,x86_64,cpu,x86_64,synthetic,synthetic_n1000_d1000_noise3.0,runtime_nscale,1000,1000,3,0.01,0.99,3.0,20261326.0,2,kmeans_oracle,,kmeans_oracle,,,,,,,,,,,,3,0,,,[],0.5492108536270206,0.5892692603622637,,0.782,,,,,,,,,,0.378344,,0.378344,,,,822.40625,ok,False,,,N,1000,,True,outputs_revision/runtime_synth/runs.csv,,,,
runtime_synth__synthetic_n1000_d1000_noise3.0__runtime_nscale__seed2__gmm_oracle,run_divi_runtime_synth.py,2026-03-25T08:49:49Z,unknown,x86_64,cpu,x86_64,synthetic,synthetic_n1000_d1000_noise3.0,runtime_nscale,1000,1000,3,0.01,0.99,3.0,20261326.0,2,gmm_oracle,,gmm_oracle,,,,,,,,,,,,3,0,,,[],0.5492108536270206,0.5892692603622637,,0.782,,,,,,,,,,2.456642,,2.456642,,,,822.40625,ok,False,,,N,1000,,True,outputs_revision/runtime_synth/runs.csv,,,,
runtime_synth__synthetic_n1000_d1000_noise3.0__runtime_nscale__seed2__spkm,run_divi_runtime_synth.py,2026-03-25T08:49:50Z,unknown,x86_64,cpu,x86_64,synthetic,synthetic_n1000_d1000_noise3.0,runtime_nscale,1000,1000,3,0.01,0.99,3.0,20261326.0,2,spkm,,spkm,,,,,,,,,,,,3,0,,,[],0.9970015045323004,0.9938029489046496,,0.999,871.0,0.871,,,,,,,,0.841051,,0.841051,,,,822.40625,ok,False,,,N,1000,,True,outputs_revision/runtime_synth/runs.csv,,,,
runtime_synth__synthetic_n1000_d1000_noise3.0__runtime_nscale__seed3__divi,run_divi_runtime_synth.py,2026-03-25T08:50:10Z,unknown,x86_64,cpu,x86_64,synthetic,synthetic_n1000_d1000_noise3.0,runtime_nscale,1000,1000,3,0.01,0.99,3.0,20261326.0,3,divi,1.0,divi,1000.0,1.0,80.0,auto_entropy,1418.9385332046727,1.0,0.01,1.0,0.1,300.0,300.0,4,3,80.0,240.0,"[80, 160, 240]",0.8581563973334415,0.8569111968417074,,0.901,27.0,0.027,0.2472721487283706,0.2196149230003357,1948957.125,1897350.375,51606.75,1905812.25,43.144866943359375,20.32375356100056,2.0185936899997614,18.23807556400061,0.0511928579999221,0.0645359059999464,0.0607935852133353,913.8359375,ok,False,,,N,1000,,True,outputs_revision/runtime_synth/runs.csv,,,,
runtime_synth__synthetic_n1000_d1000_noise3.0__runtime_nscale__seed3__kmeans_oracle,run_divi_runtime_synth.py,2026-03-25T08:50:10Z,unknown,x86_64,cpu,x86_64,synthetic,synthetic_n1000_d1000_noise3.0,runtime_nscale,1000,1000,3,0.01,0.99,3.0,20261326.0,3,kmeans_oracle,,kmeans_oracle,,,,,,,,,,,,3,0,,,[],0.4559902703571759,0.4583881690958237,,0.742,,,,,,,,,,0.386943,,0.386943,,,,913.8359375,ok,False,,,N,1000,,True,outputs_revision/runtime_synth/runs.csv,,,,
runtime_synth__synthetic_n1000_d1000_noise3.0__runtime_nscale__seed3__gmm_oracle,run_divi_runtime_synth.py,2026-03-25T08:50:13Z,unknown,x86_64,cpu,x86_64,synthetic,synthetic_n1000_d1000_noise3.0,runtime_nscale,1000,1000,3,0.01,0.99,3.0,20261326.0,3,gmm_oracle,,gmm_oracle,,,,,,,,,,,,3,0,,,[],0.4559902703571759,0.4583881690958237,,0.742,,,,,,,,,,2.451194,,2.451194,,,,913.8359375,ok,False,,,N,1000,,True,outputs_revision/runtime_synth/runs.csv,,,,
runtime_synth__synthetic_n1000_d1000_noise3.0__runtime_nscale__seed3__spkm,run_divi_runtime_synth.py,2026-03-25T08:50:14Z,unknown,x86_64,cpu,x86_64,synthetic,synthetic_n1000_d1000_noise3.0,runtime_nscale,1000,1000,3,0.01,0.99,3.0,20261326.0,3,spkm,,spkm,,,,,,,,,,,,3,0,,,[],0.9970015045323004,0.9938029489046496,,0.999,871.0,0.871,,,,,,,,0.835629,,0.835629,,,,913.8359375,ok,False,,,N,1000,,True,outputs_revision/runtime_synth/runs.csv,,,,
runtime_synth__synthetic_n1000_d1000_noise3.0__runtime_nscale__seed4__divi,run_divi_runtime_synth.py,2026-03-25T08:50:34Z,unknown,x86_64,cpu,x86_64,synthetic,synthetic_n1000_d1000_noise3.0,runtime_nscale,1000,1000,3,0.01,0.99,3.0,20261326.0,4,divi,1.0,divi,1000.0,1.0,80.0,auto_entropy,1418.9385332046727,1.0,0.01,1.0,0.1,300.0,300.0,4,3,80.0,240.0,"[80, 160, 240]",0.8565063513483918,0.8760055174629092,,0.865,30.0,0.03,0.2472143769264221,0.222298726439476,1948837.375,1897731.75,51105.625,1905849.875,42.9875602722168,19.96965948200068,1.6483810350000567,18.25610228700043,0.0527262409996183,0.0627200099997935,0.0608536742900014,929.09375,ok,False,,,N,1000,,True,outputs_revision/runtime_synth/runs.csv,,,,
runtime_synth__synthetic_n1000_d1000_noise3.0__runtime_nscale__seed4__kmeans_oracle,run_divi_runtime_synth.py,2026-03-25T08:50:34Z,unknown,x86_64,cpu,x86_64,synthetic,synthetic_n1000_d1000_noise3.0,runtime_nscale,1000,1000,3,0.01,0.99,3.0,20261326.0,4,kmeans_oracle,,kmeans_oracle,,,,,,,,,,,,3,0,,,[],0.474799623771041,0.5155519936685274,,0.676,,,,,,,,,,0.365343,,0.365343,,,,929.09375,ok,False,,,N,1000,,True,outputs_revision/runtime_synth/runs.csv,,,,
runtime_synth__synthetic_n1000_d1000_noise3.0__runtime_nscale__seed4__gmm_oracle,run_divi_runtime_synth.py,2026-03-25T08:50:36Z,unknown,x86_64,cpu,x86_64,synthetic,synthetic_n1000_d1000_noise3.0,runtime_nscale,1000,1000,3,0.01,0.99,3.0,20261326.0,4,gmm_oracle,,gmm_oracle,,,,,,,,,,,,3,0,,,[],0.411155095147203,0.4475083335028572,,0.635,,,,,,,,,,2.507709,,2.507709,,,,929.09375,ok,False,,,N,1000,,True,outputs_revision/runtime_synth/runs.csv,,,,
runtime_synth__synthetic_n1000_d1000_noise3.0__runtime_nscale__seed4__spkm,run_divi_runtime_synth.py,2026-03-25T08:50:37Z,unknown,x86_64,cpu,x86_64,synthetic,synthetic_n1000_d1000_noise3.0,runtime_nscale,1000,1000,3,0.01,0.99,3.0,20261326.0,4,spkm,,spkm,,,,,,,,,,,,3,0,,,[],0.9970015045323004,0.9938029489046496,,0.999,871.0,0.871,,,,,,,,0.869321,,0.869321,,,,929.09375,ok,False,,,N,1000,,True,outputs_revision/runtime_synth/runs.csv,,,,
runtime_synth__synthetic_n2000_d1000_noise3.0__runtime_nscale__seed0__divi,run_divi_runtime_synth.py,2026-03-25T08:51:19Z,unknown,x86_64,cpu,x86_64,synthetic,synthetic_n2000_d1000_noise3.0,runtime_nscale,2000,1000,3,0.01,0.99,3.0,20262326.0,0,divi,1.0,divi,2000.0,1.0,80.0,auto_entropy,1418.9385332046727,1.0,0.01,1.0,0.1,300.0,300.0,4,3,80.0,240.0,"[80, 160, 240]",0.8677734689592312,0.8997648710669712,,0.842,12.0,0.012,0.2102818638086319,0.1865219473838806,3931752.0,3847521.0,84231.0,3860535.25,35.60838317871094,41.53380319600001,2.732235848000528,38.68299150300027,0.106929522999053,0.1141161479999937,0.1289433050100009,997.8828125,ok,False,,,N,2000,,True,outputs_revision/runtime_synth/runs.csv,,,,
runtime_synth__synthetic_n2000_d1000_noise3.0__runtime_nscale__seed0__kmeans_oracle,run_divi_runtime_synth.py,2026-03-25T08:51:20Z,unknown,x86_64,cpu,x86_64,synthetic,synthetic_n2000_d1000_noise3.0,runtime_nscale,2000,1000,3,0.01,0.99,3.0,20262326.0,0,kmeans_oracle,,kmeans_oracle,,,,,,,,,,,,3,0,,,[],0.7774628273783075,0.740752134390262,,0.918,,,,,,,,,,1.323667,,1.323667,,,,997.8828125,ok,False,,,N,2000,,True,outputs_revision/runtime_synth/runs.csv,,,,
runtime_synth__synthetic_n2000_d1000_noise3.0__runtime_nscale__seed0__gmm_oracle,run_divi_runtime_synth.py,2026-03-25T08:51:26Z,unknown,x86_64,cpu,x86_64,synthetic,synthetic_n2000_d1000_noise3.0,runtime_nscale,2000,1000,3,0.01,0.99,3.0,20262326.0,0,gmm_oracle,,gmm_oracle,,,,,,,,,,,,3,0,,,[],0.4015317914641378,0.4539827526371612,,0.6405,,,,,,,,,,5.576741,,5.576741,,,,997.8828125,ok,False,,,N,2000,,True,outputs_revision/runtime_synth/runs.csv,,,,
runtime_synth__synthetic_n2000_d1000_noise3.0__runtime_nscale__seed0__spkm,run_divi_runtime_synth.py,2026-03-25T08:51:28Z,unknown,x86_64,cpu,x86_64,synthetic,synthetic_n2000_d1000_noise3.0,runtime_nscale,2000,1000,3,0.01,0.99,3.0,20262326.0,0,spkm,,spkm,,,,,,,,,,,,3,0,,,[],0.998498874063205,0.9965853313238788,,0.9995,783.0,0.783,,,,,,,,1.919232,,1.919232,,,,997.8828125,ok,False,,,N,2000,,True,outputs_revision/runtime_synth/runs.csv,,,,
runtime_synth__synthetic_n2000_d1000_noise3.0__runtime_nscale__seed1__divi,run_divi_runtime_synth.py,2026-03-25T08:52:10Z,unknown,x86_64,cpu,x86_64,synthetic,synthetic_n2000_d1000_noise3.0,runtime_nscale,2000,1000,3,0.01,0.99,3.0,20262326.0,1,divi,1.0,divi,2000.0,1.0,80.0,auto_entropy,1418.9385332046727,1.0,0.01,1.0,0.1,300.0,300.0,4,3,80.0,240.0,"[80, 160, 240]",0.8674753872776316,0.8996291258956634,,0.8375,12.0,0.012,0.210932195186615,0.1870117485523224,3931948.75,3843375.25,88573.5,3859646.25,36.151309967041016,42.22637498599943,2.7016945229997877,39.39755556900036,0.1092725219996282,0.122568775000218,0.1313251852300012,990.25390625,ok,False,,,N,2000,,True,outputs_revision/runtime_synth/runs.csv,,,,
runtime_synth__synthetic_n2000_d1000_noise3.0__runtime_nscale__seed1__kmeans_oracle,run_divi_runtime_synth.py,2026-03-25T08:52:11Z,unknown,x86_64,cpu,x86_64,synthetic,synthetic_n2000_d1000_noise3.0,runtime_nscale,2000,1000,3,0.01,0.99,3.0,20262326.0,1,kmeans_oracle,,kmeans_oracle,,,,,,,,,,,,3,0,,,[],0.8147045982477955,0.7673946172949966,,0.9335,,,,,,,,,,1.163425,,1.163425,,,,990.25390625,ok,False,,,N,2000,,True,outputs_revision/runtime_synth/runs.csv,,,,
runtime_synth__synthetic_n2000_d1000_noise3.0__runtime_nscale__seed1__gmm_oracle,run_divi_runtime_synth.py,2026-03-25T08:52:17Z,unknown,x86_64,cpu,x86_64,synthetic,synthetic_n2000_d1000_noise3.0,runtime_nscale,2000,1000,3,0.01,0.99,3.0,20262326.0,1,gmm_oracle,,gmm_oracle,,,,,,,,,,,,3,0,,,[],0.4861645265029315,0.5342664587950774,,0.711,,,,,,,,,,5.393285,,5.393285,,,,990.25390625,ok,False,,,N,2000,,True,outputs_revision/runtime_synth/runs.csv,,,,
runtime_synth__synthetic_n2000_d1000_noise3.0__runtime_nscale__seed1__spkm,run_divi_runtime_synth.py,2026-03-25T08:52:19Z,unknown,x86_64,cpu,x86_64,synthetic,synthetic_n2000_d1000_noise3.0,runtime_nscale,2000,1000,3,0.01,0.99,3.0,20262326.0,1,spkm,,spkm,,,,,,,,,,,,3,0,,,[],0.998498874063205,0.9965853313238788,,0.9995,783.0,0.783,,,,,,,,2.11084,,2.11084,,,,990.25390625,ok,False,,,N,2000,,True,outputs_revision/runtime_synth/runs.csv,,,,
runtime_synth__synthetic_n2000_d1000_noise3.0__runtime_nscale__seed2__divi,run_divi_runtime_synth.py,2026-03-25T08:53:00Z,unknown,x86_64,cpu,x86_64,synthetic,synthetic_n2000_d1000_noise3.0,runtime_nscale,2000,1000,3,0.01,0.99,3.0,20262326.0,2,divi,1.0,divi,2000.0,1.0,80.0,auto_entropy,1418.9385332046727,1.0,0.01,1.0,0.1,300.0,300.0,4,3,80.0,240.0,"[80, 160, 240]",0.8674627090445379,0.8990991390242099,,0.8375,10.0,0.01,0.2100603580474853,0.1885870993137359,3931576.75,3840801.0,90775.75,3860786.0,35.39532470703125,41.05015554800048,2.6840986369998063,38.19648757999949,0.1030194670011042,0.1653715559996271,0.1273216252666649,1051.2890625,ok,False,,,N,2000,,True,outputs_revision/runtime_synth/runs.csv,,,,
runtime_synth__synthetic_n2000_d1000_noise3.0__runtime_nscale__seed2__kmeans_oracle,run_divi_runtime_synth.py,2026-03-25T08:53:01Z,unknown,x86_64,cpu,x86_64,synthetic,synthetic_n2000_d1000_noise3.0,runtime_nscale,2000,1000,3,0.01,0.99,3.0,20262326.0,2,kmeans_oracle,,kmeans_oracle,,,,,,,,,,,,3,0,,,[],0.8730884133466918,0.8323260000876456,,0.9555,,,,,,,,,,1.247411,,1.247411,,,,1051.2890625,ok,False,,,N,2000,,True,outputs_revision/runtime_synth/runs.csv,,,,
runtime_synth__synthetic_n2000_d1000_noise3.0__runtime_nscale__seed2__gmm_oracle,run_divi_runtime_synth.py,2026-03-25T08:53:05Z,unknown,x86_64,cpu,x86_64,synthetic,synthetic_n2000_d1000_noise3.0,runtime_nscale,2000,1000,3,0.01,0.99,3.0,20262326.0,2,gmm_oracle,,gmm_oracle,,,,,,,,,,,,3,0,,,[],0.6694621933546656,0.6394405665244767,,0.871,,,,,,,,,,3.87439,,3.87439,,,,1051.2890625,ok,False,,,N,2000,,True,outputs_revision/runtime_synth/runs.csv,,,,
runtime_synth__synthetic_n2000_d1000_noise3.0__runtime_nscale__seed2__spkm,run_divi_runtime_synth.py,2026-03-25T08:53:08Z,unknown,x86_64,cpu,x86_64,synthetic,synthetic_n2000_d1000_noise3.0,runtime_nscale,2000,1000,3,0.01,0.99,3.0,20262326.0,2,spkm,,spkm,,,,,,,,,,,,3,0,,,[],0.998498874063205,0.9965853313238788,,0.9995,783.0,0.783,,,,,,,,2.967277,,2.967277,,,,1051.2890625,ok,False,,,N,2000,,True,outputs_revision/runtime_synth/runs.csv,,,,
runtime_synth__synthetic_n2000_d1000_noise3.0__runtime_nscale__seed3__divi,run_divi_runtime_synth.py,2026-03-25T08:53:49Z,unknown,x86_64,cpu,x86_64,synthetic,synthetic_n2000_d1000_noise3.0,runtime_nscale,2000,1000,3,0.01,0.99,3.0,20262326.0,3,divi,1.0,divi,2000.0,1.0,80.0,auto_entropy,1418.9385332046727,1.0,0.01,1.0,0.1,300.0,300.0,4,3,80.0,240.0,"[80, 160, 240]",0.8667376180283305,0.8968565031180705,,0.843,10.0,0.01,0.2094563841819763,0.1859322339296341,3931735.75,3850844.5,80891.25,3861659.25,35.038299560546875,41.115060783000445,3.159579323999424,37.82184848700035,0.1259651970003688,0.1293590559998847,0.1260728282900012,1234.39453125,ok,False,,,N,2000,,True,outputs_revision/runtime_synth/runs.csv,,,,
runtime_synth__synthetic_n2000_d1000_noise3.0__runtime_nscale__seed3__kmeans_oracle,run_divi_runtime_synth.py,2026-03-25T08:53:50Z,unknown,x86_64,cpu,x86_64,synthetic,synthetic_n2000_d1000_noise3.0,runtime_nscale,2000,1000,3,0.01,0.99,3.0,20262326.0,3,kmeans_oracle,,kmeans_oracle,,,,,,,,,,,,3,0,,,[],0.8027641588005743,0.7701338207621181,,0.9285,,,,,,,,,,1.180657,,1.180657,,,,1234.39453125,ok,False,,,N,2000,,True,outputs_revision/runtime_synth/runs.csv,,,,
runtime_synth__synthetic_n2000_d1000_noise3.0__runtime_nscale__seed3__gmm_oracle,run_divi_runtime_synth.py,2026-03-25T08:53:54Z,unknown,x86_64,cpu,x86_64,synthetic,synthetic_n2000_d1000_noise3.0,runtime_nscale,2000,1000,3,0.01,0.99,3.0,20262326.0,3,gmm_oracle,,gmm_oracle,,,,,,,,,,,,3,0,,,[],0.4301080481909995,0.4714490659192422,,0.689,,,,,,,,,,3.872599,,3.872599,,,,1234.39453125,ok,False,,,N,2000,,True,outputs_revision/runtime_synth/runs.csv,,,,
runtime_synth__synthetic_n2000_d1000_noise3.0__runtime_nscale__seed3__spkm,run_divi_runtime_synth.py,2026-03-25T08:53:56Z,unknown,x86_64,cpu,x86_64,synthetic,synthetic_n2000_d1000_noise3.0,runtime_nscale,2000,1000,3,0.01,0.99,3.0,20262326.0,3,spkm,,spkm,,,,,,,,,,,,3,0,,,[],0.998498874063205,0.9965853313238788,,0.9995,783.0,0.783,,,,,,,,1.856047,,1.856047,,,,1234.39453125,ok,False,,,N,2000,,True,outputs_revision/runtime_synth/runs.csv,,,,
runtime_synth__synthetic_n2000_d1000_noise3.0__runtime_nscale__seed4__divi,run_divi_runtime_synth.py,2026-03-25T08:54:39Z,unknown,x86_64,cpu,x86_64,synthetic,synthetic_n2000_d1000_noise3.0,runtime_nscale,2000,1000,3,0.01,0.99,3.0,20262326.0,4,divi,1.0,divi,2000.0,1.0,80.0,auto_entropy,1418.9385332046727,1.0,0.01,1.0,0.1,300.0,300.0,4,3,80.0,240.0,"[80, 160, 240]",0.8744463820769158,0.9028482883692924,,0.871,10.0,0.01,0.210249051451683,0.1894998550415039,3931514.5,3838533.5,92981.0,3860514.0,35.50029754638672,42.76381214499997,2.927988292000009,39.71579922299952,0.1233146259992281,0.1152793729997938,0.1323859974099984,1165.73046875,ok,False,,,N,2000,,True,outputs_revision/runtime_synth/runs.csv,,,,
runtime_synth__synthetic_n2000_d1000_noise3.0__runtime_nscale__seed4__kmeans_oracle,run_divi_runtime_synth.py,2026-03-25T08:54:41Z,unknown,x86_64,cpu,x86_64,synthetic,synthetic_n2000_d1000_noise3.0,runtime_nscale,2000,1000,3,0.01,0.99,3.0,20262326.0,4,kmeans_oracle,,kmeans_oracle,,,,,,,,,,,,3,0,,,[],0.734111038551505,0.7034659113485042,,0.8995,,,,,,,,,,1.490292,,1.490292,,,,1165.73046875,ok,False,,,N,2000,,True,outputs_revision/runtime_synth/runs.csv,,,,
runtime_synth__synthetic_n2000_d1000_noise3.0__runtime_nscale__seed4__gmm_oracle,run_divi_runtime_synth.py,2026-03-25T08:54:46Z,unknown,x86_64,cpu,x86_64,synthetic,synthetic_n2000_d1000_noise3.0,runtime_nscale,2000,1000,3,0.01,0.99,3.0,20262326.0,4,gmm_oracle,,gmm_oracle,,,,,,,,,,,,3,0,,,[],0.4465585324820108,0.4931315934393226,,0.664,,,,,,,,,,5.121399,,5.121399,,,,1165.73046875,ok,False,,,N,2000,,True,outputs_revision/runtime_synth/runs.csv,,,,
runtime_synth__synthetic_n2000_d1000_noise3.0__runtime_nscale__seed4__spkm,run_divi_runtime_synth.py,2026-03-25T08:54:48Z,unknown,x86_64,cpu,x86_64,synthetic,synthetic_n2000_d1000_noise3.0,runtime_nscale,2000,1000,3,0.01,0.99,3.0,20262326.0,4,spkm,,spkm,,,,,,,,,,,,3,0,,,[],0.998498874063205,0.9965853313238788,,0.9995,783.0,0.783,,,,,,,,2.018634,,2.018634,,,,1165.73046875,ok,False,,,N,2000,,True,outputs_revision/runtime_synth/runs.csv,,,,
runtime_synth__synthetic_n5000_d1000_noise3.0__runtime_nscale__seed0__divi,run_divi_runtime_synth.py,2026-03-25T08:57:40Z,unknown,x86_64,cpu,x86_64,synthetic,synthetic_n5000_d1000_noise3.0,runtime_nscale,5000,1000,3,0.01,0.99,3.0,20265326.0,0,divi,1.0,divi,5000.0,1.0,80.0,auto_entropy,1418.9385332046727,1.0,0.01,1.0,0.1,300.0,300.0,4,3,80.0,240.0,"[80, 160, 240]",0.8781776262821925,0.8994354527293633,,0.8842,10.0,0.01,0.1801842302083969,0.1626709550619125,9897041.0,9710338.0,186703.0,9751314.0,29.14548110961914,172.29211574800047,6.526286612999684,165.17544111999996,0.35594691300048,0.5803288879997126,0.5505848037333332,1165.73046875,ok,False,,,N,5000,,True,outputs_revision/runtime_synth/runs.csv,,,,
runtime_synth__synthetic_n5000_d1000_noise3.0__runtime_nscale__seed0__kmeans_oracle,run_divi_runtime_synth.py,2026-03-25T08:57:44Z,unknown,x86_64,cpu,x86_64,synthetic,synthetic_n5000_d1000_noise3.0,runtime_nscale,5000,1000,3,0.01,0.99,3.0,20265326.0,0,kmeans_oracle,,kmeans_oracle,,,,,,,,,,,,3,0,,,[],0.9773847107525756,0.9584443252453424,,0.9924,,,,,,,,,,3.485901,,3.485901,,,,1097.06640625,ok,False,,,N,5000,,True,outputs_revision/runtime_synth/runs.csv,,,,
runtime_synth__synthetic_n5000_d1000_noise3.0__runtime_nscale__seed0__gmm_oracle,run_divi_runtime_synth.py,2026-03-25T08:58:06Z,unknown,x86_64,cpu,x86_64,synthetic,synthetic_n5000_d1000_noise3.0,runtime_nscale,5000,1000,3,0.01,0.99,3.0,20265326.0,0,gmm_oracle,,gmm_oracle,,,,,,,,,,,,3,0,,,[],0.981519238915484,0.9648069572588794,,0.9938,,,,,,,,,,21.651285,,21.651285,,,,1097.06640625,ok,False,,,N,5000,,True,outputs_revision/runtime_synth/runs.csv,,,,
runtime_synth__synthetic_n5000_d1000_noise3.0__runtime_nscale__seed0__spkm,run_divi_runtime_synth.py,2026-03-25T08:58:12Z,unknown,x86_64,cpu,x86_64,synthetic,synthetic_n5000_d1000_noise3.0,runtime_nscale,5000,1000,3,0.01,0.99,3.0,20265326.0,0,spkm,,spkm,,,,,,,,,,,,3,0,,,[],0.9946081072363442,0.9878178584818714,,0.9982,571.0,0.571,,,,,,,,6.713697,,6.713697,,,,1097.06640625,ok,False,,,N,5000,,True,outputs_revision/runtime_synth/runs.csv,,,,
runtime_synth__synthetic_n5000_d1000_noise3.0__runtime_nscale__seed1__divi,run_divi_runtime_synth.py,2026-03-25T09:00:54Z,unknown,x86_64,cpu,x86_64,synthetic,synthetic_n5000_d1000_noise3.0,runtime_nscale,5000,1000,3,0.01,0.99,3.0,20265326.0,1,divi,1.0,divi,5000.0,1.0,80.0,auto_entropy,1418.9385332046727,1.0,0.01,1.0,0.1,300.0,300.0,4,3,80.0,240.0,"[80, 160, 240]",0.867654765692908,0.8970385233763651,,0.8536,10.0,0.01,0.1807508617639541,0.1628883779048919,9895796.0,9684350.0,211446.0,9748726.0,29.413986206054688,161.1452971509998,5.631478044999312,154.82310822599993,0.3917684899997766,0.6814020009996966,0.5160770274199997,1154.16015625,ok,False,,,N,5000,,True,outputs_revision/runtime_synth/runs.csv,,,,
runtime_synth__synthetic_n5000_d1000_noise3.0__runtime_nscale__seed1__kmeans_oracle,run_divi_runtime_synth.py,2026-03-25T09:00:58Z,unknown,x86_64,cpu,x86_64,synthetic,synthetic_n5000_d1000_noise3.0,runtime_nscale,5000,1000,3,0.01,0.99,3.0,20265326.0,1,kmeans_oracle,,kmeans_oracle,,,,,,,,,,,,3,0,,,[],0.980335094067997,0.9628417387815744,,0.9934,,,,,,,,,,3.904439,,3.904439,,,,1154.16015625,ok,False,,,N,5000,,True,outputs_revision/runtime_synth/runs.csv,,,,
runtime_synth__synthetic_n5000_d1000_noise3.0__runtime_nscale__seed1__gmm_oracle,run_divi_runtime_synth.py,2026-03-25T09:01:20Z,unknown,x86_64,cpu,x86_64,synthetic,synthetic_n5000_d1000_noise3.0,runtime_nscale,5000,1000,3,0.01,0.99,3.0,20265326.0,1,gmm_oracle,,gmm_oracle,,,,,,,,,,,,3,0,,,[],0.9756101360386172,0.9557765889178278,,0.9918,,,,,,,,,,22.5042,,22.5042,,,,1154.16015625,ok,False,,,N,5000,,True,outputs_revision/runtime_synth/runs.csv,,,,
runtime_synth__synthetic_n5000_d1000_noise3.0__runtime_nscale__seed1__spkm,run_divi_runtime_synth.py,2026-03-25T09:01:27Z,unknown,x86_64,cpu,x86_64,synthetic,synthetic_n5000_d1000_noise3.0,runtime_nscale,5000,1000,3,0.01,0.99,3.0,20265326.0,1,spkm,,spkm,,,,,,,,,,,,3,0,,,[],0.9946081072363442,0.9878178584818714,,0.9982,571.0,0.571,,,,,,,,6.764529,,6.764529,,,,1154.16015625,ok,False,,,N,5000,,True,outputs_revision/runtime_synth/runs.csv,,,,
runtime_synth__synthetic_n5000_d1000_noise3.0__runtime_nscale__seed2__divi,run_divi_runtime_synth.py,2026-03-25T09:04:11Z,unknown,x86_64,cpu,x86_64,synthetic,synthetic_n5000_d1000_noise3.0,runtime_nscale,5000,1000,3,0.01,0.99,3.0,20265326.0,2,divi,1.0,divi,5000.0,1.0,80.0,auto_entropy,1418.9385332046727,1.0,0.01,1.0,0.1,300.0,300.0,4,3,80.0,240.0,"[80, 160, 240]",0.8681422916534189,0.8972606389764849,,0.8558,10.0,0.01,0.1798784434795379,0.1610104441642761,9895956.0,9704108.0,191848.0,9751583.0,28.87469482421875,164.15680496200002,5.743161997999778,157.75165759100037,0.4527846090004459,0.6516453009999168,0.5258388586366679,1173.234375,ok,False,,,N,5000,,True,outputs_revision/runtime_synth/runs.csv,,,,
runtime_synth__synthetic_n5000_d1000_noise3.0__runtime_nscale__seed2__kmeans_oracle,run_divi_runtime_synth.py,2026-03-25T09:04:14Z,unknown,x86_64,cpu,x86_64,synthetic,synthetic_n5000_d1000_noise3.0,runtime_nscale,5000,1000,3,0.01,0.99,3.0,20265326.0,2,kmeans_oracle,,kmeans_oracle,,,,,,,,,,,,3,0,,,[],0.9821096399855208,0.9656983530175968,,0.994,,,,,,,,,,2.507007,,2.507007,,,,1173.234375,ok,False,,,N,5000,,True,outputs_revision/runtime_synth/runs.csv,,,,
runtime_synth__synthetic_n5000_d1000_noise3.0__runtime_nscale__seed2__gmm_oracle,run_divi_runtime_synth.py,2026-03-25T09:04:37Z,unknown,x86_64,cpu,x86_64,synthetic,synthetic_n5000_d1000_noise3.0,runtime_nscale,5000,1000,3,0.01,0.99,3.0,20265326.0,2,gmm_oracle,,gmm_oracle,,,,,,,,,,,,3,0,,,[],0.9756168966525668,0.9554767104601586,,0.9918,,,,,,,,,,23.648461,,23.648461,,,,1173.234375,ok,False,,,N,5000,,True,outputs_revision/runtime_synth/runs.csv,,,,
runtime_synth__synthetic_n5000_d1000_noise3.0__runtime_nscale__seed2__spkm,run_divi_runtime_synth.py,2026-03-25T09:04:43Z,unknown,x86_64,cpu,x86_64,synthetic,synthetic_n5000_d1000_noise3.0,runtime_nscale,5000,1000,3,0.01,0.99,3.0,20265326.0,2,spkm,,spkm,,,,,,,,,,,,3,0,,,[],0.9946081072363442,0.9878178584818714,,0.9982,571.0,0.571,,,,,,,,5.753115,,5.753115,,,,1173.234375,ok,False,,,N,5000,,True,outputs_revision/runtime_synth/runs.csv,,,,
runtime_synth__synthetic_n5000_d1000_noise3.0__runtime_nscale__seed3__divi,run_divi_runtime_synth.py,2026-03-25T09:07:31Z,unknown,x86_64,cpu,x86_64,synthetic,synthetic_n5000_d1000_noise3.0,runtime_nscale,5000,1000,3,0.01,0.99,3.0,20265326.0,3,divi,1.0,divi,5000.0,1.0,80.0,auto_entropy,1418.9385332046727,1.0,0.01,1.0,0.1,300.0,300.0,4,3,80.0,240.0,"[80, 160, 240]",0.8639999186678575,0.8926021448832319,,0.8344,10.0,0.01,0.1799983531236648,0.1594143658876419,9895810.0,9720845.0,174965.0,9751536.0,28.85470199584961,167.5961472480003,6.169548193000082,160.72295597099946,0.4988630079997165,0.6923913680002443,0.5357431865699982,1135.2109375,ok,False,,,N,5000,,True,outputs_revision/runtime_synth/runs.csv,,,,
runtime_synth__synthetic_n5000_d1000_noise3.0__runtime_nscale__seed3__kmeans_oracle,run_divi_runtime_synth.py,2026-03-25T09:07:33Z,unknown,x86_64,cpu,x86_64,synthetic,synthetic_n5000_d1000_noise3.0,runtime_nscale,5000,1000,3,0.01,0.99,3.0,20265326.0,3,kmeans_oracle,,kmeans_oracle,,,,,,,,,,,,3,0,,,[],0.9815236715844934,0.9653005389871075,,0.9938,,,,,,,,,,2.198784,,2.198784,,,,1135.2109375,ok,False,,,N,5000,,True,outputs_revision/runtime_synth/runs.csv,,,,
runtime_synth__synthetic_n5000_d1000_noise3.0__runtime_nscale__seed3__gmm_oracle,run_divi_runtime_synth.py,2026-03-25T09:07:57Z,unknown,x86_64,cpu,x86_64,synthetic,synthetic_n5000_d1000_noise3.0,runtime_nscale,5000,1000,3,0.01,0.99,3.0,20265326.0,3,gmm_oracle,,gmm_oracle,,,,,,,,,,,,3,0,,,[],0.9762108976597886,0.9570363910935544,,0.992,,,,,,,,,,23.836325,,23.836325,,,,1135.2109375,ok,False,,,N,5000,,True,outputs_revision/runtime_synth/runs.csv,,,,
runtime_synth__synthetic_n5000_d1000_noise3.0__runtime_nscale__seed3__spkm,run_divi_runtime_synth.py,2026-03-25T09:08:04Z,unknown,x86_64,cpu,x86_64,synthetic,synthetic_n5000_d1000_noise3.0,runtime_nscale,5000,1000,3,0.01,0.99,3.0,20265326.0,3,spkm,,spkm,,,,,,,,,,,,3,0,,,[],0.9946081072363442,0.9878178584818714,,0.9982,571.0,0.571,,,,,,,,6.789692,,6.789692,,,,1135.2109375,ok,False,,,N,5000,,True,outputs_revision/runtime_synth/runs.csv,,,,
runtime_synth__synthetic_n5000_d1000_noise3.0__runtime_nscale__seed4__divi,run_divi_runtime_synth.py,2026-03-25T09:10:43Z,unknown,x86_64,cpu,x86_64,synthetic,synthetic_n5000_d1000_noise3.0,runtime_nscale,5000,1000,3,0.01,0.99,3.0,20265326.0,4,divi,1.0,divi,5000.0,1.0,80.0,auto_entropy,1418.9385332046727,1.0,0.01,1.0,0.1,300.0,300.0,4,3,80.0,240.0,"[80, 160, 240]",0.9285634117468116,0.9142102125462194,,0.9506,10.0,0.01,0.1803774386644363,0.1618621945381164,9896898.0,9716531.0,180367.0,9751061.0,29.167449951171875,158.5703981380002,6.172439029000088,151.72381948099974,0.3026117010012967,0.6625584990006246,0.5057460649366657,941.2265625,ok,False,,,N,5000,,True,outputs_revision/runtime_synth/runs.csv,,,,
runtime_synth__synthetic_n5000_d1000_noise3.0__runtime_nscale__seed4__kmeans_oracle,run_divi_runtime_synth.py,2026-03-25T09:10:45Z,unknown,x86_64,cpu,x86_64,synthetic,synthetic_n5000_d1000_noise3.0,runtime_nscale,5000,1000,3,0.01,0.99,3.0,20265326.0,4,kmeans_oracle,,kmeans_oracle,,,,,,,,,,,,3,0,,,[],0.980930563614288,0.9643814906249448,,0.9936,,,,,,,,,,2.20277,,2.20277,,,,941.2265625,ok,False,,,N,5000,,True,outputs_revision/runtime_synth/runs.csv,,,,
runtime_synth__synthetic_n5000_d1000_noise3.0__runtime_nscale__seed4__gmm_oracle,run_divi_runtime_synth.py,2026-03-25T09:11:09Z,unknown,x86_64,cpu,x86_64,synthetic,synthetic_n5000_d1000_noise3.0,runtime_nscale,5000,1000,3,0.01,0.99,3.0,20265326.0,4,gmm_oracle,,gmm_oracle,,,,,,,,,,,,3,0,,,[],0.9809261894450538,0.9640379094052256,,0.9936,,,,,,,,,,23.808794,,23.808794,,,,941.2265625,ok,False,,,N,5000,,True,outputs_revision/runtime_synth/runs.csv,,,,
runtime_synth__synthetic_n5000_d1000_noise3.0__runtime_nscale__seed4__spkm,run_divi_runtime_synth.py,2026-03-25T09:11:15Z,unknown,x86_64,cpu,x86_64,synthetic,synthetic_n5000_d1000_noise3.0,runtime_nscale,5000,1000,3,0.01,0.99,3.0,20265326.0,4,spkm,,spkm,,,,,,,,,,,,3,0,,,[],0.9946081072363442,0.9878178584818714,,0.9982,571.0,0.571,,,,,,,,6.080091,,6.080091,,,,941.2265625,ok,False,,,N,5000,,True,outputs_revision/runtime_synth/runs.csv,,,,
runtime_synth__synthetic_n1000_d100_noise3.0__runtime_dscale__seed0__divi,run_divi_runtime_synth.py,2026-03-25T09:32:53Z,unknown,x86_64,cpu,x86_64,synthetic,synthetic_n1000_d100_noise3.0,runtime_dscale,1000,100,3,0.1,0.9,3.0,20260425.0,0,divi,1.0,divi,1000.0,1.0,80.0,auto_entropy,141.89385332046726,1.0,0.01,1.0,0.1,300.0,300.0,4,3,80.0,240.0,"[80, 160, 240]",0.8790863947577888,0.9094849103554182,,0.879,10.0,0.1,0.2848047316074371,0.2045182287693023,187202.46875,179704.53125,7497.9375,183629.0625,3.573408365249634,3.832860349000839,0.1871559030005301,2.496771013999023,0.0068808130017714,0.0103537830000277,0.0083225700466634,462.03515625,ok,False,,,D,100,,True,outputs_revision/runtime_synth/runs.csv,,,,
runtime_synth__synthetic_n1000_d100_noise3.0__runtime_dscale__seed0__kmeans_oracle,run_divi_runtime_synth.py,2026-03-25T09:32:53Z,unknown,x86_64,cpu,x86_64,synthetic,synthetic_n1000_d100_noise3.0,runtime_dscale,1000,100,3,0.1,0.9,3.0,20260425.0,0,kmeans_oracle,,kmeans_oracle,,,,,,,,,,,,3,0,,,[],1.0,1.0,,1.0,,,,,,,,,,0.055017,,0.055017,,,,462.37109375,ok,False,,,D,100,,True,outputs_revision/runtime_synth/runs.csv,,,,
runtime_synth__synthetic_n1000_d100_noise3.0__runtime_dscale__seed0__gmm_oracle,run_divi_runtime_synth.py,2026-03-25T09:32:54Z,unknown,x86_64,cpu,x86_64,synthetic,synthetic_n1000_d100_noise3.0,runtime_dscale,1000,100,3,0.1,0.9,3.0,20260425.0,0,gmm_oracle,,gmm_oracle,,,,,,,,,,,,3,0,,,[],1.0,1.0,,1.0,,,,,,,,,,0.463043,,0.463043,,,,464.15625,ok,False,,,D,100,,True,outputs_revision/runtime_synth/runs.csv,,,,
runtime_synth__synthetic_n1000_d100_noise3.0__runtime_dscale__seed0__spkm,run_divi_runtime_synth.py,2026-03-25T09:32:54Z,unknown,x86_64,cpu,x86_64,synthetic,synthetic_n1000_d100_noise3.0,runtime_dscale,1000,100,3,0.1,0.9,3.0,20260425.0,0,spkm,,spkm,,,,,,,,,,,,3,0,,,[],1.0,1.0,,1.0,95.0,0.95,,,,,,,,0.144248,,0.144248,,,,464.53125,ok,False,,,D,100,,True,outputs_revision/runtime_synth/runs.csv,,,,
runtime_synth__synthetic_n1000_d100_noise3.0__runtime_dscale__seed1__divi,run_divi_runtime_synth.py,2026-03-25T09:32:57Z,unknown,x86_64,cpu,x86_64,synthetic,synthetic_n1000_d100_noise3.0,runtime_dscale,1000,100,3,0.1,0.9,3.0,20260425.0,1,divi,1.0,divi,1000.0,1.0,80.0,auto_entropy,141.89385332046726,1.0,0.01,1.0,0.1,300.0,300.0,4,3,80.0,240.0,"[80, 160, 240]",0.8717912569048336,0.906079716572033,,0.858,10.0,0.1,0.2808740437030792,0.2018592059612274,187168.109375,177899.140625,9268.96875,183878.390625,3.2897229194641118,3.158796910000092,0.2435494660003314,2.9053169599992543,0.0074703729987959,0.0089504839997971,0.0096843898666641,464.93359375,ok,False,,,D,100,,True,outputs_revision/runtime_synth/runs.csv,,,,
runtime_synth__synthetic_n1000_d100_noise3.0__runtime_dscale__seed1__kmeans_oracle,run_divi_runtime_synth.py,2026-03-25T09:32:57Z,unknown,x86_64,cpu,x86_64,synthetic,synthetic_n1000_d100_noise3.0,runtime_dscale,1000,100,3,0.1,0.9,3.0,20260425.0,1,kmeans_oracle,,kmeans_oracle,,,,,,,,,,,,3,0,,,[],1.0,1.0,,1.0,,,,,,,,,,0.040014,,0.040014,,,,464.93359375,ok,False,,,D,100,,True,outputs_revision/runtime_synth/runs.csv,,,,
runtime_synth__synthetic_n1000_d100_noise3.0__runtime_dscale__seed1__gmm_oracle,run_divi_runtime_synth.py,2026-03-25T09:32:57Z,unknown,x86_64,cpu,x86_64,synthetic,synthetic_n1000_d100_noise3.0,runtime_dscale,1000,100,3,0.1,0.9,3.0,20260425.0,1,gmm_oracle,,gmm_oracle,,,,,,,,,,,,3,0,,,[],0.9970015045323004,0.9938029489046496,,0.999,,,,,,,,,,0.096445,,0.096445,,,,464.9375,ok,False,,,D,100,,True,outputs_revision/runtime_synth/runs.csv,,,,
runtime_synth__synthetic_n1000_d100_noise3.0__runtime_dscale__seed1__spkm,run_divi_runtime_synth.py,2026-03-25T09:32:58Z,unknown,x86_64,cpu,x86_64,synthetic,synthetic_n1000_d100_noise3.0,runtime_dscale,1000,100,3,0.1,0.9,3.0,20260425.0,1,spkm,,spkm,,,,,,,,,,,,3,0,,,[],1.0,1.0,,1.0,95.0,0.95,,,,,,,,0.115598,,0.115598,,,,464.9375,ok,False,,,D,100,,True,outputs_revision/runtime_synth/runs.csv,,,,
runtime_synth__synthetic_n1000_d100_noise3.0__runtime_dscale__seed2__divi,run_divi_runtime_synth.py,2026-03-25T09:33:00Z,unknown,x86_64,cpu,x86_64,synthetic,synthetic_n1000_d100_noise3.0,runtime_dscale,1000,100,3,0.1,0.9,3.0,20260425.0,2,divi,1.0,divi,1000.0,1.0,80.0,auto_entropy,141.89385332046726,1.0,0.01,1.0,0.1,300.0,300.0,4,3,80.0,240.0,"[80, 160, 240]",0.8829865582560039,0.911349518786087,,0.887,10.0,0.1,0.2850266396999359,0.2068149298429489,187234.5,178575.171875,8659.328125,183602.8125,3.631682872772217,2.61632020199977,0.1669158849999803,2.4419008439999743,0.0062551769988203,0.0066681190000963,0.0081396694799999,475.26953125,ok,False,,,D,100,,True,outputs_revision/runtime_synth/runs.csv,,,,
runtime_synth__synthetic_n1000_d100_noise3.0__runtime_dscale__seed2__kmeans_oracle,run_divi_runtime_synth.py,2026-03-25T09:33:00Z,unknown,x86_64,cpu,x86_64,synthetic,synthetic_n1000_d100_noise3.0,runtime_dscale,1000,100,3,0.1,0.9,3.0,20260425.0,2,kmeans_oracle,,kmeans_oracle,,,,,,,,,,,,3,0,,,[],1.0,1.0,,1.0,,,,,,,,,,0.044045,,0.044045,,,,475.2734375,ok,False,,,D,100,,True,outputs_revision/runtime_synth/runs.csv,,,,
runtime_synth__synthetic_n1000_d100_noise3.0__runtime_dscale__seed2__gmm_oracle,run_divi_runtime_synth.py,2026-03-25T09:33:00Z,unknown,x86_64,cpu,x86_64,synthetic,synthetic_n1000_d100_noise3.0,runtime_dscale,1000,100,3,0.1,0.9,3.0,20260425.0,2,gmm_oracle,,gmm_oracle,,,,,,,,,,,,3,0,,,[],1.0,1.0,,1.0,,,,,,,,,,0.098796,,0.098796,,,,475.2734375,ok,False,,,D,100,,True,outputs_revision/runtime_synth/runs.csv,,,,
runtime_synth__synthetic_n1000_d100_noise3.0__runtime_dscale__seed2__spkm,run_divi_runtime_synth.py,2026-03-25T09:33:00Z,unknown,x86_64,cpu,x86_64,synthetic,synthetic_n1000_d100_noise3.0,runtime_dscale,1000,100,3,0.1,0.9,3.0,20260425.0,2,spkm,,spkm,,,,,,,,,,,,3,0,,,[],1.0,1.0,,1.0,95.0,0.95,,,,,,,,0.1296,,0.1296,,,,475.2734375,ok,False,,,D,100,,True,outputs_revision/runtime_synth/runs.csv,,,,
runtime_synth__synthetic_n1000_d100_noise3.0__runtime_dscale__seed3__divi,run_divi_runtime_synth.py,2026-03-25T09:33:03Z,unknown,x86_64,cpu,x86_64,synthetic,synthetic_n1000_d100_noise3.0,runtime_dscale,1000,100,3,0.1,0.9,3.0,20260425.0,3,divi,1.0,divi,1000.0,1.0,80.0,auto_entropy,141.89385332046726,1.0,0.01,1.0,0.1,300.0,300.0,4,3,80.0,240.0,"[80, 160, 240]",0.869828316109374,0.9051810602393668,,0.848,10.0,0.1,0.2801240682601928,0.2017895579338073,187181.796875,175497.203125,11684.59375,183925.59375,3.2562038898468018,2.561743962000037,0.1742210450011043,2.3781059720004123,0.0062303810009325,0.0086554489989794,0.007927019906668,478.21484375,ok,False,,,D,100,,True,outputs_revision/runtime_synth/runs.csv,,,,
runtime_synth__synthetic_n1000_d100_noise3.0__runtime_dscale__seed3__kmeans_oracle,run_divi_runtime_synth.py,2026-03-25T09:33:03Z,unknown,x86_64,cpu,x86_64,synthetic,synthetic_n1000_d100_noise3.0,runtime_dscale,1000,100,3,0.1,0.9,3.0,20260425.0,3,kmeans_oracle,,kmeans_oracle,,,,,,,,,,,,3,0,,,[],1.0,1.0,,1.0,,,,,,,,,,0.03483,,0.03483,,,,478.21484375,ok,False,,,D,100,,True,outputs_revision/runtime_synth/runs.csv,,,,
runtime_synth__synthetic_n1000_d100_noise3.0__runtime_dscale__seed3__gmm_oracle,run_divi_runtime_synth.py,2026-03-25T09:33:03Z,unknown,x86_64,cpu,x86_64,synthetic,synthetic_n1000_d100_noise3.0,runtime_dscale,1000,100,3,0.1,0.9,3.0,20260425.0,3,gmm_oracle,,gmm_oracle,,,,,,,,,,,,3,0,,,[],1.0,1.0,,1.0,,,,,,,,,,0.0613,,0.0613,,,,478.21484375,ok,False,,,D,100,,True,outputs_revision/runtime_synth/runs.csv,,,,
runtime_synth__synthetic_n1000_d100_noise3.0__runtime_dscale__seed3__spkm,run_divi_runtime_synth.py,2026-03-25T09:33:03Z,unknown,x86_64,cpu,x86_64,synthetic,synthetic_n1000_d100_noise3.0,runtime_dscale,1000,100,3,0.1,0.9,3.0,20260425.0,3,spkm,,spkm,,,,,,,,,,,,3,0,,,[],1.0,1.0,,1.0,95.0,0.95,,,,,,,,0.118022,,0.118022,,,,478.21484375,ok,False,,,D,100,,True,outputs_revision/runtime_synth/runs.csv,,,,
runtime_synth__synthetic_n1000_d100_noise3.0__runtime_dscale__seed4__divi,run_divi_runtime_synth.py,2026-03-25T09:33:06Z,unknown,x86_64,cpu,x86_64,synthetic,synthetic_n1000_d100_noise3.0,runtime_dscale,1000,100,3,0.1,0.9,3.0,20260425.0,4,divi,1.0,divi,1000.0,1.0,80.0,auto_entropy,141.89385332046726,1.0,0.01,1.0,0.1,300.0,300.0,4,3,80.0,240.0,"[80, 160, 240]",0.86968590675457,0.9051161454734876,,0.847,10.0,0.1,0.2814654111862182,0.1931620240211486,187226.015625,178759.140625,8466.875,183830.328125,3.395685195922852,2.4372553039993363,0.1594642350009962,2.270447052998861,0.0065523259982001,0.0065724070009309,0.0075681568433295,475.29296875,ok,False,,,D,100,,True,outputs_revision/runtime_synth/runs.csv,,,,
runtime_synth__synthetic_n1000_d100_noise3.0__runtime_dscale__seed4__kmeans_oracle,run_divi_runtime_synth.py,2026-03-25T09:33:06Z,unknown,x86_64,cpu,x86_64,synthetic,synthetic_n1000_d100_noise3.0,runtime_dscale,1000,100,3,0.1,0.9,3.0,20260425.0,4,kmeans_oracle,,kmeans_oracle,,,,,,,,,,,,3,0,,,[],1.0,1.0,,1.0,,,,,,,,,,0.053665,,0.053665,,,,475.29296875,ok,False,,,D,100,,True,outputs_revision/runtime_synth/runs.csv,,,,
runtime_synth__synthetic_n1000_d100_noise3.0__runtime_dscale__seed4__gmm_oracle,run_divi_runtime_synth.py,2026-03-25T09:33:06Z,unknown,x86_64,cpu,x86_64,synthetic,synthetic_n1000_d100_noise3.0,runtime_dscale,1000,100,3,0.1,0.9,3.0,20260425.0,4,gmm_oracle,,gmm_oracle,,,,,,,,,,,,3,0,,,[],0.9970015045323004,0.9938029489046496,,0.999,,,,,,,,,,0.105463,,0.105463,,,,475.29296875,ok,False,,,D,100,,True,outputs_revision/runtime_synth/runs.csv,,,,
runtime_synth__synthetic_n1000_d100_noise3.0__runtime_dscale__seed4__spkm,run_divi_runtime_synth.py,2026-03-25T09:33:06Z,unknown,x86_64,cpu,x86_64,synthetic,synthetic_n1000_d100_noise3.0,runtime_dscale,1000,100,3,0.1,0.9,3.0,20260425.0,4,spkm,,spkm,,,,,,,,,,,,3,0,,,[],1.0,1.0,,1.0,95.0,0.95,,,,,,,,0.16256,,0.16256,,,,475.29296875,ok,False,,,D,100,,True,outputs_revision/runtime_synth/runs.csv,,,,
runtime_synth__synthetic_n1000_d500_noise3.0__runtime_dscale__seed0__divi,run_divi_runtime_synth.py,2026-03-25T09:33:19Z,unknown,x86_64,cpu,x86_64,synthetic,synthetic_n1000_d500_noise3.0,runtime_dscale,1000,500,3,0.02,0.98,3.0,20260825.0,0,divi,1.0,divi,1000.0,1.0,80.0,auto_entropy,709.4692666023363,1.0,0.01,1.0,0.1,300.0,300.0,4,3,80.0,240.0,"[80, 160, 240]",0.8678246112931919,0.8998556849854175,,0.844,15.0,0.03,0.2447852492332458,0.2151339650154113,971687.8125,940874.3125,30813.5,951060.5,20.62730407714844,12.662092803000633,1.4752698140000575,11.149695358999452,0.0278587210013938,0.035320719000083,0.0371656511966648,556.9765625,ok,False,,,D,500,,True,outputs_revision/runtime_synth/runs.csv,,,,
runtime_synth__synthetic_n1000_d500_noise3.0__runtime_dscale__seed0__kmeans_oracle,run_divi_runtime_synth.py,2026-03-25T09:33:19Z,unknown,x86_64,cpu,x86_64,synthetic,synthetic_n1000_d500_noise3.0,runtime_dscale,1000,500,3,0.02,0.98,3.0,20260825.0,0,kmeans_oracle,,kmeans_oracle,,,,,,,,,,,,3,0,,,[],0.709732882357319,0.6855525018315312,,0.888,,,,,,,,,,0.377958,,0.377958,,,,556.984375,ok,False,,,D,500,,True,outputs_revision/runtime_synth/runs.csv,,,,
runtime_synth__synthetic_n1000_d500_noise3.0__runtime_dscale__seed0__gmm_oracle,run_divi_runtime_synth.py,2026-03-25T09:33:21Z,unknown,x86_64,cpu,x86_64,synthetic,synthetic_n1000_d500_noise3.0,runtime_dscale,1000,500,3,0.02,0.98,3.0,20260825.0,0,gmm_oracle,,gmm_oracle,,,,,,,,,,,,3,0,,,[],0.4530917275995816,0.4928627179348216,,0.701,,,,,,,,,,2.014883,,2.014883,,,,560.04296875,ok,False,,,D,500,,True,outputs_revision/runtime_synth/runs.csv,,,,
runtime_synth__synthetic_n1000_d500_noise3.0__runtime_dscale__seed0__spkm,run_divi_runtime_synth.py,2026-03-25T09:33:22Z,unknown,x86_64,cpu,x86_64,synthetic,synthetic_n1000_d500_noise3.0,runtime_dscale,1000,500,3,0.02,0.98,3.0,20260825.0,0,spkm,,spkm,,,,,,,,,,,,3,0,,,[],0.994003000015024,0.9876059147486772,,0.998,448.0,0.896,,,,,,,,0.967027,,0.967027,,,,560.04296875,ok,False,,,D,500,,True,outputs_revision/runtime_synth/runs.csv,,,,
runtime_synth__synthetic_n1000_d500_noise3.0__runtime_dscale__seed1__divi,run_divi_runtime_synth.py,2026-03-25T09:33:34Z,unknown,x86_64,cpu,x86_64,synthetic,synthetic_n1000_d500_noise3.0,runtime_dscale,1000,500,3,0.02,0.98,3.0,20260825.0,1,divi,1.0,divi,1000.0,1.0,80.0,auto_entropy,709.4692666023363,1.0,0.01,1.0,0.1,300.0,300.0,4,3,80.0,240.0,"[80, 160, 240]",0.8640508301215161,0.8940427467024771,,0.834,15.0,0.03,0.2441339343786239,0.2116715312004089,971630.375,937627.5,34002.875,951244.3125,20.38605690002441,12.28903042300044,1.1320358639986807,11.117649023999547,0.0277618829986749,0.0376100079993193,0.0370588300799984,565.76953125,ok,False,,,D,500,,True,outputs_revision/runtime_synth/runs.csv,,,,
runtime_synth__synthetic_n1000_d500_noise3.0__runtime_dscale__seed1__kmeans_oracle,run_divi_runtime_synth.py,2026-03-25T09:33:35Z,unknown,x86_64,cpu,x86_64,synthetic,synthetic_n1000_d500_noise3.0,runtime_dscale,1000,500,3,0.02,0.98,3.0,20260825.0,1,kmeans_oracle,,kmeans_oracle,,,,,,,,,,,,3,0,,,[],0.87160084933864,0.8320242909069556,,0.955,,,,,,,,,,0.644973,,0.644973,,,,565.76953125,ok,False,,,D,500,,True,outputs_revision/runtime_synth/runs.csv,,,,
runtime_synth__synthetic_n1000_d500_noise3.0__runtime_dscale__seed1__gmm_oracle,run_divi_runtime_synth.py,2026-03-25T09:33:36Z,unknown,x86_64,cpu,x86_64,synthetic,synthetic_n1000_d500_noise3.0,runtime_dscale,1000,500,3,0.02,0.98,3.0,20260825.0,1,gmm_oracle,,gmm_oracle,,,,,,,,,,,,3,0,,,[],0.6824291541779783,0.664785091492741,,0.875,,,,,,,,,,1.107199,,1.107199,,,,565.7734375,ok,False,,,D,500,,True,outputs_revision/runtime_synth/runs.csv,,,,
runtime_synth__synthetic_n1000_d500_noise3.0__runtime_dscale__seed1__spkm,run_divi_runtime_synth.py,2026-03-25T09:33:37Z,unknown,x86_64,cpu,x86_64,synthetic,synthetic_n1000_d500_noise3.0,runtime_dscale,1000,500,3,0.02,0.98,3.0,20260825.0,1,spkm,,spkm,,,,,,,,,,,,3,0,,,[],0.994003000015024,0.9876059147486772,,0.998,448.0,0.896,,,,,,,,0.47271,,0.47271,,,,565.7734375,ok,False,,,D,500,,True,outputs_revision/runtime_synth/runs.csv,,,,
runtime_synth__synthetic_n1000_d500_noise3.0__runtime_dscale__seed2__divi,run_divi_runtime_synth.py,2026-03-25T09:33:49Z,unknown,x86_64,cpu,x86_64,synthetic,synthetic_n1000_d500_noise3.0,runtime_dscale,1000,500,3,0.02,0.98,3.0,20260825.0,2,divi,1.0,divi,1000.0,1.0,80.0,auto_entropy,709.4692666023363,1.0,0.01,1.0,0.1,300.0,300.0,4,3,80.0,240.0,"[80, 160, 240]",0.8666411491860637,0.8952024365215505,,0.855,15.0,0.03,0.2442788779735565,0.2101117223501205,971719.0,946149.5625,25569.4375,951210.0,20.50899314880371,11.97179933299958,0.967858002999492,10.96690111099997,0.0290846299994882,0.0353979640003672,0.0365563370366665,596.17578125,ok,False,,,D,500,,True,outputs_revision/runtime_synth/runs.csv,,,,
runtime_synth__synthetic_n1000_d500_noise3.0__runtime_dscale__seed2__kmeans_oracle,run_divi_runtime_synth.py,2026-03-25T09:33:49Z,unknown,x86_64,cpu,x86_64,synthetic,synthetic_n1000_d500_noise3.0,runtime_dscale,1000,500,3,0.02,0.98,3.0,20260825.0,2,kmeans_oracle,,kmeans_oracle,,,,,,,,,,,,3,0,,,[],0.8401601748262775,0.8009242838736389,,0.943,,,,,,,,,,0.267121,,0.267121,,,,596.17578125,ok,False,,,D,500,,True,outputs_revision/runtime_synth/runs.csv,,,,
runtime_synth__synthetic_n1000_d500_noise3.0__runtime_dscale__seed2__gmm_oracle,run_divi_runtime_synth.py,2026-03-25T09:33:50Z,unknown,x86_64,cpu,x86_64,synthetic,synthetic_n1000_d500_noise3.0,runtime_dscale,1000,500,3,0.02,0.98,3.0,20260825.0,2,gmm_oracle,,gmm_oracle,,,,,,,,,,,,3,0,,,[],0.7754519385661254,0.7359457908829382,,0.918,,,,,,,,,,0.875599,,0.875599,,,,596.1796875,ok,False,,,D,500,,True,outputs_revision/runtime_synth/runs.csv,,,,
runtime_synth__synthetic_n1000_d500_noise3.0__runtime_dscale__seed2__spkm,run_divi_runtime_synth.py,2026-03-25T09:33:50Z,unknown,x86_64,cpu,x86_64,synthetic,synthetic_n1000_d500_noise3.0,runtime_dscale,1000,500,3,0.02,0.98,3.0,20260825.0,2,spkm,,spkm,,,,,,,,,,,,3,0,,,[],0.994003000015024,0.9876059147486772,,0.998,448.0,0.896,,,,,,,,0.492282,,0.492282,,,,596.1796875,ok,False,,,D,500,,True,outputs_revision/runtime_synth/runs.csv,,,,
runtime_synth__synthetic_n1000_d500_noise3.0__runtime_dscale__seed3__divi,run_divi_runtime_synth.py,2026-03-25T09:34:02Z,unknown,x86_64,cpu,x86_64,synthetic,synthetic_n1000_d500_noise3.0,runtime_dscale,1000,500,3,0.02,0.98,3.0,20260825.0,3,divi,1.0,divi,1000.0,1.0,80.0,auto_entropy,709.4692666023363,1.0,0.01,1.0,0.1,300.0,300.0,4,3,80.0,240.0,"[80, 160, 240]",0.8640508301215161,0.8940427467024771,,0.834,16.0,0.032,0.2449761927127838,0.2109695971012115,971703.0,942154.8125,29548.1875,950982.625,20.720388412475582,11.64049347799846,0.9530971570002292,10.65543400200113,0.0304607599991868,0.0303849900010391,0.0355181133400037,596.18359375,ok,False,,,D,500,,True,outputs_revision/runtime_synth/runs.csv,,,,
runtime_synth__synthetic_n1000_d500_noise3.0__runtime_dscale__seed3__kmeans_oracle,run_divi_runtime_synth.py,2026-03-25T09:34:02Z,unknown,x86_64,cpu,x86_64,synthetic,synthetic_n1000_d500_noise3.0,runtime_dscale,1000,500,3,0.02,0.98,3.0,20260825.0,3,kmeans_oracle,,kmeans_oracle,,,,,,,,,,,,3,0,,,[],0.767384186643999,0.7252442174390693,,0.914,,,,,,,,,,0.270743,,0.270743,,,,596.18359375,ok,False,,,D,500,,True,outputs_revision/runtime_synth/runs.csv,,,,
runtime_synth__synthetic_n1000_d500_noise3.0__runtime_dscale__seed3__gmm_oracle,run_divi_runtime_synth.py,2026-03-25T09:34:03Z,unknown,x86_64,cpu,x86_64,synthetic,synthetic_n1000_d500_noise3.0,runtime_dscale,1000,500,3,0.02,0.98,3.0,20260825.0,3,gmm_oracle,,gmm_oracle,,,,,,,,,,,,3,0,,,[],0.3877544359835218,0.4521799527962504,,0.629,,,,,,,,,,0.853523,,0.853523,,,,596.18359375,ok,False,,,D,500,,True,outputs_revision/runtime_synth/runs.csv,,,,
runtime_synth__synthetic_n1000_d500_noise3.0__runtime_dscale__seed3__spkm,run_divi_runtime_synth.py,2026-03-25T09:34:04Z,unknown,x86_64,cpu,x86_64,synthetic,synthetic_n1000_d500_noise3.0,runtime_dscale,1000,500,3,0.02,0.98,3.0,20260825.0,3,spkm,,spkm,,,,,,,,,,,,3,0,,,[],0.994003000015024,0.9876059147486772,,0.998,448.0,0.896,,,,,,,,0.495622,,0.495622,,,,596.19140625,ok,False,,,D,500,,True,outputs_revision/runtime_synth/runs.csv,,,,
runtime_synth__synthetic_n1000_d500_noise3.0__runtime_dscale__seed4__divi,run_divi_runtime_synth.py,2026-03-25T09:34:15Z,unknown,x86_64,cpu,x86_64,synthetic,synthetic_n1000_d500_noise3.0,runtime_dscale,1000,500,3,0.02,0.98,3.0,20260825.0,4,divi,1.0,divi,1000.0,1.0,80.0,auto_entropy,709.4692666023363,1.0,0.01,1.0,0.1,300.0,300.0,4,3,80.0,240.0,"[80, 160, 240]",0.8739464360437226,0.8986307205353946,,0.876,14.0,0.028,0.2445378899574279,0.2126481384038925,971616.875,939961.75,31655.125,951114.75,20.50212287902832,11.467859403999682,0.9275365180001244,10.507933392998892,0.0272687689994199,0.0308931750005285,0.0350264446433296,574.1640625,ok,False,,,D,500,,True,outputs_revision/runtime_synth/runs.csv,,,,
runtime_synth__synthetic_n1000_d500_noise3.0__runtime_dscale__seed4__kmeans_oracle,run_divi_runtime_synth.py,2026-03-25T09:34:15Z,unknown,x86_64,cpu,x86_64,synthetic,synthetic_n1000_d500_noise3.0,runtime_dscale,1000,500,3,0.02,0.98,3.0,20260825.0,4,kmeans_oracle,,kmeans_oracle,,,,,,,,,,,,3,0,,,[],0.8530602557638053,0.812302608112427,,0.948,,,,,,,,,,0.228464,,0.228464,,,,574.1640625,ok,False,,,D,500,,True,outputs_revision/runtime_synth/runs.csv,,,,
runtime_synth__synthetic_n1000_d500_noise3.0__runtime_dscale__seed4__gmm_oracle,run_divi_runtime_synth.py,2026-03-25T09:34:16Z,unknown,x86_64,cpu,x86_64,synthetic,synthetic_n1000_d500_noise3.0,runtime_dscale,1000,500,3,0.02,0.98,3.0,20260825.0,4,gmm_oracle,,gmm_oracle,,,,,,,,,,,,3,0,,,[],0.7848791119385957,0.7483009946979001,,0.921,,,,,,,,,,1.035158,,1.035158,,,,574.1640625,ok,False,,,D,500,,True,outputs_revision/runtime_synth/runs.csv,,,,
runtime_synth__synthetic_n1000_d500_noise3.0__runtime_dscale__seed4__spkm,run_divi_runtime_synth.py,2026-03-25T09:34:17Z,unknown,x86_64,cpu,x86_64,synthetic,synthetic_n1000_d500_noise3.0,runtime_dscale,1000,500,3,0.02,0.98,3.0,20260825.0,4,spkm,,spkm,,,,,,,,,,,,3,0,,,[],0.994003000015024,0.9876059147486772,,0.998,448.0,0.896,,,,,,,,0.501015,,0.501015,,,,574.1640625,ok,False,,,D,500,,True,outputs_revision/runtime_synth/runs.csv,,,,
runtime_synth__synthetic_n1000_d1000_noise3.0__runtime_dscale__seed0__divi,run_divi_runtime_synth.py,2026-03-25T09:34:41Z,unknown,x86_64,cpu,x86_64,synthetic,synthetic_n1000_d1000_noise3.0,runtime_dscale,1000,1000,3,0.01,0.99,3.0,20261325.0,0,divi,1.0,divi,1000.0,1.0,80.0,auto_entropy,1418.9385332046727,1.0,0.01,1.0,0.1,300.0,300.0,4,3,80.0,240.0,"[80, 160, 240]",0.8654356393371855,0.8946463063862121,,0.843,40.0,0.04,0.2540589869022369,0.2281033098697662,1945402.125,1894089.875,51312.25,1901187.375,44.2147331237793,24.34187186399868,1.722397618001196,22.501478881000367,0.0627842569992935,0.115721186999508,0.0750049296033345,650.51953125,ok,False,,,D,1000,,True,outputs_revision/runtime_synth/runs.csv,,,,
runtime_synth__synthetic_n1000_d1000_noise3.0__runtime_dscale__seed0__kmeans_oracle,run_divi_runtime_synth.py,2026-03-25T09:34:42Z,unknown,x86_64,cpu,x86_64,synthetic,synthetic_n1000_d1000_noise3.0,runtime_dscale,1000,1000,3,0.01,0.99,3.0,20261325.0,0,kmeans_oracle,,kmeans_oracle,,,,,,,,,,,,3,0,,,[],0.44524753983739,0.4540349850579521,,0.74,,,,,,,,,,0.39537,,0.39537,,,,650.51953125,ok,False,,,D,1000,,True,outputs_revision/runtime_synth/runs.csv,,,,
runtime_synth__synthetic_n1000_d1000_noise3.0__runtime_dscale__seed0__gmm_oracle,run_divi_runtime_synth.py,2026-03-25T09:34:44Z,unknown,x86_64,cpu,x86_64,synthetic,synthetic_n1000_d1000_noise3.0,runtime_dscale,1000,1000,3,0.01,0.99,3.0,20261325.0,0,gmm_oracle,,gmm_oracle,,,,,,,,,,,,3,0,,,[],0.3716063556371758,0.4472357015411369,,0.601,,,,,,,,,,2.551653,,2.551653,,,,652.95703125,ok,False,,,D,1000,,True,outputs_revision/runtime_synth/runs.csv,,,,
runtime_synth__synthetic_n1000_d1000_noise3.0__runtime_dscale__seed0__spkm,run_divi_runtime_synth.py,2026-03-25T09:34:45Z,unknown,x86_64,cpu,x86_64,synthetic,synthetic_n1000_d1000_noise3.0,runtime_dscale,1000,1000,3,0.01,0.99,3.0,20261325.0,0,spkm,,spkm,,,,,,,,,,,,3,0,,,[],0.9970015045323004,0.9938029489046496,,0.999,873.0,0.873,,,,,,,,0.82374,,0.82374,,,,652.95703125,ok,False,,,D,1000,,True,outputs_revision/runtime_synth/runs.csv,,,,
runtime_synth__synthetic_n1000_d1000_noise3.0__runtime_dscale__seed1__divi,run_divi_runtime_synth.py,2026-03-25T09:35:08Z,unknown,x86_64,cpu,x86_64,synthetic,synthetic_n1000_d1000_noise3.0,runtime_dscale,1000,1000,3,0.01,0.99,3.0,20261325.0,1,divi,1.0,divi,1000.0,1.0,80.0,auto_entropy,1418.9385332046727,1.0,0.01,1.0,0.1,300.0,300.0,4,3,80.0,240.0,"[80, 160, 240]",0.8630788936315316,0.890395272811926,,0.843,41.0,0.041,0.2545084953308105,0.229429543018341,1945371.25,1892377.375,52993.875,1900914.5,44.45669174194336,22.836034023999677,1.7224618469990671,21.05380448399956,0.0516358379991288,0.0573657690001709,0.0701793482799985,805.41796875,ok,False,,,D,1000,,True,outputs_revision/runtime_synth/runs.csv,,,,
runtime_synth__synthetic_n1000_d1000_noise3.0__runtime_dscale__seed1__kmeans_oracle,run_divi_runtime_synth.py,2026-03-25T09:35:08Z,unknown,x86_64,cpu,x86_64,synthetic,synthetic_n1000_d1000_noise3.0,runtime_dscale,1000,1000,3,0.01,0.99,3.0,20261325.0,1,kmeans_oracle,,kmeans_oracle,,,,,,,,,,,,3,0,,,[],0.455259292935016,0.4964204170726029,,0.678,,,,,,,,,,0.398588,,0.398588,,,,805.41796875,ok,False,,,D,1000,,True,outputs_revision/runtime_synth/runs.csv,,,,
runtime_synth__synthetic_n1000_d1000_noise3.0__runtime_dscale__seed1__gmm_oracle,run_divi_runtime_synth.py,2026-03-25T09:35:11Z,unknown,x86_64,cpu,x86_64,synthetic,synthetic_n1000_d1000_noise3.0,runtime_dscale,1000,1000,3,0.01,0.99,3.0,20261325.0,1,gmm_oracle,,gmm_oracle,,,,,,,,,,,,3,0,,,[],0.4462430264204144,0.4978516497120865,,0.664,,,,,,,,,,2.48075,,2.48075,,,,805.41796875,ok,False,,,D,1000,,True,outputs_revision/runtime_synth/runs.csv,,,,
runtime_synth__synthetic_n1000_d1000_noise3.0__runtime_dscale__seed1__spkm,run_divi_runtime_synth.py,2026-03-25T09:35:12Z,unknown,x86_64,cpu,x86_64,synthetic,synthetic_n1000_d1000_noise3.0,runtime_dscale,1000,1000,3,0.01,0.99,3.0,20261325.0,1,spkm,,spkm,,,,,,,,,,,,3,0,,,[],0.9970015045323004,0.9938029489046496,,0.999,873.0,0.873,,,,,,,,0.827927,,0.827927,,,,805.421875,ok,False,,,D,1000,,True,outputs_revision/runtime_synth/runs.csv,,,,
runtime_synth__synthetic_n1000_d1000_noise3.0__runtime_dscale__seed2__divi,run_divi_runtime_synth.py,2026-03-25T09:35:32Z,unknown,x86_64,cpu,x86_64,synthetic,synthetic_n1000_d1000_noise3.0,runtime_dscale,1000,1000,3,0.01,0.99,3.0,20261325.0,2,divi,1.0,divi,1000.0,1.0,80.0,auto_entropy,1418.9385332046727,1.0,0.01,1.0,0.1,300.0,300.0,4,3,80.0,240.0,"[80, 160, 240]",0.8632480773418789,0.8892660408344389,,0.843,37.0,0.037,0.2523744404315948,0.2280632555484771,1945203.75,1889422.75,55781.0,1902286.375,42.91739654541016,20.41563307799879,1.694534898000711,18.65312237299986,0.0547956770005839,0.0654568139998446,0.0621770745766662,771.2265625,ok,False,,,D,1000,,True,outputs_revision/runtime_synth/runs.csv,,,,
runtime_synth__synthetic_n1000_d1000_noise3.0__runtime_dscale__seed2__kmeans_oracle,run_divi_runtime_synth.py,2026-03-25T09:35:33Z,unknown,x86_64,cpu,x86_64,synthetic,synthetic_n1000_d1000_noise3.0,runtime_dscale,1000,1000,3,0.01,0.99,3.0,20261325.0,2,kmeans_oracle,,kmeans_oracle,,,,,,,,,,,,3,0,,,[],0.4105036975446074,0.4438783558547725,,0.698,,,,,,,,,,0.444115,,0.444115,,,,771.2265625,ok,False,,,D,1000,,True,outputs_revision/runtime_synth/runs.csv,,,,
runtime_synth__synthetic_n1000_d1000_noise3.0__runtime_dscale__seed2__gmm_oracle,run_divi_runtime_synth.py,2026-03-25T09:35:35Z,unknown,x86_64,cpu,x86_64,synthetic,synthetic_n1000_d1000_noise3.0,runtime_dscale,1000,1000,3,0.01,0.99,3.0,20261325.0,2,gmm_oracle,,gmm_oracle,,,,,,,,,,,,3,0,,,[],0.4005113679241254,0.4461571061524615,,0.652,,,,,,,,,,2.607302,,2.607302,,,,771.2265625,ok,False,,,D,1000,,True,outputs_revision/runtime_synth/runs.csv,,,,
runtime_synth__synthetic_n1000_d1000_noise3.0__runtime_dscale__seed2__spkm,run_divi_runtime_synth.py,2026-03-25T09:35:36Z,unknown,x86_64,cpu,x86_64,synthetic,synthetic_n1000_d1000_noise3.0,runtime_dscale,1000,1000,3,0.01,0.99,3.0,20261325.0,2,spkm,,spkm,,,,,,,,,,,,3,0,,,[],0.9970015045323004,0.9938029489046496,,0.999,873.0,0.873,,,,,,,,0.840724,,0.840724,,,,771.2265625,ok,False,,,D,1000,,True,outputs_revision/runtime_synth/runs.csv,,,,
runtime_synth__synthetic_n1000_d1000_noise3.0__runtime_dscale__seed3__divi,run_divi_runtime_synth.py,2026-03-25T09:35:57Z,unknown,x86_64,cpu,x86_64,synthetic,synthetic_n1000_d1000_noise3.0,runtime_dscale,1000,1000,3,0.01,0.99,3.0,20261325.0,3,divi,1.0,divi,1000.0,1.0,80.0,auto_entropy,1418.9385332046727,1.0,0.01,1.0,0.1,300.0,300.0,4,3,80.0,240.0,"[80, 160, 240]",0.8661373299770324,0.8847893035866942,,0.871,39.0,0.039,0.2534260153770447,0.225983664393425,1945535.875,1894870.0,50665.875,1901808.0,43.72792053222656,21.009836700999585,1.7630394309999249,19.1299066699994,0.0544186179995449,0.1141930869998759,0.0637663555666646,786.5,ok,False,,,D,1000,,True,outputs_revision/runtime_synth/runs.csv,,,,
runtime_synth__synthetic_n1000_d1000_noise3.0__runtime_dscale__seed3__kmeans_oracle,run_divi_runtime_synth.py,2026-03-25T09:35:58Z,unknown,x86_64,cpu,x86_64,synthetic,synthetic_n1000_d1000_noise3.0,runtime_dscale,1000,1000,3,0.01,0.99,3.0,20261325.0,3,kmeans_oracle,,kmeans_oracle,,,,,,,,,,,,3,0,,,[],0.4282686561963897,0.4608724480029592,,0.694,,,,,,,,,,0.448813,,0.448813,,,,786.5,ok,False,,,D,1000,,True,outputs_revision/runtime_synth/runs.csv,,,,
runtime_synth__synthetic_n1000_d1000_noise3.0__runtime_dscale__seed3__gmm_oracle,run_divi_runtime_synth.py,2026-03-25T09:36:00Z,unknown,x86_64,cpu,x86_64,synthetic,synthetic_n1000_d1000_noise3.0,runtime_dscale,1000,1000,3,0.01,0.99,3.0,20261325.0,3,gmm_oracle,,gmm_oracle,,,,,,,,,,,,3,0,,,[],0.4321396868574484,0.4629086004925288,,0.671,,,,,,,,,,2.61458,,2.61458,,,,786.5,ok,False,,,D,1000,,True,outputs_revision/runtime_synth/runs.csv,,,,
runtime_synth__synthetic_n1000_d1000_noise3.0__runtime_dscale__seed3__spkm,run_divi_runtime_synth.py,2026-03-25T09:36:01Z,unknown,x86_64,cpu,x86_64,synthetic,synthetic_n1000_d1000_noise3.0,runtime_dscale,1000,1000,3,0.01,0.99,3.0,20261325.0,3,spkm,,spkm,,,,,,,,,,,,3,0,,,[],0.9970015045323004,0.9938029489046496,,0.999,873.0,0.873,,,,,,,,0.918122,,0.918122,,,,786.5,ok,False,,,D,1000,,True,outputs_revision/runtime_synth/runs.csv,,,,
runtime_synth__synthetic_n1000_d1000_noise3.0__runtime_dscale__seed4__divi,run_divi_runtime_synth.py,2026-03-25T09:36:23Z,unknown,x86_64,cpu,x86_64,synthetic,synthetic_n1000_d1000_noise3.0,runtime_dscale,1000,1000,3,0.01,0.99,3.0,20261325.0,4,divi,1.0,divi,1000.0,1.0,80.0,auto_entropy,1418.9385332046727,1.0,0.01,1.0,0.1,300.0,300.0,4,3,80.0,240.0,"[80, 160, 240]",0.8421748747196006,0.8635504915132793,,0.83,38.0,0.038,0.2543398141860962,0.225380852818489,1945678.375,1891616.625,54061.75,1901311.125,44.36724472045898,21.97795735499858,2.1912697709994973,19.720375703000173,0.0576197409991436,0.0637678929997491,0.0657345856766672,816.90234375,ok,False,,,D,1000,,True,outputs_revision/runtime_synth/runs.csv,,,,
runtime_synth__synthetic_n1000_d1000_noise3.0__runtime_dscale__seed4__kmeans_oracle,run_divi_runtime_synth.py,2026-03-25T09:36:24Z,unknown,x86_64,cpu,x86_64,synthetic,synthetic_n1000_d1000_noise3.0,runtime_dscale,1000,1000,3,0.01,0.99,3.0,20261325.0,4,kmeans_oracle,,kmeans_oracle,,,,,,,,,,,,3,0,,,[],0.4369131472345216,0.4808987767564827,,0.643,,,,,,,,,,0.389964,,0.389964,,,,816.90234375,ok,False,,,D,1000,,True,outputs_revision/runtime_synth/runs.csv,,,,
runtime_synth__synthetic_n1000_d1000_noise3.0__runtime_dscale__seed4__gmm_oracle,run_divi_runtime_synth.py,2026-03-25T09:36:26Z,unknown,x86_64,cpu,x86_64,synthetic,synthetic_n1000_d1000_noise3.0,runtime_dscale,1000,1000,3,0.01,0.99,3.0,20261325.0,4,gmm_oracle,,gmm_oracle,,,,,,,,,,,,3,0,,,[],0.3677442788379523,0.4407994556695497,,0.616,,,,,,,,,,2.428407,,2.428407,,,,816.90234375,ok,False,,,D,1000,,True,outputs_revision/runtime_synth/runs.csv,,,,
runtime_synth__synthetic_n1000_d1000_noise3.0__runtime_dscale__seed4__spkm,run_divi_runtime_synth.py,2026-03-25T09:36:27Z,unknown,x86_64,cpu,x86_64,synthetic,synthetic_n1000_d1000_noise3.0,runtime_dscale,1000,1000,3,0.01,0.99,3.0,20261325.0,4,spkm,,spkm,,,,,,,,,,,,3,0,,,[],0.9970015045323004,0.9938029489046496,,0.999,873.0,0.873,,,,,,,,0.923082,,0.923082,,,,816.90234375,ok,False,,,D,1000,,True,outputs_revision/runtime_synth/runs.csv,,,,
runtime_synth__synthetic_n1000_d2000_noise3.0__runtime_dscale__seed0__divi,run_divi_runtime_synth.py,2026-03-25T09:37:15Z,unknown,x86_64,cpu,x86_64,synthetic,synthetic_n1000_d2000_noise3.0,runtime_dscale,1000,2000,3,0.005,0.995,3.0,20262325.0,0,divi,1.0,divi,1000.0,1.0,80.0,auto_entropy,2837.8770664093454,1.0,0.01,1.0,0.1,300.0,300.0,4,3,80.0,240.0,"[80, 160, 240]",0.3648834606410615,0.480601526823816,,0.558,70.0,0.035,0.2501315474510193,0.2247077971696853,3903484.25,3807885.25,95599.0,3814278.75,89.20550537109375,47.6446134809994,3.568975854999735,43.9364231189993,0.1029109110004355,0.1339838129988493,0.1464547437299976,992.5390625,ok,False,,,D,2000,,True,outputs_revision/runtime_synth/runs.csv,,,,
runtime_synth__synthetic_n1000_d2000_noise3.0__runtime_dscale__seed0__kmeans_oracle,run_divi_runtime_synth.py,2026-03-25T09:37:16Z,unknown,x86_64,cpu,x86_64,synthetic,synthetic_n1000_d2000_noise3.0,runtime_dscale,1000,2000,3,0.005,0.995,3.0,20262325.0,0,kmeans_oracle,,kmeans_oracle,,,,,,,,,,,,3,0,,,[],0.3780248232240663,0.4168475391886709,,0.654,,,,,,,,,,1.155637,,1.155637,,,,931.5234375,ok,False,,,D,2000,,True,outputs_revision/runtime_synth/runs.csv,,,,
runtime_synth__synthetic_n1000_d2000_noise3.0__runtime_dscale__seed0__gmm_oracle,run_divi_runtime_synth.py,2026-03-25T09:37:28Z,unknown,x86_64,cpu,x86_64,synthetic,synthetic_n1000_d2000_noise3.0,runtime_dscale,1000,2000,3,0.005,0.995,3.0,20262325.0,0,gmm_oracle,,gmm_oracle,,,,,,,,,,,,3,0,,,[],0.3780248232240663,0.4168475391886709,,0.654,,,,,,,,,,11.956057,,11.956057,,,,936.26953125,ok,False,,,D,2000,,True,outputs_revision/runtime_synth/runs.csv,,,,
runtime_synth__synthetic_n1000_d2000_noise3.0__runtime_dscale__seed0__spkm,run_divi_runtime_synth.py,2026-03-25T09:37:30Z,unknown,x86_64,cpu,x86_64,synthetic,synthetic_n1000_d2000_noise3.0,runtime_dscale,1000,2000,3,0.005,0.995,3.0,20262325.0,0,spkm,,spkm,,,,,,,,,,,,3,0,,,[],0.9970015045323004,0.9938029489046496,,0.999,834.0,0.417,,,,,,,,1.881839,,1.881839,,,,936.26953125,ok,False,,,D,2000,,True,outputs_revision/runtime_synth/runs.csv,,,,
runtime_synth__synthetic_n1000_d2000_noise3.0__runtime_dscale__seed1__divi,run_divi_runtime_synth.py,2026-03-25T09:38:10Z,unknown,x86_64,cpu,x86_64,synthetic,synthetic_n1000_d2000_noise3.0,runtime_dscale,1000,2000,3,0.005,0.995,3.0,20262325.0,1,divi,1.0,divi,1000.0,1.0,80.0,auto_entropy,2837.8770664093454,1.0,0.01,1.0,0.1,300.0,300.0,4,3,80.0,240.0,"[80, 160, 240]",0.4319023182340527,0.5110443015114278,,0.663,67.0,0.0335,0.2501847445964813,0.2231709957122802,3903697.5,3806022.75,97674.75,3814310.0,89.38756561279297,39.6768309379986,4.870825042000433,34.678659246999814,0.1087637380023807,0.1230343459992582,0.1155955308233327,837.08984375,ok,False,,,D,2000,,True,outputs_revision/runtime_synth/runs.csv,,,,
runtime_synth__synthetic_n1000_d2000_noise3.0__runtime_dscale__seed1__kmeans_oracle,run_divi_runtime_synth.py,2026-03-25T09:38:12Z,unknown,x86_64,cpu,x86_64,synthetic,synthetic_n1000_d2000_noise3.0,runtime_dscale,1000,2000,3,0.005,0.995,3.0,20262325.0,1,kmeans_oracle,,kmeans_oracle,,,,,,,,,,,,3,0,,,[],0.3540902077465151,0.3643754008759563,,0.62,,,,,,,,,,2.309448,,2.309448,,,,837.21484375,ok,False,,,D,2000,,True,outputs_revision/runtime_synth/runs.csv,,,,
runtime_synth__synthetic_n1000_d2000_noise3.0__runtime_dscale__seed1__gmm_oracle,run_divi_runtime_synth.py,2026-03-25T09:38:23Z,unknown,x86_64,cpu,x86_64,synthetic,synthetic_n1000_d2000_noise3.0,runtime_dscale,1000,2000,3,0.005,0.995,3.0,20262325.0,1,gmm_oracle,,gmm_oracle,,,,,,,,,,,,3,0,,,[],0.3357626803367899,0.3560759490402342,,0.619,,,,,,,,,,10.93624,,10.93624,,,,837.21484375,ok,False,,,D,2000,,True,outputs_revision/runtime_synth/runs.csv,,,,
runtime_synth__synthetic_n1000_d2000_noise3.0__runtime_dscale__seed1__spkm,run_divi_runtime_synth.py,2026-03-25T09:38:26Z,unknown,x86_64,cpu,x86_64,synthetic,synthetic_n1000_d2000_noise3.0,runtime_dscale,1000,2000,3,0.005,0.995,3.0,20262325.0,1,spkm,,spkm,,,,,,,,,,,,3,0,,,[],0.9970015045323004,0.9938029489046496,,0.999,834.0,0.417,,,,,,,,3.25064,,3.25064,,,,837.21484375,ok,False,,,D,2000,,True,outputs_revision/runtime_synth/runs.csv,,,,
runtime_synth__synthetic_n1000_d2000_noise3.0__runtime_dscale__seed2__divi,run_divi_runtime_synth.py,2026-03-25T09:39:08Z,unknown,x86_64,cpu,x86_64,synthetic,synthetic_n1000_d2000_noise3.0,runtime_dscale,1000,2000,3,0.005,0.995,3.0,20262325.0,2,divi,1.0,divi,1000.0,1.0,80.0,auto_entropy,2837.8770664093454,1.0,0.01,1.0,0.1,300.0,300.0,4,3,80.0,240.0,"[80, 160, 240]",0.8208883276796728,0.8413515068234446,,0.833,65.0,0.0325,0.24927319586277,0.2238821536302566,3901789.75,3811422.0,90367.75,3813859.0,87.9306869506836,42.109784391001085,3.6595711709996976,38.27248637400044,0.1004862279987719,0.1734135919996333,0.1275749545800014,1096.6328125,ok,False,,,D,2000,,True,outputs_revision/runtime_synth/runs.csv,,,,
runtime_synth__synthetic_n1000_d2000_noise3.0__runtime_dscale__seed2__kmeans_oracle,run_divi_runtime_synth.py,2026-03-25T09:39:09Z,unknown,x86_64,cpu,x86_64,synthetic,synthetic_n1000_d2000_noise3.0,runtime_dscale,1000,2000,3,0.005,0.995,3.0,20262325.0,2,kmeans_oracle,,kmeans_oracle,,,,,,,,,,,,3,0,,,[],0.3418697982799202,0.4010876478578403,,0.557,,,,,,,,,,0.92279,,0.92279,,,,1096.6328125,ok,False,,,D,2000,,True,outputs_revision/runtime_synth/runs.csv,,,,
runtime_synth__synthetic_n1000_d2000_noise3.0__runtime_dscale__seed2__gmm_oracle,run_divi_runtime_synth.py,2026-03-25T09:39:21Z,unknown,x86_64,cpu,x86_64,synthetic,synthetic_n1000_d2000_noise3.0,runtime_dscale,1000,2000,3,0.005,0.995,3.0,20262325.0,2,gmm_oracle,,gmm_oracle,,,,,,,,,,,,3,0,,,[],0.3857297797171671,0.4018712394847675,,0.628,,,,,,,,,,12.125095,,12.125095,,,,1096.6328125,ok,False,,,D,2000,,True,outputs_revision/runtime_synth/runs.csv,,,,
runtime_synth__synthetic_n1000_d2000_noise3.0__runtime_dscale__seed2__spkm,run_divi_runtime_synth.py,2026-03-25T09:39:23Z,unknown,x86_64,cpu,x86_64,synthetic,synthetic_n1000_d2000_noise3.0,runtime_dscale,1000,2000,3,0.005,0.995,3.0,20262325.0,2,spkm,,spkm,,,,,,,,,,,,3,0,,,[],0.9970015045323004,0.9938029489046496,,0.999,834.0,0.417,,,,,,,,1.699431,,1.699431,,,,1096.6328125,ok,False,,,D,2000,,True,outputs_revision/runtime_synth/runs.csv,,,,
runtime_synth__synthetic_n1000_d2000_noise3.0__runtime_dscale__seed3__divi,run_divi_runtime_synth.py,2026-03-25T09:40:03Z,unknown,x86_64,cpu,x86_64,synthetic,synthetic_n1000_d2000_noise3.0,runtime_dscale,1000,2000,3,0.005,0.995,3.0,20262325.0,3,divi,1.0,divi,1000.0,1.0,80.0,auto_entropy,2837.8770664093454,1.0,0.01,1.0,0.1,300.0,300.0,4,3,80.0,240.0,"[80, 160, 240]",0.7180697634709182,0.7513691348201769,,0.798,68.0,0.034,0.2497853636741638,0.2240375876426696,3902396.0,3809719.75,92676.25,3813686.0,88.71007537841797,39.902347137000106,3.4748962829999077,36.2975685399997,0.1051971689976198,0.1252130390003003,0.1209918951333323,1127.03125,ok,False,,,D,2000,,True,outputs_revision/runtime_synth/runs.csv,,,,
runtime_synth__synthetic_n1000_d2000_noise3.0__runtime_dscale__seed3__kmeans_oracle,run_divi_runtime_synth.py,2026-03-25T09:40:04Z,unknown,x86_64,cpu,x86_64,synthetic,synthetic_n1000_d2000_noise3.0,runtime_dscale,1000,2000,3,0.005,0.995,3.0,20262325.0,3,kmeans_oracle,,kmeans_oracle,,,,,,,,,,,,3,0,,,[],0.3688859225206038,0.3967550733089294,,0.654,,,,,,,,,,0.952723,,0.952723,,,,1127.03125,ok,False,,,D,2000,,True,outputs_revision/runtime_synth/runs.csv,,,,
runtime_synth__synthetic_n1000_d2000_noise3.0__runtime_dscale__seed3__gmm_oracle,run_divi_runtime_synth.py,2026-03-25T09:40:16Z,unknown,x86_64,cpu,x86_64,synthetic,synthetic_n1000_d2000_noise3.0,runtime_dscale,1000,2000,3,0.005,0.995,3.0,20262325.0,3,gmm_oracle,,gmm_oracle,,,,,,,,,,,,3,0,,,[],0.4084505172440754,0.4262894582293172,,0.658,,,,,,,,,,12.325324,,12.325324,,,,1127.03125,ok,False,,,D,2000,,True,outputs_revision/runtime_synth/runs.csv,,,,
runtime_synth__synthetic_n1000_d2000_noise3.0__runtime_dscale__seed3__spkm,run_divi_runtime_synth.py,2026-03-25T09:40:18Z,unknown,x86_64,cpu,x86_64,synthetic,synthetic_n1000_d2000_noise3.0,runtime_dscale,1000,2000,3,0.005,0.995,3.0,20262325.0,3,spkm,,spkm,,,,,,,,,,,,3,0,,,[],0.9970015045323004,0.9938029489046496,,0.999,834.0,0.417,,,,,,,,1.704807,,1.704807,,,,1127.03125,ok,False,,,D,2000,,True,outputs_revision/runtime_synth/runs.csv,,,,
runtime_synth__synthetic_n1000_d2000_noise3.0__runtime_dscale__seed4__divi,run_divi_runtime_synth.py,2026-03-25T09:40:56Z,unknown,x86_64,cpu,x86_64,synthetic,synthetic_n1000_d2000_noise3.0,runtime_dscale,1000,2000,3,0.005,0.995,3.0,20262325.0,4,divi,1.0,divi,1000.0,1.0,80.0,auto_entropy,2837.8770664093454,1.0,0.01,1.0,0.1,300.0,300.0,4,3,80.0,240.0,"[80, 160, 240]",0.7362133427013928,0.7712202544971435,,0.799,73.0,0.0365,0.2490029335021972,0.2231817841529846,3902125.75,3807545.5,94580.25,3814451.75,87.67388153076172,37.80400381999971,3.6261151830003655,34.06307075199948,0.099064174999512,0.1105917049990239,0.1135435691733315,1066.1171875,ok,False,,,D,2000,,True,outputs_revision/runtime_synth/runs.csv,,,,
runtime_synth__synthetic_n1000_d2000_noise3.0__runtime_dscale__seed4__kmeans_oracle,run_divi_runtime_synth.py,2026-03-25T09:40:57Z,unknown,x86_64,cpu,x86_64,synthetic,synthetic_n1000_d2000_noise3.0,runtime_dscale,1000,2000,3,0.005,0.995,3.0,20262325.0,4,kmeans_oracle,,kmeans_oracle,,,,,,,,,,,,3,0,,,[],0.3470959120370289,0.401287002512242,,0.584,,,,,,,,,,1.082222,,1.082222,,,,1066.12109375,ok,False,,,D,2000,,True,outputs_revision/runtime_synth/runs.csv,,,,
runtime_synth__synthetic_n1000_d2000_noise3.0__runtime_dscale__seed4__gmm_oracle,run_divi_runtime_synth.py,2026-03-25T09:41:09Z,unknown,x86_64,cpu,x86_64,synthetic,synthetic_n1000_d2000_noise3.0,runtime_dscale,1000,2000,3,0.005,0.995,3.0,20262325.0,4,gmm_oracle,,gmm_oracle,,,,,,,,,,,,3,0,,,[],0.3470959120370289,0.401287002512242,,0.584,,,,,,,,,,12.13904,,12.13904,,,,1066.12109375,ok,False,,,D,2000,,True,outputs_revision/runtime_synth/runs.csv,,,,
runtime_synth__synthetic_n1000_d2000_noise3.0__runtime_dscale__seed4__spkm,run_divi_runtime_synth.py,2026-03-25T09:41:11Z,unknown,x86_64,cpu,x86_64,synthetic,synthetic_n1000_d2000_noise3.0,runtime_dscale,1000,2000,3,0.005,0.995,3.0,20262325.0,4,spkm,,spkm,,,,,,,,,,,,3,0,,,[],0.9970015045323004,0.9938029489046496,,0.999,834.0,0.417,,,,,,,,1.761592,,1.761592,,,,1066.12109375,ok,False,,,D,2000,,True,outputs_revision/runtime_synth/runs.csv,,,,
runtime_synth__synthetic_n1000_d5000_noise3.0__runtime_dscale__seed0__divi,run_divi_runtime_synth.py,2026-03-25T09:43:58Z,unknown,x86_64,cpu,x86_64,synthetic,synthetic_n1000_d5000_noise3.0,runtime_dscale,1000,5000,3,0.002,0.998,3.0,20265325.0,0,divi,1.0,divi,1000.0,1.0,80.0,auto_entropy,7094.692666023363,1.0,0.01,1.0,0.1,300.0,300.0,4,3,80.0,240.0,"[80, 160, 240]",0.0036793023344123,0.0066141956819774,,0.366,2345.0,0.469,0.4699788093566894,0.4799358248710632,9103683.0,8678853.0,424830.0,8822110.0,281.57257080078125,166.69663883799876,8.384407794001163,157.8121843780009,0.4695754650001618,0.4909197059987491,0.5260406145933363,997.5625,ok,False,,,D,5000,,True,outputs_revision/runtime_synth/runs.csv,,,,
runtime_synth__synthetic_n1000_d5000_noise3.0__runtime_dscale__seed0__kmeans_oracle,run_divi_runtime_synth.py,2026-03-25T09:43:59Z,unknown,x86_64,cpu,x86_64,synthetic,synthetic_n1000_d5000_noise3.0,runtime_dscale,1000,5000,3,0.002,0.998,3.0,20265325.0,0,kmeans_oracle,,kmeans_oracle,,,,,,,,,,,,3,0,,,[],0.0225378146646779,0.0198292311543093,,0.404,,,,,,,,,,0.935939,,0.935939,,,,997.5625,ok,False,,,D,5000,,True,outputs_revision/runtime_synth/runs.csv,,,,
runtime_synth__synthetic_n1000_d5000_noise3.0__runtime_dscale__seed0__gmm_oracle,run_divi_runtime_synth.py,2026-03-25T09:45:45Z,unknown,x86_64,cpu,x86_64,synthetic,synthetic_n1000_d5000_noise3.0,runtime_dscale,1000,5000,3,0.002,0.998,3.0,20265325.0,0,gmm_oracle,,gmm_oracle,,,,,,,,,,,,3,0,,,[],0.0002760650161715,0.0035358839653075,,0.348,,,,,,,,,,106.482476,,106.482476,,,,1011.70703125,ok,False,,,D,5000,,True,outputs_revision/runtime_synth/runs.csv,,,,
runtime_synth__synthetic_n1000_d5000_noise3.0__runtime_dscale__seed0__spkm,run_divi_runtime_synth.py,2026-03-25T09:45:50Z,unknown,x86_64,cpu,x86_64,synthetic,synthetic_n1000_d5000_noise3.0,runtime_dscale,1000,5000,3,0.002,0.998,3.0,20265325.0,0,spkm,,spkm,,,,,,,,,,,,3,0,,,[],0.9940120180601144,0.9876086482064032,,0.998,884.0,0.1768,,,,,,,,4.241386,,4.241386,,,,1011.70703125,ok,False,,,D,5000,,True,outputs_revision/runtime_synth/runs.csv,,,,
runtime_synth__synthetic_n1000_d5000_noise3.0__runtime_dscale__seed1__divi,run_divi_runtime_synth.py,2026-03-25T09:48:35Z,unknown,x86_64,cpu,x86_64,synthetic,synthetic_n1000_d5000_noise3.0,runtime_dscale,1000,5000,3,0.002,0.998,3.0,20265325.0,1,divi,1.0,divi,1000.0,1.0,80.0,auto_entropy,7094.692666023363,1.0,0.01,1.0,0.1,300.0,300.0,4,3,80.0,240.0,"[80, 160, 240]",0.0203622366208134,0.020769348925251,,0.403,2338.0,0.4676,0.4700702130794525,0.4810125231742859,9103835.0,8692556.0,411279.0,8821728.0,282.10711669921875,165.25424828099858,8.197243721000632,156.32709428499948,0.514037991000805,0.718117827000242,0.5210903142833316,1001.703125,ok,False,,,D,5000,,True,outputs_revision/runtime_synth/runs.csv,,,,
runtime_synth__synthetic_n1000_d5000_noise3.0__runtime_dscale__seed1__kmeans_oracle,run_divi_runtime_synth.py,2026-03-25T09:48:36Z,unknown,x86_64,cpu,x86_64,synthetic,synthetic_n1000_d5000_noise3.0,runtime_dscale,1000,5000,3,0.002,0.998,3.0,20265325.0,1,kmeans_oracle,,kmeans_oracle,,,,,,,,,,,,3,0,,,[],0.0071329290929249,0.0077586041695862,,0.385,,,,,,,,,,0.885944,,0.885944,,,,1001.703125,ok,False,,,D,5000,,True,outputs_revision/runtime_synth/runs.csv,,,,
runtime_synth__synthetic_n1000_d5000_noise3.0__runtime_dscale__seed1__gmm_oracle,run_divi_runtime_synth.py,2026-03-25T09:50:21Z,unknown,x86_64,cpu,x86_64,synthetic,synthetic_n1000_d5000_noise3.0,runtime_dscale,1000,5000,3,0.002,0.998,3.0,20265325.0,1,gmm_oracle,,gmm_oracle,,,,,,,,,,,,3,0,,,[],0.0015298308922352,0.0034876840507061,,0.367,,,,,,,,,,105.029287,,105.029287,,,,1001.703125,ok,False,,,D,5000,,True,outputs_revision/runtime_synth/runs.csv,,,,
runtime_synth__synthetic_n1000_d5000_noise3.0__runtime_dscale__seed1__spkm,run_divi_runtime_synth.py,2026-03-25T09:50:25Z,unknown,x86_64,cpu,x86_64,synthetic,synthetic_n1000_d5000_noise3.0,runtime_dscale,1000,5000,3,0.002,0.998,3.0,20265325.0,1,spkm,,spkm,,,,,,,,,,,,3,0,,,[],0.9940120180601144,0.9876086482064032,,0.998,884.0,0.1768,,,,,,,,4.132038,,4.132038,,,,1001.70703125,ok,False,,,D,5000,,True,outputs_revision/runtime_synth/runs.csv,,,,
runtime_synth__synthetic_n1000_d5000_noise3.0__runtime_dscale__seed2__divi,run_divi_runtime_synth.py,2026-03-25T09:53:10Z,unknown,x86_64,cpu,x86_64,synthetic,synthetic_n1000_d5000_noise3.0,runtime_dscale,1000,5000,3,0.002,0.998,3.0,20265325.0,2,divi,1.0,divi,1000.0,1.0,80.0,auto_entropy,7094.692666023363,1.0,0.01,1.0,0.1,300.0,300.0,4,3,80.0,240.0,"[80, 160, 240]",0.0541234891310442,0.0506583690502209,,0.448,2330.0,0.466,0.4696812629699707,0.4771412312984466,9103380.0,8688861.0,414519.0,8822572.0,280.8075561523437,164.67536574100086,8.142071874999601,156.02143075299864,0.290392727998551,0.5009911010001815,0.5200714358433288,1039.7265625,ok,False,,,D,5000,,True,outputs_revision/runtime_synth/runs.csv,,,,
runtime_synth__synthetic_n1000_d5000_noise3.0__runtime_dscale__seed2__kmeans_oracle,run_divi_runtime_synth.py,2026-03-25T09:53:11Z,unknown,x86_64,cpu,x86_64,synthetic,synthetic_n1000_d5000_noise3.0,runtime_dscale,1000,5000,3,0.002,0.998,3.0,20265325.0,2,kmeans_oracle,,kmeans_oracle,,,,,,,,,,,,3,0,,,[],0.0068418120906703,0.0073096190530018,,0.376,,,,,,,,,,0.975188,,0.975188,,,,1039.7265625,ok,False,,,D,5000,,True,outputs_revision/runtime_synth/runs.csv,,,,
runtime_synth__synthetic_n1000_d5000_noise3.0__runtime_dscale__seed2__gmm_oracle,run_divi_runtime_synth.py,2026-03-25T09:54:54Z,unknown,x86_64,cpu,x86_64,synthetic,synthetic_n1000_d5000_noise3.0,runtime_dscale,1000,5000,3,0.002,0.998,3.0,20265325.0,2,gmm_oracle,,gmm_oracle,,,,,,,,,,,,3,0,,,[],0.0042171871452192,0.0087811904233404,,0.367,,,,,,,,,,102.568009,,102.568009,,,,1039.7265625,ok,False,,,D,5000,,True,outputs_revision/runtime_synth/runs.csv,,,,
runtime_synth__synthetic_n1000_d5000_noise3.0__runtime_dscale__seed2__spkm,run_divi_runtime_synth.py,2026-03-25T09:55:00Z,unknown,x86_64,cpu,x86_64,synthetic,synthetic_n1000_d5000_noise3.0,runtime_dscale,1000,5000,3,0.002,0.998,3.0,20265325.0,2,spkm,,spkm,,,,,,,,,,,,3,0,,,[],0.9940120180601144,0.9876086482064032,,0.998,884.0,0.1768,,,,,,,,5.868951,,5.868951,,,,1039.7265625,ok,False,,,D,5000,,True,outputs_revision/runtime_synth/runs.csv,,,,
runtime_synth__synthetic_n1000_d5000_noise3.0__runtime_dscale__seed3__divi,run_divi_runtime_synth.py,2026-03-25T09:57:56Z,unknown,x86_64,cpu,x86_64,synthetic,synthetic_n1000_d5000_noise3.0,runtime_dscale,1000,5000,3,0.002,0.998,3.0,20265325.0,3,divi,1.0,divi,1000.0,1.0,80.0,auto_entropy,7094.692666023363,1.0,0.01,1.0,0.1,300.0,300.0,4,3,80.0,240.0,"[80, 160, 240]",0.0212455012871885,0.0213395163302736,,0.405,2340.0,0.468,0.4696703255176544,0.4789872169494629,9103636.0,8698838.0,404798.0,8822986.0,280.6501770019531,176.35959127800015,7.46717488899958,168.16387970600044,0.4743331410008977,0.7175437959995179,0.5605462656866681,1039.6640625,ok,False,,,D,5000,,True,outputs_revision/runtime_synth/runs.csv,,,,
runtime_synth__synthetic_n1000_d5000_noise3.0__runtime_dscale__seed3__kmeans_oracle,run_divi_runtime_synth.py,2026-03-25T09:57:58Z,unknown,x86_64,cpu,x86_64,synthetic,synthetic_n1000_d5000_noise3.0,runtime_dscale,1000,5000,3,0.002,0.998,3.0,20265325.0,3,kmeans_oracle,,kmeans_oracle,,,,,,,,,,,,3,0,,,[],0.0029950130901122,0.0045090944592385,,0.356,,,,,,,,,,1.626027,,1.626027,,,,1039.6640625,ok,False,,,D,5000,,True,outputs_revision/runtime_synth/runs.csv,,,,
runtime_synth__synthetic_n1000_d5000_noise3.0__runtime_dscale__seed3__gmm_oracle,run_divi_runtime_synth.py,2026-03-25T09:59:43Z,unknown,x86_64,cpu,x86_64,synthetic,synthetic_n1000_d5000_noise3.0,runtime_dscale,1000,5000,3,0.002,0.998,3.0,20265325.0,3,gmm_oracle,,gmm_oracle,,,,,,,,,,,,3,0,,,[],0.0029950130901122,0.0045090944592385,,0.356,,,,,,,,,,105.3441,,105.3441,,,,1039.6640625,ok,False,,,D,5000,,True,outputs_revision/runtime_synth/runs.csv,,,,
runtime_synth__synthetic_n1000_d5000_noise3.0__runtime_dscale__seed3__spkm,run_divi_runtime_synth.py,2026-03-25T09:59:47Z,unknown,x86_64,cpu,x86_64,synthetic,synthetic_n1000_d5000_noise3.0,runtime_dscale,1000,5000,3,0.002,0.998,3.0,20265325.0,3,spkm,,spkm,,,,,,,,,,,,3,0,,,[],0.9940120180601144,0.9876086482064032,,0.998,884.0,0.1768,,,,,,,,4.156213,,4.156213,,,,1039.6640625,ok,False,,,D,5000,,True,outputs_revision/runtime_synth/runs.csv,,,,
runtime_synth__synthetic_n1000_d5000_noise3.0__runtime_dscale__seed4__divi,run_divi_runtime_synth.py,2026-03-25T10:02:25Z,unknown,x86_64,cpu,x86_64,synthetic,synthetic_n1000_d5000_noise3.0,runtime_dscale,1000,5000,3,0.002,0.998,3.0,20265325.0,4,divi,1.0,divi,1000.0,1.0,80.0,auto_entropy,7094.692666023363,1.0,0.01,1.0,0.1,300.0,300.0,4,3,80.0,240.0,"[80, 160, 240]",0.0132922401120356,0.0178712962744993,,0.387,2340.0,0.468,0.4694200158119201,0.4778343737125397,9102845.0,8693689.0,409156.0,8823334.0,279.5105285644531,157.61454437900102,8.38584244500089,148.43991035699946,0.35707616199943,0.7791389919984795,0.4947997011899982,1001.51171875,ok,False,,,D,5000,,True,outputs_revision/runtime_synth/runs.csv,,,,
runtime_synth__synthetic_n1000_d5000_noise3.0__runtime_dscale__seed4__kmeans_oracle,run_divi_runtime_synth.py,2026-03-25T10:02:26Z,unknown,x86_64,cpu,x86_64,synthetic,synthetic_n1000_d5000_noise3.0,runtime_dscale,1000,5000,3,0.002,0.998,3.0,20265325.0,4,kmeans_oracle,,kmeans_oracle,,,,,,,,,,,,3,0,,,[],0.0007653740822829,0.0025895080022521,,0.365,,,,,,,,,,0.892058,,0.892058,,,,1001.51171875,ok,False,,,D,5000,,True,outputs_revision/runtime_synth/runs.csv,,,,
runtime_synth__synthetic_n1000_d5000_noise3.0__runtime_dscale__seed4__gmm_oracle,run_divi_runtime_synth.py,2026-03-25T10:04:08Z,unknown,x86_64,cpu,x86_64,synthetic,synthetic_n1000_d5000_noise3.0,runtime_dscale,1000,5000,3,0.002,0.998,3.0,20265325.0,4,gmm_oracle,,gmm_oracle,,,,,,,,,,,,3,0,,,[],0.0098690716606766,0.0114290788257187,,0.384,,,,,,,,,,102.169444,,102.169444,,,,1001.51171875,ok,False,,,D,5000,,True,outputs_revision/runtime_synth/runs.csv,,,,
runtime_synth__synthetic_n1000_d5000_noise3.0__runtime_dscale__seed4__spkm,run_divi_runtime_synth.py,2026-03-25T10:04:13Z,unknown,x86_64,cpu,x86_64,synthetic,synthetic_n1000_d5000_noise3.0,runtime_dscale,1000,5000,3,0.002,0.998,3.0,20265325.0,4,spkm,,spkm,,,,,,,,,,,,3,0,,,[],0.9940120180601144,0.9876086482064032,,0.998,884.0,0.1768,,,,,,,,4.183301,,4.183301,,,,1001.51171875,ok,False,,,D,5000,,True,outputs_revision/runtime_synth/runs.csv,,,,
runtime_synth__synthetic_n200_d1000_noise3.0__runtime_nscale__seed0__divi,run_divi_runtime_synth.py,2026-03-25T10:04:18Z,unknown,x86_64,cpu,x86_64,synthetic,synthetic_n200_d1000_noise3.0,runtime_nscale,200,1000,3,0.01,0.99,3.0,20260526.0,0,divi,1.0,divi,200.0,1.0,80.0,auto_entropy,1418.9385332046727,1.0,0.01,1.0,0.1,300.0,300.0,4,3,80.0,240.0,"[80, 160, 240]",0.2992530632759397,0.4144874551455406,,0.525,355.0,0.355,0.4174216389656067,0.4019424319267273,369460.0625,352503.0625,16957.0,358216.8125,56.2163200378418,5.550777188998836,1.6928211100002954,3.844942550000269,0.0115805960012949,0.0118891410002106,0.0128164751666675,1001.51953125,ok,False,,,N,200,,True,outputs_revision/runtime_synth/runs.csv,,,,
runtime_synth__synthetic_n200_d1000_noise3.0__runtime_nscale__seed0__kmeans_oracle,run_divi_runtime_synth.py,2026-03-25T10:04:18Z,unknown,x86_64,cpu,x86_64,synthetic,synthetic_n200_d1000_noise3.0,runtime_nscale,200,1000,3,0.01,0.99,3.0,20260526.0,0,kmeans_oracle,,kmeans_oracle,,,,,,,,,,,,3,0,,,[],0.0586498193949227,0.0652640397864257,,0.46,,,,,,,,,,0.039094,,0.039094,,,,1001.51953125,ok,False,,,N,200,,True,outputs_revision/runtime_synth/runs.csv,,,,
runtime_synth__synthetic_n200_d1000_noise3.0__runtime_nscale__seed0__gmm_oracle,run_divi_runtime_synth.py,2026-03-25T10:04:20Z,unknown,x86_64,cpu,x86_64,synthetic,synthetic_n200_d1000_noise3.0,runtime_nscale,200,1000,3,0.01,0.99,3.0,20260526.0,0,gmm_oracle,,gmm_oracle,,,,,,,,,,,,3,0,,,[],0.0305414573558579,0.0429901201589225,,0.445,,,,,,,,,,1.378807,,1.378807,,,,1001.5234375,ok,False,,,N,200,,True,outputs_revision/runtime_synth/runs.csv,,,,
runtime_synth__synthetic_n200_d1000_noise3.0__runtime_nscale__seed0__spkm,run_divi_runtime_synth.py,2026-03-25T10:04:20Z,unknown,x86_64,cpu,x86_64,synthetic,synthetic_n200_d1000_noise3.0,runtime_nscale,200,1000,3,0.01,0.99,3.0,20260526.0,0,spkm,,spkm,,,,,,,,,,,,3,0,,,[],1.0,1.0,,1.0,208.0,0.208,,,,,,,,0.141912,,0.141912,,,,1001.5234375,ok,False,,,N,200,,True,outputs_revision/runtime_synth/runs.csv,,,,
runtime_synth__synthetic_n200_d1000_noise3.0__runtime_nscale__seed1__divi,run_divi_runtime_synth.py,2026-03-25T10:04:24Z,unknown,x86_64,cpu,x86_64,synthetic,synthetic_n200_d1000_noise3.0,runtime_nscale,200,1000,3,0.01,0.99,3.0,20260526.0,1,divi,1.0,divi,200.0,1.0,80.0,auto_entropy,1418.9385332046727,1.0,0.01,1.0,0.1,300.0,300.0,4,3,80.0,240.0,"[80, 160, 240]",0.2706912640259752,0.38175910715158,,0.475,357.0,0.357,0.4170151352882385,0.3966495096683502,369473.6875,351830.5,17643.1875,358278.375,55.9765853881836,4.616799114000969,1.111446672999591,3.4922890849993564,0.0103826179984025,0.0120997320009337,0.0116409636166645,1001.5234375,ok,False,,,N,200,,True,outputs_revision/runtime_synth/runs.csv,,,,
runtime_synth__synthetic_n200_d1000_noise3.0__runtime_nscale__seed1__kmeans_oracle,run_divi_runtime_synth.py,2026-03-25T10:04:24Z,unknown,x86_64,cpu,x86_64,synthetic,synthetic_n200_d1000_noise3.0,runtime_nscale,200,1000,3,0.01,0.99,3.0,20260526.0,1,kmeans_oracle,,kmeans_oracle,,,,,,,,,,,,3,0,,,[],0.0367123515098068,0.0357216230482326,,0.445,,,,,,,,,,0.03911,,0.03911,,,,1001.5234375,ok,False,,,N,200,,True,outputs_revision/runtime_synth/runs.csv,,,,
runtime_synth__synthetic_n200_d1000_noise3.0__runtime_nscale__seed1__gmm_oracle,run_divi_runtime_synth.py,2026-03-25T10:04:26Z,unknown,x86_64,cpu,x86_64,synthetic,synthetic_n200_d1000_noise3.0,runtime_nscale,200,1000,3,0.01,0.99,3.0,20260526.0,1,gmm_oracle,,gmm_oracle,,,,,,,,,,,,3,0,,,[],0.0111918311377428,0.0219751477270911,,0.395,,,,,,,,,,1.750266,,1.750266,,,,1001.5234375,ok,False,,,N,200,,True,outputs_revision/runtime_synth/runs.csv,,,,
runtime_synth__synthetic_n200_d1000_noise3.0__runtime_nscale__seed1__spkm,run_divi_runtime_synth.py,2026-03-25T10:04:26Z,unknown,x86_64,cpu,x86_64,synthetic,synthetic_n200_d1000_noise3.0,runtime_nscale,200,1000,3,0.01,0.99,3.0,20260526.0,1,spkm,,spkm,,,,,,,,,,,,3,0,,,[],1.0,1.0,,1.0,208.0,0.208,,,,,,,,0.385184,,0.385184,,,,1001.5234375,ok,False,,,N,200,,True,outputs_revision/runtime_synth/runs.csv,,,,
runtime_synth__synthetic_n200_d1000_noise3.0__runtime_nscale__seed2__divi,run_divi_runtime_synth.py,2026-03-25T10:04:33Z,unknown,x86_64,cpu,x86_64,synthetic,synthetic_n200_d1000_noise3.0,runtime_nscale,200,1000,3,0.01,0.99,3.0,20260526.0,2,divi,1.0,divi,200.0,1.0,80.0,auto_entropy,1418.9385332046727,1.0,0.01,1.0,0.1,300.0,300.0,4,3,80.0,240.0,"[80, 160, 240]",0.339286775480786,0.44297805843437,,0.58,354.0,0.354,0.4158817529678345,0.3945623636245727,369424.84375,353151.875,16272.96875,358415.0625,55.04893112182617,6.051590424000096,1.96744524299902,4.068136449999656,0.0160415380014455,0.0127892679993237,0.0135604548333321,1001.5234375,ok,False,,,N,200,,True,outputs_revision/runtime_synth/runs.csv,,,,
runtime_synth__synthetic_n200_d1000_noise3.0__runtime_nscale__seed2__kmeans_oracle,run_divi_runtime_synth.py,2026-03-25T10:04:33Z,unknown,x86_64,cpu,x86_64,synthetic,synthetic_n200_d1000_noise3.0,runtime_nscale,200,1000,3,0.01,0.99,3.0,20260526.0,2,kmeans_oracle,,kmeans_oracle,,,,,,,,,,,,3,0,,,[],0.03869483324588,0.0546612755561403,,0.46,,,,,,,,,,0.037853,,0.037853,,,,1001.5234375,ok,False,,,N,200,,True,outputs_revision/runtime_synth/runs.csv,,,,
runtime_synth__synthetic_n200_d1000_noise3.0__runtime_nscale__seed2__gmm_oracle,run_divi_runtime_synth.py,2026-03-25T10:04:34Z,unknown,x86_64,cpu,x86_64,synthetic,synthetic_n200_d1000_noise3.0,runtime_nscale,200,1000,3,0.01,0.99,3.0,20260526.0,2,gmm_oracle,,gmm_oracle,,,,,,,,,,,,3,0,,,[],0.0217793984781645,0.043098285014311,,0.415,,,,,,,,,,1.349289,,1.349289,,,,1001.5234375,ok,False,,,N,200,,True,outputs_revision/runtime_synth/runs.csv,,,,
runtime_synth__synthetic_n200_d1000_noise3.0__runtime_nscale__seed2__spkm,run_divi_runtime_synth.py,2026-03-25T10:04:34Z,unknown,x86_64,cpu,x86_64,synthetic,synthetic_n200_d1000_noise3.0,runtime_nscale,200,1000,3,0.01,0.99,3.0,20260526.0,2,spkm,,spkm,,,,,,,,,,,,3,0,,,[],1.0,1.0,,1.0,208.0,0.208,,,,,,,,0.140706,,0.140706,,,,1001.5234375,ok,False,,,N,200,,True,outputs_revision/runtime_synth/runs.csv,,,,
runtime_synth__synthetic_n200_d1000_noise3.0__runtime_nscale__seed3__divi,run_divi_runtime_synth.py,2026-03-25T10:04:39Z,unknown,x86_64,cpu,x86_64,synthetic,synthetic_n200_d1000_noise3.0,runtime_nscale,200,1000,3,0.01,0.99,3.0,20260526.0,3,divi,1.0,divi,200.0,1.0,80.0,auto_entropy,1418.9385332046727,1.0,0.01,1.0,0.1,300.0,300.0,4,3,80.0,240.0,"[80, 160, 240]",0.2758464938710653,0.3870576994899919,,0.475,348.0,0.348,0.4160811901092529,0.3921027779579162,369432.75,352427.25,17005.5,358399.3125,55.16716003417969,4.816586512999493,1.1466948070010403,3.657293579000907,0.0121655449984245,0.0116236579997348,0.0121909785966696,876.703125,ok,False,,,N,200,,True,outputs_revision/runtime_synth/runs.csv,,,,
runtime_synth__synthetic_n200_d1000_noise3.0__runtime_nscale__seed3__kmeans_oracle,run_divi_runtime_synth.py,2026-03-25T10:04:39Z,unknown,x86_64,cpu,x86_64,synthetic,synthetic_n200_d1000_noise3.0,runtime_nscale,200,1000,3,0.01,0.99,3.0,20260526.0,3,kmeans_oracle,,kmeans_oracle,,,,,,,,,,,,3,0,,,[],0.1145382258790332,0.1186262427771677,,0.51,,,,,,,,,,0.05833,,0.05833,,,,876.703125,ok,False,,,N,200,,True,outputs_revision/runtime_synth/runs.csv,,,,
runtime_synth__synthetic_n200_d1000_noise3.0__runtime_nscale__seed3__gmm_oracle,run_divi_runtime_synth.py,2026-03-25T10:04:42Z,unknown,x86_64,cpu,x86_64,synthetic,synthetic_n200_d1000_noise3.0,runtime_nscale,200,1000,3,0.01,0.99,3.0,20260526.0,3,gmm_oracle,,gmm_oracle,,,,,,,,,,,,3,0,,,[],0.1145382258790332,0.1186262427771677,,0.51,,,,,,,,,,3.115403,,3.115403,,,,876.703125,ok,False,,,N,200,,True,outputs_revision/runtime_synth/runs.csv,,,,
runtime_synth__synthetic_n200_d1000_noise3.0__runtime_nscale__seed3__spkm,run_divi_runtime_synth.py,2026-03-25T10:04:42Z,unknown,x86_64,cpu,x86_64,synthetic,synthetic_n200_d1000_noise3.0,runtime_nscale,200,1000,3,0.01,0.99,3.0,20260526.0,3,spkm,,spkm,,,,,,,,,,,,3,0,,,[],1.0,1.0,,1.0,208.0,0.208,,,,,,,,0.249485,,0.249485,,,,876.703125,ok,False,,,N,200,,True,outputs_revision/runtime_synth/runs.csv,,,,
runtime_synth__synthetic_n200_d1000_noise3.0__runtime_nscale__seed4__divi,run_divi_runtime_synth.py,2026-03-25T10:04:47Z,unknown,x86_64,cpu,x86_64,synthetic,synthetic_n200_d1000_noise3.0,runtime_nscale,200,1000,3,0.01,0.99,3.0,20260526.0,4,divi,1.0,divi,200.0,1.0,80.0,auto_entropy,1418.9385332046727,1.0,0.01,1.0,0.1,300.0,300.0,4,3,80.0,240.0,"[80, 160, 240]",0.2782328674864159,0.3911969637108858,,0.495,359.0,0.359,0.4170288741588592,0.3923447728157043,369502.28125,353047.96875,16454.3125,358307.78125,55.97251129150391,4.80834167499961,1.1427523889997246,3.651608223999574,0.0104736079993017,0.013021648999711,0.0121720274133319,876.703125,ok,False,,,N,200,,True,outputs_revision/runtime_synth/runs.csv,,,,
runtime_synth__synthetic_n200_d1000_noise3.0__runtime_nscale__seed4__kmeans_oracle,run_divi_runtime_synth.py,2026-03-25T10:04:47Z,unknown,x86_64,cpu,x86_64,synthetic,synthetic_n200_d1000_noise3.0,runtime_nscale,200,1000,3,0.01,0.99,3.0,20260526.0,4,kmeans_oracle,,kmeans_oracle,,,,,,,,,,,,3,0,,,[],0.0094138491098073,0.0272204530028312,,0.395,,,,,,,,,,0.036782,,0.036782,,,,876.703125,ok,False,,,N,200,,True,outputs_revision/runtime_synth/runs.csv,,,,
runtime_synth__synthetic_n200_d1000_noise3.0__runtime_nscale__seed4__gmm_oracle,run_divi_runtime_synth.py,2026-03-25T10:04:49Z,unknown,x86_64,cpu,x86_64,synthetic,synthetic_n200_d1000_noise3.0,runtime_nscale,200,1000,3,0.01,0.99,3.0,20260526.0,4,gmm_oracle,,gmm_oracle,,,,,,,,,,,,3,0,,,[],0.0121609122852748,0.0182694003520695,,0.4,,,,,,,,,,1.388605,,1.388605,,,,876.703125,ok,False,,,N,200,,True,outputs_revision/runtime_synth/runs.csv,,,,
runtime_synth__synthetic_n200_d1000_noise3.0__runtime_nscale__seed4__spkm,run_divi_runtime_synth.py,2026-03-25T10:04:49Z,unknown,x86_64,cpu,x86_64,synthetic,synthetic_n200_d1000_noise3.0,runtime_nscale,200,1000,3,0.01,0.99,3.0,20260526.0,4,spkm,,spkm,,,,,,,,,,,,3,0,,,[],1.0,1.0,,1.0,208.0,0.208,,,,,,,,0.137675,,0.137675,,,,876.703125,ok,False,,,N,200,,True,outputs_revision/runtime_synth/runs.csv,,,,
runtime_synth__synthetic_n500_d1000_noise3.0__runtime_nscale__seed0__divi,run_divi_runtime_synth.py,2026-03-25T10:05:00Z,unknown,x86_64,cpu,x86_64,synthetic,synthetic_n500_d1000_noise3.0,runtime_nscale,500,1000,3,0.01,0.99,3.0,20260826.0,0,divi,1.0,divi,500.0,1.0,80.0,auto_entropy,1418.9385332046727,1.0,0.01,1.0,0.1,300.0,300.0,4,3,80.0,240.0,"[80, 160, 240]",0.7414338815172202,0.7699525626176648,,0.816,72.0,0.072,0.2805953621864319,0.2539852559566498,965723.5,938021.5625,27701.9375,941639.375,48.16828918457031,10.81340599900068,1.358893263999562,9.421522271999493,0.0274117720000504,0.0315707040008419,0.0314050742399983,876.703125,ok,False,,,N,500,,True,outputs_revision/runtime_synth/runs.csv,,,,
runtime_synth__synthetic_n500_d1000_noise3.0__runtime_nscale__seed0__kmeans_oracle,run_divi_runtime_synth.py,2026-03-25T10:05:00Z,unknown,x86_64,cpu,x86_64,synthetic,synthetic_n500_d1000_noise3.0,runtime_nscale,500,1000,3,0.01,0.99,3.0,20260826.0,0,kmeans_oracle,,kmeans_oracle,,,,,,,,,,,,3,0,,,[],0.3651290846767301,0.3949643690944168,,0.612,,,,,,,,,,0.22523,,0.22523,,,,876.703125,ok,False,,,N,500,,True,outputs_revision/runtime_synth/runs.csv,,,,
runtime_synth__synthetic_n500_d1000_noise3.0__runtime_nscale__seed0__gmm_oracle,run_divi_runtime_synth.py,2026-03-25T10:05:02Z,unknown,x86_64,cpu,x86_64,synthetic,synthetic_n500_d1000_noise3.0,runtime_nscale,500,1000,3,0.01,0.99,3.0,20260826.0,0,gmm_oracle,,gmm_oracle,,,,,,,,,,,,3,0,,,[],0.4157804916216244,0.440532974979848,,0.648,,,,,,,,,,1.759344,,1.759344,,,,876.703125,ok,False,,,N,500,,True,outputs_revision/runtime_synth/runs.csv,,,,
runtime_synth__synthetic_n500_d1000_noise3.0__runtime_nscale__seed0__spkm,run_divi_runtime_synth.py,2026-03-25T10:05:02Z,unknown,x86_64,cpu,x86_64,synthetic,synthetic_n500_d1000_noise3.0,runtime_nscale,500,1000,3,0.01,0.99,3.0,20260826.0,0,spkm,,spkm,,,,,,,,,,,,3,0,,,[],1.0,1.0,,1.0,471.0,0.471,,,,,,,,0.415238,,0.415238,,,,876.703125,ok,False,,,N,500,,True,outputs_revision/runtime_synth/runs.csv,,,,
runtime_synth__synthetic_n500_d1000_noise3.0__runtime_nscale__seed1__divi,run_divi_runtime_synth.py,2026-03-25T10:05:13Z,unknown,x86_64,cpu,x86_64,synthetic,synthetic_n500_d1000_noise3.0,runtime_nscale,500,1000,3,0.01,0.99,3.0,20260826.0,1,divi,1.0,divi,500.0,1.0,80.0,auto_entropy,1418.9385332046727,1.0,0.01,1.0,0.1,300.0,300.0,4,3,80.0,240.0,"[80, 160, 240]",0.6791095829688009,0.7081717597300375,,0.762,77.0,0.077,0.2815124988555908,0.2546587586402893,965940.4375,936005.9375,29934.5,941532.75,48.81538772583008,10.46698011800072,1.3569096669998544,9.078661436999028,0.025332168001114,0.0298928490010439,0.0302622047899967,811.84375,ok,False,,,N,500,,True,outputs_revision/runtime_synth/runs.csv,,,,
runtime_synth__synthetic_n500_d1000_noise3.0__runtime_nscale__seed1__kmeans_oracle,run_divi_runtime_synth.py,2026-03-25T10:05:13Z,unknown,x86_64,cpu,x86_64,synthetic,synthetic_n500_d1000_noise3.0,runtime_nscale,500,1000,3,0.01,0.99,3.0,20260826.0,1,kmeans_oracle,,kmeans_oracle,,,,,,,,,,,,3,0,,,[],0.34919400958281,0.3764640150071291,,0.598,,,,,,,,,,0.167066,,0.167066,,,,811.84375,ok,False,,,N,500,,True,outputs_revision/runtime_synth/runs.csv,,,,
runtime_synth__synthetic_n500_d1000_noise3.0__runtime_nscale__seed1__gmm_oracle,run_divi_runtime_synth.py,2026-03-25T10:05:15Z,unknown,x86_64,cpu,x86_64,synthetic,synthetic_n500_d1000_noise3.0,runtime_nscale,500,1000,3,0.01,0.99,3.0,20260826.0,1,gmm_oracle,,gmm_oracle,,,,,,,,,,,,3,0,,,[],0.3416733068068764,0.3616955762945346,,0.634,,,,,,,,,,1.817469,,1.817469,,,,811.84375,ok,False,,,N,500,,True,outputs_revision/runtime_synth/runs.csv,,,,
runtime_synth__synthetic_n500_d1000_noise3.0__runtime_nscale__seed1__spkm,run_divi_runtime_synth.py,2026-03-25T10:05:15Z,unknown,x86_64,cpu,x86_64,synthetic,synthetic_n500_d1000_noise3.0,runtime_nscale,500,1000,3,0.01,0.99,3.0,20260826.0,1,spkm,,spkm,,,,,,,,,,,,3,0,,,[],1.0,1.0,,1.0,471.0,0.471,,,,,,,,0.369758,,0.369758,,,,811.84375,ok,False,,,N,500,,True,outputs_revision/runtime_synth/runs.csv,,,,
runtime_synth__synthetic_n500_d1000_noise3.0__runtime_nscale__seed2__divi,run_divi_runtime_synth.py,2026-03-25T10:05:25Z,unknown,x86_64,cpu,x86_64,synthetic,synthetic_n500_d1000_noise3.0,runtime_nscale,500,1000,3,0.01,0.99,3.0,20260826.0,2,divi,1.0,divi,500.0,1.0,80.0,auto_entropy,1418.9385332046727,1.0,0.01,1.0,0.1,300.0,300.0,4,3,80.0,240.0,"[80, 160, 240]",0.7059485071173027,0.7456583610126141,,0.792,69.0,0.069,0.2805094122886657,0.2494677007198333,965743.375,938272.3125,27471.0625,941705.125,48.07646560668945,10.40078850700047,1.3713681520002865,8.998189998999806,0.0251610599971172,0.0297279230017011,0.0299939666633326,811.84375,ok,False,,,N,500,,True,outputs_revision/runtime_synth/runs.csv,,,,
runtime_synth__synthetic_n500_d1000_noise3.0__runtime_nscale__seed2__kmeans_oracle,run_divi_runtime_synth.py,2026-03-25T10:05:26Z,unknown,x86_64,cpu,x86_64,synthetic,synthetic_n500_d1000_noise3.0,runtime_nscale,500,1000,3,0.01,0.99,3.0,20260826.0,2,kmeans_oracle,,kmeans_oracle,,,,,,,,,,,,3,0,,,[],0.4022235364493603,0.4256073301397298,,0.644,,,,,,,,,,0.226684,,0.226684,,,,811.84375,ok,False,,,N,500,,True,outputs_revision/runtime_synth/runs.csv,,,,
runtime_synth__synthetic_n500_d1000_noise3.0__runtime_nscale__seed2__gmm_oracle,run_divi_runtime_synth.py,2026-03-25T10:05:27Z,unknown,x86_64,cpu,x86_64,synthetic,synthetic_n500_d1000_noise3.0,runtime_nscale,500,1000,3,0.01,0.99,3.0,20260826.0,2,gmm_oracle,,gmm_oracle,,,,,,,,,,,,3,0,,,[],0.3818278650225678,0.3986623445647697,,0.636,,,,,,,,,,1.827822,,1.827822,,,,811.84375,ok,False,,,N,500,,True,outputs_revision/runtime_synth/runs.csv,,,,
runtime_synth__synthetic_n500_d1000_noise3.0__runtime_nscale__seed2__spkm,run_divi_runtime_synth.py,2026-03-25T10:05:28Z,unknown,x86_64,cpu,x86_64,synthetic,synthetic_n500_d1000_noise3.0,runtime_nscale,500,1000,3,0.01,0.99,3.0,20260826.0,2,spkm,,spkm,,,,,,,,,,,,3,0,,,[],1.0,1.0,,1.0,471.0,0.471,,,,,,,,0.376966,,0.376966,,,,811.84375,ok,False,,,N,500,,True,outputs_revision/runtime_synth/runs.csv,,,,
runtime_synth__synthetic_n500_d1000_noise3.0__runtime_nscale__seed3__divi,run_divi_runtime_synth.py,2026-03-25T10:05:38Z,unknown,x86_64,cpu,x86_64,synthetic,synthetic_n500_d1000_noise3.0,runtime_nscale,500,1000,3,0.01,0.99,3.0,20260826.0,3,divi,1.0,divi,500.0,1.0,80.0,auto_entropy,1418.9385332046727,1.0,0.01,1.0,0.1,300.0,300.0,4,3,80.0,240.0,"[80, 160, 240]",0.6482742645445949,0.6967100644818497,,0.742,73.0,0.073,0.2806745767593384,0.2496041059494018,965888.125,936634.9375,29253.1875,941804.75,48.16676330566406,10.601371089000168,1.3400368410002557,9.227792939998835,0.0277043349997256,0.0320788429999083,0.0307593097999961,811.84375,ok,False,,,N,500,,True,outputs_revision/runtime_synth/runs.csv,,,,
runtime_synth__synthetic_n500_d1000_noise3.0__runtime_nscale__seed3__kmeans_oracle,run_divi_runtime_synth.py,2026-03-25T10:05:39Z,unknown,x86_64,cpu,x86_64,synthetic,synthetic_n500_d1000_noise3.0,runtime_nscale,500,1000,3,0.01,0.99,3.0,20260826.0,3,kmeans_oracle,,kmeans_oracle,,,,,,,,,,,,3,0,,,[],0.359468079919609,0.4206258578144751,,0.608,,,,,,,,,,0.213718,,0.213718,,,,811.84375,ok,False,,,N,500,,True,outputs_revision/runtime_synth/runs.csv,,,,
runtime_synth__synthetic_n500_d1000_noise3.0__runtime_nscale__seed3__gmm_oracle,run_divi_runtime_synth.py,2026-03-25T10:05:40Z,unknown,x86_64,cpu,x86_64,synthetic,synthetic_n500_d1000_noise3.0,runtime_nscale,500,1000,3,0.01,0.99,3.0,20260826.0,3,gmm_oracle,,gmm_oracle,,,,,,,,,,,,3,0,,,[],0.3568041983441514,0.4057127914634659,,0.606,,,,,,,,,,1.883643,,1.883643,,,,811.84375,ok,False,,,N,500,,True,outputs_revision/runtime_synth/runs.csv,,,,
runtime_synth__synthetic_n500_d1000_noise3.0__runtime_nscale__seed3__spkm,run_divi_runtime_synth.py,2026-03-25T10:05:41Z,unknown,x86_64,cpu,x86_64,synthetic,synthetic_n500_d1000_noise3.0,runtime_nscale,500,1000,3,0.01,0.99,3.0,20260826.0,3,spkm,,spkm,,,,,,,,,,,,3,0,,,[],1.0,1.0,,1.0,471.0,0.471,,,,,,,,0.398777,,0.398777,,,,811.84375,ok,False,,,N,500,,True,outputs_revision/runtime_synth/runs.csv,,,,
runtime_synth__synthetic_n500_d1000_noise3.0__runtime_nscale__seed4__divi,run_divi_runtime_synth.py,2026-03-25T10:05:52Z,unknown,x86_64,cpu,x86_64,synthetic,synthetic_n500_d1000_noise3.0,runtime_nscale,500,1000,3,0.01,0.99,3.0,20260826.0,4,divi,1.0,divi,500.0,1.0,80.0,auto_entropy,1418.9385332046727,1.0,0.01,1.0,0.1,300.0,300.0,4,3,80.0,240.0,"[80, 160, 240]",0.7229713123746909,0.7619800033890214,,0.796,75.0,0.075,0.2815297245979309,0.2537228167057037,965740.6875,936855.0,28885.6875,941355.375,48.77058410644531,10.64544673799901,1.364071337000496,9.249459848999322,0.0267467949979618,0.030389407000257,0.0308315328299977,811.84375,ok,False,,,N,500,,True,outputs_revision/runtime_synth/runs.csv,,,,
runtime_synth__synthetic_n500_d1000_noise3.0__runtime_nscale__seed4__kmeans_oracle,run_divi_runtime_synth.py,2026-03-25T10:05:52Z,unknown,x86_64,cpu,x86_64,synthetic,synthetic_n500_d1000_noise3.0,runtime_nscale,500,1000,3,0.01,0.99,3.0,20260826.0,4,kmeans_oracle,,kmeans_oracle,,,,,,,,,,,,3,0,,,[],0.3356071737872617,0.3502306245631238,,0.604,,,,,,,,,,0.177126,,0.177126,,,,811.84375,ok,False,,,N,500,,True,outputs_revision/runtime_synth/runs.csv,,,,
runtime_synth__synthetic_n500_d1000_noise3.0__runtime_nscale__seed4__gmm_oracle,run_divi_runtime_synth.py,2026-03-25T10:05:54Z,unknown,x86_64,cpu,x86_64,synthetic,synthetic_n500_d1000_noise3.0,runtime_nscale,500,1000,3,0.01,0.99,3.0,20260826.0,4,gmm_oracle,,gmm_oracle,,,,,,,,,,,,3,0,,,[],0.3356071737872617,0.3502306245631238,,0.604,,,,,,,,,,1.814711,,1.814711,,,,811.84375,ok,False,,,N,500,,True,outputs_revision/runtime_synth/runs.csv,,,,
runtime_synth__synthetic_n500_d1000_noise3.0__runtime_nscale__seed4__spkm,run_divi_runtime_synth.py,2026-03-25T10:05:54Z,unknown,x86_64,cpu,x86_64,synthetic,synthetic_n500_d1000_noise3.0,runtime_nscale,500,1000,3,0.01,0.99,3.0,20260826.0,4,spkm,,spkm,,,,,,,,,,,,3,0,,,[],1.0,1.0,,1.0,471.0,0.471,,,,,,,,0.385839,,0.385839,,,,811.84375,ok,False,,,N,500,,True,outputs_revision/runtime_synth/runs.csv,,,,
runtime_synth__synthetic_n1000_d1000_noise3.0__runtime_nscale__seed0__divi,run_divi_runtime_synth.py,2026-03-25T10:06:15Z,unknown,x86_64,cpu,x86_64,synthetic,synthetic_n1000_d1000_noise3.0,runtime_nscale,1000,1000,3,0.01,0.99,3.0,20261326.0,0,divi,1.0,divi,1000.0,1.0,80.0,auto_entropy,1418.9385332046727,1.0,0.01,1.0,0.1,300.0,300.0,4,3,80.0,240.0,"[80, 160, 240]",0.8716462322294324,0.90161019952655,,0.863,26.0,0.026,0.2464456856250763,0.2181732356548309,1948626.0,1895962.5,52663.5,1906229.375,42.39667510986328,20.828084519000186,1.73063943499983,19.03089331999945,0.0563081620002776,0.0642568370003573,0.0634363110666648,765.68359375,ok,False,,,N,1000,,True,outputs_revision/runtime_synth/runs.csv,,,,
runtime_synth__synthetic_n1000_d1000_noise3.0__runtime_nscale__seed0__kmeans_oracle,run_divi_runtime_synth.py,2026-03-25T10:06:15Z,unknown,x86_64,cpu,x86_64,synthetic,synthetic_n1000_d1000_noise3.0,runtime_nscale,1000,1000,3,0.01,0.99,3.0,20261326.0,0,kmeans_oracle,,kmeans_oracle,,,,,,,,,,,,3,0,,,[],0.5047385502161924,0.5067625964579401,,0.782,,,,,,,,,,0.408102,,0.408102,,,,765.68359375,ok,False,,,N,1000,,True,outputs_revision/runtime_synth/runs.csv,,,,
runtime_synth__synthetic_n1000_d1000_noise3.0__runtime_nscale__seed0__gmm_oracle,run_divi_runtime_synth.py,2026-03-25T10:06:18Z,unknown,x86_64,cpu,x86_64,synthetic,synthetic_n1000_d1000_noise3.0,runtime_nscale,1000,1000,3,0.01,0.99,3.0,20261326.0,0,gmm_oracle,,gmm_oracle,,,,,,,,,,,,3,0,,,[],0.5030198105093872,0.5807226216894823,,0.665,,,,,,,,,,2.506433,,2.506433,,,,765.68359375,ok,False,,,N,1000,,True,outputs_revision/runtime_synth/runs.csv,,,,
runtime_synth__synthetic_n1000_d1000_noise3.0__runtime_nscale__seed0__spkm,run_divi_runtime_synth.py,2026-03-25T10:06:19Z,unknown,x86_64,cpu,x86_64,synthetic,synthetic_n1000_d1000_noise3.0,runtime_nscale,1000,1000,3,0.01,0.99,3.0,20261326.0,0,spkm,,spkm,,,,,,,,,,,,3,0,,,[],0.9970015045323004,0.9938029489046496,,0.999,871.0,0.871,,,,,,,,0.881682,,0.881682,,,,765.68359375,ok,False,,,N,1000,,True,outputs_revision/runtime_synth/runs.csv,,,,
runtime_synth__synthetic_n1000_d1000_noise3.0__runtime_nscale__seed1__divi,run_divi_runtime_synth.py,2026-03-25T10:06:40Z,unknown,x86_64,cpu,x86_64,synthetic,synthetic_n1000_d1000_noise3.0,runtime_nscale,1000,1000,3,0.01,0.99,3.0,20261326.0,1,divi,1.0,divi,1000.0,1.0,80.0,auto_entropy,1418.9385332046727,1.0,0.01,1.0,0.1,300.0,300.0,4,3,80.0,240.0,"[80, 160, 240]",0.8685738772560065,0.9002961256072078,,0.849,28.0,0.028,0.2477620542049408,0.2211837768554687,1948754.75,1900294.5,48460.25,1905255.625,43.49918746948242,20.931833290000213,1.7824777989990253,19.08770714000093,0.0530978009974205,0.0591456560014194,0.0636256904666697,811.3359375,ok,False,,,N,1000,,True,outputs_revision/runtime_synth/runs.csv,,,,
runtime_synth__synthetic_n1000_d1000_noise3.0__runtime_nscale__seed1__kmeans_oracle,run_divi_runtime_synth.py,2026-03-25T10:06:40Z,unknown,x86_64,cpu,x86_64,synthetic,synthetic_n1000_d1000_noise3.0,runtime_nscale,1000,1000,3,0.01,0.99,3.0,20261326.0,1,kmeans_oracle,,kmeans_oracle,,,,,,,,,,,,3,0,,,[],0.5392122916434462,0.6106245133205501,,0.745,,,,,,,,,,0.332932,,0.332932,,,,811.3359375,ok,False,,,N,1000,,True,outputs_revision/runtime_synth/runs.csv,,,,
runtime_synth__synthetic_n1000_d1000_noise3.0__runtime_nscale__seed1__gmm_oracle,run_divi_runtime_synth.py,2026-03-25T10:06:42Z,unknown,x86_64,cpu,x86_64,synthetic,synthetic_n1000_d1000_noise3.0,runtime_nscale,1000,1000,3,0.01,0.99,3.0,20261326.0,1,gmm_oracle,,gmm_oracle,,,,,,,,,,,,3,0,,,[],0.365213849371227,0.4375822988777034,,0.609,,,,,,,,,,2.485039,,2.485039,,,,811.3359375,ok,False,,,N,1000,,True,outputs_revision/runtime_synth/runs.csv,,,,
runtime_synth__synthetic_n1000_d1000_noise3.0__runtime_nscale__seed1__spkm,run_divi_runtime_synth.py,2026-03-25T10:06:43Z,unknown,x86_64,cpu,x86_64,synthetic,synthetic_n1000_d1000_noise3.0,runtime_nscale,1000,1000,3,0.01,0.99,3.0,20261326.0,1,spkm,,spkm,,,,,,,,,,,,3,0,,,[],0.9970015045323004,0.9938029489046496,,0.999,871.0,0.871,,,,,,,,0.85894,,0.85894,,,,811.3359375,ok,False,,,N,1000,,True,outputs_revision/runtime_synth/runs.csv,,,,
runtime_synth__synthetic_n1000_d1000_noise3.0__runtime_nscale__seed2__divi,run_divi_runtime_synth.py,2026-03-25T10:07:03Z,unknown,x86_64,cpu,x86_64,synthetic,synthetic_n1000_d1000_noise3.0,runtime_nscale,1000,1000,3,0.01,0.99,3.0,20261326.0,2,divi,1.0,divi,1000.0,1.0,80.0,auto_entropy,1418.9385332046727,1.0,0.01,1.0,0.1,300.0,300.0,4,3,80.0,240.0,"[80, 160, 240]",0.8803194108139746,0.8730971786967476,,0.917,29.0,0.029,0.2466016262769699,0.2193429172039032,1948689.0,1901924.5,46764.5,1906158.0,42.53105163574219,19.888055452998746,1.7027367219998268,18.12381624099908,0.0542022619993076,0.059155875000215,0.0604127208033302,811.3359375,ok,False,,,N,1000,,True,outputs_revision/runtime_synth/runs.csv,,,,
runtime_synth__synthetic_n1000_d1000_noise3.0__runtime_nscale__seed2__kmeans_oracle,run_divi_runtime_synth.py,2026-03-25T10:07:04Z,unknown,x86_64,cpu,x86_64,synthetic,synthetic_n1000_d1000_noise3.0,runtime_nscale,1000,1000,3,0.01,0.99,3.0,20261326.0,2,kmeans_oracle,,kmeans_oracle,,,,,,,,,,,,3,0,,,[],0.5492108536270206,0.5892692603622637,,0.782,,,,,,,,,,0.902603,,0.902603,,,,811.3359375,ok,False,,,N,1000,,True,outputs_revision/runtime_synth/runs.csv,,,,
runtime_synth__synthetic_n1000_d1000_noise3.0__runtime_nscale__seed2__gmm_oracle,run_divi_runtime_synth.py,2026-03-25T10:07:07Z,unknown,x86_64,cpu,x86_64,synthetic,synthetic_n1000_d1000_noise3.0,runtime_nscale,1000,1000,3,0.01,0.99,3.0,20261326.0,2,gmm_oracle,,gmm_oracle,,,,,,,,,,,,3,0,,,[],0.5492108536270206,0.5892692603622637,,0.782,,,,,,,,,,2.8143890000000003,,2.8143890000000003,,,,811.3359375,ok,False,,,N,1000,,True,outputs_revision/runtime_synth/runs.csv,,,,
runtime_synth__synthetic_n1000_d1000_noise3.0__runtime_nscale__seed2__spkm,run_divi_runtime_synth.py,2026-03-25T10:07:08Z,unknown,x86_64,cpu,x86_64,synthetic,synthetic_n1000_d1000_noise3.0,runtime_nscale,1000,1000,3,0.01,0.99,3.0,20261326.0,2,spkm,,spkm,,,,,,,,,,,,3,0,,,[],0.9970015045323004,0.9938029489046496,,0.999,871.0,0.871,,,,,,,,0.874335,,0.874335,,,,811.3359375,ok,False,,,N,1000,,True,outputs_revision/runtime_synth/runs.csv,,,,
runtime_synth__synthetic_n1000_d1000_noise3.0__runtime_nscale__seed3__divi,run_divi_runtime_synth.py,2026-03-25T10:07:29Z,unknown,x86_64,cpu,x86_64,synthetic,synthetic_n1000_d1000_noise3.0,runtime_nscale,1000,1000,3,0.01,0.99,3.0,20261326.0,3,divi,1.0,divi,1000.0,1.0,80.0,auto_entropy,1418.9385332046727,1.0,0.01,1.0,0.1,300.0,300.0,4,3,80.0,240.0,"[80, 160, 240]",0.8581563973334415,0.8569111968417074,,0.901,27.0,0.027,0.2472721487283706,0.2196149230003357,1948957.125,1897350.375,51606.75,1905812.25,43.144866943359375,21.157193630999245,1.7076371960010874,19.298263905999196,0.0511865849985042,0.1489907860013772,0.0643275463533306,765.68359375,ok,False,,,N,1000,,True,outputs_revision/runtime_synth/runs.csv,,,,
runtime_synth__synthetic_n1000_d1000_noise3.0__runtime_nscale__seed3__kmeans_oracle,run_divi_runtime_synth.py,2026-03-25T10:07:30Z,unknown,x86_64,cpu,x86_64,synthetic,synthetic_n1000_d1000_noise3.0,runtime_nscale,1000,1000,3,0.01,0.99,3.0,20261326.0,3,kmeans_oracle,,kmeans_oracle,,,,,,,,,,,,3,0,,,[],0.4559902703571759,0.4583881690958237,,0.742,,,,,,,,,,1.001604,,1.001604,,,,765.68359375,ok,False,,,N,1000,,True,outputs_revision/runtime_synth/runs.csv,,,,
runtime_synth__synthetic_n1000_d1000_noise3.0__runtime_nscale__seed3__gmm_oracle,run_divi_runtime_synth.py,2026-03-25T10:07:33Z,unknown,x86_64,cpu,x86_64,synthetic,synthetic_n1000_d1000_noise3.0,runtime_nscale,1000,1000,3,0.01,0.99,3.0,20261326.0,3,gmm_oracle,,gmm_oracle,,,,,,,,,,,,3,0,,,[],0.4559902703571759,0.4583881690958237,,0.742,,,,,,,,,,3.100114,,3.100114,,,,765.68359375,ok,False,,,N,1000,,True,outputs_revision/runtime_synth/runs.csv,,,,
runtime_synth__synthetic_n1000_d1000_noise3.0__runtime_nscale__seed3__spkm,run_divi_runtime_synth.py,2026-03-25T10:07:34Z,unknown,x86_64,cpu,x86_64,synthetic,synthetic_n1000_d1000_noise3.0,runtime_nscale,1000,1000,3,0.01,0.99,3.0,20261326.0,3,spkm,,spkm,,,,,,,,,,,,3,0,,,[],0.9970015045323004,0.9938029489046496,,0.999,871.0,0.871,,,,,,,,0.843744,,0.843744,,,,765.68359375,ok,False,,,N,1000,,True,outputs_revision/runtime_synth/runs.csv,,,,
runtime_synth__synthetic_n1000_d1000_noise3.0__runtime_nscale__seed4__divi,run_divi_runtime_synth.py,2026-03-25T10:07:55Z,unknown,x86_64,cpu,x86_64,synthetic,synthetic_n1000_d1000_noise3.0,runtime_nscale,1000,1000,3,0.01,0.99,3.0,20261326.0,4,divi,1.0,divi,1000.0,1.0,80.0,auto_entropy,1418.9385332046727,1.0,0.01,1.0,0.1,300.0,300.0,4,3,80.0,240.0,"[80, 160, 240]",0.8565063513483918,0.8760055174629092,,0.865,30.0,0.03,0.2472143769264221,0.222298726439476,1948837.375,1897731.75,51105.625,1905849.875,42.9875602722168,20.872465235999694,1.7528950750001968,19.028147985000032,0.0541855540031974,0.0891058770012023,0.0634271599500001,765.68359375,ok,False,,,N,1000,,True,outputs_revision/runtime_synth/runs.csv,,,,
runtime_synth__synthetic_n1000_d1000_noise3.0__runtime_nscale__seed4__kmeans_oracle,run_divi_runtime_synth.py,2026-03-25T10:07:56Z,unknown,x86_64,cpu,x86_64,synthetic,synthetic_n1000_d1000_noise3.0,runtime_nscale,1000,1000,3,0.01,0.99,3.0,20261326.0,4,kmeans_oracle,,kmeans_oracle,,,,,,,,,,,,3,0,,,[],0.474799623771041,0.5155519936685274,,0.676,,,,,,,,,,0.822479,,0.822479,,,,765.68359375,ok,False,,,N,1000,,True,outputs_revision/runtime_synth/runs.csv,,,,
runtime_synth__synthetic_n1000_d1000_noise3.0__runtime_nscale__seed4__gmm_oracle,run_divi_runtime_synth.py,2026-03-25T10:07:59Z,unknown,x86_64,cpu,x86_64,synthetic,synthetic_n1000_d1000_noise3.0,runtime_nscale,1000,1000,3,0.01,0.99,3.0,20261326.0,4,gmm_oracle,,gmm_oracle,,,,,,,,,,,,3,0,,,[],0.411155095147203,0.4475083335028572,,0.635,,,,,,,,,,3.462964,,3.462964,,,,765.68359375,ok,False,,,N,1000,,True,outputs_revision/runtime_synth/runs.csv,,,,
runtime_synth__synthetic_n1000_d1000_noise3.0__runtime_nscale__seed4__spkm,run_divi_runtime_synth.py,2026-03-25T10:08:00Z,unknown,x86_64,cpu,x86_64,synthetic,synthetic_n1000_d1000_noise3.0,runtime_nscale,1000,1000,3,0.01,0.99,3.0,20261326.0,4,spkm,,spkm,,,,,,,,,,,,3,0,,,[],0.9970015045323004,0.9938029489046496,,0.999,871.0,0.871,,,,,,,,0.880298,,0.880298,,,,765.68359375,ok,False,,,N,1000,,True,outputs_revision/runtime_synth/runs.csv,,,,
runtime_synth__synthetic_n2000_d1000_noise3.0__runtime_nscale__seed0__divi,run_divi_runtime_synth.py,2026-03-25T10:08:48Z,unknown,x86_64,cpu,x86_64,synthetic,synthetic_n2000_d1000_noise3.0,runtime_nscale,2000,1000,3,0.01,0.99,3.0,20262326.0,0,divi,1.0,divi,2000.0,1.0,80.0,auto_entropy,1418.9385332046727,1.0,0.01,1.0,0.1,300.0,300.0,4,3,80.0,240.0,"[80, 160, 240]",0.8677734689592312,0.8997648710669712,,0.842,12.0,0.012,0.2102818638086319,0.1865219473838806,3931752.0,3847521.0,84231.0,3860535.25,35.60838317871094,47.212016462000975,2.7315111110001453,44.321333898000375,0.1072559729982458,0.154933510999399,0.1477377796600012,1046.44140625,ok,False,,,N,2000,,True,outputs_revision/runtime_synth/runs.csv,,,,
runtime_synth__synthetic_n2000_d1000_noise3.0__runtime_nscale__seed0__kmeans_oracle,run_divi_runtime_synth.py,2026-03-25T10:08:50Z,unknown,x86_64,cpu,x86_64,synthetic,synthetic_n2000_d1000_noise3.0,runtime_nscale,2000,1000,3,0.01,0.99,3.0,20262326.0,0,kmeans_oracle,,kmeans_oracle,,,,,,,,,,,,3,0,,,[],0.7774628273783075,0.740752134390262,,0.918,,,,,,,,,,2.078803,,2.078803,,,,1046.44140625,ok,False,,,N,2000,,True,outputs_revision/runtime_synth/runs.csv,,,,
runtime_synth__synthetic_n2000_d1000_noise3.0__runtime_nscale__seed0__gmm_oracle,run_divi_runtime_synth.py,2026-03-25T10:08:54Z,unknown,x86_64,cpu,x86_64,synthetic,synthetic_n2000_d1000_noise3.0,runtime_nscale,2000,1000,3,0.01,0.99,3.0,20262326.0,0,gmm_oracle,,gmm_oracle,,,,,,,,,,,,3,0,,,[],0.4015317914641378,0.4539827526371612,,0.6405,,,,,,,,,,4.264283,,4.264283,,,,1046.44140625,ok,False,,,N,2000,,True,outputs_revision/runtime_synth/runs.csv,,,,
runtime_synth__synthetic_n2000_d1000_noise3.0__runtime_nscale__seed0__spkm,run_divi_runtime_synth.py,2026-03-25T10:08:56Z,unknown,x86_64,cpu,x86_64,synthetic,synthetic_n2000_d1000_noise3.0,runtime_nscale,2000,1000,3,0.01,0.99,3.0,20262326.0,0,spkm,,spkm,,,,,,,,,,,,3,0,,,[],0.998498874063205,0.9965853313238788,,0.9995,783.0,0.783,,,,,,,,1.940868,,1.940868,,,,1046.44140625,ok,False,,,N,2000,,True,outputs_revision/runtime_synth/runs.csv,,,,
runtime_synth__synthetic_n2000_d1000_noise3.0__runtime_nscale__seed1__divi,run_divi_runtime_synth.py,2026-03-25T10:09:36Z,unknown,x86_64,cpu,x86_64,synthetic,synthetic_n2000_d1000_noise3.0,runtime_nscale,2000,1000,3,0.01,0.99,3.0,20262326.0,1,divi,1.0,divi,2000.0,1.0,80.0,auto_entropy,1418.9385332046727,1.0,0.01,1.0,0.1,300.0,300.0,4,3,80.0,240.0,"[80, 160, 240]",0.8674753872776316,0.8996291258956634,,0.8375,12.0,0.012,0.210932195186615,0.1870117485523224,3931948.75,3843375.25,88573.5,3859646.25,36.151309967041016,39.84710755999913,2.639527274999637,37.05128262100152,0.10520198300037,0.1514401029999135,0.1235042754033384,1076.9609375,ok,False,,,N,2000,,True,outputs_revision/runtime_synth/runs.csv,,,,
runtime_synth__synthetic_n2000_d1000_noise3.0__runtime_nscale__seed1__kmeans_oracle,run_divi_runtime_synth.py,2026-03-25T10:09:37Z,unknown,x86_64,cpu,x86_64,synthetic,synthetic_n2000_d1000_noise3.0,runtime_nscale,2000,1000,3,0.01,0.99,3.0,20262326.0,1,kmeans_oracle,,kmeans_oracle,,,,,,,,,,,,3,0,,,[],0.8147045982477955,0.7673946172949966,,0.9335,,,,,,,,,,1.215083,,1.215083,,,,1076.9609375,ok,False,,,N,2000,,True,outputs_revision/runtime_synth/runs.csv,,,,
runtime_synth__synthetic_n2000_d1000_noise3.0__runtime_nscale__seed1__gmm_oracle,run_divi_runtime_synth.py,2026-03-25T10:09:42Z,unknown,x86_64,cpu,x86_64,synthetic,synthetic_n2000_d1000_noise3.0,runtime_nscale,2000,1000,3,0.01,0.99,3.0,20262326.0,1,gmm_oracle,,gmm_oracle,,,,,,,,,,,,3,0,,,[],0.4861645265029315,0.5342664587950774,,0.711,,,,,,,,,,4.937575,,4.937575,,,,1076.9609375,ok,False,,,N,2000,,True,outputs_revision/runtime_synth/runs.csv,,,,
runtime_synth__synthetic_n2000_d1000_noise3.0__runtime_nscale__seed1__spkm,run_divi_runtime_synth.py,2026-03-25T10:09:44Z,unknown,x86_64,cpu,x86_64,synthetic,synthetic_n2000_d1000_noise3.0,runtime_nscale,2000,1000,3,0.01,0.99,3.0,20262326.0,1,spkm,,spkm,,,,,,,,,,,,3,0,,,[],0.998498874063205,0.9965853313238788,,0.9995,783.0,0.783,,,,,,,,2.433936,,2.433936,,,,1076.9609375,ok,False,,,N,2000,,True,outputs_revision/runtime_synth/runs.csv,,,,
runtime_synth__synthetic_n2000_d1000_noise3.0__runtime_nscale__seed2__divi,run_divi_runtime_synth.py,2026-03-25T10:10:24Z,unknown,x86_64,cpu,x86_64,synthetic,synthetic_n2000_d1000_noise3.0,runtime_nscale,2000,1000,3,0.01,0.99,3.0,20262326.0,2,divi,1.0,divi,2000.0,1.0,80.0,auto_entropy,1418.9385332046727,1.0,0.01,1.0,0.1,300.0,300.0,4,3,80.0,240.0,"[80, 160, 240]",0.8674627090445379,0.8990991390242099,,0.8375,10.0,0.01,0.2100603580474853,0.1885870993137359,3931576.75,3840801.0,90775.75,3860786.0,35.39532470703125,40.03796516799957,2.6353953319994616,37.28366185400046,0.1045014040009846,0.1142077630011044,0.1242788728466681,1046.44140625,ok,False,,,N,2000,,True,outputs_revision/runtime_synth/runs.csv,,,,
runtime_synth__synthetic_n2000_d1000_noise3.0__runtime_nscale__seed2__kmeans_oracle,run_divi_runtime_synth.py,2026-03-25T10:10:26Z,unknown,x86_64,cpu,x86_64,synthetic,synthetic_n2000_d1000_noise3.0,runtime_nscale,2000,1000,3,0.01,0.99,3.0,20262326.0,2,kmeans_oracle,,kmeans_oracle,,,,,,,,,,,,3,0,,,[],0.8730884133466918,0.8323260000876456,,0.9555,,,,,,,,,,1.269036,,1.269036,,,,1046.44140625,ok,False,,,N,2000,,True,outputs_revision/runtime_synth/runs.csv,,,,
runtime_synth__synthetic_n2000_d1000_noise3.0__runtime_nscale__seed2__gmm_oracle,run_divi_runtime_synth.py,2026-03-25T10:10:30Z,unknown,x86_64,cpu,x86_64,synthetic,synthetic_n2000_d1000_noise3.0,runtime_nscale,2000,1000,3,0.01,0.99,3.0,20262326.0,2,gmm_oracle,,gmm_oracle,,,,,,,,,,,,3,0,,,[],0.6694621933546656,0.6394405665244767,,0.871,,,,,,,,,,3.90017,,3.90017,,,,1046.44140625,ok,False,,,N,2000,,True,outputs_revision/runtime_synth/runs.csv,,,,
runtime_synth__synthetic_n2000_d1000_noise3.0__runtime_nscale__seed2__spkm,run_divi_runtime_synth.py,2026-03-25T10:10:32Z,unknown,x86_64,cpu,x86_64,synthetic,synthetic_n2000_d1000_noise3.0,runtime_nscale,2000,1000,3,0.01,0.99,3.0,20262326.0,2,spkm,,spkm,,,,,,,,,,,,3,0,,,[],0.998498874063205,0.9965853313238788,,0.9995,783.0,0.783,,,,,,,,1.967423,,1.967423,,,,1046.44140625,ok,False,,,N,2000,,True,outputs_revision/runtime_synth/runs.csv,,,,
runtime_synth__synthetic_n2000_d1000_noise3.0__runtime_nscale__seed3__divi,run_divi_runtime_synth.py,2026-03-25T10:11:12Z,unknown,x86_64,cpu,x86_64,synthetic,synthetic_n2000_d1000_noise3.0,runtime_nscale,2000,1000,3,0.01,0.99,3.0,20262326.0,3,divi,1.0,divi,2000.0,1.0,80.0,auto_entropy,1418.9385332046727,1.0,0.01,1.0,0.1,300.0,300.0,4,3,80.0,240.0,"[80, 160, 240]",0.8667376180283305,0.8968565031180705,,0.843,10.0,0.01,0.2094563841819763,0.1859322339296341,3931735.75,3850844.5,80891.25,3861659.25,35.038299560546875,40.67436973599979,3.6852839949988265,36.866510723999454,0.1081216920010774,0.1182292149987915,0.1228883690799981,1259.94140625,ok,False,,,N,2000,,True,outputs_revision/runtime_synth/runs.csv,,,,
runtime_synth__synthetic_n2000_d1000_noise3.0__runtime_nscale__seed3__kmeans_oracle,run_divi_runtime_synth.py,2026-03-25T10:11:14Z,unknown,x86_64,cpu,x86_64,synthetic,synthetic_n2000_d1000_noise3.0,runtime_nscale,2000,1000,3,0.01,0.99,3.0,20262326.0,3,kmeans_oracle,,kmeans_oracle,,,,,,,,,,,,3,0,,,[],0.8027641588005743,0.7701338207621181,,0.9285,,,,,,,,,,1.927125,,1.927125,,,,1259.94140625,ok,False,,,N,2000,,True,outputs_revision/runtime_synth/runs.csv,,,,
runtime_synth__synthetic_n2000_d1000_noise3.0__runtime_nscale__seed3__gmm_oracle,run_divi_runtime_synth.py,2026-03-25T10:11:18Z,unknown,x86_64,cpu,x86_64,synthetic,synthetic_n2000_d1000_noise3.0,runtime_nscale,2000,1000,3,0.01,0.99,3.0,20262326.0,3,gmm_oracle,,gmm_oracle,,,,,,,,,,,,3,0,,,[],0.4301080481909995,0.4714490659192422,,0.689,,,,,,,,,,3.83501,,3.83501,,,,1259.94140625,ok,False,,,N,2000,,True,outputs_revision/runtime_synth/runs.csv,,,,
runtime_synth__synthetic_n2000_d1000_noise3.0__runtime_nscale__seed3__spkm,run_divi_runtime_synth.py,2026-03-25T10:11:20Z,unknown,x86_64,cpu,x86_64,synthetic,synthetic_n2000_d1000_noise3.0,runtime_nscale,2000,1000,3,0.01,0.99,3.0,20262326.0,3,spkm,,spkm,,,,,,,,,,,,3,0,,,[],0.998498874063205,0.9965853313238788,,0.9995,783.0,0.783,,,,,,,,1.980787,,1.980787,,,,1259.94140625,ok,False,,,N,2000,,True,outputs_revision/runtime_synth/runs.csv,,,,
runtime_synth__synthetic_n2000_d1000_noise3.0__runtime_nscale__seed4__divi,run_divi_runtime_synth.py,2026-03-25T10:11:59Z,unknown,x86_64,cpu,x86_64,synthetic,synthetic_n2000_d1000_noise3.0,runtime_nscale,2000,1000,3,0.01,0.99,3.0,20262326.0,4,divi,1.0,divi,2000.0,1.0,80.0,auto_entropy,1418.9385332046727,1.0,0.01,1.0,0.1,300.0,300.0,4,3,80.0,240.0,"[80, 160, 240]",0.8744463820769158,0.9028482883692924,,0.871,10.0,0.01,0.210249051451683,0.1894998550415039,3931514.5,3838533.5,92981.0,3860514.0,35.50029754638672,38.39190310399863,2.7493002110004454,35.52085621900005,0.1069165720000455,0.1174359380001988,0.1184028540633335,1107.48046875,ok,False,,,N,2000,,True,outputs_revision/runtime_synth/runs.csv,,,,
runtime_synth__synthetic_n2000_d1000_noise3.0__runtime_nscale__seed4__kmeans_oracle,run_divi_runtime_synth.py,2026-03-25T10:12:00Z,unknown,x86_64,cpu,x86_64,synthetic,synthetic_n2000_d1000_noise3.0,runtime_nscale,2000,1000,3,0.01,0.99,3.0,20262326.0,4,kmeans_oracle,,kmeans_oracle,,,,,,,,,,,,3,0,,,[],0.734111038551505,0.7034659113485042,,0.8995,,,,,,,,,,1.012508,,1.012508,,,,1107.48046875,ok,False,,,N,2000,,True,outputs_revision/runtime_synth/runs.csv,,,,
runtime_synth__synthetic_n2000_d1000_noise3.0__runtime_nscale__seed4__gmm_oracle,run_divi_runtime_synth.py,2026-03-25T10:12:04Z,unknown,x86_64,cpu,x86_64,synthetic,synthetic_n2000_d1000_noise3.0,runtime_nscale,2000,1000,3,0.01,0.99,3.0,20262326.0,4,gmm_oracle,,gmm_oracle,,,,,,,,,,,,3,0,,,[],0.4465585324820108,0.4931315934393226,,0.664,,,,,,,,,,3.909751,,3.909751,,,,1107.48046875,ok,False,,,N,2000,,True,outputs_revision/runtime_synth/runs.csv,,,,
runtime_synth__synthetic_n2000_d1000_noise3.0__runtime_nscale__seed4__spkm,run_divi_runtime_synth.py,2026-03-25T10:12:07Z,unknown,x86_64,cpu,x86_64,synthetic,synthetic_n2000_d1000_noise3.0,runtime_nscale,2000,1000,3,0.01,0.99,3.0,20262326.0,4,spkm,,spkm,,,,,,,,,,,,3,0,,,[],0.998498874063205,0.9965853313238788,,0.9995,783.0,0.783,,,,,,,,3.216794,,3.216794,,,,1107.48046875,ok,False,,,N,2000,,True,outputs_revision/runtime_synth/runs.csv,,,,
runtime_synth__synthetic_n5000_d1000_noise3.0__runtime_nscale__seed0__divi,run_divi_runtime_synth.py,2026-03-25T10:14:57Z,unknown,x86_64,cpu,x86_64,synthetic,synthetic_n5000_d1000_noise3.0,runtime_nscale,5000,1000,3,0.01,0.99,3.0,20265326.0,0,divi,1.0,divi,5000.0,1.0,80.0,auto_entropy,1418.9385332046727,1.0,0.01,1.0,0.1,300.0,300.0,4,3,80.0,240.0,"[80, 160, 240]",0.8781776262821925,0.8994354527293633,,0.8842,10.0,0.01,0.1801842302083969,0.1626709550619125,9897041.0,9710338.0,186703.0,9751314.0,29.14548110961914,169.98723116100155,5.809441458000947,163.45458702399992,0.2707639719992585,0.7132638160001079,0.5448486234133331,970.1484375,ok,False,,,N,5000,,True,outputs_revision/runtime_synth/runs.csv,,,,
runtime_synth__synthetic_n5000_d1000_noise3.0__runtime_nscale__seed0__kmeans_oracle,run_divi_runtime_synth.py,2026-03-25T10:15:00Z,unknown,x86_64,cpu,x86_64,synthetic,synthetic_n5000_d1000_noise3.0,runtime_nscale,5000,1000,3,0.01,0.99,3.0,20265326.0,0,kmeans_oracle,,kmeans_oracle,,,,,,,,,,,,3,0,,,[],0.9773847107525756,0.9584443252453424,,0.9924,,,,,,,,,,2.680002,,2.680002,,,,970.1484375,ok,False,,,N,5000,,True,outputs_revision/runtime_synth/runs.csv,,,,
runtime_synth__synthetic_n5000_d1000_noise3.0__runtime_nscale__seed0__gmm_oracle,run_divi_runtime_synth.py,2026-03-25T10:15:23Z,unknown,x86_64,cpu,x86_64,synthetic,synthetic_n5000_d1000_noise3.0,runtime_nscale,5000,1000,3,0.01,0.99,3.0,20265326.0,0,gmm_oracle,,gmm_oracle,,,,,,,,,,,,3,0,,,[],0.981519238915484,0.9648069572588794,,0.9938,,,,,,,,,,23.061403,,23.061403,,,,970.1484375,ok,False,,,N,5000,,True,outputs_revision/runtime_synth/runs.csv,,,,
runtime_synth__synthetic_n5000_d1000_noise3.0__runtime_nscale__seed0__spkm,run_divi_runtime_synth.py,2026-03-25T10:15:29Z,unknown,x86_64,cpu,x86_64,synthetic,synthetic_n5000_d1000_noise3.0,runtime_nscale,5000,1000,3,0.01,0.99,3.0,20265326.0,0,spkm,,spkm,,,,,,,,,,,,3,0,,,[],0.9946081072363442,0.9878178584818714,,0.9982,571.0,0.571,,,,,,,,5.867291,,5.867291,,,,970.1484375,ok,False,,,N,5000,,True,outputs_revision/runtime_synth/runs.csv,,,,
runtime_synth__synthetic_n5000_d1000_noise3.0__runtime_nscale__seed1__divi,run_divi_runtime_synth.py,2026-03-25T10:18:28Z,unknown,x86_64,cpu,x86_64,synthetic,synthetic_n5000_d1000_noise3.0,runtime_nscale,5000,1000,3,0.01,0.99,3.0,20265326.0,1,divi,1.0,divi,5000.0,1.0,80.0,auto_entropy,1418.9385332046727,1.0,0.01,1.0,0.1,300.0,300.0,4,3,80.0,240.0,"[80, 160, 240]",0.867654765692908,0.8970385233763651,,0.8536,10.0,0.01,0.1807508617639541,0.1628883779048919,9895796.0,9684350.0,211446.0,9748726.0,29.413986206054688,178.77651495300051,6.204419509000218,171.8564314409996,0.5024495859979652,0.7050117750004574,0.5728547714699986,932.00390625,ok,False,,,N,5000,,True,outputs_revision/runtime_synth/runs.csv,,,,
runtime_synth__synthetic_n5000_d1000_noise3.0__runtime_nscale__seed1__kmeans_oracle,run_divi_runtime_synth.py,2026-03-25T10:18:31Z,unknown,x86_64,cpu,x86_64,synthetic,synthetic_n5000_d1000_noise3.0,runtime_nscale,5000,1000,3,0.01,0.99,3.0,20265326.0,1,kmeans_oracle,,kmeans_oracle,,,,,,,,,,,,3,0,,,[],0.980335094067997,0.9628417387815744,,0.9934,,,,,,,,,,2.845429,,2.845429,,,,932.00390625,ok,False,,,N,5000,,True,outputs_revision/runtime_synth/runs.csv,,,,
runtime_synth__synthetic_n5000_d1000_noise3.0__runtime_nscale__seed1__gmm_oracle,run_divi_runtime_synth.py,2026-03-25T10:18:55Z,unknown,x86_64,cpu,x86_64,synthetic,synthetic_n5000_d1000_noise3.0,runtime_nscale,5000,1000,3,0.01,0.99,3.0,20265326.0,1,gmm_oracle,,gmm_oracle,,,,,,,,,,,,3,0,,,[],0.9756101360386172,0.9557765889178278,,0.9918,,,,,,,,,,24.290571,,24.290571,,,,932.00390625,ok,False,,,N,5000,,True,outputs_revision/runtime_synth/runs.csv,,,,
runtime_synth__synthetic_n5000_d1000_noise3.0__runtime_nscale__seed1__spkm,run_divi_runtime_synth.py,2026-03-25T10:19:02Z,unknown,x86_64,cpu,x86_64,synthetic,synthetic_n5000_d1000_noise3.0,runtime_nscale,5000,1000,3,0.01,0.99,3.0,20265326.0,1,spkm,,spkm,,,,,,,,,,,,3,0,,,[],0.9946081072363442,0.9878178584818714,,0.9982,571.0,0.571,,,,,,,,6.578606,,6.578606,,,,932.00390625,ok,False,,,N,5000,,True,outputs_revision/runtime_synth/runs.csv,,,,
runtime_synth__synthetic_n5000_d1000_noise3.0__runtime_nscale__seed2__divi,run_divi_runtime_synth.py,2026-03-25T10:22:07Z,unknown,x86_64,cpu,x86_64,synthetic,synthetic_n5000_d1000_noise3.0,runtime_nscale,5000,1000,3,0.01,0.99,3.0,20265326.0,2,divi,1.0,divi,5000.0,1.0,80.0,auto_entropy,1418.9385332046727,1.0,0.01,1.0,0.1,300.0,300.0,4,3,80.0,240.0,"[80, 160, 240]",0.8681422916534189,0.8972606389764849,,0.8558,10.0,0.01,0.1798784434795379,0.1610104441642761,9895956.0,9704108.0,191848.0,9751583.0,28.87469482421875,184.61468208599945,6.027301792000799,177.84483333299977,0.4417425959982211,0.731636360000266,0.5928161111099992,703.48046875,ok,False,,,N,5000,,True,outputs_revision/runtime_synth/runs.csv,,,,
runtime_synth__synthetic_n5000_d1000_noise3.0__runtime_nscale__seed2__kmeans_oracle,run_divi_runtime_synth.py,2026-03-25T10:22:09Z,unknown,x86_64,cpu,x86_64,synthetic,synthetic_n5000_d1000_noise3.0,runtime_nscale,5000,1000,3,0.01,0.99,3.0,20265326.0,2,kmeans_oracle,,kmeans_oracle,,,,,,,,,,,,3,0,,,[],0.9821096399855208,0.9656983530175968,,0.994,,,,,,,,,,2.528371,,2.528371,,,,703.48046875,ok,False,,,N,5000,,True,outputs_revision/runtime_synth/runs.csv,,,,
runtime_synth__synthetic_n5000_d1000_noise3.0__runtime_nscale__seed2__gmm_oracle,run_divi_runtime_synth.py,2026-03-25T10:22:33Z,unknown,x86_64,cpu,x86_64,synthetic,synthetic_n5000_d1000_noise3.0,runtime_nscale,5000,1000,3,0.01,0.99,3.0,20265326.0,2,gmm_oracle,,gmm_oracle,,,,,,,,,,,,3,0,,,[],0.9756168966525668,0.9554767104601586,,0.9918,,,,,,,,,,23.953572,,23.953572,,,,703.48046875,ok,False,,,N,5000,,True,outputs_revision/runtime_synth/runs.csv,,,,
runtime_synth__synthetic_n5000_d1000_noise3.0__runtime_nscale__seed2__spkm,run_divi_runtime_synth.py,2026-03-25T10:22:39Z,unknown,x86_64,cpu,x86_64,synthetic,synthetic_n5000_d1000_noise3.0,runtime_nscale,5000,1000,3,0.01,0.99,3.0,20265326.0,2,spkm,,spkm,,,,,,,,,,,,3,0,,,[],0.9946081072363442,0.9878178584818714,,0.9982,571.0,0.571,,,,,,,,5.914285,,5.914285,,,,703.48046875,ok,False,,,N,5000,,True,outputs_revision/runtime_synth/runs.csv,,,,
runtime_synth__synthetic_n5000_d1000_noise3.0__runtime_nscale__seed3__divi,run_divi_runtime_synth.py,2026-03-25T10:25:49Z,unknown,x86_64,cpu,x86_64,synthetic,synthetic_n5000_d1000_noise3.0,runtime_nscale,5000,1000,3,0.01,0.99,3.0,20265326.0,3,divi,1.0,divi,5000.0,1.0,80.0,auto_entropy,1418.9385332046727,1.0,0.01,1.0,0.1,300.0,300.0,4,3,80.0,240.0,"[80, 160, 240]",0.8639999186678575,0.8926021448832319,,0.8344,10.0,0.01,0.1799983531236648,0.1594143658876419,9895810.0,9720845.0,174965.0,9751536.0,28.85470199584961,189.50273471200128,6.653077126999051,182.20492525100053,0.4322358999997959,0.6345065240002441,0.6073497508366684,913.2890625,ok,False,,,N,5000,,True,outputs_revision/runtime_synth/runs.csv,,,,
runtime_synth__synthetic_n5000_d1000_noise3.0__runtime_nscale__seed3__kmeans_oracle,run_divi_runtime_synth.py,2026-03-25T10:25:51Z,unknown,x86_64,cpu,x86_64,synthetic,synthetic_n5000_d1000_noise3.0,runtime_nscale,5000,1000,3,0.01,0.99,3.0,20265326.0,3,kmeans_oracle,,kmeans_oracle,,,,,,,,,,,,3,0,,,[],0.9815236715844934,0.9653005389871075,,0.9938,,,,,,,,,,2.158377,,2.158377,,,,913.2890625,ok,False,,,N,5000,,True,outputs_revision/runtime_synth/runs.csv,,,,
runtime_synth__synthetic_n5000_d1000_noise3.0__runtime_nscale__seed3__gmm_oracle,run_divi_runtime_synth.py,2026-03-25T10:26:15Z,unknown,x86_64,cpu,x86_64,synthetic,synthetic_n5000_d1000_noise3.0,runtime_nscale,5000,1000,3,0.01,0.99,3.0,20265326.0,3,gmm_oracle,,gmm_oracle,,,,,,,,,,,,3,0,,,[],0.9762108976597886,0.9570363910935544,,0.992,,,,,,,,,,24.164409,,24.164409,,,,913.2890625,ok,False,,,N,5000,,True,outputs_revision/runtime_synth/runs.csv,,,,
runtime_synth__synthetic_n5000_d1000_noise3.0__runtime_nscale__seed3__spkm,run_divi_runtime_synth.py,2026-03-25T10:26:22Z,unknown,x86_64,cpu,x86_64,synthetic,synthetic_n5000_d1000_noise3.0,runtime_nscale,5000,1000,3,0.01,0.99,3.0,20265326.0,3,spkm,,spkm,,,,,,,,,,,,3,0,,,[],0.9946081072363442,0.9878178584818714,,0.9982,571.0,0.571,,,,,,,,6.823353,,6.823353,,,,913.2890625,ok,False,,,N,5000,,True,outputs_revision/runtime_synth/runs.csv,,,,
runtime_synth__synthetic_n5000_d1000_noise3.0__runtime_nscale__seed4__divi,run_divi_runtime_synth.py,2026-03-25T10:29:23Z,unknown,x86_64,cpu,x86_64,synthetic,synthetic_n5000_d1000_noise3.0,runtime_nscale,5000,1000,3,0.01,0.99,3.0,20265326.0,4,divi,1.0,divi,5000.0,1.0,80.0,auto_entropy,1418.9385332046727,1.0,0.01,1.0,0.1,300.0,300.0,4,3,80.0,240.0,"[80, 160, 240]",0.9285634117468116,0.9142102125462194,,0.9506,10.0,0.01,0.1803774386644363,0.1618621945381164,9896898.0,9716531.0,180367.0,9751061.0,29.167449951171875,180.3529641490004,6.265300778000892,173.13674277899918,0.4662404469981993,0.9408251280001424,0.5771224759299972,760.57421875,ok,False,,,N,5000,,True,outputs_revision/runtime_synth/runs.csv,,,,
runtime_synth__synthetic_n5000_d1000_noise3.0__runtime_nscale__seed4__kmeans_oracle,run_divi_runtime_synth.py,2026-03-25T10:29:26Z,unknown,x86_64,cpu,x86_64,synthetic,synthetic_n5000_d1000_noise3.0,runtime_nscale,5000,1000,3,0.01,0.99,3.0,20265326.0,4,kmeans_oracle,,kmeans_oracle,,,,,,,,,,,,3,0,,,[],0.980930563614288,0.9643814906249448,,0.9936,,,,,,,,,,2.262704,,2.262704,,,,760.57421875,ok,False,,,N,5000,,True,outputs_revision/runtime_synth/runs.csv,,,,
runtime_synth__synthetic_n5000_d1000_noise3.0__runtime_nscale__seed4__gmm_oracle,run_divi_runtime_synth.py,2026-03-25T10:29:47Z,unknown,x86_64,cpu,x86_64,synthetic,synthetic_n5000_d1000_noise3.0,runtime_nscale,5000,1000,3,0.01,0.99,3.0,20265326.0,4,gmm_oracle,,gmm_oracle,,,,,,,,,,,,3,0,,,[],0.9809261894450538,0.9640379094052256,,0.9936,,,,,,,,,,21.899753,,21.899753,,,,760.57421875,ok,False,,,N,5000,,True,outputs_revision/runtime_synth/runs.csv,,,,
runtime_synth__synthetic_n5000_d1000_noise3.0__runtime_nscale__seed4__spkm,run_divi_runtime_synth.py,2026-03-25T10:29:54Z,unknown,x86_64,cpu,x86_64,synthetic,synthetic_n5000_d1000_noise3.0,runtime_nscale,5000,1000,3,0.01,0.99,3.0,20265326.0,4,spkm,,spkm,,,,,,,,,,,,3,0,,,[],0.9946081072363442,0.9878178584818714,,0.9982,571.0,0.571,,,,,,,,6.63004,,6.63004,,,,760.57421875,ok,False,,,N,5000,,True,outputs_revision/runtime_synth/runs.csv,,,,
runtime_synth__synthetic_n1000_d100_noise3.0__runtime_dscale__seed0__divi,run_divi_runtime_synth_direct.py,2026-03-25T12:03:47Z,unknown,x86_64,cpu,x86_64,synthetic,synthetic_n1000_d100_noise3.0,runtime_dscale,1000,100,3,0.1,0.9,3.0,20260425.0,0,divi,1.0,divi,1000.0,1.0,80.0,auto_entropy,141.89385332046726,1.0,0.01,1.0,0.1,300.0,300.0,4,3,80.0,240.0,"[80, 160, 240]",0.8790863947577888,0.9094849103554182,1.0,0.879,10.0,0.1,0.2848047316074371,0.2045182287693023,187202.46875,179704.53125,7497.9375,183629.0625,3.573408365249634,3.803013703000033,0.1882121210001059,2.2569028149991937,0.007537339002738,0.0069537470008071,0.0075230093833306,459.109375,ok,False,,,D,100,,True,outputs_revision/runtime_synth/runs.csv,,,,
runtime_synth__synthetic_n1000_d100_noise3.0__runtime_dscale__seed0__kmeans_oracle,run_divi_runtime_synth_direct.py,2026-03-25T12:03:47Z,unknown,x86_64,cpu,x86_64,synthetic,synthetic_n1000_d100_noise3.0,runtime_dscale,1000,100,3,0.1,0.9,3.0,20260425.0,0,kmeans_oracle,,kmeans_oracle,,,,,,,,,,,,3,0,,,[],1.0,1.0,,1.0,,,,,,,,,,0.036396,,0.036396,,,,459.4375,ok,False,,,D,100,,True,outputs_revision/runtime_synth/runs.csv,,,,
runtime_synth__synthetic_n1000_d100_noise3.0__runtime_dscale__seed0__gmm_oracle,run_divi_runtime_synth_direct.py,2026-03-25T12:03:47Z,unknown,x86_64,cpu,x86_64,synthetic,synthetic_n1000_d100_noise3.0,runtime_dscale,1000,100,3,0.1,0.9,3.0,20260425.0,0,gmm_oracle,,gmm_oracle,,,,,,,,,,,,3,0,,,[],1.0,1.0,,1.0,,,,,,,,,,0.060418,,0.060418,,,,461.21875,ok,False,,,D,100,,True,outputs_revision/runtime_synth/runs.csv,,,,
runtime_synth__synthetic_n1000_d100_noise3.0__runtime_dscale__seed0__spkm,run_divi_runtime_synth_direct.py,2026-03-25T12:03:47Z,unknown,x86_64,cpu,x86_64,synthetic,synthetic_n1000_d100_noise3.0,runtime_dscale,1000,100,3,0.1,0.9,3.0,20260425.0,0,spkm,,spkm,,,,,,,,,,,,3,0,,,[],1.0,1.0,0.1904761904761904,1.0,95.0,0.95,,,,,,,,0.082167,,0.082167,,,,461.640625,ok,False,,,D,100,,True,outputs_revision/runtime_synth/runs.csv,,,,
runtime_synth__synthetic_n1000_d100_noise3.0__runtime_dscale__seed1__divi,run_divi_runtime_synth_direct.py,2026-03-25T12:03:50Z,unknown,x86_64,cpu,x86_64,synthetic,synthetic_n1000_d100_noise3.0,runtime_dscale,1000,100,3,0.1,0.9,3.0,20260425.0,1,divi,1.0,divi,1000.0,1.0,80.0,auto_entropy,141.89385332046726,1.0,0.01,1.0,0.1,300.0,300.0,4,3,80.0,240.0,"[80, 160, 240]",0.8717912569048336,0.906079716572033,1.0,0.858,10.0,0.1,0.2808740437030792,0.2018592059612274,187168.109375,177899.140625,9268.96875,183878.390625,3.2897229194641118,2.37884408500031,0.1840955999978177,2.1876422650020686,0.0057750049963942,0.0062844909989507,0.0072921408833402,475.15234375,ok,False,,,D,100,,True,outputs_revision/runtime_synth/runs.csv,,,,
runtime_synth__synthetic_n1000_d100_noise3.0__runtime_dscale__seed1__kmeans_oracle,run_divi_runtime_synth_direct.py,2026-03-25T12:03:50Z,unknown,x86_64,cpu,x86_64,synthetic,synthetic_n1000_d100_noise3.0,runtime_dscale,1000,100,3,0.1,0.9,3.0,20260425.0,1,kmeans_oracle,,kmeans_oracle,,,,,,,,,,,,3,0,,,[],1.0,1.0,,1.0,,,,,,,,,,0.039175,,0.039175,,,,475.15234375,ok,False,,,D,100,,True,outputs_revision/runtime_synth/runs.csv,,,,
runtime_synth__synthetic_n1000_d100_noise3.0__runtime_dscale__seed1__gmm_oracle,run_divi_runtime_synth_direct.py,2026-03-25T12:03:50Z,unknown,x86_64,cpu,x86_64,synthetic,synthetic_n1000_d100_noise3.0,runtime_dscale,1000,100,3,0.1,0.9,3.0,20260425.0,1,gmm_oracle,,gmm_oracle,,,,,,,,,,,,3,0,,,[],0.9970015045323004,0.9938029489046496,,0.999,,,,,,,,,,0.057001,,0.057001,,,,475.15234375,ok,False,,,D,100,,True,outputs_revision/runtime_synth/runs.csv,,,,
runtime_synth__synthetic_n1000_d100_noise3.0__runtime_dscale__seed1__spkm,run_divi_runtime_synth_direct.py,2026-03-25T12:03:50Z,unknown,x86_64,cpu,x86_64,synthetic,synthetic_n1000_d100_noise3.0,runtime_dscale,1000,100,3,0.1,0.9,3.0,20260425.0,1,spkm,,spkm,,,,,,,,,,,,3,0,,,[],1.0,1.0,0.1904761904761904,1.0,95.0,0.95,,,,,,,,0.098977,,0.098977,,,,475.16015625,ok,False,,,D,100,,True,outputs_revision/runtime_synth/runs.csv,,,,
runtime_synth__synthetic_n1000_d100_noise3.0__runtime_dscale__seed2__divi,run_divi_runtime_synth_direct.py,2026-03-25T12:03:52Z,unknown,x86_64,cpu,x86_64,synthetic,synthetic_n1000_d100_noise3.0,runtime_dscale,1000,100,3,0.1,0.9,3.0,20260425.0,2,divi,1.0,divi,1000.0,1.0,80.0,auto_entropy,141.89385332046726,1.0,0.01,1.0,0.1,300.0,300.0,4,3,80.0,240.0,"[80, 160, 240]",0.8829865582560039,0.911349518786087,1.0,0.887,10.0,0.1,0.2850266396999359,0.2068149298429489,187234.5,178575.171875,8659.328125,183602.8125,3.631682872772217,2.166372395997314,0.1643594209999719,1.99554625699966,0.0057143039994116,0.0057322159991599,0.0066518208566655,465.7734375,ok,False,,,D,100,,True,outputs_revision/runtime_synth/runs.csv,,,,
runtime_synth__synthetic_n1000_d100_noise3.0__runtime_dscale__seed2__kmeans_oracle,run_divi_runtime_synth_direct.py,2026-03-25T12:03:52Z,unknown,x86_64,cpu,x86_64,synthetic,synthetic_n1000_d100_noise3.0,runtime_dscale,1000,100,3,0.1,0.9,3.0,20260425.0,2,kmeans_oracle,,kmeans_oracle,,,,,,,,,,,,3,0,,,[],1.0,1.0,,1.0,,,,,,,,,,0.03915,,0.03915,,,,465.7734375,ok,False,,,D,100,,True,outputs_revision/runtime_synth/runs.csv,,,,
runtime_synth__synthetic_n1000_d100_noise3.0__runtime_dscale__seed2__gmm_oracle,run_divi_runtime_synth_direct.py,2026-03-25T12:03:52Z,unknown,x86_64,cpu,x86_64,synthetic,synthetic_n1000_d100_noise3.0,runtime_dscale,1000,100,3,0.1,0.9,3.0,20260425.0,2,gmm_oracle,,gmm_oracle,,,,,,,,,,,,3,0,,,[],1.0,1.0,,1.0,,,,,,,,,,0.094502,,0.094502,,,,465.7734375,ok,False,,,D,100,,True,outputs_revision/runtime_synth/runs.csv,,,,
runtime_synth__synthetic_n1000_d100_noise3.0__runtime_dscale__seed2__spkm,run_divi_runtime_synth_direct.py,2026-03-25T12:03:53Z,unknown,x86_64,cpu,x86_64,synthetic,synthetic_n1000_d100_noise3.0,runtime_dscale,1000,100,3,0.1,0.9,3.0,20260425.0,2,spkm,,spkm,,,,,,,,,,,,3,0,,,[],1.0,1.0,0.1904761904761904,1.0,95.0,0.95,,,,,,,,0.125076,,0.125076,,,,465.77734375,ok,False,,,D,100,,True,outputs_revision/runtime_synth/runs.csv,,,,
runtime_synth__synthetic_n1000_d100_noise3.0__runtime_dscale__seed3__divi,run_divi_runtime_synth_direct.py,2026-03-25T12:03:55Z,unknown,x86_64,cpu,x86_64,synthetic,synthetic_n1000_d100_noise3.0,runtime_dscale,1000,100,3,0.1,0.9,3.0,20260425.0,3,divi,1.0,divi,1000.0,1.0,80.0,auto_entropy,141.89385332046726,1.0,0.01,1.0,0.1,300.0,300.0,4,3,80.0,240.0,"[80, 160, 240]",0.869828316109374,0.9051810602393668,1.0,0.848,10.0,0.1,0.2801240682601928,0.2017895579338073,187181.796875,175497.203125,11684.59375,183925.59375,3.2562038898468018,2.792261656999472,0.2069181830011075,2.576151295997988,0.0063072050033952,0.0082246029996895,0.0085871709866599,465.78515625,ok,False,,,D,100,,True,outputs_revision/runtime_synth/runs.csv,,,,
runtime_synth__synthetic_n1000_d100_noise3.0__runtime_dscale__seed3__kmeans_oracle,run_divi_runtime_synth_direct.py,2026-03-25T12:03:55Z,unknown,x86_64,cpu,x86_64,synthetic,synthetic_n1000_d100_noise3.0,runtime_dscale,1000,100,3,0.1,0.9,3.0,20260425.0,3,kmeans_oracle,,kmeans_oracle,,,,,,,,,,,,3,0,,,[],1.0,1.0,,1.0,,,,,,,,,,0.057363,,0.057363,,,,465.78515625,ok,False,,,D,100,,True,outputs_revision/runtime_synth/runs.csv,,,,
runtime_synth__synthetic_n1000_d100_noise3.0__runtime_dscale__seed3__gmm_oracle,run_divi_runtime_synth_direct.py,2026-03-25T12:03:56Z,unknown,x86_64,cpu,x86_64,synthetic,synthetic_n1000_d100_noise3.0,runtime_dscale,1000,100,3,0.1,0.9,3.0,20260425.0,3,gmm_oracle,,gmm_oracle,,,,,,,,,,,,3,0,,,[],1.0,1.0,,1.0,,,,,,,,,,0.231152,,0.231152,,,,465.7890625,ok,False,,,D,100,,True,outputs_revision/runtime_synth/runs.csv,,,,
runtime_synth__synthetic_n1000_d100_noise3.0__runtime_dscale__seed3__spkm,run_divi_runtime_synth_direct.py,2026-03-25T12:03:56Z,unknown,x86_64,cpu,x86_64,synthetic,synthetic_n1000_d100_noise3.0,runtime_dscale,1000,100,3,0.1,0.9,3.0,20260425.0,3,spkm,,spkm,,,,,,,,,,,,3,0,,,[],1.0,1.0,0.1904761904761904,1.0,95.0,0.95,,,,,,,,0.159605,,0.159605,,,,465.7890625,ok,False,,,D,100,,True,outputs_revision/runtime_synth/runs.csv,,,,
runtime_synth__synthetic_n1000_d100_noise3.0__runtime_dscale__seed4__divi,run_divi_runtime_synth_direct.py,2026-03-25T12:03:58Z,unknown,x86_64,cpu,x86_64,synthetic,synthetic_n1000_d100_noise3.0,runtime_dscale,1000,100,3,0.1,0.9,3.0,20260425.0,4,divi,1.0,divi,1000.0,1.0,80.0,auto_entropy,141.89385332046726,1.0,0.01,1.0,0.1,300.0,300.0,4,3,80.0,240.0,"[80, 160, 240]",0.86968590675457,0.9051161454734876,1.0,0.847,10.0,0.1,0.2814654111862182,0.1931620240211486,187226.015625,178759.140625,8466.875,183830.328125,3.395685195922852,2.246019800997601,0.1958127319994673,2.0420905710016086,0.0057998169977508,0.0073694170023372,0.0068069685700053,465.4453125,ok,False,,,D,100,,True,outputs_revision/runtime_synth/runs.csv,,,,
runtime_synth__synthetic_n1000_d100_noise3.0__runtime_dscale__seed4__kmeans_oracle,run_divi_runtime_synth_direct.py,2026-03-25T12:03:58Z,unknown,x86_64,cpu,x86_64,synthetic,synthetic_n1000_d100_noise3.0,runtime_dscale,1000,100,3,0.1,0.9,3.0,20260425.0,4,kmeans_oracle,,kmeans_oracle,,,,,,,,,,,,3,0,,,[],1.0,1.0,,1.0,,,,,,,,,,0.04417,,0.04417,,,,465.4453125,ok,False,,,D,100,,True,outputs_revision/runtime_synth/runs.csv,,,,
runtime_synth__synthetic_n1000_d100_noise3.0__runtime_dscale__seed4__gmm_oracle,run_divi_runtime_synth_direct.py,2026-03-25T12:03:58Z,unknown,x86_64,cpu,x86_64,synthetic,synthetic_n1000_d100_noise3.0,runtime_dscale,1000,100,3,0.1,0.9,3.0,20260425.0,4,gmm_oracle,,gmm_oracle,,,,,,,,,,,,3,0,,,[],0.9970015045323004,0.9938029489046496,,0.999,,,,,,,,,,0.100289,,0.100289,,,,465.4453125,ok,False,,,D,100,,True,outputs_revision/runtime_synth/runs.csv,,,,
runtime_synth__synthetic_n1000_d100_noise3.0__runtime_dscale__seed4__spkm,run_divi_runtime_synth_direct.py,2026-03-25T12:03:58Z,unknown,x86_64,cpu,x86_64,synthetic,synthetic_n1000_d100_noise3.0,runtime_dscale,1000,100,3,0.1,0.9,3.0,20260425.0,4,spkm,,spkm,,,,,,,,,,,,3,0,,,[],1.0,1.0,0.1904761904761904,1.0,95.0,0.95,,,,,,,,0.107402,,0.107402,,,,465.44921875,ok,False,,,D,100,,True,outputs_revision/runtime_synth/runs.csv,,,,
runtime_synth__synthetic_n1000_d500_noise3.0__runtime_dscale__seed0__divi,run_divi_runtime_synth_direct.py,2026-03-25T12:04:10Z,unknown,x86_64,cpu,x86_64,synthetic,synthetic_n1000_d500_noise3.0,runtime_dscale,1000,500,3,0.02,0.98,3.0,20260825.0,0,divi,1.0,divi,1000.0,1.0,80.0,auto_entropy,709.4692666023363,1.0,0.01,1.0,0.1,300.0,300.0,4,3,80.0,240.0,"[80, 160, 240]",0.8678246112931919,0.8998556849854175,0.8,0.844,15.0,0.03,0.2447852492332458,0.2151339650154113,971687.8125,940874.3125,30813.5,951060.5,20.62730407714844,12.13497088999793,0.9113581359997625,11.182148122999934,0.0254370379989268,0.040186790000007,0.0372738270766664,529.53125,ok,False,,,D,500,,True,outputs_revision/runtime_synth/runs.csv,,,,
runtime_synth__synthetic_n1000_d500_noise3.0__runtime_dscale__seed0__kmeans_oracle,run_divi_runtime_synth_direct.py,2026-03-25T12:04:11Z,unknown,x86_64,cpu,x86_64,synthetic,synthetic_n1000_d500_noise3.0,runtime_dscale,1000,500,3,0.02,0.98,3.0,20260825.0,0,kmeans_oracle,,kmeans_oracle,,,,,,,,,,,,3,0,,,[],0.709732882357319,0.6855525018315312,,0.888,,,,,,,,,,0.283686,,0.283686,,,,529.53125,ok,False,,,D,500,,True,outputs_revision/runtime_synth/runs.csv,,,,
runtime_synth__synthetic_n1000_d500_noise3.0__runtime_dscale__seed0__gmm_oracle,run_divi_runtime_synth_direct.py,2026-03-25T12:04:12Z,unknown,x86_64,cpu,x86_64,synthetic,synthetic_n1000_d500_noise3.0,runtime_dscale,1000,500,3,0.02,0.98,3.0,20260825.0,0,gmm_oracle,,gmm_oracle,,,,,,,,,,,,3,0,,,[],0.4530917275995816,0.4928627179348216,,0.701,,,,,,,,,,0.87489,,0.87489,,,,532.53125,ok,False,,,D,500,,True,outputs_revision/runtime_synth/runs.csv,,,,
runtime_synth__synthetic_n1000_d500_noise3.0__runtime_dscale__seed0__spkm,run_divi_runtime_synth_direct.py,2026-03-25T12:04:12Z,unknown,x86_64,cpu,x86_64,synthetic,synthetic_n1000_d500_noise3.0,runtime_dscale,1000,500,3,0.02,0.98,3.0,20260825.0,0,spkm,,spkm,,,,,,,,,,,,3,0,,,[],0.994003000015024,0.9876059147486772,0.0436681222707423,0.998,448.0,0.896,,,,,,,,0.476789,,0.476789,,,,532.53515625,ok,False,,,D,500,,True,outputs_revision/runtime_synth/runs.csv,,,,
runtime_synth__synthetic_n1000_d500_noise3.0__runtime_dscale__seed1__divi,run_divi_runtime_synth_direct.py,2026-03-25T12:04:24Z,unknown,x86_64,cpu,x86_64,synthetic,synthetic_n1000_d500_noise3.0,runtime_dscale,1000,500,3,0.02,0.98,3.0,20260825.0,1,divi,1.0,divi,1000.0,1.0,80.0,auto_entropy,709.4692666023363,1.0,0.01,1.0,0.1,300.0,300.0,4,3,80.0,240.0,"[80, 160, 240]",0.8640508301215161,0.8940427467024771,0.8,0.834,15.0,0.03,0.2441339343786239,0.2116715312004089,971630.375,937627.5,34002.875,951244.3125,20.38605690002441,11.841207175999443,0.9076643449989206,10.898828983001296,0.029263868000271,0.033203366001544,0.0363294299433376,543.98828125,ok,False,,,D,500,,True,outputs_revision/runtime_synth/runs.csv,,,,
runtime_synth__synthetic_n1000_d500_noise3.0__runtime_dscale__seed1__kmeans_oracle,run_divi_runtime_synth_direct.py,2026-03-25T12:04:24Z,unknown,x86_64,cpu,x86_64,synthetic,synthetic_n1000_d500_noise3.0,runtime_dscale,1000,500,3,0.02,0.98,3.0,20260825.0,1,kmeans_oracle,,kmeans_oracle,,,,,,,,,,,,3,0,,,[],0.87160084933864,0.8320242909069556,,0.955,,,,,,,,,,0.261161,,0.261161,,,,543.98828125,ok,False,,,D,500,,True,outputs_revision/runtime_synth/runs.csv,,,,
runtime_synth__synthetic_n1000_d500_noise3.0__runtime_dscale__seed1__gmm_oracle,run_divi_runtime_synth_direct.py,2026-03-25T12:04:25Z,unknown,x86_64,cpu,x86_64,synthetic,synthetic_n1000_d500_noise3.0,runtime_dscale,1000,500,3,0.02,0.98,3.0,20260825.0,1,gmm_oracle,,gmm_oracle,,,,,,,,,,,,3,0,,,[],0.6824291541779783,0.664785091492741,,0.875,,,,,,,,,,0.941505,,0.941505,,,,543.9921875,ok,False,,,D,500,,True,outputs_revision/runtime_synth/runs.csv,,,,
runtime_synth__synthetic_n1000_d500_noise3.0__runtime_dscale__seed1__spkm,run_divi_runtime_synth_direct.py,2026-03-25T12:04:26Z,unknown,x86_64,cpu,x86_64,synthetic,synthetic_n1000_d500_noise3.0,runtime_dscale,1000,500,3,0.02,0.98,3.0,20260825.0,1,spkm,,spkm,,,,,,,,,,,,3,0,,,[],0.994003000015024,0.9876059147486772,0.0436681222707423,0.998,448.0,0.896,,,,,,,,0.484663,,0.484663,,,,543.9921875,ok,False,,,D,500,,True,outputs_revision/runtime_synth/runs.csv,,,,
runtime_synth__synthetic_n1000_d500_noise3.0__runtime_dscale__seed2__divi,run_divi_runtime_synth_direct.py,2026-03-25T12:04:38Z,unknown,x86_64,cpu,x86_64,synthetic,synthetic_n1000_d500_noise3.0,runtime_dscale,1000,500,3,0.02,0.98,3.0,20260825.0,2,divi,1.0,divi,1000.0,1.0,80.0,auto_entropy,709.4692666023363,1.0,0.01,1.0,0.1,300.0,300.0,4,3,80.0,240.0,"[80, 160, 240]",0.8666411491860637,0.8952024365215505,0.8,0.855,15.0,0.03,0.2442788779735565,0.2101117223501205,971719.0,946149.5625,25569.4375,951210.0,20.50899314880371,12.246655877002922,0.9154954020013976,11.29992271500305,0.0413947519991779,0.0297988780002924,0.0376664090500101,544.0,ok,False,,,D,500,,True,outputs_revision/runtime_synth/runs.csv,,,,
runtime_synth__synthetic_n1000_d500_noise3.0__runtime_dscale__seed2__kmeans_oracle,run_divi_runtime_synth_direct.py,2026-03-25T12:04:38Z,unknown,x86_64,cpu,x86_64,synthetic,synthetic_n1000_d500_noise3.0,runtime_dscale,1000,500,3,0.02,0.98,3.0,20260825.0,2,kmeans_oracle,,kmeans_oracle,,,,,,,,,,,,3,0,,,[],0.8401601748262775,0.8009242838736389,,0.943,,,,,,,,,,0.284889,,0.284889,,,,544.0,ok,False,,,D,500,,True,outputs_revision/runtime_synth/runs.csv,,,,
runtime_synth__synthetic_n1000_d500_noise3.0__runtime_dscale__seed2__gmm_oracle,run_divi_runtime_synth_direct.py,2026-03-25T12:04:39Z,unknown,x86_64,cpu,x86_64,synthetic,synthetic_n1000_d500_noise3.0,runtime_dscale,1000,500,3,0.02,0.98,3.0,20260825.0,2,gmm_oracle,,gmm_oracle,,,,,,,,,,,,3,0,,,[],0.7754519385661254,0.7359457908829382,,0.918,,,,,,,,,,0.872808,,0.872808,,,,544.00390625,ok,False,,,D,500,,True,outputs_revision/runtime_synth/runs.csv,,,,
runtime_synth__synthetic_n1000_d500_noise3.0__runtime_dscale__seed2__spkm,run_divi_runtime_synth_direct.py,2026-03-25T12:04:40Z,unknown,x86_64,cpu,x86_64,synthetic,synthetic_n1000_d500_noise3.0,runtime_dscale,1000,500,3,0.02,0.98,3.0,20260825.0,2,spkm,,spkm,,,,,,,,,,,,3,0,,,[],0.994003000015024,0.9876059147486772,0.0436681222707423,0.998,448.0,0.896,,,,,,,,0.455372,,0.455372,,,,544.00390625,ok,False,,,D,500,,True,outputs_revision/runtime_synth/runs.csv,,,,
runtime_synth__synthetic_n1000_d500_noise3.0__runtime_dscale__seed3__divi,run_divi_runtime_synth_direct.py,2026-03-25T12:04:51Z,unknown,x86_64,cpu,x86_64,synthetic,synthetic_n1000_d500_noise3.0,runtime_dscale,1000,500,3,0.02,0.98,3.0,20260825.0,3,divi,1.0,divi,1000.0,1.0,80.0,auto_entropy,709.4692666023363,1.0,0.01,1.0,0.1,300.0,300.0,4,3,80.0,240.0,"[80, 160, 240]",0.8640508301215161,0.8940427467024771,0.7692307692307693,0.834,16.0,0.032,0.2449761927127838,0.2109695971012115,971703.0,942154.8125,29548.1875,950982.625,20.720388412475582,11.59181594799884,0.9050363700007438,10.647815530999653,0.0260016770043876,0.0374808350024977,0.0354927184366655,547.82421875,ok,False,,,D,500,,True,outputs_revision/runtime_synth/runs.csv,,,,
runtime_synth__synthetic_n1000_d500_noise3.0__runtime_dscale__seed3__kmeans_oracle,run_divi_runtime_synth_direct.py,2026-03-25T12:04:51Z,unknown,x86_64,cpu,x86_64,synthetic,synthetic_n1000_d500_noise3.0,runtime_dscale,1000,500,3,0.02,0.98,3.0,20260825.0,3,kmeans_oracle,,kmeans_oracle,,,,,,,,,,,,3,0,,,[],0.767384186643999,0.7252442174390693,,0.914,,,,,,,,,,0.229722,,0.229722,,,,547.828125,ok,False,,,D,500,,True,outputs_revision/runtime_synth/runs.csv,,,,
runtime_synth__synthetic_n1000_d500_noise3.0__runtime_dscale__seed3__gmm_oracle,run_divi_runtime_synth_direct.py,2026-03-25T12:04:52Z,unknown,x86_64,cpu,x86_64,synthetic,synthetic_n1000_d500_noise3.0,runtime_dscale,1000,500,3,0.02,0.98,3.0,20260825.0,3,gmm_oracle,,gmm_oracle,,,,,,,,,,,,3,0,,,[],0.3877544359835218,0.4521799527962504,,0.629,,,,,,,,,,0.88581,,0.88581,,,,547.828125,ok,False,,,D,500,,True,outputs_revision/runtime_synth/runs.csv,,,,
runtime_synth__synthetic_n1000_d500_noise3.0__runtime_dscale__seed3__spkm,run_divi_runtime_synth_direct.py,2026-03-25T12:04:53Z,unknown,x86_64,cpu,x86_64,synthetic,synthetic_n1000_d500_noise3.0,runtime_dscale,1000,500,3,0.02,0.98,3.0,20260825.0,3,spkm,,spkm,,,,,,,,,,,,3,0,,,[],0.994003000015024,0.9876059147486772,0.0436681222707423,0.998,448.0,0.896,,,,,,,,0.479471,,0.479471,,,,547.828125,ok,False,,,D,500,,True,outputs_revision/runtime_synth/runs.csv,,,,
runtime_synth__synthetic_n1000_d500_noise3.0__runtime_dscale__seed4__divi,run_divi_runtime_synth_direct.py,2026-03-25T12:05:05Z,unknown,x86_64,cpu,x86_64,synthetic,synthetic_n1000_d500_noise3.0,runtime_dscale,1000,500,3,0.02,0.98,3.0,20260825.0,4,divi,1.0,divi,1000.0,1.0,80.0,auto_entropy,709.4692666023363,1.0,0.01,1.0,0.1,300.0,300.0,4,3,80.0,240.0,"[80, 160, 240]",0.8739464360437226,0.8986307205353946,0.8333333333333334,0.876,14.0,0.028,0.2445378899574279,0.2126481384038925,971616.875,939961.75,31655.125,951114.75,20.50212287902832,11.90143462999913,0.95671976399899,10.88487310200071,0.0301047400025709,0.0583575040000141,0.0362829103400023,555.47265625,ok,False,,,D,500,,True,outputs_revision/runtime_synth/runs.csv,,,,
runtime_synth__synthetic_n1000_d500_noise3.0__runtime_dscale__seed4__kmeans_oracle,run_divi_runtime_synth_direct.py,2026-03-25T12:05:05Z,unknown,x86_64,cpu,x86_64,synthetic,synthetic_n1000_d500_noise3.0,runtime_dscale,1000,500,3,0.02,0.98,3.0,20260825.0,4,kmeans_oracle,,kmeans_oracle,,,,,,,,,,,,3,0,,,[],0.8530602557638053,0.812302608112427,,0.948,,,,,,,,,,0.219529,,0.219529,,,,555.47265625,ok,False,,,D,500,,True,outputs_revision/runtime_synth/runs.csv,,,,
runtime_synth__synthetic_n1000_d500_noise3.0__runtime_dscale__seed4__gmm_oracle,run_divi_runtime_synth_direct.py,2026-03-25T12:05:06Z,unknown,x86_64,cpu,x86_64,synthetic,synthetic_n1000_d500_noise3.0,runtime_dscale,1000,500,3,0.02,0.98,3.0,20260825.0,4,gmm_oracle,,gmm_oracle,,,,,,,,,,,,3,0,,,[],0.7848791119385957,0.7483009946979001,,0.921,,,,,,,,,,0.780125,,0.780125,,,,555.47265625,ok,False,,,D,500,,True,outputs_revision/runtime_synth/runs.csv,,,,
runtime_synth__synthetic_n1000_d500_noise3.0__runtime_dscale__seed4__spkm,run_divi_runtime_synth_direct.py,2026-03-25T12:05:06Z,unknown,x86_64,cpu,x86_64,synthetic,synthetic_n1000_d500_noise3.0,runtime_dscale,1000,500,3,0.02,0.98,3.0,20260825.0,4,spkm,,spkm,,,,,,,,,,,,3,0,,,[],0.994003000015024,0.9876059147486772,0.0436681222707423,0.998,448.0,0.896,,,,,,,,0.463394,,0.463394,,,,555.47265625,ok,False,,,D,500,,True,outputs_revision/runtime_synth/runs.csv,,,,
runtime_synth__synthetic_n1000_d1000_noise3.0__runtime_dscale__seed0__divi,run_divi_runtime_synth_direct.py,2026-03-25T12:05:30Z,unknown,x86_64,cpu,x86_64,synthetic,synthetic_n1000_d1000_noise3.0,runtime_dscale,1000,1000,3,0.01,0.99,3.0,20261325.0,0,divi,1.0,divi,1000.0,1.0,80.0,auto_entropy,1418.9385332046727,1.0,0.01,1.0,0.1,300.0,300.0,4,3,80.0,240.0,"[80, 160, 240]",0.8654356393371855,0.8946463063862121,0.4,0.843,40.0,0.04,0.2540589869022369,0.2281033098697662,1945402.125,1894089.875,51312.25,1901187.375,44.2147331237793,23.218780923998565,1.7204617710012826,21.433754091998708,0.0506198680013767,0.0621889360008935,0.071445846973329,612.74609375,ok,False,,,D,1000,,True,outputs_revision/runtime_synth/runs.csv,,,,
runtime_synth__synthetic_n1000_d1000_noise3.0__runtime_dscale__seed0__kmeans_oracle,run_divi_runtime_synth_direct.py,2026-03-25T12:05:30Z,unknown,x86_64,cpu,x86_64,synthetic,synthetic_n1000_d1000_noise3.0,runtime_dscale,1000,1000,3,0.01,0.99,3.0,20261325.0,0,kmeans_oracle,,kmeans_oracle,,,,,,,,,,,,3,0,,,[],0.44524753983739,0.4540349850579521,,0.74,,,,,,,,,,0.39248,,0.39248,,,,612.74609375,ok,False,,,D,1000,,True,outputs_revision/runtime_synth/runs.csv,,,,
runtime_synth__synthetic_n1000_d1000_noise3.0__runtime_dscale__seed0__gmm_oracle,run_divi_runtime_synth_direct.py,2026-03-25T12:05:33Z,unknown,x86_64,cpu,x86_64,synthetic,synthetic_n1000_d1000_noise3.0,runtime_dscale,1000,1000,3,0.01,0.99,3.0,20261325.0,0,gmm_oracle,,gmm_oracle,,,,,,,,,,,,3,0,,,[],0.3716063556371758,0.4472357015411369,,0.601,,,,,,,,,,2.563358,,2.563358,,,,615.1875,ok,False,,,D,1000,,True,outputs_revision/runtime_synth/runs.csv,,,,
runtime_synth__synthetic_n1000_d1000_noise3.0__runtime_dscale__seed0__spkm,run_divi_runtime_synth_direct.py,2026-03-25T12:05:33Z,unknown,x86_64,cpu,x86_64,synthetic,synthetic_n1000_d1000_noise3.0,runtime_dscale,1000,1000,3,0.01,0.99,3.0,20261325.0,0,spkm,,spkm,,,,,,,,,,,,3,0,,,[],0.9970015045323004,0.9938029489046496,0.0226500566251415,0.999,873.0,0.873,,,,,,,,0.862115,,0.862115,,,,615.1875,ok,False,,,D,1000,,True,outputs_revision/runtime_synth/runs.csv,,,,
runtime_synth__synthetic_n1000_d1000_noise3.0__runtime_dscale__seed1__divi,run_divi_runtime_synth_direct.py,2026-03-25T12:05:54Z,unknown,x86_64,cpu,x86_64,synthetic,synthetic_n1000_d1000_noise3.0,runtime_dscale,1000,1000,3,0.01,0.99,3.0,20261325.0,1,divi,1.0,divi,1000.0,1.0,80.0,auto_entropy,1418.9385332046727,1.0,0.01,1.0,0.1,300.0,300.0,4,3,80.0,240.0,"[80, 160, 240]",0.8630788936315316,0.890395272811926,0.392156862745098,0.843,41.0,0.041,0.2545084953308105,0.229429543018341,1945371.25,1892377.375,52993.875,1900914.5,44.45669174194336,20.826281082001515,1.7001083129980543,19.06057751700064,0.05311604599774,0.063223219000065,0.0635352583900021,710.55859375,ok,False,,,D,1000,,True,outputs_revision/runtime_synth/runs.csv,,,,
runtime_synth__synthetic_n1000_d1000_noise3.0__runtime_dscale__seed1__kmeans_oracle,run_divi_runtime_synth_direct.py,2026-03-25T12:05:55Z,unknown,x86_64,cpu,x86_64,synthetic,synthetic_n1000_d1000_noise3.0,runtime_dscale,1000,1000,3,0.01,0.99,3.0,20261325.0,1,kmeans_oracle,,kmeans_oracle,,,,,,,,,,,,3,0,,,[],0.455259292935016,0.4964204170726029,,0.678,,,,,,,,,,0.375259,,0.375259,,,,710.55859375,ok,False,,,D,1000,,True,outputs_revision/runtime_synth/runs.csv,,,,
runtime_synth__synthetic_n1000_d1000_noise3.0__runtime_dscale__seed1__gmm_oracle,run_divi_runtime_synth_direct.py,2026-03-25T12:05:57Z,unknown,x86_64,cpu,x86_64,synthetic,synthetic_n1000_d1000_noise3.0,runtime_dscale,1000,1000,3,0.01,0.99,3.0,20261325.0,1,gmm_oracle,,gmm_oracle,,,,,,,,,,,,3,0,,,[],0.4462430264204144,0.4978516497120865,,0.664,,,,,,,,,,2.426293,,2.426293,,,,710.55859375,ok,False,,,D,1000,,True,outputs_revision/runtime_synth/runs.csv,,,,
runtime_synth__synthetic_n1000_d1000_noise3.0__runtime_dscale__seed1__spkm,run_divi_runtime_synth_direct.py,2026-03-25T12:05:58Z,unknown,x86_64,cpu,x86_64,synthetic,synthetic_n1000_d1000_noise3.0,runtime_dscale,1000,1000,3,0.01,0.99,3.0,20261325.0,1,spkm,,spkm,,,,,,,,,,,,3,0,,,[],0.9970015045323004,0.9938029489046496,0.0226500566251415,0.999,873.0,0.873,,,,,,,,0.870041,,0.870041,,,,710.5625,ok,False,,,D,1000,,True,outputs_revision/runtime_synth/runs.csv,,,,
runtime_synth__synthetic_n1000_d1000_noise3.0__runtime_dscale__seed2__divi,run_divi_runtime_synth_direct.py,2026-03-25T12:06:20Z,unknown,x86_64,cpu,x86_64,synthetic,synthetic_n1000_d1000_noise3.0,runtime_dscale,1000,1000,3,0.01,0.99,3.0,20261325.0,2,divi,1.0,divi,1000.0,1.0,80.0,auto_entropy,1418.9385332046727,1.0,0.01,1.0,0.1,300.0,300.0,4,3,80.0,240.0,"[80, 160, 240]",0.8632480773418789,0.8892660408344389,0.425531914893617,0.843,37.0,0.037,0.2523744404315948,0.2280632555484771,1945203.75,1889422.75,55781.0,1902286.375,42.91739654541016,21.58516341699942,1.710095343998546,19.811820119000917,0.0509884249986498,0.0608944240011624,0.0660394003966697,741.0859375,ok,False,,,D,1000,,True,outputs_revision/runtime_synth/runs.csv,,,,
runtime_synth__synthetic_n1000_d1000_noise3.0__runtime_dscale__seed2__kmeans_oracle,run_divi_runtime_synth_direct.py,2026-03-25T12:06:20Z,unknown,x86_64,cpu,x86_64,synthetic,synthetic_n1000_d1000_noise3.0,runtime_dscale,1000,1000,3,0.01,0.99,3.0,20261325.0,2,kmeans_oracle,,kmeans_oracle,,,,,,,,,,,,3,0,,,[],0.4105036975446074,0.4438783558547725,,0.698,,,,,,,,,,0.470141,,0.470141,,,,741.0859375,ok,False,,,D,1000,,True,outputs_revision/runtime_synth/runs.csv,,,,
runtime_synth__synthetic_n1000_d1000_noise3.0__runtime_dscale__seed2__gmm_oracle,run_divi_runtime_synth_direct.py,2026-03-25T12:06:23Z,unknown,x86_64,cpu,x86_64,synthetic,synthetic_n1000_d1000_noise3.0,runtime_dscale,1000,1000,3,0.01,0.99,3.0,20261325.0,2,gmm_oracle,,gmm_oracle,,,,,,,,,,,,3,0,,,[],0.4005113679241254,0.4461571061524615,,0.652,,,,,,,,,,2.514718,,2.514718,,,,741.0859375,ok,False,,,D,1000,,True,outputs_revision/runtime_synth/runs.csv,,,,
runtime_synth__synthetic_n1000_d1000_noise3.0__runtime_dscale__seed2__spkm,run_divi_runtime_synth_direct.py,2026-03-25T12:06:24Z,unknown,x86_64,cpu,x86_64,synthetic,synthetic_n1000_d1000_noise3.0,runtime_dscale,1000,1000,3,0.01,0.99,3.0,20261325.0,2,spkm,,spkm,,,,,,,,,,,,3,0,,,[],0.9970015045323004,0.9938029489046496,0.0226500566251415,0.999,873.0,0.873,,,,,,,,0.931216,,0.931216,,,,741.0859375,ok,False,,,D,1000,,True,outputs_revision/runtime_synth/runs.csv,,,,
runtime_synth__synthetic_n1000_d1000_noise3.0__runtime_dscale__seed3__divi,run_divi_runtime_synth_direct.py,2026-03-25T12:06:46Z,unknown,x86_64,cpu,x86_64,synthetic,synthetic_n1000_d1000_noise3.0,runtime_dscale,1000,1000,3,0.01,0.99,3.0,20261325.0,3,divi,1.0,divi,1000.0,1.0,80.0,auto_entropy,1418.9385332046727,1.0,0.01,1.0,0.1,300.0,300.0,4,3,80.0,240.0,"[80, 160, 240]",0.8661373299770324,0.8847893035866942,0.4081632653061224,0.871,39.0,0.039,0.2534260153770447,0.225983664393425,1945535.875,1894870.0,50665.875,1901808.0,43.72792053222656,22.13995440099825,1.7204696920016431,20.34088184900247,0.053537869000138,0.0762468489992898,0.0678029394966749,641.91796875,ok,False,,,D,1000,,True,outputs_revision/runtime_synth/runs.csv,,,,
runtime_synth__synthetic_n1000_d1000_noise3.0__runtime_dscale__seed3__kmeans_oracle,run_divi_runtime_synth_direct.py,2026-03-25T12:06:46Z,unknown,x86_64,cpu,x86_64,synthetic,synthetic_n1000_d1000_noise3.0,runtime_dscale,1000,1000,3,0.01,0.99,3.0,20261325.0,3,kmeans_oracle,,kmeans_oracle,,,,,,,,,,,,3,0,,,[],0.4282686561963897,0.4608724480029592,,0.694,,,,,,,,,,0.374957,,0.374957,,,,641.91796875,ok,False,,,D,1000,,True,outputs_revision/runtime_synth/runs.csv,,,,
runtime_synth__synthetic_n1000_d1000_noise3.0__runtime_dscale__seed3__gmm_oracle,run_divi_runtime_synth_direct.py,2026-03-25T12:06:49Z,unknown,x86_64,cpu,x86_64,synthetic,synthetic_n1000_d1000_noise3.0,runtime_dscale,1000,1000,3,0.01,0.99,3.0,20261325.0,3,gmm_oracle,,gmm_oracle,,,,,,,,,,,,3,0,,,[],0.4321396868574484,0.4629086004925288,,0.671,,,,,,,,,,2.934167,,2.934167,,,,641.91796875,ok,False,,,D,1000,,True,outputs_revision/runtime_synth/runs.csv,,,,
runtime_synth__synthetic_n1000_d100_noise3.0__runtime_dscale__seed0__divi,run_divi_runtime_synth_direct.py,2026-03-25T12:14:46Z,unknown,x86_64,cpu,x86_64,synthetic,synthetic_n1000_d100_noise3.0,runtime_dscale,1000,100,3,0.1,0.9,3.0,20260425.0,0,divi,1.0,divi,1000.0,1.0,80.0,auto_entropy,141.89385332046726,1.0,0.01,1.0,0.1,300.0,300.0,4,3,80.0,240.0,"[80, 160, 240]",0.8790863947577888,0.9094849103554182,1.0,0.879,10.0,0.1,0.2848047316074371,0.2045182287693023,187202.46875,179704.53125,7497.9375,183629.0625,3.573408365249634,3.3201447110004665,0.175065278999682,2.061466739000025,0.0054654069972457,0.0077380170005199,0.0068715557966667,456.80078125,ok,False,,,D,100,,True,outputs_revision/runtime_synth/runs.csv,,,,
runtime_synth__synthetic_n1000_d100_noise3.0__runtime_dscale__seed0__kmeans_oracle,run_divi_runtime_synth_direct.py,2026-03-25T12:14:46Z,unknown,x86_64,cpu,x86_64,synthetic,synthetic_n1000_d100_noise3.0,runtime_dscale,1000,100,3,0.1,0.9,3.0,20260425.0,0,kmeans_oracle,,kmeans_oracle,,,,,,,,,,,,3,0,,,[],1.0,1.0,,1.0,,,,,,,,,,0.03648,,0.03648,,,,457.01171875,ok,False,,,D,100,,True,outputs_revision/runtime_synth/runs.csv,,,,
runtime_synth__synthetic_n1000_d100_noise3.0__runtime_dscale__seed0__gmm_oracle,run_divi_runtime_synth_direct.py,2026-03-25T12:14:46Z,unknown,x86_64,cpu,x86_64,synthetic,synthetic_n1000_d100_noise3.0,runtime_dscale,1000,100,3,0.1,0.9,3.0,20260425.0,0,gmm_oracle,,gmm_oracle,,,,,,,,,,,,3,0,,,[],1.0,1.0,,1.0,,,,,,,,,,0.097973,,0.097973,,,,458.72265625,ok,False,,,D,100,,True,outputs_revision/runtime_synth/runs.csv,,,,
runtime_synth__synthetic_n1000_d100_noise3.0__runtime_dscale__seed0__spkm,run_divi_runtime_synth_direct.py,2026-03-25T12:14:46Z,unknown,x86_64,cpu,x86_64,synthetic,synthetic_n1000_d100_noise3.0,runtime_dscale,1000,100,3,0.1,0.9,3.0,20260425.0,0,spkm,,spkm,,,,,,,,,,,,3,0,,,[],1.0,1.0,0.1904761904761904,1.0,95.0,0.95,,,,,,,,0.121586,,0.121586,,,,459.1484375,ok,False,,,D,100,,True,outputs_revision/runtime_synth/runs.csv,,,,
runtime_synth__synthetic_n1000_d100_noise3.0__runtime_dscale__seed1__divi,run_divi_runtime_synth_direct.py,2026-03-25T12:14:48Z,unknown,x86_64,cpu,x86_64,synthetic,synthetic_n1000_d100_noise3.0,runtime_dscale,1000,100,3,0.1,0.9,3.0,20260425.0,1,divi,1.0,divi,1000.0,1.0,80.0,auto_entropy,141.89385332046726,1.0,0.01,1.0,0.1,300.0,300.0,4,3,80.0,240.0,"[80, 160, 240]",0.8717912569048336,0.906079716572033,1.0,0.858,10.0,0.1,0.2808740437030792,0.2018592059612274,187168.109375,177899.140625,9268.96875,183878.390625,3.2897229194641118,2.3611439379965304,0.1604344830011541,2.193910116002371,0.0057110629968519,0.0060419520013965,0.0073130337200079,473.171875,ok,False,,,D,100,,True,outputs_revision/runtime_synth/runs.csv,,,,
runtime_synth__synthetic_n1000_d100_noise3.0__runtime_dscale__seed1__kmeans_oracle,run_divi_runtime_synth_direct.py,2026-03-25T12:14:48Z,unknown,x86_64,cpu,x86_64,synthetic,synthetic_n1000_d100_noise3.0,runtime_dscale,1000,100,3,0.1,0.9,3.0,20260425.0,1,kmeans_oracle,,kmeans_oracle,,,,,,,,,,,,3,0,,,[],1.0,1.0,,1.0,,,,,,,,,,0.063097,,0.063097,,,,473.171875,ok,False,,,D,100,,True,outputs_revision/runtime_synth/runs.csv,,,,
runtime_synth__synthetic_n1000_d100_noise3.0__runtime_dscale__seed1__gmm_oracle,run_divi_runtime_synth_direct.py,2026-03-25T12:14:49Z,unknown,x86_64,cpu,x86_64,synthetic,synthetic_n1000_d100_noise3.0,runtime_dscale,1000,100,3,0.1,0.9,3.0,20260425.0,1,gmm_oracle,,gmm_oracle,,,,,,,,,,,,3,0,,,[],0.9970015045323004,0.9938029489046496,,0.999,,,,,,,,,,0.139111,,0.139111,,,,473.171875,ok,False,,,D,100,,True,outputs_revision/runtime_synth/runs.csv,,,,
runtime_synth__synthetic_n1000_d100_noise3.0__runtime_dscale__seed1__spkm,run_divi_runtime_synth_direct.py,2026-03-25T12:14:49Z,unknown,x86_64,cpu,x86_64,synthetic,synthetic_n1000_d100_noise3.0,runtime_dscale,1000,100,3,0.1,0.9,3.0,20260425.0,1,spkm,,spkm,,,,,,,,,,,,3,0,,,[],1.0,1.0,0.1904761904761904,1.0,95.0,0.95,,,,,,,,0.139822,,0.139822,,,,473.17578125,ok,False,,,D,100,,True,outputs_revision/runtime_synth/runs.csv,,,,
runtime_synth__synthetic_n1000_d100_noise3.0__runtime_dscale__seed2__divi,run_divi_runtime_synth_direct.py,2026-03-25T12:14:52Z,unknown,x86_64,cpu,x86_64,synthetic,synthetic_n1000_d100_noise3.0,runtime_dscale,1000,100,3,0.1,0.9,3.0,20260425.0,2,divi,1.0,divi,1000.0,1.0,80.0,auto_entropy,141.89385332046726,1.0,0.01,1.0,0.1,300.0,300.0,4,3,80.0,240.0,"[80, 160, 240]",0.8829865582560039,0.911349518786087,1.0,0.887,10.0,0.1,0.2850266396999359,0.2068149298429489,187234.5,178575.171875,8659.328125,183602.8125,3.631682872772217,2.8086456829987583,0.2476895049985614,2.5533144639994134,0.0069376880019262,0.0068334429997776,0.0085110482133313,474.59765625,ok,False,,,D,100,,True,outputs_revision/runtime_synth/runs.csv,,,,
runtime_synth__synthetic_n1000_d100_noise3.0__runtime_dscale__seed2__kmeans_oracle,run_divi_runtime_synth_direct.py,2026-03-25T12:14:52Z,unknown,x86_64,cpu,x86_64,synthetic,synthetic_n1000_d100_noise3.0,runtime_dscale,1000,100,3,0.1,0.9,3.0,20260425.0,2,kmeans_oracle,,kmeans_oracle,,,,,,,,,,,,3,0,,,[],1.0,1.0,,1.0,,,,,,,,,,0.040361,,0.040361,,,,474.59765625,ok,False,,,D,100,,True,outputs_revision/runtime_synth/runs.csv,,,,
runtime_synth__synthetic_n1000_d100_noise3.0__runtime_dscale__seed2__gmm_oracle,run_divi_runtime_synth_direct.py,2026-03-25T12:14:52Z,unknown,x86_64,cpu,x86_64,synthetic,synthetic_n1000_d100_noise3.0,runtime_dscale,1000,100,3,0.1,0.9,3.0,20260425.0,2,gmm_oracle,,gmm_oracle,,,,,,,,,,,,3,0,,,[],1.0,1.0,,1.0,,,,,,,,,,0.096419,,0.096419,,,,474.59765625,ok,False,,,D,100,,True,outputs_revision/runtime_synth/runs.csv,,,,
runtime_synth__synthetic_n1000_d100_noise3.0__runtime_dscale__seed2__spkm,run_divi_runtime_synth_direct.py,2026-03-25T12:14:52Z,unknown,x86_64,cpu,x86_64,synthetic,synthetic_n1000_d100_noise3.0,runtime_dscale,1000,100,3,0.1,0.9,3.0,20260425.0,2,spkm,,spkm,,,,,,,,,,,,3,0,,,[],1.0,1.0,0.1904761904761904,1.0,95.0,0.95,,,,,,,,0.126752,,0.126752,,,,474.59765625,ok,False,,,D,100,,True,outputs_revision/runtime_synth/runs.csv,,,,
runtime_synth__synthetic_n1000_d100_noise3.0__runtime_dscale__seed3__divi,run_divi_runtime_synth_direct.py,2026-03-25T12:14:54Z,unknown,x86_64,cpu,x86_64,synthetic,synthetic_n1000_d100_noise3.0,runtime_dscale,1000,100,3,0.1,0.9,3.0,20260425.0,3,divi,1.0,divi,1000.0,1.0,80.0,auto_entropy,141.89385332046726,1.0,0.01,1.0,0.1,300.0,300.0,4,3,80.0,240.0,"[80, 160, 240]",0.869828316109374,0.9051810602393668,1.0,0.848,10.0,0.1,0.2801240682601928,0.2017895579338073,187181.796875,175497.203125,11684.59375,183925.59375,3.2562038898468018,2.163068136997026,0.1504778389971761,2.006285363000643,0.0057419150034547,0.0056469269984518,0.0066876178766688,472.453125,ok,False,,,D,100,,True,outputs_revision/runtime_synth/runs.csv,,,,
runtime_synth__synthetic_n1000_d100_noise3.0__runtime_dscale__seed3__kmeans_oracle,run_divi_runtime_synth_direct.py,2026-03-25T12:14:54Z,unknown,x86_64,cpu,x86_64,synthetic,synthetic_n1000_d100_noise3.0,runtime_dscale,1000,100,3,0.1,0.9,3.0,20260425.0,3,kmeans_oracle,,kmeans_oracle,,,,,,,,,,,,3,0,,,[],1.0,1.0,,1.0,,,,,,,,,,0.033451,,0.033451,,,,472.453125,ok,False,,,D,100,,True,outputs_revision/runtime_synth/runs.csv,,,,
runtime_synth__synthetic_n1000_d100_noise3.0__runtime_dscale__seed3__gmm_oracle,run_divi_runtime_synth_direct.py,2026-03-25T12:14:54Z,unknown,x86_64,cpu,x86_64,synthetic,synthetic_n1000_d100_noise3.0,runtime_dscale,1000,100,3,0.1,0.9,3.0,20260425.0,3,gmm_oracle,,gmm_oracle,,,,,,,,,,,,3,0,,,[],1.0,1.0,,1.0,,,,,,,,,,0.095461,,0.095461,,,,472.453125,ok,False,,,D,100,,True,outputs_revision/runtime_synth/runs.csv,,,,
runtime_synth__synthetic_n1000_d100_noise3.0__runtime_dscale__seed3__spkm,run_divi_runtime_synth_direct.py,2026-03-25T12:14:54Z,unknown,x86_64,cpu,x86_64,synthetic,synthetic_n1000_d100_noise3.0,runtime_dscale,1000,100,3,0.1,0.9,3.0,20260425.0,3,spkm,,spkm,,,,,,,,,,,,3,0,,,[],1.0,1.0,0.1904761904761904,1.0,95.0,0.95,,,,,,,,0.080452,,0.080452,,,,472.45703125,ok,False,,,D,100,,True,outputs_revision/runtime_synth/runs.csv,,,,
runtime_synth__synthetic_n1000_d100_noise3.0__runtime_dscale__seed4__divi,run_divi_runtime_synth_direct.py,2026-03-25T12:14:57Z,unknown,x86_64,cpu,x86_64,synthetic,synthetic_n1000_d100_noise3.0,runtime_dscale,1000,100,3,0.1,0.9,3.0,20260425.0,4,divi,1.0,divi,1000.0,1.0,80.0,auto_entropy,141.89385332046726,1.0,0.01,1.0,0.1,300.0,300.0,4,3,80.0,240.0,"[80, 160, 240]",0.86968590675457,0.9051161454734876,1.0,0.847,10.0,0.1,0.2814654111862182,0.1931620240211486,187226.015625,178759.140625,8466.875,183830.328125,3.395685195922852,2.31294328399963,0.1763887890010664,2.1298199470002146,0.0052010329964105,0.006027991999872,0.007099399823334,469.03125,ok,False,,,D,100,,True,outputs_revision/runtime_synth/runs.csv,,,,
runtime_synth__synthetic_n1000_d100_noise3.0__runtime_dscale__seed4__kmeans_oracle,run_divi_runtime_synth_direct.py,2026-03-25T12:14:57Z,unknown,x86_64,cpu,x86_64,synthetic,synthetic_n1000_d100_noise3.0,runtime_dscale,1000,100,3,0.1,0.9,3.0,20260425.0,4,kmeans_oracle,,kmeans_oracle,,,,,,,,,,,,3,0,,,[],1.0,1.0,,1.0,,,,,,,,,,0.047899,,0.047899,,,,469.03125,ok,False,,,D,100,,True,outputs_revision/runtime_synth/runs.csv,,,,
runtime_synth__synthetic_n1000_d100_noise3.0__runtime_dscale__seed4__gmm_oracle,run_divi_runtime_synth_direct.py,2026-03-25T12:14:57Z,unknown,x86_64,cpu,x86_64,synthetic,synthetic_n1000_d100_noise3.0,runtime_dscale,1000,100,3,0.1,0.9,3.0,20260425.0,4,gmm_oracle,,gmm_oracle,,,,,,,,,,,,3,0,,,[],0.9970015045323004,0.9938029489046496,,0.999,,,,,,,,,,0.095431,,0.095431,,,,469.03125,ok,False,,,D,100,,True,outputs_revision/runtime_synth/runs.csv,,,,
runtime_synth__synthetic_n1000_d100_noise3.0__runtime_dscale__seed4__spkm,run_divi_runtime_synth_direct.py,2026-03-25T12:14:57Z,unknown,x86_64,cpu,x86_64,synthetic,synthetic_n1000_d100_noise3.0,runtime_dscale,1000,100,3,0.1,0.9,3.0,20260425.0,4,spkm,,spkm,,,,,,,,,,,,3,0,,,[],1.0,1.0,0.1904761904761904,1.0,95.0,0.95,,,,,,,,0.124944,,0.124944,,,,469.03515625,ok,False,,,D,100,,True,outputs_revision/runtime_synth/runs.csv,,,,
runtime_synth__synthetic_n1000_d500_noise3.0__runtime_dscale__seed0__divi,run_divi_runtime_synth_direct.py,2026-03-25T12:15:09Z,unknown,x86_64,cpu,x86_64,synthetic,synthetic_n1000_d500_noise3.0,runtime_dscale,1000,500,3,0.02,0.98,3.0,20260825.0,0,divi,1.0,divi,1000.0,1.0,80.0,auto_entropy,709.4692666023363,1.0,0.01,1.0,0.1,300.0,300.0,4,3,80.0,240.0,"[80, 160, 240]",0.8678246112931919,0.8998556849854175,0.8,0.844,15.0,0.03,0.2447852492332458,0.2151339650154113,971687.8125,940874.3125,30813.5,951060.5,20.62730407714844,11.628665375999844,0.9144024369998078,10.672990692000894,0.0244271160008793,0.0400127430002612,0.0355766356400029,498.78515625,ok,False,,,D,500,,True,outputs_revision/runtime_synth/runs.csv,,,,
runtime_synth__synthetic_n1000_d500_noise3.0__runtime_dscale__seed0__kmeans_oracle,run_divi_runtime_synth_direct.py,2026-03-25T12:15:09Z,unknown,x86_64,cpu,x86_64,synthetic,synthetic_n1000_d500_noise3.0,runtime_dscale,1000,500,3,0.02,0.98,3.0,20260825.0,0,kmeans_oracle,,kmeans_oracle,,,,,,,,,,,,3,0,,,[],0.709732882357319,0.6855525018315312,,0.888,,,,,,,,,,0.242321,,0.242321,,,,498.78515625,ok,False,,,D,500,,True,outputs_revision/runtime_synth/runs.csv,,,,
runtime_synth__synthetic_n1000_d500_noise3.0__runtime_dscale__seed0__gmm_oracle,run_divi_runtime_synth_direct.py,2026-03-25T12:15:10Z,unknown,x86_64,cpu,x86_64,synthetic,synthetic_n1000_d500_noise3.0,runtime_dscale,1000,500,3,0.02,0.98,3.0,20260825.0,0,gmm_oracle,,gmm_oracle,,,,,,,,,,,,3,0,,,[],0.4530917275995816,0.4928627179348216,,0.701,,,,,,,,,,0.833148,,0.833148,,,,505.48046875,ok,False,,,D,500,,True,outputs_revision/runtime_synth/runs.csv,,,,
runtime_synth__synthetic_n1000_d500_noise3.0__runtime_dscale__seed0__spkm,run_divi_runtime_synth_direct.py,2026-03-25T12:15:10Z,unknown,x86_64,cpu,x86_64,synthetic,synthetic_n1000_d500_noise3.0,runtime_dscale,1000,500,3,0.02,0.98,3.0,20260825.0,0,spkm,,spkm,,,,,,,,,,,,3,0,,,[],0.994003000015024,0.9876059147486772,0.0436681222707423,0.998,448.0,0.896,,,,,,,,0.486695,,0.486695,,,,505.484375,ok,False,,,D,500,,True,outputs_revision/runtime_synth/runs.csv,,,,
runtime_synth__synthetic_n1000_d500_noise3.0__runtime_dscale__seed1__divi,run_divi_runtime_synth_direct.py,2026-03-25T12:15:22Z,unknown,x86_64,cpu,x86_64,synthetic,synthetic_n1000_d500_noise3.0,runtime_dscale,1000,500,3,0.02,0.98,3.0,20260825.0,1,divi,1.0,divi,1000.0,1.0,80.0,auto_entropy,709.4692666023363,1.0,0.01,1.0,0.1,300.0,300.0,4,3,80.0,240.0,"[80, 160, 240]",0.8640508301215161,0.8940427467024771,0.8,0.834,15.0,0.03,0.2441339343786239,0.2116715312004089,971630.375,937627.5,34002.875,951244.3125,20.38605690002441,11.555147439998107,0.8920552320014394,10.630648452999594,0.0242767300005652,0.030983336000645,0.0354354948433319,578.09375,ok,False,,,D,500,,True,outputs_revision/runtime_synth/runs.csv,,,,
runtime_synth__synthetic_n1000_d500_noise3.0__runtime_dscale__seed1__kmeans_oracle,run_divi_runtime_synth_direct.py,2026-03-25T12:15:22Z,unknown,x86_64,cpu,x86_64,synthetic,synthetic_n1000_d500_noise3.0,runtime_dscale,1000,500,3,0.02,0.98,3.0,20260825.0,1,kmeans_oracle,,kmeans_oracle,,,,,,,,,,,,3,0,,,[],0.87160084933864,0.8320242909069556,,0.955,,,,,,,,,,0.265498,,0.265498,,,,578.09375,ok,False,,,D,500,,True,outputs_revision/runtime_synth/runs.csv,,,,
runtime_synth__synthetic_n1000_d500_noise3.0__runtime_dscale__seed1__gmm_oracle,run_divi_runtime_synth_direct.py,2026-03-25T12:15:23Z,unknown,x86_64,cpu,x86_64,synthetic,synthetic_n1000_d500_noise3.0,runtime_dscale,1000,500,3,0.02,0.98,3.0,20260825.0,1,gmm_oracle,,gmm_oracle,,,,,,,,,,,,3,0,,,[],0.6824291541779783,0.664785091492741,,0.875,,,,,,,,,,0.956523,,0.956523,,,,578.09765625,ok,False,,,D,500,,True,outputs_revision/runtime_synth/runs.csv,,,,
runtime_synth__synthetic_n1000_d500_noise3.0__runtime_dscale__seed1__spkm,run_divi_runtime_synth_direct.py,2026-03-25T12:15:23Z,unknown,x86_64,cpu,x86_64,synthetic,synthetic_n1000_d500_noise3.0,runtime_dscale,1000,500,3,0.02,0.98,3.0,20260825.0,1,spkm,,spkm,,,,,,,,,,,,3,0,,,[],0.994003000015024,0.9876059147486772,0.0436681222707423,0.998,448.0,0.896,,,,,,,,0.459971,,0.459971,,,,578.09765625,ok,False,,,D,500,,True,outputs_revision/runtime_synth/runs.csv,,,,
runtime_synth__synthetic_n1000_d500_noise3.0__runtime_dscale__seed2__divi,run_divi_runtime_synth_direct.py,2026-03-25T12:15:34Z,unknown,x86_64,cpu,x86_64,synthetic,synthetic_n1000_d500_noise3.0,runtime_dscale,1000,500,3,0.02,0.98,3.0,20260825.0,2,divi,1.0,divi,1000.0,1.0,80.0,auto_entropy,709.4692666023363,1.0,0.01,1.0,0.1,300.0,300.0,4,3,80.0,240.0,"[80, 160, 240]",0.8666411491860637,0.8952024365215505,0.8,0.855,15.0,0.03,0.2442788779735565,0.2101117223501205,971719.0,946149.5625,25569.4375,951210.0,20.50899314880371,10.74733669499983,0.8921424280015344,9.823688485997993,0.0257666340039577,0.0300394209989462,0.0327456282866599,480.828125,ok,False,,,D,500,,True,outputs_revision/runtime_synth/runs.csv,,,,
runtime_synth__synthetic_n1000_d500_noise3.0__runtime_dscale__seed2__kmeans_oracle,run_divi_runtime_synth_direct.py,2026-03-25T12:15:35Z,unknown,x86_64,cpu,x86_64,synthetic,synthetic_n1000_d500_noise3.0,runtime_dscale,1000,500,3,0.02,0.98,3.0,20260825.0,2,kmeans_oracle,,kmeans_oracle,,,,,,,,,,,,3,0,,,[],0.8401601748262775,0.8009242838736389,,0.943,,,,,,,,,,0.276934,,0.276934,,,,480.828125,ok,False,,,D,500,,True,outputs_revision/runtime_synth/runs.csv,,,,
runtime_synth__synthetic_n1000_d500_noise3.0__runtime_dscale__seed2__gmm_oracle,run_divi_runtime_synth_direct.py,2026-03-25T12:15:36Z,unknown,x86_64,cpu,x86_64,synthetic,synthetic_n1000_d500_noise3.0,runtime_dscale,1000,500,3,0.02,0.98,3.0,20260825.0,2,gmm_oracle,,gmm_oracle,,,,,,,,,,,,3,0,,,[],0.7754519385661254,0.7359457908829382,,0.918,,,,,,,,,,0.979504,,0.979504,,,,486.55078125,ok,False,,,D,500,,True,outputs_revision/runtime_synth/runs.csv,,,,
runtime_synth__synthetic_n1000_d500_noise3.0__runtime_dscale__seed2__spkm,run_divi_runtime_synth_direct.py,2026-03-25T12:15:36Z,unknown,x86_64,cpu,x86_64,synthetic,synthetic_n1000_d500_noise3.0,runtime_dscale,1000,500,3,0.02,0.98,3.0,20260825.0,2,spkm,,spkm,,,,,,,,,,,,3,0,,,[],0.994003000015024,0.9876059147486772,0.0436681222707423,0.998,448.0,0.896,,,,,,,,0.445714,,0.445714,,,,486.5546875,ok,False,,,D,500,,True,outputs_revision/runtime_synth/runs.csv,,,,
runtime_synth__synthetic_n1000_d500_noise3.0__runtime_dscale__seed3__divi,run_divi_runtime_synth_direct.py,2026-03-25T12:15:48Z,unknown,x86_64,cpu,x86_64,synthetic,synthetic_n1000_d500_noise3.0,runtime_dscale,1000,500,3,0.02,0.98,3.0,20260825.0,3,divi,1.0,divi,1000.0,1.0,80.0,auto_entropy,709.4692666023363,1.0,0.01,1.0,0.1,300.0,300.0,4,3,80.0,240.0,"[80, 160, 240]",0.8640508301215161,0.8940427467024771,0.7692307692307693,0.834,16.0,0.032,0.2449761927127838,0.2109695971012115,971703.0,942154.8125,29548.1875,950982.625,20.720388412475582,11.861266077998152,0.9067031710001174,10.92103787099768,0.0266970459997537,0.0320786649972433,0.0364034595699922,530.42578125,ok,False,,,D,500,,True,outputs_revision/runtime_synth/runs.csv,,,,
runtime_synth__synthetic_n1000_d500_noise3.0__runtime_dscale__seed3__kmeans_oracle,run_divi_runtime_synth_direct.py,2026-03-25T12:15:48Z,unknown,x86_64,cpu,x86_64,synthetic,synthetic_n1000_d500_noise3.0,runtime_dscale,1000,500,3,0.02,0.98,3.0,20260825.0,3,kmeans_oracle,,kmeans_oracle,,,,,,,,,,,,3,0,,,[],0.767384186643999,0.7252442174390693,,0.914,,,,,,,,,,0.251135,,0.251135,,,,530.42578125,ok,False,,,D,500,,True,outputs_revision/runtime_synth/runs.csv,,,,
runtime_synth__synthetic_n1000_d500_noise3.0__runtime_dscale__seed3__gmm_oracle,run_divi_runtime_synth_direct.py,2026-03-25T12:15:49Z,unknown,x86_64,cpu,x86_64,synthetic,synthetic_n1000_d500_noise3.0,runtime_dscale,1000,500,3,0.02,0.98,3.0,20260825.0,3,gmm_oracle,,gmm_oracle,,,,,,,,,,,,3,0,,,[],0.3877544359835218,0.4521799527962504,,0.629,,,,,,,,,,0.950576,,0.950576,,,,530.42578125,ok,False,,,D,500,,True,outputs_revision/runtime_synth/runs.csv,,,,
runtime_synth__synthetic_n1000_d500_noise3.0__runtime_dscale__seed3__spkm,run_divi_runtime_synth_direct.py,2026-03-25T12:15:50Z,unknown,x86_64,cpu,x86_64,synthetic,synthetic_n1000_d500_noise3.0,runtime_dscale,1000,500,3,0.02,0.98,3.0,20260825.0,3,spkm,,spkm,,,,,,,,,,,,3,0,,,[],0.994003000015024,0.9876059147486772,0.0436681222707423,0.998,448.0,0.896,,,,,,,,0.477819,,0.477819,,,,530.4296875,ok,False,,,D,500,,True,outputs_revision/runtime_synth/runs.csv,,,,
runtime_synth__synthetic_n1000_d500_noise3.0__runtime_dscale__seed4__divi,run_divi_runtime_synth_direct.py,2026-03-25T12:16:01Z,unknown,x86_64,cpu,x86_64,synthetic,synthetic_n1000_d500_noise3.0,runtime_dscale,1000,500,3,0.02,0.98,3.0,20260825.0,4,divi,1.0,divi,1000.0,1.0,80.0,auto_entropy,709.4692666023363,1.0,0.01,1.0,0.1,300.0,300.0,4,3,80.0,240.0,"[80, 160, 240]",0.8739464360437226,0.8986307205353946,0.8333333333333334,0.876,14.0,0.028,0.2445378899574279,0.2126481384038925,971616.875,939961.75,31655.125,951114.75,20.50212287902832,11.663254446000792,0.9017353620001812,10.726214908998372,0.0274880069991922,0.0338353810002445,0.0357540496966612,480.84375,ok,False,,,D,500,,True,outputs_revision/runtime_synth/runs.csv,,,,
runtime_synth__synthetic_n1000_d500_noise3.0__runtime_dscale__seed4__kmeans_oracle,run_divi_runtime_synth_direct.py,2026-03-25T12:16:01Z,unknown,x86_64,cpu,x86_64,synthetic,synthetic_n1000_d500_noise3.0,runtime_dscale,1000,500,3,0.02,0.98,3.0,20260825.0,4,kmeans_oracle,,kmeans_oracle,,,,,,,,,,,,3,0,,,[],0.8530602557638053,0.812302608112427,,0.948,,,,,,,,,,0.219665,,0.219665,,,,480.84375,ok,False,,,D,500,,True,outputs_revision/runtime_synth/runs.csv,,,,
runtime_synth__synthetic_n1000_d500_noise3.0__runtime_dscale__seed4__gmm_oracle,run_divi_runtime_synth_direct.py,2026-03-25T12:16:02Z,unknown,x86_64,cpu,x86_64,synthetic,synthetic_n1000_d500_noise3.0,runtime_dscale,1000,500,3,0.02,0.98,3.0,20260825.0,4,gmm_oracle,,gmm_oracle,,,,,,,,,,,,3,0,,,[],0.7848791119385957,0.7483009946979001,,0.921,,,,,,,,,,0.96265,,0.96265,,,,486.5703125,ok,False,,,D,500,,True,outputs_revision/runtime_synth/runs.csv,,,,
runtime_synth__synthetic_n1000_d500_noise3.0__runtime_dscale__seed4__spkm,run_divi_runtime_synth_direct.py,2026-03-25T12:16:03Z,unknown,x86_64,cpu,x86_64,synthetic,synthetic_n1000_d500_noise3.0,runtime_dscale,1000,500,3,0.02,0.98,3.0,20260825.0,4,spkm,,spkm,,,,,,,,,,,,3,0,,,[],0.994003000015024,0.9876059147486772,0.0436681222707423,0.998,448.0,0.896,,,,,,,,0.494075,,0.494075,,,,486.5703125,ok,False,,,D,500,,True,outputs_revision/runtime_synth/runs.csv,,,,
runtime_synth__synthetic_n1000_d1000_noise3.0__runtime_dscale__seed0__divi,run_divi_runtime_synth_direct.py,2026-03-25T12:16:25Z,unknown,x86_64,cpu,x86_64,synthetic,synthetic_n1000_d1000_noise3.0,runtime_dscale,1000,1000,3,0.01,0.99,3.0,20261325.0,0,divi,1.0,divi,1000.0,1.0,80.0,auto_entropy,1418.9385332046727,1.0,0.01,1.0,0.1,300.0,300.0,4,3,80.0,240.0,"[80, 160, 240]",0.8654356393371855,0.8946463063862121,0.4,0.843,40.0,0.04,0.2540589869022369,0.2281033098697662,1945402.125,1894089.875,51312.25,1901187.375,44.2147331237793,22.237336501002574,1.652918525000132,20.52451801499774,0.0545102160031092,0.0576412490008806,0.0684150600499924,544.4921875,ok,False,,,D,1000,,True,outputs_revision/runtime_synth/runs.csv,,,,
runtime_synth__synthetic_n1000_d1000_noise3.0__runtime_dscale__seed0__kmeans_oracle,run_divi_runtime_synth_direct.py,2026-03-25T12:16:26Z,unknown,x86_64,cpu,x86_64,synthetic,synthetic_n1000_d1000_noise3.0,runtime_dscale,1000,1000,3,0.01,0.99,3.0,20261325.0,0,kmeans_oracle,,kmeans_oracle,,,,,,,,,,,,3,0,,,[],0.44524753983739,0.4540349850579521,,0.74,,,,,,,,,,0.359135,,0.359135,,,,544.4921875,ok,False,,,D,1000,,True,outputs_revision/runtime_synth/runs.csv,,,,
runtime_synth__synthetic_n1000_d1000_noise3.0__runtime_dscale__seed0__gmm_oracle,run_divi_runtime_synth_direct.py,2026-03-25T12:16:28Z,unknown,x86_64,cpu,x86_64,synthetic,synthetic_n1000_d1000_noise3.0,runtime_dscale,1000,1000,3,0.01,0.99,3.0,20261325.0,0,gmm_oracle,,gmm_oracle,,,,,,,,,,,,3,0,,,[],0.3716063556371758,0.4472357015411369,,0.601,,,,,,,,,,2.505575,,2.505575,,,,546.9296875,ok,False,,,D,1000,,True,outputs_revision/runtime_synth/runs.csv,,,,
runtime_synth__synthetic_n1000_d1000_noise3.0__runtime_dscale__seed0__spkm,run_divi_runtime_synth_direct.py,2026-03-25T12:16:29Z,unknown,x86_64,cpu,x86_64,synthetic,synthetic_n1000_d1000_noise3.0,runtime_dscale,1000,1000,3,0.01,0.99,3.0,20261325.0,0,spkm,,spkm,,,,,,,,,,,,3,0,,,[],0.9970015045323004,0.9938029489046496,0.0226500566251415,0.999,873.0,0.873,,,,,,,,0.796027,,0.796027,,,,546.9296875,ok,False,,,D,1000,,True,outputs_revision/runtime_synth/runs.csv,,,,
runtime_synth__synthetic_n1000_d1000_noise3.0__runtime_dscale__seed1__divi,run_divi_runtime_synth_direct.py,2026-03-25T12:16:50Z,unknown,x86_64,cpu,x86_64,synthetic,synthetic_n1000_d1000_noise3.0,runtime_dscale,1000,1000,3,0.01,0.99,3.0,20261325.0,1,divi,1.0,divi,1000.0,1.0,80.0,auto_entropy,1418.9385332046727,1.0,0.01,1.0,0.1,300.0,300.0,4,3,80.0,240.0,"[80, 160, 240]",0.8630788936315316,0.890395272811926,0.392156862745098,0.843,41.0,0.041,0.2545084953308105,0.229429543018341,1945371.25,1892377.375,52993.875,1900914.5,44.45669174194336,21.043442294998385,1.6789846110004871,19.29837429200052,0.0570347940010833,0.0637213420013722,0.0643279143066683,749.00390625,ok,False,,,D,1000,,True,outputs_revision/runtime_synth/runs.csv,,,,
runtime_synth__synthetic_n1000_d1000_noise3.0__runtime_dscale__seed1__kmeans_oracle,run_divi_runtime_synth_direct.py,2026-03-25T12:16:50Z,unknown,x86_64,cpu,x86_64,synthetic,synthetic_n1000_d1000_noise3.0,runtime_dscale,1000,1000,3,0.01,0.99,3.0,20261325.0,1,kmeans_oracle,,kmeans_oracle,,,,,,,,,,,,3,0,,,[],0.455259292935016,0.4964204170726029,,0.678,,,,,,,,,,0.395905,,0.395905,,,,749.00390625,ok,False,,,D,1000,,True,outputs_revision/runtime_synth/runs.csv,,,,
runtime_synth__synthetic_n1000_d1000_noise3.0__runtime_dscale__seed1__gmm_oracle,run_divi_runtime_synth_direct.py,2026-03-25T12:16:53Z,unknown,x86_64,cpu,x86_64,synthetic,synthetic_n1000_d1000_noise3.0,runtime_dscale,1000,1000,3,0.01,0.99,3.0,20261325.0,1,gmm_oracle,,gmm_oracle,,,,,,,,,,,,3,0,,,[],0.4462430264204144,0.4978516497120865,,0.664,,,,,,,,,,2.376172,,2.376172,,,,749.00390625,ok,False,,,D,1000,,True,outputs_revision/runtime_synth/runs.csv,,,,
runtime_synth__synthetic_n1000_d1000_noise3.0__runtime_dscale__seed1__spkm,run_divi_runtime_synth_direct.py,2026-03-25T12:16:54Z,unknown,x86_64,cpu,x86_64,synthetic,synthetic_n1000_d1000_noise3.0,runtime_dscale,1000,1000,3,0.01,0.99,3.0,20261325.0,1,spkm,,spkm,,,,,,,,,,,,3,0,,,[],0.9970015045323004,0.9938029489046496,0.0226500566251415,0.999,873.0,0.873,,,,,,,,0.829212,,0.829212,,,,749.00390625,ok,False,,,D,1000,,True,outputs_revision/runtime_synth/runs.csv,,,,
runtime_synth__synthetic_n1000_d1000_noise3.0__runtime_dscale__seed2__divi,run_divi_runtime_synth_direct.py,2026-03-25T12:17:14Z,unknown,x86_64,cpu,x86_64,synthetic,synthetic_n1000_d1000_noise3.0,runtime_dscale,1000,1000,3,0.01,0.99,3.0,20261325.0,2,divi,1.0,divi,1000.0,1.0,80.0,auto_entropy,1418.9385332046727,1.0,0.01,1.0,0.1,300.0,300.0,4,3,80.0,240.0,"[80, 160, 240]",0.8632480773418789,0.8892660408344389,0.425531914893617,0.843,37.0,0.037,0.2523744404315948,0.2280632555484771,1945203.75,1889422.75,55781.0,1902286.375,42.91739654541016,20.315590884998528,1.6420323269994697,18.614493948000018,0.0503571520021068,0.0567072209996695,0.06204831316,558.390625,ok,False,,,D,1000,,True,outputs_revision/runtime_synth/runs.csv,,,,
runtime_synth__synthetic_n1000_d1000_noise3.0__runtime_dscale__seed2__kmeans_oracle,run_divi_runtime_synth_direct.py,2026-03-25T12:17:14Z,unknown,x86_64,cpu,x86_64,synthetic,synthetic_n1000_d1000_noise3.0,runtime_dscale,1000,1000,3,0.01,0.99,3.0,20261325.0,2,kmeans_oracle,,kmeans_oracle,,,,,,,,,,,,3,0,,,[],0.4105036975446074,0.4438783558547725,,0.698,,,,,,,,,,0.423289,,0.423289,,,,558.390625,ok,False,,,D,1000,,True,outputs_revision/runtime_synth/runs.csv,,,,
runtime_synth__synthetic_n1000_d1000_noise3.0__runtime_dscale__seed2__gmm_oracle,run_divi_runtime_synth_direct.py,2026-03-25T12:17:17Z,unknown,x86_64,cpu,x86_64,synthetic,synthetic_n1000_d1000_noise3.0,runtime_dscale,1000,1000,3,0.01,0.99,3.0,20261325.0,2,gmm_oracle,,gmm_oracle,,,,,,,,,,,,3,0,,,[],0.4005113679241254,0.4461571061524615,,0.652,,,,,,,,,,2.622537,,2.622537,,,,558.390625,ok,False,,,D,1000,,True,outputs_revision/runtime_synth/runs.csv,,,,
runtime_synth__synthetic_n1000_d1000_noise3.0__runtime_dscale__seed2__spkm,run_divi_runtime_synth_direct.py,2026-03-25T12:17:18Z,unknown,x86_64,cpu,x86_64,synthetic,synthetic_n1000_d1000_noise3.0,runtime_dscale,1000,1000,3,0.01,0.99,3.0,20261325.0,2,spkm,,spkm,,,,,,,,,,,,3,0,,,[],0.9970015045323004,0.9938029489046496,0.0226500566251415,0.999,873.0,0.873,,,,,,,,0.834448,,0.834448,,,,558.390625,ok,False,,,D,1000,,True,outputs_revision/runtime_synth/runs.csv,,,,
runtime_synth__synthetic_n1000_d1000_noise3.0__runtime_dscale__seed3__divi,run_divi_runtime_synth_direct.py,2026-03-25T12:17:39Z,unknown,x86_64,cpu,x86_64,synthetic,synthetic_n1000_d1000_noise3.0,runtime_dscale,1000,1000,3,0.01,0.99,3.0,20261325.0,3,divi,1.0,divi,1000.0,1.0,80.0,auto_entropy,1418.9385332046727,1.0,0.01,1.0,0.1,300.0,300.0,4,3,80.0,240.0,"[80, 160, 240]",0.8661373299770324,0.8847893035866942,0.4081632653061224,0.871,39.0,0.039,0.2534260153770447,0.225983664393425,1945535.875,1894870.0,50665.875,1901808.0,43.72792053222656,21.16612207099752,1.6487238059999072,19.447308147999134,0.0495274209970375,0.0677234400027373,0.0648243604933304,756.76953125,ok,False,,,D,1000,,True,outputs_revision/runtime_synth/runs.csv,,,,
runtime_synth__synthetic_n1000_d1000_noise3.0__runtime_dscale__seed3__kmeans_oracle,run_divi_runtime_synth_direct.py,2026-03-25T12:17:39Z,unknown,x86_64,cpu,x86_64,synthetic,synthetic_n1000_d1000_noise3.0,runtime_dscale,1000,1000,3,0.01,0.99,3.0,20261325.0,3,kmeans_oracle,,kmeans_oracle,,,,,,,,,,,,3,0,,,[],0.4282686561963897,0.4608724480029592,,0.694,,,,,,,,,,0.341799,,0.341799,,,,756.76953125,ok,False,,,D,1000,,True,outputs_revision/runtime_synth/runs.csv,,,,
runtime_synth__synthetic_n1000_d1000_noise3.0__runtime_dscale__seed3__gmm_oracle,run_divi_runtime_synth_direct.py,2026-03-25T12:17:42Z,unknown,x86_64,cpu,x86_64,synthetic,synthetic_n1000_d1000_noise3.0,runtime_dscale,1000,1000,3,0.01,0.99,3.0,20261325.0,3,gmm_oracle,,gmm_oracle,,,,,,,,,,,,3,0,,,[],0.4321396868574484,0.4629086004925288,,0.671,,,,,,,,,,2.475296,,2.475296,,,,756.76953125,ok,False,,,D,1000,,True,outputs_revision/runtime_synth/runs.csv,,,,
runtime_synth__synthetic_n1000_d1000_noise3.0__runtime_dscale__seed3__spkm,run_divi_runtime_synth_direct.py,2026-03-25T12:17:43Z,unknown,x86_64,cpu,x86_64,synthetic,synthetic_n1000_d1000_noise3.0,runtime_dscale,1000,1000,3,0.01,0.99,3.0,20261325.0,3,spkm,,spkm,,,,,,,,,,,,3,0,,,[],0.9970015045323004,0.9938029489046496,0.0226500566251415,0.999,873.0,0.873,,,,,,,,0.85789,,0.85789,,,,756.7734375,ok,False,,,D,1000,,True,outputs_revision/runtime_synth/runs.csv,,,,
runtime_synth__synthetic_n1000_d1000_noise3.0__runtime_dscale__seed4__divi,run_divi_runtime_synth_direct.py,2026-03-25T12:18:02Z,unknown,x86_64,cpu,x86_64,synthetic,synthetic_n1000_d1000_noise3.0,runtime_dscale,1000,1000,3,0.01,0.99,3.0,20261325.0,4,divi,1.0,divi,1000.0,1.0,80.0,auto_entropy,1418.9385332046727,1.0,0.01,1.0,0.1,300.0,300.0,4,3,80.0,240.0,"[80, 160, 240]",0.8421748747196006,0.8635504915132793,0.4166666666666667,0.83,38.0,0.038,0.2543398141860962,0.225380852818489,1945678.375,1891616.625,54061.75,1901311.125,44.36724472045898,19.620878122997965,1.7045882790007454,17.848233431999688,0.0506532389990752,0.0655985599987616,0.0594941114399989,787.3046875,ok,False,,,D,1000,,True,outputs_revision/runtime_synth/runs.csv,,,,
runtime_synth__synthetic_n1000_d1000_noise3.0__runtime_dscale__seed4__kmeans_oracle,run_divi_runtime_synth_direct.py,2026-03-25T12:18:03Z,unknown,x86_64,cpu,x86_64,synthetic,synthetic_n1000_d1000_noise3.0,runtime_dscale,1000,1000,3,0.01,0.99,3.0,20261325.0,4,kmeans_oracle,,kmeans_oracle,,,,,,,,,,,,3,0,,,[],0.4369131472345216,0.4808987767564827,,0.643,,,,,,,,,,0.692005,,0.692005,,,,787.3046875,ok,False,,,D,1000,,True,outputs_revision/runtime_synth/runs.csv,,,,
runtime_synth__synthetic_n1000_d1000_noise3.0__runtime_dscale__seed4__gmm_oracle,run_divi_runtime_synth_direct.py,2026-03-25T12:18:06Z,unknown,x86_64,cpu,x86_64,synthetic,synthetic_n1000_d1000_noise3.0,runtime_dscale,1000,1000,3,0.01,0.99,3.0,20261325.0,4,gmm_oracle,,gmm_oracle,,,,,,,,,,,,3,0,,,[],0.3677442788379523,0.4407994556695497,,0.616,,,,,,,,,,2.572831,,2.572831,,,,787.3046875,ok,False,,,D,1000,,True,outputs_revision/runtime_synth/runs.csv,,,,
runtime_synth__synthetic_n1000_d1000_noise3.0__runtime_dscale__seed4__spkm,run_divi_runtime_synth_direct.py,2026-03-25T12:18:07Z,unknown,x86_64,cpu,x86_64,synthetic,synthetic_n1000_d1000_noise3.0,runtime_dscale,1000,1000,3,0.01,0.99,3.0,20261325.0,4,spkm,,spkm,,,,,,,,,,,,3,0,,,[],0.9970015045323004,0.9938029489046496,0.0226500566251415,0.999,873.0,0.873,,,,,,,,0.834932,,0.834932,,,,787.3046875,ok,False,,,D,1000,,True,outputs_revision/runtime_synth/runs.csv,,,,
runtime_synth__synthetic_n1000_d2000_noise3.0__runtime_dscale__seed0__divi,run_divi_runtime_synth_direct.py,2026-03-25T12:18:48Z,unknown,x86_64,cpu,x86_64,synthetic,synthetic_n1000_d2000_noise3.0,runtime_dscale,1000,2000,3,0.005,0.995,3.0,20262325.0,0,divi,1.0,divi,1000.0,1.0,80.0,auto_entropy,2837.8770664093454,1.0,0.01,1.0,0.1,300.0,300.0,4,3,80.0,240.0,"[80, 160, 240]",0.3648834606410615,0.480601526823816,0.25,0.558,70.0,0.035,0.2501315474510193,0.2247077971696853,3903484.25,3807885.25,95599.0,3814278.75,89.20550537109375,41.45204586600085,3.397139917997265,37.8832623390008,0.0967628059988783,0.1677242600017052,0.1262775411300026,878.90234375,ok,False,,,D,2000,,True,outputs_revision/runtime_synth/runs.csv,,,,
runtime_synth__synthetic_n1000_d2000_noise3.0__runtime_dscale__seed0__kmeans_oracle,run_divi_runtime_synth_direct.py,2026-03-25T12:18:49Z,unknown,x86_64,cpu,x86_64,synthetic,synthetic_n1000_d2000_noise3.0,runtime_dscale,1000,2000,3,0.005,0.995,3.0,20262325.0,0,kmeans_oracle,,kmeans_oracle,,,,,,,,,,,,3,0,,,[],0.3780248232240663,0.4168475391886709,,0.654,,,,,,,,,,0.952648,,0.952648,,,,878.94140625,ok,False,,,D,2000,,True,outputs_revision/runtime_synth/runs.csv,,,,
runtime_synth__synthetic_n1000_d2000_noise3.0__runtime_dscale__seed0__gmm_oracle,run_divi_runtime_synth_direct.py,2026-03-25T12:19:04Z,unknown,x86_64,cpu,x86_64,synthetic,synthetic_n1000_d2000_noise3.0,runtime_dscale,1000,2000,3,0.005,0.995,3.0,20262325.0,0,gmm_oracle,,gmm_oracle,,,,,,,,,,,,3,0,,,[],0.3780248232240663,0.4168475391886709,,0.654,,,,,,,,,,14.89915,,14.89915,,,,883.6796875,ok,False,,,D,2000,,True,outputs_revision/runtime_synth/runs.csv,,,,
runtime_synth__synthetic_n1000_d2000_noise3.0__runtime_dscale__seed0__spkm,run_divi_runtime_synth_direct.py,2026-03-25T12:19:07Z,unknown,x86_64,cpu,x86_64,synthetic,synthetic_n1000_d2000_noise3.0,runtime_dscale,1000,2000,3,0.005,0.995,3.0,20262325.0,0,spkm,,spkm,,,,,,,,,,,,3,0,,,[],0.9970015045323004,0.9938029489046496,0.0236966824644549,0.999,834.0,0.417,,,,,,,,2.532898,,2.532898,,,,883.6796875,ok,False,,,D,2000,,True,outputs_revision/runtime_synth/runs.csv,,,,
runtime_synth__synthetic_n1000_d2000_noise3.0__runtime_dscale__seed1__divi,run_divi_runtime_synth_direct.py,2026-03-25T12:19:46Z,unknown,x86_64,cpu,x86_64,synthetic,synthetic_n1000_d2000_noise3.0,runtime_dscale,1000,2000,3,0.005,0.995,3.0,20262325.0,1,divi,1.0,divi,1000.0,1.0,80.0,auto_entropy,2837.8770664093454,1.0,0.01,1.0,0.1,300.0,300.0,4,3,80.0,240.0,"[80, 160, 240]",0.4319023182340527,0.5110443015114278,0.2597402597402597,0.663,67.0,0.0335,0.2501847445964813,0.2231709957122802,3903697.5,3806022.75,97674.75,3814310.0,89.38756561279297,39.1426964630009,4.701912575997994,34.32886038399738,0.0985757619964715,0.1077485960013291,0.1144295346133246,1097.19140625,ok,False,,,D,2000,,True,outputs_revision/runtime_synth/runs.csv,,,,
runtime_synth__synthetic_n1000_d2000_noise3.0__runtime_dscale__seed1__kmeans_oracle,run_divi_runtime_synth_direct.py,2026-03-25T12:19:48Z,unknown,x86_64,cpu,x86_64,synthetic,synthetic_n1000_d2000_noise3.0,runtime_dscale,1000,2000,3,0.005,0.995,3.0,20262325.0,1,kmeans_oracle,,kmeans_oracle,,,,,,,,,,,,3,0,,,[],0.3540902077465151,0.3643754008759563,,0.62,,,,,,,,,,2.083651,,2.083651,,,,1097.31640625,ok,False,,,D,2000,,True,outputs_revision/runtime_synth/runs.csv,,,,
runtime_synth__synthetic_n1000_d2000_noise3.0__runtime_dscale__seed1__gmm_oracle,run_divi_runtime_synth_direct.py,2026-03-25T12:19:59Z,unknown,x86_64,cpu,x86_64,synthetic,synthetic_n1000_d2000_noise3.0,runtime_dscale,1000,2000,3,0.005,0.995,3.0,20262325.0,1,gmm_oracle,,gmm_oracle,,,,,,,,,,,,3,0,,,[],0.3357626803367899,0.3560759490402342,,0.619,,,,,,,,,,11.006013,,11.006013,,,,1097.31640625,ok,False,,,D,2000,,True,outputs_revision/runtime_synth/runs.csv,,,,
runtime_synth__synthetic_n1000_d2000_noise3.0__runtime_dscale__seed1__spkm,run_divi_runtime_synth_direct.py,2026-03-25T12:20:02Z,unknown,x86_64,cpu,x86_64,synthetic,synthetic_n1000_d2000_noise3.0,runtime_dscale,1000,2000,3,0.005,0.995,3.0,20262325.0,1,spkm,,spkm,,,,,,,,,,,,3,0,,,[],0.9970015045323004,0.9938029489046496,0.0236966824644549,0.999,834.0,0.417,,,,,,,,3.12255,,3.12255,,,,1097.31640625,ok,False,,,D,2000,,True,outputs_revision/runtime_synth/runs.csv,,,,
runtime_synth__synthetic_n1000_d2000_noise3.0__runtime_dscale__seed2__divi,run_divi_runtime_synth_direct.py,2026-03-25T12:20:40Z,unknown,x86_64,cpu,x86_64,synthetic,synthetic_n1000_d2000_noise3.0,runtime_dscale,1000,2000,3,0.005,0.995,3.0,20262325.0,2,divi,1.0,divi,1000.0,1.0,80.0,auto_entropy,2837.8770664093454,1.0,0.01,1.0,0.1,300.0,300.0,4,3,80.0,240.0,"[80, 160, 240]",0.8208883276796728,0.8413515068234446,0.2666666666666666,0.833,65.0,0.0325,0.24927319586277,0.2238821536302566,3901789.75,3811422.0,90367.75,3813859.0,87.9306869506836,37.42998256200008,4.031938232998073,33.267261367000174,0.0965885110017552,0.1265835710000828,0.1108908712233339,1097.328125,ok,False,,,D,2000,,True,outputs_revision/runtime_synth/runs.csv,,,,
runtime_synth__synthetic_n1000_d2000_noise3.0__runtime_dscale__seed2__kmeans_oracle,run_divi_runtime_synth_direct.py,2026-03-25T12:20:42Z,unknown,x86_64,cpu,x86_64,synthetic,synthetic_n1000_d2000_noise3.0,runtime_dscale,1000,2000,3,0.005,0.995,3.0,20262325.0,2,kmeans_oracle,,kmeans_oracle,,,,,,,,,,,,3,0,,,[],0.3418697982799202,0.4010876478578403,,0.557,,,,,,,,,,1.938181,,1.938181,,,,1097.328125,ok,False,,,D,2000,,True,outputs_revision/runtime_synth/runs.csv,,,,
runtime_synth__synthetic_n1000_d2000_noise3.0__runtime_dscale__seed2__gmm_oracle,run_divi_runtime_synth_direct.py,2026-03-25T12:20:52Z,unknown,x86_64,cpu,x86_64,synthetic,synthetic_n1000_d2000_noise3.0,runtime_dscale,1000,2000,3,0.005,0.995,3.0,20262325.0,2,gmm_oracle,,gmm_oracle,,,,,,,,,,,,3,0,,,[],0.3857297797171671,0.4018712394847675,,0.628,,,,,,,,,,10.805497,,10.805497,,,,1097.328125,ok,False,,,D,2000,,True,outputs_revision/runtime_synth/runs.csv,,,,
runtime_synth__synthetic_n1000_d2000_noise3.0__runtime_dscale__seed2__spkm,run_divi_runtime_synth_direct.py,2026-03-25T12:20:56Z,unknown,x86_64,cpu,x86_64,synthetic,synthetic_n1000_d2000_noise3.0,runtime_dscale,1000,2000,3,0.005,0.995,3.0,20262325.0,2,spkm,,spkm,,,,,,,,,,,,3,0,,,[],0.9970015045323004,0.9938029489046496,0.0236966824644549,0.999,834.0,0.417,,,,,,,,3.160293,,3.160293,,,,1097.328125,ok,False,,,D,2000,,True,outputs_revision/runtime_synth/runs.csv,,,,
runtime_synth__synthetic_n1000_d2000_noise3.0__runtime_dscale__seed3__divi,run_divi_runtime_synth_direct.py,2026-03-25T12:21:34Z,unknown,x86_64,cpu,x86_64,synthetic,synthetic_n1000_d2000_noise3.0,runtime_dscale,1000,2000,3,0.005,0.995,3.0,20262325.0,3,divi,1.0,divi,1000.0,1.0,80.0,auto_entropy,2837.8770664093454,1.0,0.01,1.0,0.1,300.0,300.0,4,3,80.0,240.0,"[80, 160, 240]",0.7180697634709182,0.7513691348201769,0.2564102564102564,0.798,68.0,0.034,0.2497853636741638,0.2240375876426696,3902396.0,3809719.75,92676.25,3813686.0,88.71007537841797,38.54992941999808,3.776932616001432,34.65159895200122,0.103791663001175,0.1172466960015299,0.115505329840004,1044.046875,ok,False,,,D,2000,,True,outputs_revision/runtime_synth/runs.csv,,,,
runtime_synth__synthetic_n1000_d2000_noise3.0__runtime_dscale__seed3__kmeans_oracle,run_divi_runtime_synth_direct.py,2026-03-25T12:21:36Z,unknown,x86_64,cpu,x86_64,synthetic,synthetic_n1000_d2000_noise3.0,runtime_dscale,1000,2000,3,0.005,0.995,3.0,20262325.0,3,kmeans_oracle,,kmeans_oracle,,,,,,,,,,,,3,0,,,[],0.3688859225206038,0.3967550733089294,,0.654,,,,,,,,,,1.441154,,1.441154,,,,1044.046875,ok,False,,,D,2000,,True,outputs_revision/runtime_synth/runs.csv,,,,
runtime_synth__synthetic_n1000_d2000_noise3.0__runtime_dscale__seed3__gmm_oracle,run_divi_runtime_synth_direct.py,2026-03-25T12:21:46Z,unknown,x86_64,cpu,x86_64,synthetic,synthetic_n1000_d2000_noise3.0,runtime_dscale,1000,2000,3,0.005,0.995,3.0,20262325.0,3,gmm_oracle,,gmm_oracle,,,,,,,,,,,,3,0,,,[],0.4084505172440754,0.4262894582293172,,0.658,,,,,,,,,,10.703369,,10.703369,,,,1044.046875,ok,False,,,D,2000,,True,outputs_revision/runtime_synth/runs.csv,,,,
runtime_synth__synthetic_n1000_d2000_noise3.0__runtime_dscale__seed3__spkm,run_divi_runtime_synth_direct.py,2026-03-25T12:21:49Z,unknown,x86_64,cpu,x86_64,synthetic,synthetic_n1000_d2000_noise3.0,runtime_dscale,1000,2000,3,0.005,0.995,3.0,20262325.0,3,spkm,,spkm,,,,,,,,,,,,3,0,,,[],0.9970015045323004,0.9938029489046496,0.0236966824644549,0.999,834.0,0.417,,,,,,,,3.060443,,3.060443,,,,1044.05078125,ok,False,,,D,2000,,True,outputs_revision/runtime_synth/runs.csv,,,,
runtime_synth__synthetic_n1000_d2000_noise3.0__runtime_dscale__seed4__divi,run_divi_runtime_synth_direct.py,2026-03-25T12:22:27Z,unknown,x86_64,cpu,x86_64,synthetic,synthetic_n1000_d2000_noise3.0,runtime_dscale,1000,2000,3,0.005,0.995,3.0,20262325.0,4,divi,1.0,divi,1000.0,1.0,80.0,auto_entropy,2837.8770664093454,1.0,0.01,1.0,0.1,300.0,300.0,4,3,80.0,240.0,"[80, 160, 240]",0.7362133427013928,0.7712202544971435,0.2409638554216867,0.799,73.0,0.0365,0.2490029335021972,0.2231817841529846,3902125.75,3807545.5,94580.25,3814451.75,87.67388153076172,37.82006546900084,3.385791159998917,34.30602368899781,0.096915316000377,0.1241377219994319,0.1143534122966593,960.12890625,ok,False,,,D,2000,,True,outputs_revision/runtime_synth/runs.csv,,,,
runtime_synth__synthetic_n1000_d2000_noise3.0__runtime_dscale__seed4__kmeans_oracle,run_divi_runtime_synth_direct.py,2026-03-25T12:22:29Z,unknown,x86_64,cpu,x86_64,synthetic,synthetic_n1000_d2000_noise3.0,runtime_dscale,1000,2000,3,0.005,0.995,3.0,20262325.0,4,kmeans_oracle,,kmeans_oracle,,,,,,,,,,,,3,0,,,[],0.3470959120370289,0.401287002512242,,0.584,,,,,,,,,,1.257025,,1.257025,,,,960.12890625,ok,False,,,D,2000,,True,outputs_revision/runtime_synth/runs.csv,,,,
runtime_synth__synthetic_n1000_d2000_noise3.0__runtime_dscale__seed4__gmm_oracle,run_divi_runtime_synth_direct.py,2026-03-25T12:22:40Z,unknown,x86_64,cpu,x86_64,synthetic,synthetic_n1000_d2000_noise3.0,runtime_dscale,1000,2000,3,0.005,0.995,3.0,20262325.0,4,gmm_oracle,,gmm_oracle,,,,,,,,,,,,3,0,,,[],0.3470959120370289,0.401287002512242,,0.584,,,,,,,,,,10.973967,,10.973967,,,,960.12890625,ok,False,,,D,2000,,True,outputs_revision/runtime_synth/runs.csv,,,,
runtime_synth__synthetic_n1000_d2000_noise3.0__runtime_dscale__seed4__spkm,run_divi_runtime_synth_direct.py,2026-03-25T12:22:42Z,unknown,x86_64,cpu,x86_64,synthetic,synthetic_n1000_d2000_noise3.0,runtime_dscale,1000,2000,3,0.005,0.995,3.0,20262325.0,4,spkm,,spkm,,,,,,,,,,,,3,0,,,[],0.9970015045323004,0.9938029489046496,0.0236966824644549,0.999,834.0,0.417,,,,,,,,2.659486,,2.659486,,,,960.12890625,ok,False,,,D,2000,,True,outputs_revision/runtime_synth/runs.csv,,,,
runtime_synth__synthetic_n1000_d5000_noise3.0__runtime_dscale__seed0__divi,run_divi_runtime_synth_direct.py,2026-03-25T12:25:23Z,unknown,x86_64,cpu,x86_64,synthetic,synthetic_n1000_d5000_noise3.0,runtime_dscale,1000,5000,3,0.002,0.998,3.0,20265325.0,0,divi,1.0,divi,1000.0,1.0,80.0,auto_entropy,7094.692666023363,1.0,0.01,1.0,0.1,300.0,300.0,4,3,80.0,240.0,"[80, 160, 240]",0.0036793023344123,0.0066141956819774,0.0084925690021231,0.366,2345.0,0.469,0.4699788093566894,0.4799358248710632,9103683.0,8678853.0,424830.0,8822110.0,281.57257080078125,160.1963065630007,7.100520553001843,152.55852651699752,0.3621482290000131,0.5284786580014043,0.508528421723325,979.30859375,ok,False,,,D,5000,,True,outputs_revision/runtime_synth/runs.csv,,,,
runtime_synth__synthetic_n1000_d5000_noise3.0__runtime_dscale__seed0__kmeans_oracle,run_divi_runtime_synth_direct.py,2026-03-25T12:25:24Z,unknown,x86_64,cpu,x86_64,synthetic,synthetic_n1000_d5000_noise3.0,runtime_dscale,1000,5000,3,0.002,0.998,3.0,20265325.0,0,kmeans_oracle,,kmeans_oracle,,,,,,,,,,,,3,0,,,[],0.0225378146646779,0.0198292311543093,,0.404,,,,,,,,,,0.92291,,0.92291,,,,979.30859375,ok,False,,,D,5000,,True,outputs_revision/runtime_synth/runs.csv,,,,
runtime_synth__synthetic_n1000_d5000_noise3.0__runtime_dscale__seed0__gmm_oracle,run_divi_runtime_synth_direct.py,2026-03-25T12:27:09Z,unknown,x86_64,cpu,x86_64,synthetic,synthetic_n1000_d5000_noise3.0,runtime_dscale,1000,5000,3,0.002,0.998,3.0,20265325.0,0,gmm_oracle,,gmm_oracle,,,,,,,,,,,,3,0,,,[],0.0002760650161715,0.0035358839653075,,0.348,,,,,,,,,,105.17453,,105.17453,,,,993.453125,ok,False,,,D,5000,,True,outputs_revision/runtime_synth/runs.csv,,,,
runtime_synth__synthetic_n1000_d5000_noise3.0__runtime_dscale__seed0__spkm,run_divi_runtime_synth_direct.py,2026-03-25T12:27:14Z,unknown,x86_64,cpu,x86_64,synthetic,synthetic_n1000_d5000_noise3.0,runtime_dscale,1000,5000,3,0.002,0.998,3.0,20265325.0,0,spkm,,spkm,,,,,,,,,,,,3,0,,,[],0.9940120180601144,0.9876086482064032,0.0223713646532438,0.998,884.0,0.1768,,,,,,,,4.845895,,4.845895,,,,993.453125,ok,False,,,D,5000,,True,outputs_revision/runtime_synth/runs.csv,,,,
runtime_synth__synthetic_n1000_d5000_noise3.0__runtime_dscale__seed1__divi,run_divi_runtime_synth_direct.py,2026-03-25T12:29:41Z,unknown,x86_64,cpu,x86_64,synthetic,synthetic_n1000_d5000_noise3.0,runtime_dscale,1000,5000,3,0.002,0.998,3.0,20265325.0,1,divi,1.0,divi,1000.0,1.0,80.0,auto_entropy,7094.692666023363,1.0,0.01,1.0,0.1,300.0,300.0,4,3,80.0,240.0,"[80, 160, 240]",0.0203622366208134,0.020769348925251,0.0085178875638841,0.403,2338.0,0.4676,0.4700702130794525,0.4810125231742859,9103835.0,8692556.0,411279.0,8821728.0,282.10711669921875,146.67752865999864,7.9617085049976595,138.14295884799867,0.2512444810017769,0.563184964001266,0.4604765294933289,867.58203125,ok,False,,,D,5000,,True,outputs_revision/runtime_synth/runs.csv,,,,
runtime_synth__synthetic_n1000_d5000_noise3.0__runtime_dscale__seed1__kmeans_oracle,run_divi_runtime_synth_direct.py,2026-03-25T12:29:42Z,unknown,x86_64,cpu,x86_64,synthetic,synthetic_n1000_d5000_noise3.0,runtime_dscale,1000,5000,3,0.002,0.998,3.0,20265325.0,1,kmeans_oracle,,kmeans_oracle,,,,,,,,,,,,3,0,,,[],0.0071329290929249,0.0077586041695862,,0.385,,,,,,,,,,0.872504,,0.872504,,,,867.58203125,ok,False,,,D,5000,,True,outputs_revision/runtime_synth/runs.csv,,,,
runtime_synth__synthetic_n1000_d5000_noise3.0__runtime_dscale__seed1__gmm_oracle,run_divi_runtime_synth_direct.py,2026-03-25T12:31:24Z,unknown,x86_64,cpu,x86_64,synthetic,synthetic_n1000_d5000_noise3.0,runtime_dscale,1000,5000,3,0.002,0.998,3.0,20265325.0,1,gmm_oracle,,gmm_oracle,,,,,,,,,,,,3,0,,,[],0.0015298308922352,0.0034876840507061,,0.367,,,,,,,,,,101.928473,,101.928473,,,,867.58203125,ok,False,,,D,5000,,True,outputs_revision/runtime_synth/runs.csv,,,,
runtime_synth__synthetic_n1000_d5000_noise3.0__runtime_dscale__seed1__spkm,run_divi_runtime_synth_direct.py,2026-03-25T12:31:29Z,unknown,x86_64,cpu,x86_64,synthetic,synthetic_n1000_d5000_noise3.0,runtime_dscale,1000,5000,3,0.002,0.998,3.0,20265325.0,1,spkm,,spkm,,,,,,,,,,,,3,0,,,[],0.9940120180601144,0.9876086482064032,0.0223713646532438,0.998,884.0,0.1768,,,,,,,,5.797493,,5.797493,,,,867.58203125,ok,False,,,D,5000,,True,outputs_revision/runtime_synth/runs.csv,,,,
runtime_synth__synthetic_n1000_d5000_noise3.0__runtime_dscale__seed2__divi,run_divi_runtime_synth_direct.py,2026-03-25T12:34:03Z,unknown,x86_64,cpu,x86_64,synthetic,synthetic_n1000_d5000_noise3.0,runtime_dscale,1000,5000,3,0.002,0.998,3.0,20265325.0,2,divi,1.0,divi,1000.0,1.0,80.0,auto_entropy,7094.692666023363,1.0,0.01,1.0,0.1,300.0,300.0,4,3,80.0,240.0,"[80, 160, 240]",0.0541234891310442,0.0506583690502209,0.0085470085470085,0.448,2330.0,0.466,0.4696812629699707,0.4771412312984466,9103380.0,8688861.0,414519.0,8822572.0,280.8075561523437,153.9161436880022,7.074560847999237,146.33057587899748,0.2531612550046702,0.501018410002871,0.4877685862633249,886.34375,ok,False,,,D,5000,,True,outputs_revision/runtime_synth/runs.csv,,,,
runtime_synth__synthetic_n1000_d5000_noise3.0__runtime_dscale__seed2__kmeans_oracle,run_divi_runtime_synth_direct.py,2026-03-25T12:34:04Z,unknown,x86_64,cpu,x86_64,synthetic,synthetic_n1000_d5000_noise3.0,runtime_dscale,1000,5000,3,0.002,0.998,3.0,20265325.0,2,kmeans_oracle,,kmeans_oracle,,,,,,,,,,,,3,0,,,[],0.0068418120906703,0.0073096190530018,,0.376,,,,,,,,,,0.919791,,0.919791,,,,886.34375,ok,False,,,D,5000,,True,outputs_revision/runtime_synth/runs.csv,,,,
runtime_synth__synthetic_n1000_d5000_noise3.0__runtime_dscale__seed2__gmm_oracle,run_divi_runtime_synth_direct.py,2026-03-25T12:35:46Z,unknown,x86_64,cpu,x86_64,synthetic,synthetic_n1000_d5000_noise3.0,runtime_dscale,1000,5000,3,0.002,0.998,3.0,20265325.0,2,gmm_oracle,,gmm_oracle,,,,,,,,,,,,3,0,,,[],0.0042171871452192,0.0087811904233404,,0.367,,,,,,,,,,101.127025,,101.127025,,,,886.34375,ok,False,,,D,5000,,True,outputs_revision/runtime_synth/runs.csv,,,,
runtime_synth__synthetic_n1000_d5000_noise3.0__runtime_dscale__seed2__spkm,run_divi_runtime_synth_direct.py,2026-03-25T12:35:51Z,unknown,x86_64,cpu,x86_64,synthetic,synthetic_n1000_d5000_noise3.0,runtime_dscale,1000,5000,3,0.002,0.998,3.0,20265325.0,2,spkm,,spkm,,,,,,,,,,,,3,0,,,[],0.9940120180601144,0.9876086482064032,0.0223713646532438,0.998,884.0,0.1768,,,,,,,,5.729658,,5.729658,,,,886.34375,ok,False,,,D,5000,,True,outputs_revision/runtime_synth/runs.csv,,,,
runtime_synth__synthetic_n1000_d5000_noise3.0__runtime_dscale__seed3__divi,run_divi_runtime_synth_direct.py,2026-03-25T12:38:41Z,unknown,x86_64,cpu,x86_64,synthetic,synthetic_n1000_d5000_noise3.0,runtime_dscale,1000,5000,3,0.002,0.998,3.0,20265325.0,3,divi,1.0,divi,1000.0,1.0,80.0,auto_entropy,7094.692666023363,1.0,0.01,1.0,0.1,300.0,300.0,4,3,80.0,240.0,"[80, 160, 240]",0.0212455012871885,0.0213395163302736,0.0085106382978723,0.405,2340.0,0.468,0.4696703255176544,0.4789872169494629,9103636.0,8698838.0,404798.0,8822986.0,280.6501770019531,169.35042337499908,7.06763416800095,161.66615172599995,0.4796309420016769,0.6071714499994414,0.5388871724199998,924.47265625,ok,False,,,D,5000,,True,outputs_revision/runtime_synth/runs.csv,,,,
runtime_synth__synthetic_n1000_d5000_noise3.0__runtime_dscale__seed3__kmeans_oracle,run_divi_runtime_synth_direct.py,2026-03-25T12:38:42Z,unknown,x86_64,cpu,x86_64,synthetic,synthetic_n1000_d5000_noise3.0,runtime_dscale,1000,5000,3,0.002,0.998,3.0,20265325.0,3,kmeans_oracle,,kmeans_oracle,,,,,,,,,,,,3,0,,,[],0.0029950130901122,0.0045090944592385,,0.356,,,,,,,,,,0.802902,,0.802902,,,,924.47265625,ok,False,,,D,5000,,True,outputs_revision/runtime_synth/runs.csv,,,,
runtime_synth__synthetic_n1000_d5000_noise3.0__runtime_dscale__seed3__gmm_oracle,run_divi_runtime_synth_direct.py,2026-03-25T12:40:24Z,unknown,x86_64,cpu,x86_64,synthetic,synthetic_n1000_d5000_noise3.0,runtime_dscale,1000,5000,3,0.002,0.998,3.0,20265325.0,3,gmm_oracle,,gmm_oracle,,,,,,,,,,,,3,0,,,[],0.0029950130901122,0.0045090944592385,,0.356,,,,,,,,,,102.678873,,102.678873,,,,924.47265625,ok,False,,,D,5000,,True,outputs_revision/runtime_synth/runs.csv,,,,
runtime_synth__synthetic_n1000_d5000_noise3.0__runtime_dscale__seed3__spkm,run_divi_runtime_synth_direct.py,2026-03-25T12:40:28Z,unknown,x86_64,cpu,x86_64,synthetic,synthetic_n1000_d5000_noise3.0,runtime_dscale,1000,5000,3,0.002,0.998,3.0,20265325.0,3,spkm,,spkm,,,,,,,,,,,,3,0,,,[],0.9940120180601144,0.9876086482064032,0.0223713646532438,0.998,884.0,0.1768,,,,,,,,4.064695,,4.064695,,,,924.47265625,ok,False,,,D,5000,,True,outputs_revision/runtime_synth/runs.csv,,,,
runtime_synth__synthetic_n1000_d5000_noise3.0__runtime_dscale__seed4__divi,run_divi_runtime_synth_direct.py,2026-03-25T12:43:14Z,unknown,x86_64,cpu,x86_64,synthetic,synthetic_n1000_d5000_noise3.0,runtime_dscale,1000,5000,3,0.002,0.998,3.0,20265325.0,4,divi,1.0,divi,1000.0,1.0,80.0,auto_entropy,7094.692666023363,1.0,0.01,1.0,0.1,300.0,300.0,4,3,80.0,240.0,"[80, 160, 240]",0.0132922401120356,0.0178712962744993,0.0085106382978723,0.387,2340.0,0.468,0.4694200158119201,0.4778343737125397,9102845.0,8693689.0,409156.0,8823334.0,279.5105285644531,165.19765945799736,8.85282562700013,155.83383109100032,0.2680947920016479,0.4956856860007974,0.5194461036366678,867.375,ok,False,,,D,5000,,True,outputs_revision/runtime_synth/runs.csv,,,,
runtime_synth__synthetic_n1000_d5000_noise3.0__runtime_dscale__seed4__kmeans_oracle,run_divi_runtime_synth_direct.py,2026-03-25T12:43:15Z,unknown,x86_64,cpu,x86_64,synthetic,synthetic_n1000_d5000_noise3.0,runtime_dscale,1000,5000,3,0.002,0.998,3.0,20265325.0,4,kmeans_oracle,,kmeans_oracle,,,,,,,,,,,,3,0,,,[],0.0007653740822829,0.0025895080022521,,0.365,,,,,,,,,,0.846736,,0.846736,,,,867.375,ok,False,,,D,5000,,True,outputs_revision/runtime_synth/runs.csv,,,,
runtime_synth__synthetic_n1000_d5000_noise3.0__runtime_dscale__seed4__gmm_oracle,run_divi_runtime_synth_direct.py,2026-03-25T12:44:59Z,unknown,x86_64,cpu,x86_64,synthetic,synthetic_n1000_d5000_noise3.0,runtime_dscale,1000,5000,3,0.002,0.998,3.0,20265325.0,4,gmm_oracle,,gmm_oracle,,,,,,,,,,,,3,0,,,[],0.0098690716606766,0.0114290788257187,,0.384,,,,,,,,,,104.342188,,104.342188,,,,867.375,ok,False,,,D,5000,,True,outputs_revision/runtime_synth/runs.csv,,,,
runtime_synth__synthetic_n1000_d5000_noise3.0__runtime_dscale__seed4__spkm,run_divi_runtime_synth_direct.py,2026-03-25T12:45:03Z,unknown,x86_64,cpu,x86_64,synthetic,synthetic_n1000_d5000_noise3.0,runtime_dscale,1000,5000,3,0.002,0.998,3.0,20265325.0,4,spkm,,spkm,,,,,,,,,,,,3,0,,,[],0.9940120180601144,0.9876086482064032,0.0223713646532438,0.998,884.0,0.1768,,,,,,,,4.132495,,4.132495,,,,867.375,ok,False,,,D,5000,,True,outputs_revision/runtime_synth/runs.csv,,,,
runtime_synth__synthetic_n200_d1000_noise3.0__runtime_nscale__seed0__divi,run_divi_runtime_synth_direct.py,2026-03-25T12:45:08Z,unknown,x86_64,cpu,x86_64,synthetic,synthetic_n200_d1000_noise3.0,runtime_nscale,200,1000,3,0.01,0.99,3.0,20260526.0,0,divi,1.0,divi,200.0,1.0,80.0,auto_entropy,1418.9385332046727,1.0,0.01,1.0,0.1,300.0,300.0,4,3,80.0,240.0,"[80, 160, 240]",0.2992530632759397,0.4144874551455406,0.0547945205479452,0.525,355.0,0.355,0.4174216389656067,0.4019424319267273,369460.0625,352503.0625,16957.0,358216.8125,56.2163200378418,4.885384916997282,1.1465170970004692,3.723266273002082,0.0102259450031851,0.0145351860010123,0.0124108875766736,867.3828125,ok,False,,,N,200,,True,outputs_revision/runtime_synth/runs.csv,,,,
runtime_synth__synthetic_n200_d1000_noise3.0__runtime_nscale__seed0__kmeans_oracle,run_divi_runtime_synth_direct.py,2026-03-25T12:45:08Z,unknown,x86_64,cpu,x86_64,synthetic,synthetic_n200_d1000_noise3.0,runtime_nscale,200,1000,3,0.01,0.99,3.0,20260526.0,0,kmeans_oracle,,kmeans_oracle,,,,,,,,,,,,3,0,,,[],0.0586498193949227,0.0652640397864257,,0.46,,,,,,,,,,0.043649,,0.043649,,,,867.3828125,ok,False,,,N,200,,True,outputs_revision/runtime_synth/runs.csv,,,,
runtime_synth__synthetic_n200_d1000_noise3.0__runtime_nscale__seed0__gmm_oracle,run_divi_runtime_synth_direct.py,2026-03-25T12:45:11Z,unknown,x86_64,cpu,x86_64,synthetic,synthetic_n200_d1000_noise3.0,runtime_nscale,200,1000,3,0.01,0.99,3.0,20260526.0,0,gmm_oracle,,gmm_oracle,,,,,,,,,,,,3,0,,,[],0.0305414573558579,0.0429901201589225,,0.445,,,,,,,,,,2.459585,,2.459585,,,,867.38671875,ok,False,,,N,200,,True,outputs_revision/runtime_synth/runs.csv,,,,
runtime_synth__synthetic_n200_d1000_noise3.0__runtime_nscale__seed0__spkm,run_divi_runtime_synth_direct.py,2026-03-25T12:45:11Z,unknown,x86_64,cpu,x86_64,synthetic,synthetic_n200_d1000_noise3.0,runtime_nscale,200,1000,3,0.01,0.99,3.0,20260526.0,0,spkm,,spkm,,,,,,,,,,,,3,0,,,[],1.0,1.0,0.091743119266055,1.0,208.0,0.208,,,,,,,,0.561899,,0.561899,,,,867.38671875,ok,False,,,N,200,,True,outputs_revision/runtime_synth/runs.csv,,,,
runtime_synth__synthetic_n200_d1000_noise3.0__runtime_nscale__seed1__divi,run_divi_runtime_synth_direct.py,2026-03-25T12:45:16Z,unknown,x86_64,cpu,x86_64,synthetic,synthetic_n200_d1000_noise3.0,runtime_nscale,200,1000,3,0.01,0.99,3.0,20260526.0,1,divi,1.0,divi,200.0,1.0,80.0,auto_entropy,1418.9385332046727,1.0,0.01,1.0,0.1,300.0,300.0,4,3,80.0,240.0,"[80, 160, 240]",0.2706912640259752,0.38175910715158,0.0544959128065395,0.475,357.0,0.357,0.4170151352882385,0.3966495096683502,369473.6875,351830.5,17643.1875,358278.375,55.9765853881836,4.809047954000562,1.4354195419982716,3.3614461549987027,0.0094187940048868,0.0111187580005207,0.0112048205166623,867.38671875,ok,False,,,N,200,,True,outputs_revision/runtime_synth/runs.csv,,,,
runtime_synth__synthetic_n200_d1000_noise3.0__runtime_nscale__seed1__kmeans_oracle,run_divi_runtime_synth_direct.py,2026-03-25T12:45:16Z,unknown,x86_64,cpu,x86_64,synthetic,synthetic_n200_d1000_noise3.0,runtime_nscale,200,1000,3,0.01,0.99,3.0,20260526.0,1,kmeans_oracle,,kmeans_oracle,,,,,,,,,,,,3,0,,,[],0.0367123515098068,0.0357216230482326,,0.445,,,,,,,,,,0.037621,,0.037621,,,,867.38671875,ok,False,,,N,200,,True,outputs_revision/runtime_synth/runs.csv,,,,
runtime_synth__synthetic_n200_d1000_noise3.0__runtime_nscale__seed1__gmm_oracle,run_divi_runtime_synth_direct.py,2026-03-25T12:45:18Z,unknown,x86_64,cpu,x86_64,synthetic,synthetic_n200_d1000_noise3.0,runtime_nscale,200,1000,3,0.01,0.99,3.0,20260526.0,1,gmm_oracle,,gmm_oracle,,,,,,,,,,,,3,0,,,[],0.0111918311377428,0.0219751477270911,,0.395,,,,,,,,,,1.503835,,1.503835,,,,867.38671875,ok,False,,,N,200,,True,outputs_revision/runtime_synth/runs.csv,,,,
runtime_synth__synthetic_n200_d1000_noise3.0__runtime_nscale__seed1__spkm,run_divi_runtime_synth_direct.py,2026-03-25T12:45:18Z,unknown,x86_64,cpu,x86_64,synthetic,synthetic_n200_d1000_noise3.0,runtime_nscale,200,1000,3,0.01,0.99,3.0,20260526.0,1,spkm,,spkm,,,,,,,,,,,,3,0,,,[],1.0,1.0,0.091743119266055,1.0,208.0,0.208,,,,,,,,0.142741,,0.142741,,,,867.38671875,ok,False,,,N,200,,True,outputs_revision/runtime_synth/runs.csv,,,,
runtime_synth__synthetic_n200_d1000_noise3.0__runtime_nscale__seed2__divi,run_divi_runtime_synth_direct.py,2026-03-25T12:45:23Z,unknown,x86_64,cpu,x86_64,synthetic,synthetic_n200_d1000_noise3.0,runtime_nscale,200,1000,3,0.01,0.99,3.0,20260526.0,2,divi,1.0,divi,200.0,1.0,80.0,auto_entropy,1418.9385332046727,1.0,0.01,1.0,0.1,300.0,300.0,4,3,80.0,240.0,"[80, 160, 240]",0.339286775480786,0.44297805843437,0.0549450549450549,0.58,354.0,0.354,0.4158817529678345,0.3945623636245727,369424.84375,353151.875,16272.96875,358415.0625,55.04893112182617,5.035496675998729,1.1608631779999996,3.859840837001684,0.0110887699993327,0.0137308279990975,0.0128661361233389,867.38671875,ok,False,,,N,200,,True,outputs_revision/runtime_synth/runs.csv,,,,
runtime_synth__synthetic_n200_d1000_noise3.0__runtime_nscale__seed2__kmeans_oracle,run_divi_runtime_synth_direct.py,2026-03-25T12:45:23Z,unknown,x86_64,cpu,x86_64,synthetic,synthetic_n200_d1000_noise3.0,runtime_nscale,200,1000,3,0.01,0.99,3.0,20260526.0,2,kmeans_oracle,,kmeans_oracle,,,,,,,,,,,,3,0,,,[],0.03869483324588,0.0546612755561403,,0.46,,,,,,,,,,0.377853,,0.377853,,,,867.38671875,ok,False,,,N,200,,True,outputs_revision/runtime_synth/runs.csv,,,,
runtime_synth__synthetic_n200_d1000_noise3.0__runtime_nscale__seed2__gmm_oracle,run_divi_runtime_synth_direct.py,2026-03-25T12:45:26Z,unknown,x86_64,cpu,x86_64,synthetic,synthetic_n200_d1000_noise3.0,runtime_nscale,200,1000,3,0.01,0.99,3.0,20260526.0,2,gmm_oracle,,gmm_oracle,,,,,,,,,,,,3,0,,,[],0.0217793984781645,0.043098285014311,,0.415,,,,,,,,,,2.551545,,2.551545,,,,867.38671875,ok,False,,,N,200,,True,outputs_revision/runtime_synth/runs.csv,,,,
runtime_synth__synthetic_n200_d1000_noise3.0__runtime_nscale__seed2__spkm,run_divi_runtime_synth_direct.py,2026-03-25T12:45:26Z,unknown,x86_64,cpu,x86_64,synthetic,synthetic_n200_d1000_noise3.0,runtime_nscale,200,1000,3,0.01,0.99,3.0,20260526.0,2,spkm,,spkm,,,,,,,,,,,,3,0,,,[],1.0,1.0,0.091743119266055,1.0,208.0,0.208,,,,,,,,0.138765,,0.138765,,,,867.38671875,ok,False,,,N,200,,True,outputs_revision/runtime_synth/runs.csv,,,,
runtime_synth__synthetic_n200_d1000_noise3.0__runtime_nscale__seed3__divi,run_divi_runtime_synth_direct.py,2026-03-25T12:45:31Z,unknown,x86_64,cpu,x86_64,synthetic,synthetic_n200_d1000_noise3.0,runtime_nscale,200,1000,3,0.01,0.99,3.0,20260526.0,3,divi,1.0,divi,200.0,1.0,80.0,auto_entropy,1418.9385332046727,1.0,0.01,1.0,0.1,300.0,300.0,4,3,80.0,240.0,"[80, 160, 240]",0.2758464938710653,0.3870576994899919,0.0558659217877094,0.475,348.0,0.348,0.4160811901092529,0.3921027779579162,369432.75,352427.25,17005.5,358399.3125,55.16716003417969,4.7159628859990335,1.147427633000916,3.5560644830002275,0.0101538260023517,0.0113068579994433,0.0118535482766674,867.38671875,ok,False,,,N,200,,True,outputs_revision/runtime_synth/runs.csv,,,,
runtime_synth__synthetic_n200_d1000_noise3.0__runtime_nscale__seed3__kmeans_oracle,run_divi_runtime_synth_direct.py,2026-03-25T12:45:31Z,unknown,x86_64,cpu,x86_64,synthetic,synthetic_n200_d1000_noise3.0,runtime_nscale,200,1000,3,0.01,0.99,3.0,20260526.0,3,kmeans_oracle,,kmeans_oracle,,,,,,,,,,,,3,0,,,[],0.1145382258790332,0.1186262427771677,,0.51,,,,,,,,,,0.036361,,0.036361,,,,867.38671875,ok,False,,,N,200,,True,outputs_revision/runtime_synth/runs.csv,,,,
runtime_synth__synthetic_n200_d1000_noise3.0__runtime_nscale__seed3__gmm_oracle,run_divi_runtime_synth_direct.py,2026-03-25T12:45:32Z,unknown,x86_64,cpu,x86_64,synthetic,synthetic_n200_d1000_noise3.0,runtime_nscale,200,1000,3,0.01,0.99,3.0,20260526.0,3,gmm_oracle,,gmm_oracle,,,,,,,,,,,,3,0,,,[],0.1145382258790332,0.1186262427771677,,0.51,,,,,,,,,,1.39928,,1.39928,,,,867.38671875,ok,False,,,N,200,,True,outputs_revision/runtime_synth/runs.csv,,,,
runtime_synth__synthetic_n200_d1000_noise3.0__runtime_nscale__seed3__spkm,run_divi_runtime_synth_direct.py,2026-03-25T12:45:32Z,unknown,x86_64,cpu,x86_64,synthetic,synthetic_n200_d1000_noise3.0,runtime_nscale,200,1000,3,0.01,0.99,3.0,20260526.0,3,spkm,,spkm,,,,,,,,,,,,3,0,,,[],1.0,1.0,0.091743119266055,1.0,208.0,0.208,,,,,,,,0.135717,,0.135717,,,,867.38671875,ok,False,,,N,200,,True,outputs_revision/runtime_synth/runs.csv,,,,
runtime_synth__synthetic_n200_d1000_noise3.0__runtime_nscale__seed4__divi,run_divi_runtime_synth_direct.py,2026-03-25T12:45:37Z,unknown,x86_64,cpu,x86_64,synthetic,synthetic_n200_d1000_noise3.0,runtime_nscale,200,1000,3,0.01,0.99,3.0,20260526.0,4,divi,1.0,divi,200.0,1.0,80.0,auto_entropy,1418.9385332046727,1.0,0.01,1.0,0.1,300.0,300.0,4,3,80.0,240.0,"[80, 160, 240]",0.2782328674864159,0.3911969637108858,0.05420054200542,0.495,359.0,0.359,0.4170288741588592,0.3923447728157043,369502.28125,353047.96875,16454.3125,358307.78125,55.97251129150391,4.93130494900106,1.158264984998823,3.75910589400155,0.0104883700005302,0.0129213449981762,0.0125303529800051,867.38671875,ok,False,,,N,200,,True,outputs_revision/runtime_synth/runs.csv,,,,
runtime_synth__synthetic_n200_d1000_noise3.0__runtime_nscale__seed4__kmeans_oracle,run_divi_runtime_synth_direct.py,2026-03-25T12:45:37Z,unknown,x86_64,cpu,x86_64,synthetic,synthetic_n200_d1000_noise3.0,runtime_nscale,200,1000,3,0.01,0.99,3.0,20260526.0,4,kmeans_oracle,,kmeans_oracle,,,,,,,,,,,,3,0,,,[],0.0094138491098073,0.0272204530028312,,0.395,,,,,,,,,,0.119647,,0.119647,,,,867.38671875,ok,False,,,N,200,,True,outputs_revision/runtime_synth/runs.csv,,,,
runtime_synth__synthetic_n200_d1000_noise3.0__runtime_nscale__seed4__gmm_oracle,run_divi_runtime_synth_direct.py,2026-03-25T12:45:39Z,unknown,x86_64,cpu,x86_64,synthetic,synthetic_n200_d1000_noise3.0,runtime_nscale,200,1000,3,0.01,0.99,3.0,20260526.0,4,gmm_oracle,,gmm_oracle,,,,,,,,,,,,3,0,,,[],0.0121609122852748,0.0182694003520695,,0.4,,,,,,,,,,1.894517,,1.894517,,,,867.38671875,ok,False,,,N,200,,True,outputs_revision/runtime_synth/runs.csv,,,,
runtime_synth__synthetic_n200_d1000_noise3.0__runtime_nscale__seed4__spkm,run_divi_runtime_synth_direct.py,2026-03-25T12:45:39Z,unknown,x86_64,cpu,x86_64,synthetic,synthetic_n200_d1000_noise3.0,runtime_nscale,200,1000,3,0.01,0.99,3.0,20260526.0,4,spkm,,spkm,,,,,,,,,,,,3,0,,,[],1.0,1.0,0.091743119266055,1.0,208.0,0.208,,,,,,,,0.140709,,0.140709,,,,867.38671875,ok,False,,,N,200,,True,outputs_revision/runtime_synth/runs.csv,,,,
runtime_synth__synthetic_n500_d1000_noise3.0__runtime_nscale__seed0__divi,run_divi_runtime_synth_direct.py,2026-03-25T12:45:50Z,unknown,x86_64,cpu,x86_64,synthetic,synthetic_n500_d1000_noise3.0,runtime_nscale,500,1000,3,0.01,0.99,3.0,20260826.0,0,divi,1.0,divi,500.0,1.0,80.0,auto_entropy,1418.9385332046727,1.0,0.01,1.0,0.1,300.0,300.0,4,3,80.0,240.0,"[80, 160, 240]",0.7414338815172202,0.7699525626176648,0.2439024390243902,0.816,72.0,0.072,0.2805953621864319,0.2539852559566498,965723.5,938021.5625,27701.9375,941639.375,48.16828918457031,10.654071869998006,1.375803420000011,9.246515260998422,0.0249993549987266,0.0304458399987197,0.0308217175366614,867.38671875,ok,False,,,N,500,,True,outputs_revision/runtime_synth/runs.csv,,,,
runtime_synth__synthetic_n500_d1000_noise3.0__runtime_nscale__seed0__kmeans_oracle,run_divi_runtime_synth_direct.py,2026-03-25T12:45:51Z,unknown,x86_64,cpu,x86_64,synthetic,synthetic_n500_d1000_noise3.0,runtime_nscale,500,1000,3,0.01,0.99,3.0,20260826.0,0,kmeans_oracle,,kmeans_oracle,,,,,,,,,,,,3,0,,,[],0.3651290846767301,0.3949643690944168,,0.612,,,,,,,,,,0.692527,,0.692527,,,,867.38671875,ok,False,,,N,500,,True,outputs_revision/runtime_synth/runs.csv,,,,
runtime_synth__synthetic_n500_d1000_noise3.0__runtime_nscale__seed0__gmm_oracle,run_divi_runtime_synth_direct.py,2026-03-25T12:45:53Z,unknown,x86_64,cpu,x86_64,synthetic,synthetic_n500_d1000_noise3.0,runtime_nscale,500,1000,3,0.01,0.99,3.0,20260826.0,0,gmm_oracle,,gmm_oracle,,,,,,,,,,,,3,0,,,[],0.4157804916216244,0.440532974979848,,0.648,,,,,,,,,,2.277794,,2.277794,,,,867.38671875,ok,False,,,N,500,,True,outputs_revision/runtime_synth/runs.csv,,,,
runtime_synth__synthetic_n500_d1000_noise3.0__runtime_nscale__seed0__spkm,run_divi_runtime_synth_direct.py,2026-03-25T12:45:53Z,unknown,x86_64,cpu,x86_64,synthetic,synthetic_n500_d1000_noise3.0,runtime_nscale,500,1000,3,0.01,0.99,3.0,20260826.0,0,spkm,,spkm,,,,,,,,,,,,3,0,,,[],1.0,1.0,0.0415800415800415,1.0,471.0,0.471,,,,,,,,0.374237,,0.374237,,,,867.38671875,ok,False,,,N,500,,True,outputs_revision/runtime_synth/runs.csv,,,,
runtime_synth__synthetic_n500_d1000_noise3.0__runtime_nscale__seed1__divi,run_divi_runtime_synth_direct.py,2026-03-25T12:46:04Z,unknown,x86_64,cpu,x86_64,synthetic,synthetic_n500_d1000_noise3.0,runtime_nscale,500,1000,3,0.01,0.99,3.0,20260826.0,1,divi,1.0,divi,500.0,1.0,80.0,auto_entropy,1418.9385332046727,1.0,0.01,1.0,0.1,300.0,300.0,4,3,80.0,240.0,"[80, 160, 240]",0.6791095829688009,0.7081717597300375,0.2298850574712643,0.762,77.0,0.077,0.2815124988555908,0.2546587586402893,965940.4375,936005.9375,29934.5,941532.75,48.81538772583008,11.013727535999353,1.3893388840006082,9.5875738370014,0.0263681079959496,0.0353588840007432,0.0319585794566713,867.38671875,ok,False,,,N,500,,True,outputs_revision/runtime_synth/runs.csv,,,,
runtime_synth__synthetic_n500_d1000_noise3.0__runtime_nscale__seed1__kmeans_oracle,run_divi_runtime_synth_direct.py,2026-03-25T12:46:05Z,unknown,x86_64,cpu,x86_64,synthetic,synthetic_n500_d1000_noise3.0,runtime_nscale,500,1000,3,0.01,0.99,3.0,20260826.0,1,kmeans_oracle,,kmeans_oracle,,,,,,,,,,,,3,0,,,[],0.34919400958281,0.3764640150071291,,0.598,,,,,,,,,,0.383734,,0.383734,,,,867.38671875,ok,False,,,N,500,,True,outputs_revision/runtime_synth/runs.csv,,,,
runtime_synth__synthetic_n500_d1000_noise3.0__runtime_nscale__seed1__gmm_oracle,run_divi_runtime_synth_direct.py,2026-03-25T12:46:07Z,unknown,x86_64,cpu,x86_64,synthetic,synthetic_n500_d1000_noise3.0,runtime_nscale,500,1000,3,0.01,0.99,3.0,20260826.0,1,gmm_oracle,,gmm_oracle,,,,,,,,,,,,3,0,,,[],0.3416733068068764,0.3616955762945346,,0.634,,,,,,,,,,1.871743,,1.871743,,,,867.38671875,ok,False,,,N,500,,True,outputs_revision/runtime_synth/runs.csv,,,,
runtime_synth__synthetic_n500_d1000_noise3.0__runtime_nscale__seed1__spkm,run_divi_runtime_synth_direct.py,2026-03-25T12:46:07Z,unknown,x86_64,cpu,x86_64,synthetic,synthetic_n500_d1000_noise3.0,runtime_nscale,500,1000,3,0.01,0.99,3.0,20260826.0,1,spkm,,spkm,,,,,,,,,,,,3,0,,,[],1.0,1.0,0.0415800415800415,1.0,471.0,0.471,,,,,,,,0.416097,,0.416097,,,,867.38671875,ok,False,,,N,500,,True,outputs_revision/runtime_synth/runs.csv,,,,
runtime_synth__synthetic_n500_d1000_noise3.0__runtime_nscale__seed2__divi,run_divi_runtime_synth_direct.py,2026-03-25T12:46:18Z,unknown,x86_64,cpu,x86_64,synthetic,synthetic_n500_d1000_noise3.0,runtime_nscale,500,1000,3,0.01,0.99,3.0,20260826.0,2,divi,1.0,divi,500.0,1.0,80.0,auto_entropy,1418.9385332046727,1.0,0.01,1.0,0.1,300.0,300.0,4,3,80.0,240.0,"[80, 160, 240]",0.7059485071173027,0.7456583610126141,0.2531645569620253,0.792,69.0,0.069,0.2805094122886657,0.2494677007198333,965743.375,938272.3125,27471.0625,941705.125,48.07646560668945,10.912319380000554,1.4673793660003869,9.414974057999643,0.0260440469974128,0.0284296659992833,0.0313832468599988,867.38671875,ok,False,,,N,500,,True,outputs_revision/runtime_synth/runs.csv,,,,
runtime_synth__synthetic_n500_d1000_noise3.0__runtime_nscale__seed2__kmeans_oracle,run_divi_runtime_synth_direct.py,2026-03-25T12:46:18Z,unknown,x86_64,cpu,x86_64,synthetic,synthetic_n500_d1000_noise3.0,runtime_nscale,500,1000,3,0.01,0.99,3.0,20260826.0,2,kmeans_oracle,,kmeans_oracle,,,,,,,,,,,,3,0,,,[],0.4022235364493603,0.4256073301397298,,0.644,,,,,,,,,,0.216601,,0.216601,,,,867.38671875,ok,False,,,N,500,,True,outputs_revision/runtime_synth/runs.csv,,,,
runtime_synth__synthetic_n500_d1000_noise3.0__runtime_nscale__seed2__gmm_oracle,run_divi_runtime_synth_direct.py,2026-03-25T12:46:20Z,unknown,x86_64,cpu,x86_64,synthetic,synthetic_n500_d1000_noise3.0,runtime_nscale,500,1000,3,0.01,0.99,3.0,20260826.0,2,gmm_oracle,,gmm_oracle,,,,,,,,,,,,3,0,,,[],0.3818278650225678,0.3986623445647697,,0.636,,,,,,,,,,1.895559,,1.895559,,,,867.38671875,ok,False,,,N,500,,True,outputs_revision/runtime_synth/runs.csv,,,,
runtime_synth__synthetic_n500_d1000_noise3.0__runtime_nscale__seed2__spkm,run_divi_runtime_synth_direct.py,2026-03-25T12:46:21Z,unknown,x86_64,cpu,x86_64,synthetic,synthetic_n500_d1000_noise3.0,runtime_nscale,500,1000,3,0.01,0.99,3.0,20260826.0,2,spkm,,spkm,,,,,,,,,,,,3,0,,,[],1.0,1.0,0.0415800415800415,1.0,471.0,0.471,,,,,,,,0.372871,,0.372871,,,,867.38671875,ok,False,,,N,500,,True,outputs_revision/runtime_synth/runs.csv,,,,
runtime_synth__synthetic_n500_d1000_noise3.0__runtime_nscale__seed3__divi,run_divi_runtime_synth_direct.py,2026-03-25T12:46:31Z,unknown,x86_64,cpu,x86_64,synthetic,synthetic_n500_d1000_noise3.0,runtime_nscale,500,1000,3,0.01,0.99,3.0,20260826.0,3,divi,1.0,divi,500.0,1.0,80.0,auto_entropy,1418.9385332046727,1.0,0.01,1.0,0.1,300.0,300.0,4,3,80.0,240.0,"[80, 160, 240]",0.6482742645445949,0.6967100644818497,0.2409638554216867,0.742,73.0,0.073,0.2806745767593384,0.2496041059494018,965888.125,936634.9375,29253.1875,941804.75,48.16676330566406,10.511194737999176,1.3288935290001973,9.148069635000866,0.0283058380045986,0.032799544998852,0.0304935654500028,867.38671875,ok,False,,,N,500,,True,outputs_revision/runtime_synth/runs.csv,,,,
runtime_synth__synthetic_n500_d1000_noise3.0__runtime_nscale__seed3__kmeans_oracle,run_divi_runtime_synth_direct.py,2026-03-25T12:46:31Z,unknown,x86_64,cpu,x86_64,synthetic,synthetic_n500_d1000_noise3.0,runtime_nscale,500,1000,3,0.01,0.99,3.0,20260826.0,3,kmeans_oracle,,kmeans_oracle,,,,,,,,,,,,3,0,,,[],0.359468079919609,0.4206258578144751,,0.608,,,,,,,,,,0.214773,,0.214773,,,,867.38671875,ok,False,,,N,500,,True,outputs_revision/runtime_synth/runs.csv,,,,
runtime_synth__synthetic_n500_d1000_noise3.0__runtime_nscale__seed3__gmm_oracle,run_divi_runtime_synth_direct.py,2026-03-25T12:46:33Z,unknown,x86_64,cpu,x86_64,synthetic,synthetic_n500_d1000_noise3.0,runtime_nscale,500,1000,3,0.01,0.99,3.0,20260826.0,3,gmm_oracle,,gmm_oracle,,,,,,,,,,,,3,0,,,[],0.3568041983441514,0.4057127914634659,,0.606,,,,,,,,,,1.902574,,1.902574,,,,867.38671875,ok,False,,,N,500,,True,outputs_revision/runtime_synth/runs.csv,,,,
runtime_synth__synthetic_n500_d1000_noise3.0__runtime_nscale__seed3__spkm,run_divi_runtime_synth_direct.py,2026-03-25T12:46:34Z,unknown,x86_64,cpu,x86_64,synthetic,synthetic_n500_d1000_noise3.0,runtime_nscale,500,1000,3,0.01,0.99,3.0,20260826.0,3,spkm,,spkm,,,,,,,,,,,,3,0,,,[],1.0,1.0,0.0415800415800415,1.0,471.0,0.471,,,,,,,,0.384351,,0.384351,,,,867.38671875,ok,False,,,N,500,,True,outputs_revision/runtime_synth/runs.csv,,,,
runtime_synth__synthetic_n500_d1000_noise3.0__runtime_nscale__seed4__divi,run_divi_runtime_synth_direct.py,2026-03-25T12:46:44Z,unknown,x86_64,cpu,x86_64,synthetic,synthetic_n500_d1000_noise3.0,runtime_nscale,500,1000,3,0.01,0.99,3.0,20260826.0,4,divi,1.0,divi,500.0,1.0,80.0,auto_entropy,1418.9385332046727,1.0,0.01,1.0,0.1,300.0,300.0,4,3,80.0,240.0,"[80, 160, 240]",0.7229713123746909,0.7619800033890214,0.2352941176470588,0.796,75.0,0.075,0.2815297245979309,0.2537228167057037,965740.6875,936855.0,28885.6875,941355.375,48.77058410644531,10.80058926300262,1.4067303749980056,9.356615699998656,0.0287257819982187,0.0322141990000091,0.0311887189999955,867.38671875,ok,False,,,N,500,,True,outputs_revision/runtime_synth/runs.csv,,,,
runtime_synth__synthetic_n500_d1000_noise3.0__runtime_nscale__seed4__kmeans_oracle,run_divi_runtime_synth_direct.py,2026-03-25T12:46:45Z,unknown,x86_64,cpu,x86_64,synthetic,synthetic_n500_d1000_noise3.0,runtime_nscale,500,1000,3,0.01,0.99,3.0,20260826.0,4,kmeans_oracle,,kmeans_oracle,,,,,,,,,,,,3,0,,,[],0.3356071737872617,0.3502306245631238,,0.604,,,,,,,,,,0.176185,,0.176185,,,,867.38671875,ok,False,,,N,500,,True,outputs_revision/runtime_synth/runs.csv,,,,
runtime_synth__synthetic_n500_d1000_noise3.0__runtime_nscale__seed4__gmm_oracle,run_divi_runtime_synth_direct.py,2026-03-25T12:46:46Z,unknown,x86_64,cpu,x86_64,synthetic,synthetic_n500_d1000_noise3.0,runtime_nscale,500,1000,3,0.01,0.99,3.0,20260826.0,4,gmm_oracle,,gmm_oracle,,,,,,,,,,,,3,0,,,[],0.3356071737872617,0.3502306245631238,,0.604,,,,,,,,,,1.772607,,1.772607,,,,867.38671875,ok,False,,,N,500,,True,outputs_revision/runtime_synth/runs.csv,,,,
runtime_synth__synthetic_n500_d1000_noise3.0__runtime_nscale__seed4__spkm,run_divi_runtime_synth_direct.py,2026-03-25T12:46:47Z,unknown,x86_64,cpu,x86_64,synthetic,synthetic_n500_d1000_noise3.0,runtime_nscale,500,1000,3,0.01,0.99,3.0,20260826.0,4,spkm,,spkm,,,,,,,,,,,,3,0,,,[],1.0,1.0,0.0415800415800415,1.0,471.0,0.471,,,,,,,,0.380719,,0.380719,,,,867.38671875,ok,False,,,N,500,,True,outputs_revision/runtime_synth/runs.csv,,,,
runtime_synth__synthetic_n1000_d1000_noise3.0__runtime_nscale__seed0__divi,run_divi_runtime_synth_direct.py,2026-03-25T12:47:07Z,unknown,x86_64,cpu,x86_64,synthetic,synthetic_n1000_d1000_noise3.0,runtime_nscale,1000,1000,3,0.01,0.99,3.0,20261326.0,0,divi,1.0,divi,1000.0,1.0,80.0,auto_entropy,1418.9385332046727,1.0,0.01,1.0,0.1,300.0,300.0,4,3,80.0,240.0,"[80, 160, 240]",0.8716462322294324,0.90161019952655,0.5555555555555556,0.863,26.0,0.026,0.2464456856250763,0.2181732356548309,1948626.0,1895962.5,52663.5,1906229.375,42.39667510986328,20.402036220999435,1.8584657329993208,18.47009955100293,0.0560613589987042,0.0712019429993233,0.0615669985033431,882.40625,ok,False,,,N,1000,,True,outputs_revision/runtime_synth/runs.csv,,,,
runtime_synth__synthetic_n1000_d1000_noise3.0__runtime_nscale__seed0__kmeans_oracle,run_divi_runtime_synth_direct.py,2026-03-25T12:47:08Z,unknown,x86_64,cpu,x86_64,synthetic,synthetic_n1000_d1000_noise3.0,runtime_nscale,1000,1000,3,0.01,0.99,3.0,20261326.0,0,kmeans_oracle,,kmeans_oracle,,,,,,,,,,,,3,0,,,[],0.5047385502161924,0.5067625964579401,,0.782,,,,,,,,,,0.895189,,0.895189,,,,882.40625,ok,False,,,N,1000,,True,outputs_revision/runtime_synth/runs.csv,,,,
runtime_synth__synthetic_n1000_d1000_noise3.0__runtime_nscale__seed0__gmm_oracle,run_divi_runtime_synth_direct.py,2026-03-25T12:47:11Z,unknown,x86_64,cpu,x86_64,synthetic,synthetic_n1000_d1000_noise3.0,runtime_nscale,1000,1000,3,0.01,0.99,3.0,20261326.0,0,gmm_oracle,,gmm_oracle,,,,,,,,,,,,3,0,,,[],0.5030198105093872,0.5807226216894823,,0.665,,,,,,,,,,3.090457,,3.090457,,,,882.40625,ok,False,,,N,1000,,True,outputs_revision/runtime_synth/runs.csv,,,,
runtime_synth__synthetic_n1000_d1000_noise3.0__runtime_nscale__seed0__spkm,run_divi_runtime_synth_direct.py,2026-03-25T12:47:12Z,unknown,x86_64,cpu,x86_64,synthetic,synthetic_n1000_d1000_noise3.0,runtime_nscale,1000,1000,3,0.01,0.99,3.0,20261326.0,0,spkm,,spkm,,,,,,,,,,,,3,0,,,[],0.9970015045323004,0.9938029489046496,0.0227014755959137,0.999,871.0,0.871,,,,,,,,0.921433,,0.921433,,,,882.40625,ok,False,,,N,1000,,True,outputs_revision/runtime_synth/runs.csv,,,,
runtime_synth__synthetic_n1000_d1000_noise3.0__runtime_nscale__seed1__divi,run_divi_runtime_synth_direct.py,2026-03-25T12:47:32Z,unknown,x86_64,cpu,x86_64,synthetic,synthetic_n1000_d1000_noise3.0,runtime_nscale,1000,1000,3,0.01,0.99,3.0,20261326.0,1,divi,1.0,divi,1000.0,1.0,80.0,auto_entropy,1418.9385332046727,1.0,0.01,1.0,0.1,300.0,300.0,4,3,80.0,240.0,"[80, 160, 240]",0.8685738772560065,0.9002961256072078,0.5263157894736842,0.849,28.0,0.028,0.2477620542049408,0.2211837768554687,1948754.75,1900294.5,48460.25,1905255.625,43.49918746948242,20.022659080997983,1.8117643719997432,18.14037708899923,0.059105290001753,0.0681570239976281,0.0604679236299974,897.66796875,ok,False,,,N,1000,,True,outputs_revision/runtime_synth/runs.csv,,,,
runtime_synth__synthetic_n1000_d1000_noise3.0__runtime_nscale__seed1__kmeans_oracle,run_divi_runtime_synth_direct.py,2026-03-25T12:47:33Z,unknown,x86_64,cpu,x86_64,synthetic,synthetic_n1000_d1000_noise3.0,runtime_nscale,1000,1000,3,0.01,0.99,3.0,20261326.0,1,kmeans_oracle,,kmeans_oracle,,,,,,,,,,,,3,0,,,[],0.5392122916434462,0.6106245133205501,,0.745,,,,,,,,,,0.331151,,0.331151,,,,897.66796875,ok,False,,,N,1000,,True,outputs_revision/runtime_synth/runs.csv,,,,
runtime_synth__synthetic_n1000_d1000_noise3.0__runtime_nscale__seed1__gmm_oracle,run_divi_runtime_synth_direct.py,2026-03-25T12:47:37Z,unknown,x86_64,cpu,x86_64,synthetic,synthetic_n1000_d1000_noise3.0,runtime_nscale,1000,1000,3,0.01,0.99,3.0,20261326.0,1,gmm_oracle,,gmm_oracle,,,,,,,,,,,,3,0,,,[],0.365213849371227,0.4375822988777034,,0.609,,,,,,,,,,4.323339,,4.323339,,,,897.66796875,ok,False,,,N,1000,,True,outputs_revision/runtime_synth/runs.csv,,,,
runtime_synth__synthetic_n1000_d1000_noise3.0__runtime_nscale__seed1__spkm,run_divi_runtime_synth_direct.py,2026-03-25T12:47:38Z,unknown,x86_64,cpu,x86_64,synthetic,synthetic_n1000_d1000_noise3.0,runtime_nscale,1000,1000,3,0.01,0.99,3.0,20261326.0,1,spkm,,spkm,,,,,,,,,,,,3,0,,,[],0.9970015045323004,0.9938029489046496,0.0227014755959137,0.999,871.0,0.871,,,,,,,,0.885209,,0.885209,,,,897.66796875,ok,False,,,N,1000,,True,outputs_revision/runtime_synth/runs.csv,,,,
runtime_synth__synthetic_n1000_d1000_noise3.0__runtime_nscale__seed2__divi,run_divi_runtime_synth_direct.py,2026-03-25T12:47:57Z,unknown,x86_64,cpu,x86_64,synthetic,synthetic_n1000_d1000_noise3.0,runtime_nscale,1000,1000,3,0.01,0.99,3.0,20261326.0,2,divi,1.0,divi,1000.0,1.0,80.0,auto_entropy,1418.9385332046727,1.0,0.01,1.0,0.1,300.0,300.0,4,3,80.0,240.0,"[80, 160, 240]",0.8803194108139746,0.8730971786967476,0.5128205128205128,0.917,29.0,0.029,0.2466016262769699,0.2193429172039032,1948689.0,1901924.5,46764.5,1906158.0,42.53105163574219,19.31804691599973,1.7137510249995105,17.544432425002014,0.0509656100002757,0.0575185289999353,0.0584814414166733,897.66796875,ok,False,,,N,1000,,True,outputs_revision/runtime_synth/runs.csv,,,,
runtime_synth__synthetic_n1000_d1000_noise3.0__runtime_nscale__seed2__kmeans_oracle,run_divi_runtime_synth_direct.py,2026-03-25T12:47:58Z,unknown,x86_64,cpu,x86_64,synthetic,synthetic_n1000_d1000_noise3.0,runtime_nscale,1000,1000,3,0.01,0.99,3.0,20261326.0,2,kmeans_oracle,,kmeans_oracle,,,,,,,,,,,,3,0,,,[],0.5492108536270206,0.5892692603622637,,0.782,,,,,,,,,,0.405343,,0.405343,,,,897.66796875,ok,False,,,N,1000,,True,outputs_revision/runtime_synth/runs.csv,,,,
runtime_synth__synthetic_n1000_d1000_noise3.0__runtime_nscale__seed2__gmm_oracle,run_divi_runtime_synth_direct.py,2026-03-25T12:48:01Z,unknown,x86_64,cpu,x86_64,synthetic,synthetic_n1000_d1000_noise3.0,runtime_nscale,1000,1000,3,0.01,0.99,3.0,20261326.0,2,gmm_oracle,,gmm_oracle,,,,,,,,,,,,3,0,,,[],0.5492108536270206,0.5892692603622637,,0.782,,,,,,,,,,2.92433,,2.92433,,,,897.66796875,ok,False,,,N,1000,,True,outputs_revision/runtime_synth/runs.csv,,,,
runtime_synth__synthetic_n1000_d1000_noise3.0__runtime_nscale__seed2__spkm,run_divi_runtime_synth_direct.py,2026-03-25T12:48:02Z,unknown,x86_64,cpu,x86_64,synthetic,synthetic_n1000_d1000_noise3.0,runtime_nscale,1000,1000,3,0.01,0.99,3.0,20261326.0,2,spkm,,spkm,,,,,,,,,,,,3,0,,,[],0.9970015045323004,0.9938029489046496,0.0227014755959137,0.999,871.0,0.871,,,,,,,,1.80752,,1.80752,,,,897.66796875,ok,False,,,N,1000,,True,outputs_revision/runtime_synth/runs.csv,,,,
runtime_synth__synthetic_n1000_d1000_noise3.0__runtime_nscale__seed3__divi,run_divi_runtime_synth_direct.py,2026-03-25T12:48:22Z,unknown,x86_64,cpu,x86_64,synthetic,synthetic_n1000_d1000_noise3.0,runtime_nscale,1000,1000,3,0.01,0.99,3.0,20261326.0,3,divi,1.0,divi,1000.0,1.0,80.0,auto_entropy,1418.9385332046727,1.0,0.01,1.0,0.1,300.0,300.0,4,3,80.0,240.0,"[80, 160, 240]",0.8581563973334415,0.8569111968417074,0.5405405405405406,0.901,27.0,0.027,0.2472721487283706,0.2196149230003357,1948957.125,1897350.375,51606.75,1905812.25,43.144866943359375,19.541401333000977,1.9480939650020448,17.53086487300243,0.0523353890021098,0.0577905589998408,0.0584362162433414,897.66796875,ok,False,,,N,1000,,True,outputs_revision/runtime_synth/runs.csv,,,,
runtime_synth__synthetic_n1000_d1000_noise3.0__runtime_nscale__seed3__kmeans_oracle,run_divi_runtime_synth_direct.py,2026-03-25T12:48:22Z,unknown,x86_64,cpu,x86_64,synthetic,synthetic_n1000_d1000_noise3.0,runtime_nscale,1000,1000,3,0.01,0.99,3.0,20261326.0,3,kmeans_oracle,,kmeans_oracle,,,,,,,,,,,,3,0,,,[],0.4559902703571759,0.4583881690958237,,0.742,,,,,,,,,,0.343584,,0.343584,,,,897.66796875,ok,False,,,N,1000,,True,outputs_revision/runtime_synth/runs.csv,,,,
runtime_synth__synthetic_n1000_d1000_noise3.0__runtime_nscale__seed3__gmm_oracle,run_divi_runtime_synth_direct.py,2026-03-25T12:48:25Z,unknown,x86_64,cpu,x86_64,synthetic,synthetic_n1000_d1000_noise3.0,runtime_nscale,1000,1000,3,0.01,0.99,3.0,20261326.0,3,gmm_oracle,,gmm_oracle,,,,,,,,,,,,3,0,,,[],0.4559902703571759,0.4583881690958237,,0.742,,,,,,,,,,2.460378,,2.460378,,,,897.66796875,ok,False,,,N,1000,,True,outputs_revision/runtime_synth/runs.csv,,,,
runtime_synth__synthetic_n1000_d1000_noise3.0__runtime_nscale__seed3__spkm,run_divi_runtime_synth_direct.py,2026-03-25T12:48:26Z,unknown,x86_64,cpu,x86_64,synthetic,synthetic_n1000_d1000_noise3.0,runtime_nscale,1000,1000,3,0.01,0.99,3.0,20261326.0,3,spkm,,spkm,,,,,,,,,,,,3,0,,,[],0.9970015045323004,0.9938029489046496,0.0227014755959137,0.999,871.0,0.871,,,,,,,,0.834636,,0.834636,,,,897.66796875,ok,False,,,N,1000,,True,outputs_revision/runtime_synth/runs.csv,,,,
runtime_synth__synthetic_n1000_d1000_noise3.0__runtime_nscale__seed4__divi,run_divi_runtime_synth_direct.py,2026-03-25T12:48:45Z,unknown,x86_64,cpu,x86_64,synthetic,synthetic_n1000_d1000_noise3.0,runtime_nscale,1000,1000,3,0.01,0.99,3.0,20261326.0,4,divi,1.0,divi,1000.0,1.0,80.0,auto_entropy,1418.9385332046727,1.0,0.01,1.0,0.1,300.0,300.0,4,3,80.0,240.0,"[80, 160, 240]",0.8565063513483918,0.8760055174629092,0.5,0.865,30.0,0.03,0.2472143769264221,0.222298726439476,1948837.375,1897731.75,51105.625,1905849.875,42.9875602722168,19.72614520500065,2.3271916590019828,17.338005208999675,0.0503763189990422,0.0581809040013467,0.0577933506966655,897.66796875,ok,False,,,N,1000,,True,outputs_revision/runtime_synth/runs.csv,,,,
runtime_synth__synthetic_n1000_d1000_noise3.0__runtime_nscale__seed4__kmeans_oracle,run_divi_runtime_synth_direct.py,2026-03-25T12:48:46Z,unknown,x86_64,cpu,x86_64,synthetic,synthetic_n1000_d1000_noise3.0,runtime_nscale,1000,1000,3,0.01,0.99,3.0,20261326.0,4,kmeans_oracle,,kmeans_oracle,,,,,,,,,,,,3,0,,,[],0.474799623771041,0.5155519936685274,,0.676,,,,,,,,,,0.375432,,0.375432,,,,897.66796875,ok,False,,,N,1000,,True,outputs_revision/runtime_synth/runs.csv,,,,
runtime_synth__synthetic_n1000_d1000_noise3.0__runtime_nscale__seed4__gmm_oracle,run_divi_runtime_synth_direct.py,2026-03-25T12:48:48Z,unknown,x86_64,cpu,x86_64,synthetic,synthetic_n1000_d1000_noise3.0,runtime_nscale,1000,1000,3,0.01,0.99,3.0,20261326.0,4,gmm_oracle,,gmm_oracle,,,,,,,,,,,,3,0,,,[],0.411155095147203,0.4475083335028572,,0.635,,,,,,,,,,2.458282,,2.458282,,,,897.66796875,ok,False,,,N,1000,,True,outputs_revision/runtime_synth/runs.csv,,,,
runtime_synth__synthetic_n1000_d1000_noise3.0__runtime_nscale__seed4__spkm,run_divi_runtime_synth_direct.py,2026-03-25T12:48:49Z,unknown,x86_64,cpu,x86_64,synthetic,synthetic_n1000_d1000_noise3.0,runtime_nscale,1000,1000,3,0.01,0.99,3.0,20261326.0,4,spkm,,spkm,,,,,,,,,,,,3,0,,,[],0.9970015045323004,0.9938029489046496,0.0227014755959137,0.999,871.0,0.871,,,,,,,,0.832295,,0.832295,,,,897.66796875,ok,False,,,N,1000,,True,outputs_revision/runtime_synth/runs.csv,,,,
runtime_synth__synthetic_n2000_d1000_noise3.0__runtime_nscale__seed0__divi,run_divi_runtime_synth_direct.py,2026-03-25T12:49:29Z,unknown,x86_64,cpu,x86_64,synthetic,synthetic_n2000_d1000_noise3.0,runtime_nscale,2000,1000,3,0.01,0.99,3.0,20262326.0,0,divi,1.0,divi,2000.0,1.0,80.0,auto_entropy,1418.9385332046727,1.0,0.01,1.0,0.1,300.0,300.0,4,3,80.0,240.0,"[80, 160, 240]",0.8677734689592312,0.8997648710669712,0.9090909090909092,0.842,12.0,0.012,0.2102818638086319,0.1865219473838806,3931752.0,3847521.0,84231.0,3860535.25,35.60838317871094,40.30244063300052,2.616350626001804,37.55470215199966,0.1093183080010931,0.1265884810018178,0.1251823405066655,890.1640625,ok,False,,,N,2000,,True,outputs_revision/runtime_synth/runs.csv,,,,
runtime_synth__synthetic_n2000_d1000_noise3.0__runtime_nscale__seed0__kmeans_oracle,run_divi_runtime_synth_direct.py,2026-03-25T12:49:31Z,unknown,x86_64,cpu,x86_64,synthetic,synthetic_n2000_d1000_noise3.0,runtime_nscale,2000,1000,3,0.01,0.99,3.0,20262326.0,0,kmeans_oracle,,kmeans_oracle,,,,,,,,,,,,3,0,,,[],0.7774628273783075,0.740752134390262,,0.918,,,,,,,,,,1.775592,,1.775592,,,,890.1640625,ok,False,,,N,2000,,True,outputs_revision/runtime_synth/runs.csv,,,,
runtime_synth__synthetic_n2000_d1000_noise3.0__runtime_nscale__seed0__gmm_oracle,run_divi_runtime_synth_direct.py,2026-03-25T12:49:36Z,unknown,x86_64,cpu,x86_64,synthetic,synthetic_n2000_d1000_noise3.0,runtime_nscale,2000,1000,3,0.01,0.99,3.0,20262326.0,0,gmm_oracle,,gmm_oracle,,,,,,,,,,,,3,0,,,[],0.4015317914641378,0.4539827526371612,,0.6405,,,,,,,,,,4.537631,,4.537631,,,,890.1640625,ok,False,,,N,2000,,True,outputs_revision/runtime_synth/runs.csv,,,,
runtime_synth__synthetic_n2000_d1000_noise3.0__runtime_nscale__seed0__spkm,run_divi_runtime_synth_direct.py,2026-03-25T12:49:38Z,unknown,x86_64,cpu,x86_64,synthetic,synthetic_n2000_d1000_noise3.0,runtime_nscale,2000,1000,3,0.01,0.99,3.0,20262326.0,0,spkm,,spkm,,,,,,,,,,,,3,0,,,[],0.998498874063205,0.9965853313238788,0.0252206809583858,0.9995,783.0,0.783,,,,,,,,1.985875,,1.985875,,,,890.1640625,ok,False,,,N,2000,,True,outputs_revision/runtime_synth/runs.csv,,,,
runtime_synth__synthetic_n2000_d1000_noise3.0__runtime_nscale__seed1__divi,run_divi_runtime_synth_direct.py,2026-03-25T12:50:20Z,unknown,x86_64,cpu,x86_64,synthetic,synthetic_n2000_d1000_noise3.0,runtime_nscale,2000,1000,3,0.01,0.99,3.0,20262326.0,1,divi,1.0,divi,2000.0,1.0,80.0,auto_entropy,1418.9385332046727,1.0,0.01,1.0,0.1,300.0,300.0,4,3,80.0,240.0,"[80, 160, 240]",0.8674753872776316,0.8996291258956634,0.9090909090909092,0.8375,12.0,0.012,0.210932195186615,0.1870117485523224,3931948.75,3843375.25,88573.5,3859646.25,36.151309967041016,42.44775860899972,2.5851979090002715,39.71891171199968,0.1047169600024062,0.1396175600020797,0.1323963723733322,1195.21484375,ok,False,,,N,2000,,True,outputs_revision/runtime_synth/runs.csv,,,,
runtime_synth__synthetic_n2000_d1000_noise3.0__runtime_nscale__seed1__kmeans_oracle,run_divi_runtime_synth_direct.py,2026-03-25T12:50:21Z,unknown,x86_64,cpu,x86_64,synthetic,synthetic_n2000_d1000_noise3.0,runtime_nscale,2000,1000,3,0.01,0.99,3.0,20262326.0,1,kmeans_oracle,,kmeans_oracle,,,,,,,,,,,,3,0,,,[],0.8147045982477955,0.7673946172949966,,0.9335,,,,,,,,,,1.163813,,1.163813,,,,1195.21484375,ok,False,,,N,2000,,True,outputs_revision/runtime_synth/runs.csv,,,,
runtime_synth__synthetic_n2000_d1000_noise3.0__runtime_nscale__seed1__gmm_oracle,run_divi_runtime_synth_direct.py,2026-03-25T12:50:27Z,unknown,x86_64,cpu,x86_64,synthetic,synthetic_n2000_d1000_noise3.0,runtime_nscale,2000,1000,3,0.01,0.99,3.0,20262326.0,1,gmm_oracle,,gmm_oracle,,,,,,,,,,,,3,0,,,[],0.4861645265029315,0.5342664587950774,,0.711,,,,,,,,,,5.428257,,5.428257,,,,1195.21484375,ok,False,,,N,2000,,True,outputs_revision/runtime_synth/runs.csv,,,,
runtime_synth__synthetic_n2000_d1000_noise3.0__runtime_nscale__seed1__spkm,run_divi_runtime_synth_direct.py,2026-03-25T12:50:29Z,unknown,x86_64,cpu,x86_64,synthetic,synthetic_n2000_d1000_noise3.0,runtime_nscale,2000,1000,3,0.01,0.99,3.0,20262326.0,1,spkm,,spkm,,,,,,,,,,,,3,0,,,[],0.998498874063205,0.9965853313238788,0.0252206809583858,0.9995,783.0,0.783,,,,,,,,1.931076,,1.931076,,,,867.27734375,ok,False,,,N,2000,,True,outputs_revision/runtime_synth/runs.csv,,,,
runtime_synth__synthetic_n2000_d1000_noise3.0__runtime_nscale__seed2__divi,run_divi_runtime_synth_direct.py,2026-03-25T12:51:13Z,unknown,x86_64,cpu,x86_64,synthetic,synthetic_n2000_d1000_noise3.0,runtime_nscale,2000,1000,3,0.01,0.99,3.0,20262326.0,2,divi,1.0,divi,2000.0,1.0,80.0,auto_entropy,1418.9385332046727,1.0,0.01,1.0,0.1,300.0,300.0,4,3,80.0,240.0,"[80, 160, 240]",0.8674627090445379,0.8990991390242099,1.0,0.8375,10.0,0.01,0.2100603580474853,0.1885870993137359,3931576.75,3840801.0,90775.75,3860786.0,35.39532470703125,43.8813891940008,2.554367493998143,41.196461005001765,0.106997937997221,0.1264458149998972,0.1373215366833392,1088.40625,ok,False,,,N,2000,,True,outputs_revision/runtime_synth/runs.csv,,,,
runtime_synth__synthetic_n2000_d1000_noise3.0__runtime_nscale__seed2__kmeans_oracle,run_divi_runtime_synth_direct.py,2026-03-25T12:51:14Z,unknown,x86_64,cpu,x86_64,synthetic,synthetic_n2000_d1000_noise3.0,runtime_nscale,2000,1000,3,0.01,0.99,3.0,20262326.0,2,kmeans_oracle,,kmeans_oracle,,,,,,,,,,,,3,0,,,[],0.8730884133466918,0.8323260000876456,,0.9555,,,,,,,,,,1.399764,,1.399764,,,,1088.40625,ok,False,,,N,2000,,True,outputs_revision/runtime_synth/runs.csv,,,,
runtime_synth__synthetic_n2000_d1000_noise3.0__runtime_nscale__seed2__gmm_oracle,run_divi_runtime_synth_direct.py,2026-03-25T12:51:19Z,unknown,x86_64,cpu,x86_64,synthetic,synthetic_n2000_d1000_noise3.0,runtime_nscale,2000,1000,3,0.01,0.99,3.0,20262326.0,2,gmm_oracle,,gmm_oracle,,,,,,,,,,,,3,0,,,[],0.6694621933546656,0.6394405665244767,,0.871,,,,,,,,,,5.286935,,5.286935,,,,1088.40625,ok,False,,,N,2000,,True,outputs_revision/runtime_synth/runs.csv,,,,
runtime_synth__synthetic_n2000_d1000_noise3.0__runtime_nscale__seed2__spkm,run_divi_runtime_synth_direct.py,2026-03-25T12:51:21Z,unknown,x86_64,cpu,x86_64,synthetic,synthetic_n2000_d1000_noise3.0,runtime_nscale,2000,1000,3,0.01,0.99,3.0,20262326.0,2,spkm,,spkm,,,,,,,,,,,,3,0,,,[],0.998498874063205,0.9965853313238788,0.0252206809583858,0.9995,783.0,0.783,,,,,,,,1.893228,,1.893228,,,,1088.40625,ok,False,,,N,2000,,True,outputs_revision/runtime_synth/runs.csv,,,,
runtime_synth__synthetic_n2000_d1000_noise3.0__runtime_nscale__seed3__divi,run_divi_runtime_synth_direct.py,2026-03-25T12:52:02Z,unknown,x86_64,cpu,x86_64,synthetic,synthetic_n2000_d1000_noise3.0,runtime_nscale,2000,1000,3,0.01,0.99,3.0,20262326.0,3,divi,1.0,divi,2000.0,1.0,80.0,auto_entropy,1418.9385332046727,1.0,0.01,1.0,0.1,300.0,300.0,4,3,80.0,240.0,"[80, 160, 240]",0.8667376180283305,0.8968565031180705,1.0,0.843,10.0,0.01,0.2094563841819763,0.1859322339296341,3931735.75,3850844.5,80891.25,3861659.25,35.038299560546875,40.60438361099659,2.6215740919979,37.86402749800254,0.1035520789992006,0.1145480839986703,0.1262134249933418,1027.4921875,ok,False,,,N,2000,,True,outputs_revision/runtime_synth/runs.csv,,,,
runtime_synth__synthetic_n2000_d1000_noise3.0__runtime_nscale__seed3__kmeans_oracle,run_divi_runtime_synth_direct.py,2026-03-25T12:52:03Z,unknown,x86_64,cpu,x86_64,synthetic,synthetic_n2000_d1000_noise3.0,runtime_nscale,2000,1000,3,0.01,0.99,3.0,20262326.0,3,kmeans_oracle,,kmeans_oracle,,,,,,,,,,,,3,0,,,[],0.8027641588005743,0.7701338207621181,,0.9285,,,,,,,,,,1.185817,,1.185817,,,,1027.4921875,ok,False,,,N,2000,,True,outputs_revision/runtime_synth/runs.csv,,,,
runtime_synth__synthetic_n2000_d1000_noise3.0__runtime_nscale__seed3__gmm_oracle,run_divi_runtime_synth_direct.py,2026-03-25T12:52:08Z,unknown,x86_64,cpu,x86_64,synthetic,synthetic_n2000_d1000_noise3.0,runtime_nscale,2000,1000,3,0.01,0.99,3.0,20262326.0,3,gmm_oracle,,gmm_oracle,,,,,,,,,,,,3,0,,,[],0.4301080481909995,0.4714490659192422,,0.689,,,,,,,,,,4.851364,,4.851364,,,,1027.4921875,ok,False,,,N,2000,,True,outputs_revision/runtime_synth/runs.csv,,,,
runtime_synth__synthetic_n2000_d1000_noise3.0__runtime_nscale__seed3__spkm,run_divi_runtime_synth_direct.py,2026-03-25T12:52:11Z,unknown,x86_64,cpu,x86_64,synthetic,synthetic_n2000_d1000_noise3.0,runtime_nscale,2000,1000,3,0.01,0.99,3.0,20262326.0,3,spkm,,spkm,,,,,,,,,,,,3,0,,,[],0.998498874063205,0.9965853313238788,0.0252206809583858,0.9995,783.0,0.783,,,,,,,,2.537294,,2.537294,,,,1027.4921875,ok,False,,,N,2000,,True,outputs_revision/runtime_synth/runs.csv,,,,
runtime_synth__synthetic_n2000_d1000_noise3.0__runtime_nscale__seed4__divi,run_divi_runtime_synth_direct.py,2026-03-25T12:52:51Z,unknown,x86_64,cpu,x86_64,synthetic,synthetic_n2000_d1000_noise3.0,runtime_nscale,2000,1000,3,0.01,0.99,3.0,20262326.0,4,divi,1.0,divi,2000.0,1.0,80.0,auto_entropy,1418.9385332046727,1.0,0.01,1.0,0.1,300.0,300.0,4,3,80.0,240.0,"[80, 160, 240]",0.8744463820769158,0.9028482883692924,1.0,0.871,10.0,0.01,0.210249051451683,0.1894998550415039,3931514.5,3838533.5,92981.0,3860514.0,35.50029754638672,40.6302158369981,2.654591318998428,37.85619018699799,0.1057658829995489,0.1150243379997846,0.1261873006233266,1149.56640625,ok,False,,,N,2000,,True,outputs_revision/runtime_synth/runs.csv,,,,
runtime_synth__synthetic_n2000_d1000_noise3.0__runtime_nscale__seed4__kmeans_oracle,run_divi_runtime_synth_direct.py,2026-03-25T12:52:52Z,unknown,x86_64,cpu,x86_64,synthetic,synthetic_n2000_d1000_noise3.0,runtime_nscale,2000,1000,3,0.01,0.99,3.0,20262326.0,4,kmeans_oracle,,kmeans_oracle,,,,,,,,,,,,3,0,,,[],0.734111038551505,0.7034659113485042,,0.8995,,,,,,,,,,0.996828,,0.996828,,,,1149.56640625,ok,False,,,N,2000,,True,outputs_revision/runtime_synth/runs.csv,,,,
runtime_synth__synthetic_n2000_d1000_noise3.0__runtime_nscale__seed4__gmm_oracle,run_divi_runtime_synth_direct.py,2026-03-25T12:52:56Z,unknown,x86_64,cpu,x86_64,synthetic,synthetic_n2000_d1000_noise3.0,runtime_nscale,2000,1000,3,0.01,0.99,3.0,20262326.0,4,gmm_oracle,,gmm_oracle,,,,,,,,,,,,3,0,,,[],0.4465585324820108,0.4931315934393226,,0.664,,,,,,,,,,3.692284,,3.692284,,,,1149.56640625,ok,False,,,N,2000,,True,outputs_revision/runtime_synth/runs.csv,,,,
runtime_synth__synthetic_n2000_d1000_noise3.0__runtime_nscale__seed4__spkm,run_divi_runtime_synth_direct.py,2026-03-25T12:52:58Z,unknown,x86_64,cpu,x86_64,synthetic,synthetic_n2000_d1000_noise3.0,runtime_nscale,2000,1000,3,0.01,0.99,3.0,20262326.0,4,spkm,,spkm,,,,,,,,,,,,3,0,,,[],0.998498874063205,0.9965853313238788,0.0252206809583858,0.9995,783.0,0.783,,,,,,,,2.099829,,2.099829,,,,1149.56640625,ok,False,,,N,2000,,True,outputs_revision/runtime_synth/runs.csv,,,,
runtime_synth__synthetic_n5000_d1000_noise3.0__runtime_nscale__seed0__divi,run_divi_runtime_synth_direct.py,2026-03-25T12:56:05Z,unknown,x86_64,cpu,x86_64,synthetic,synthetic_n5000_d1000_noise3.0,runtime_nscale,5000,1000,3,0.01,0.99,3.0,20265326.0,0,divi,1.0,divi,5000.0,1.0,80.0,auto_entropy,1418.9385332046727,1.0,0.01,1.0,0.1,300.0,300.0,4,3,80.0,240.0,"[80, 160, 240]",0.8781776262821925,0.8994354527293633,1.0,0.8842,10.0,0.01,0.1801842302083969,0.1626709550619125,9897041.0,9710338.0,186703.0,9751314.0,29.14548110961914,186.60305902300024,6.4326803570002085,179.3671836499998,0.3869261100007861,0.7935633570014033,0.597890612166666,1149.56640625,ok,False,,,N,5000,,True,outputs_revision/runtime_synth/runs.csv,,,,
runtime_synth__synthetic_n5000_d1000_noise3.0__runtime_nscale__seed0__kmeans_oracle,run_divi_runtime_synth_direct.py,2026-03-25T12:56:08Z,unknown,x86_64,cpu,x86_64,synthetic,synthetic_n5000_d1000_noise3.0,runtime_nscale,5000,1000,3,0.01,0.99,3.0,20265326.0,0,kmeans_oracle,,kmeans_oracle,,,,,,,,,,,,3,0,,,[],0.9773847107525756,0.9584443252453424,,0.9924,,,,,,,,,,2.968845,,2.968845,,,,1149.56640625,ok,False,,,N,5000,,True,outputs_revision/runtime_synth/runs.csv,,,,
runtime_synth__synthetic_n5000_d1000_noise3.0__runtime_nscale__seed0__gmm_oracle,run_divi_runtime_synth_direct.py,2026-03-25T12:56:32Z,unknown,x86_64,cpu,x86_64,synthetic,synthetic_n5000_d1000_noise3.0,runtime_nscale,5000,1000,3,0.01,0.99,3.0,20265326.0,0,gmm_oracle,,gmm_oracle,,,,,,,,,,,,3,0,,,[],0.981519238915484,0.9648069572588794,,0.9938,,,,,,,,,,24.019147,,24.019147,,,,1149.56640625,ok,False,,,N,5000,,True,outputs_revision/runtime_synth/runs.csv,,,,
runtime_synth__synthetic_n5000_d1000_noise3.0__runtime_nscale__seed0__spkm,run_divi_runtime_synth_direct.py,2026-03-25T12:56:38Z,unknown,x86_64,cpu,x86_64,synthetic,synthetic_n5000_d1000_noise3.0,runtime_nscale,5000,1000,3,0.01,0.99,3.0,20265326.0,0,spkm,,spkm,,,,,,,,,,,,3,0,,,[],0.9946081072363442,0.9878178584818714,0.0344234079173838,0.9982,571.0,0.571,,,,,,,,6.018134,,6.018134,,,,1149.56640625,ok,False,,,N,5000,,True,outputs_revision/runtime_synth/runs.csv,,,,
runtime_synth__synthetic_n5000_d1000_noise3.0__runtime_nscale__seed1__divi,run_divi_runtime_synth_direct.py,2026-03-25T12:59:25Z,unknown,x86_64,cpu,x86_64,synthetic,synthetic_n5000_d1000_noise3.0,runtime_nscale,5000,1000,3,0.01,0.99,3.0,20265326.0,1,divi,1.0,divi,5000.0,1.0,80.0,auto_entropy,1418.9385332046727,1.0,0.01,1.0,0.1,300.0,300.0,4,3,80.0,240.0,"[80, 160, 240]",0.867654765692908,0.8970385233763651,1.0,0.8536,10.0,0.01,0.1807508617639541,0.1628883779048919,9895796.0,9684350.0,211446.0,9748726.0,29.413986206054688,166.93806316100017,6.937693283998669,159.42625856900122,0.3413446550002845,0.5635946900001727,0.5314208618966707,1157.0703125,ok,False,,,N,5000,,True,outputs_revision/runtime_synth/runs.csv,,,,
runtime_synth__synthetic_n5000_d1000_noise3.0__runtime_nscale__seed1__kmeans_oracle,run_divi_runtime_synth_direct.py,2026-03-25T12:59:29Z,unknown,x86_64,cpu,x86_64,synthetic,synthetic_n5000_d1000_noise3.0,runtime_nscale,5000,1000,3,0.01,0.99,3.0,20265326.0,1,kmeans_oracle,,kmeans_oracle,,,,,,,,,,,,3,0,,,[],0.980335094067997,0.9628417387815744,,0.9934,,,,,,,,,,3.917818,,3.917818,,,,1157.0703125,ok,False,,,N,5000,,True,outputs_revision/runtime_synth/runs.csv,,,,
runtime_synth__synthetic_n5000_d1000_noise3.0__runtime_nscale__seed1__gmm_oracle,run_divi_runtime_synth_direct.py,2026-03-25T12:59:53Z,unknown,x86_64,cpu,x86_64,synthetic,synthetic_n5000_d1000_noise3.0,runtime_nscale,5000,1000,3,0.01,0.99,3.0,20265326.0,1,gmm_oracle,,gmm_oracle,,,,,,,,,,,,3,0,,,[],0.9756101360386172,0.9557765889178278,,0.9918,,,,,,,,,,23.292764,,23.292764,,,,1157.0703125,ok,False,,,N,5000,,True,outputs_revision/runtime_synth/runs.csv,,,,
runtime_synth__synthetic_n5000_d1000_noise3.0__runtime_nscale__seed1__spkm,run_divi_runtime_synth_direct.py,2026-03-25T12:59:59Z,unknown,x86_64,cpu,x86_64,synthetic,synthetic_n5000_d1000_noise3.0,runtime_nscale,5000,1000,3,0.01,0.99,3.0,20265326.0,1,spkm,,spkm,,,,,,,,,,,,3,0,,,[],0.9946081072363442,0.9878178584818714,0.0344234079173838,0.9982,571.0,0.571,,,,,,,,6.614259,,6.614259,,,,1157.0703125,ok,False,,,N,5000,,True,outputs_revision/runtime_synth/runs.csv,,,,
runtime_synth__synthetic_n5000_d1000_noise3.0__runtime_nscale__seed2__divi,run_divi_runtime_synth_direct.py,2026-03-25T13:02:54Z,unknown,x86_64,cpu,x86_64,synthetic,synthetic_n5000_d1000_noise3.0,runtime_nscale,5000,1000,3,0.01,0.99,3.0,20265326.0,2,divi,1.0,divi,5000.0,1.0,80.0,auto_entropy,1418.9385332046727,1.0,0.01,1.0,0.1,300.0,300.0,4,3,80.0,240.0,"[80, 160, 240]",0.8681422916534189,0.8972606389764849,1.0,0.8558,10.0,0.01,0.1798784434795379,0.1610104441642761,9895956.0,9704108.0,191848.0,9751583.0,28.87469482421875,174.1062468750024,5.946536434999871,167.26420528999734,0.4416608069986978,0.885131774997717,0.5575473509666578,1058.01171875,ok,False,,,N,5000,,True,outputs_revision/runtime_synth/runs.csv,,,,
runtime_synth__synthetic_n5000_d1000_noise3.0__runtime_nscale__seed2__kmeans_oracle,run_divi_runtime_synth_direct.py,2026-03-25T13:02:56Z,unknown,x86_64,cpu,x86_64,synthetic,synthetic_n5000_d1000_noise3.0,runtime_nscale,5000,1000,3,0.01,0.99,3.0,20265326.0,2,kmeans_oracle,,kmeans_oracle,,,,,,,,,,,,3,0,,,[],0.9821096399855208,0.9656983530175968,,0.994,,,,,,,,,,2.483918,,2.483918,,,,1058.01171875,ok,False,,,N,5000,,True,outputs_revision/runtime_synth/runs.csv,,,,
runtime_synth__synthetic_n5000_d1000_noise3.0__runtime_nscale__seed2__gmm_oracle,run_divi_runtime_synth_direct.py,2026-03-25T13:03:19Z,unknown,x86_64,cpu,x86_64,synthetic,synthetic_n5000_d1000_noise3.0,runtime_nscale,5000,1000,3,0.01,0.99,3.0,20265326.0,2,gmm_oracle,,gmm_oracle,,,,,,,,,,,,3,0,,,[],0.9756168966525668,0.9554767104601586,,0.9918,,,,,,,,,,23.124714,,23.124714,,,,1058.01171875,ok,False,,,N,5000,,True,outputs_revision/runtime_synth/runs.csv,,,,
runtime_synth__synthetic_n5000_d1000_noise3.0__runtime_nscale__seed2__spkm,run_divi_runtime_synth_direct.py,2026-03-25T13:03:25Z,unknown,x86_64,cpu,x86_64,synthetic,synthetic_n5000_d1000_noise3.0,runtime_nscale,5000,1000,3,0.01,0.99,3.0,20265326.0,2,spkm,,spkm,,,,,,,,,,,,3,0,,,[],0.9946081072363442,0.9878178584818714,0.0344234079173838,0.9982,571.0,0.571,,,,,,,,6.15012,,6.15012,,,,1058.01171875,ok,False,,,N,5000,,True,outputs_revision/runtime_synth/runs.csv,,,,
runtime_synth__synthetic_n5000_d1000_noise3.0__runtime_nscale__seed3__divi,run_divi_runtime_synth_direct.py,2026-03-25T13:06:24Z,unknown,x86_64,cpu,x86_64,synthetic,synthetic_n5000_d1000_noise3.0,runtime_nscale,5000,1000,3,0.01,0.99,3.0,20265326.0,3,divi,1.0,divi,5000.0,1.0,80.0,auto_entropy,1418.9385332046727,1.0,0.01,1.0,0.1,300.0,300.0,4,3,80.0,240.0,"[80, 160, 240]",0.8639999186678575,0.8926021448832319,1.0,0.8344,10.0,0.01,0.1799983531236648,0.1594143658876419,9895810.0,9720845.0,174965.0,9751536.0,28.85470199584961,178.1244037760007,5.933348181999463,171.4992990009996,0.2615129179976065,0.6802416350001295,0.5716643300033319,1115.109375,ok,False,,,N,5000,,True,outputs_revision/runtime_synth/runs.csv,,,,
runtime_synth__synthetic_n5000_d1000_noise3.0__runtime_nscale__seed3__kmeans_oracle,run_divi_runtime_synth_direct.py,2026-03-25T13:06:26Z,unknown,x86_64,cpu,x86_64,synthetic,synthetic_n5000_d1000_noise3.0,runtime_nscale,5000,1000,3,0.01,0.99,3.0,20265326.0,3,kmeans_oracle,,kmeans_oracle,,,,,,,,,,,,3,0,,,[],0.9815236715844934,0.9653005389871075,,0.9938,,,,,,,,,,2.128931,,2.128931,,,,1115.109375,ok,False,,,N,5000,,True,outputs_revision/runtime_synth/runs.csv,,,,
runtime_synth__synthetic_n5000_d1000_noise3.0__runtime_nscale__seed3__gmm_oracle,run_divi_runtime_synth_direct.py,2026-03-25T13:06:49Z,unknown,x86_64,cpu,x86_64,synthetic,synthetic_n5000_d1000_noise3.0,runtime_nscale,5000,1000,3,0.01,0.99,3.0,20265326.0,3,gmm_oracle,,gmm_oracle,,,,,,,,,,,,3,0,,,[],0.9762108976597886,0.9570363910935544,,0.992,,,,,,,,,,23.66692,,23.66692,,,,1115.109375,ok,False,,,N,5000,,True,outputs_revision/runtime_synth/runs.csv,,,,
runtime_synth__synthetic_n5000_d1000_noise3.0__runtime_nscale__seed3__spkm,run_divi_runtime_synth_direct.py,2026-03-25T13:06:55Z,unknown,x86_64,cpu,x86_64,synthetic,synthetic_n5000_d1000_noise3.0,runtime_nscale,5000,1000,3,0.01,0.99,3.0,20265326.0,3,spkm,,spkm,,,,,,,,,,,,3,0,,,[],0.9946081072363442,0.9878178584818714,0.0344234079173838,0.9982,571.0,0.571,,,,,,,,5.639987,,5.639987,,,,1115.109375,ok,False,,,N,5000,,True,outputs_revision/runtime_synth/runs.csv,,,,
runtime_synth__synthetic_n5000_d1000_noise3.0__runtime_nscale__seed4__divi,run_divi_runtime_synth_direct.py,2026-03-25T13:09:47Z,unknown,x86_64,cpu,x86_64,synthetic,synthetic_n5000_d1000_noise3.0,runtime_nscale,5000,1000,3,0.01,0.99,3.0,20265326.0,4,divi,1.0,divi,5000.0,1.0,80.0,auto_entropy,1418.9385332046727,1.0,0.01,1.0,0.1,300.0,300.0,4,3,80.0,240.0,"[80, 160, 240]",0.9285634117468116,0.9142102125462194,1.0,0.9506,10.0,0.01,0.1803774386644363,0.1618621945381164,9896898.0,9716531.0,180367.0,9751061.0,29.167449951171875,171.2447956820033,6.465113637001196,163.99950114199964,0.3500853209989145,0.7695876869984204,0.5466650038066655,1115.109375,ok,False,,,N,5000,,True,outputs_revision/runtime_synth/runs.csv,,,,
runtime_synth__synthetic_n5000_d1000_noise3.0__runtime_nscale__seed4__kmeans_oracle,run_divi_runtime_synth_direct.py,2026-03-25T13:09:49Z,unknown,x86_64,cpu,x86_64,synthetic,synthetic_n5000_d1000_noise3.0,runtime_nscale,5000,1000,3,0.01,0.99,3.0,20265326.0,4,kmeans_oracle,,kmeans_oracle,,,,,,,,,,,,3,0,,,[],0.980930563614288,0.9643814906249448,,0.9936,,,,,,,,,,2.20689,,2.20689,,,,1115.109375,ok,False,,,N,5000,,True,outputs_revision/runtime_synth/runs.csv,,,,
runtime_synth__synthetic_n5000_d1000_noise3.0__runtime_nscale__seed4__gmm_oracle,run_divi_runtime_synth_direct.py,2026-03-25T13:10:12Z,unknown,x86_64,cpu,x86_64,synthetic,synthetic_n5000_d1000_noise3.0,runtime_nscale,5000,1000,3,0.01,0.99,3.0,20265326.0,4,gmm_oracle,,gmm_oracle,,,,,,,,,,,,3,0,,,[],0.9809261894450538,0.9640379094052256,,0.9936,,,,,,,,,,23.503833,,23.503833,,,,1115.109375,ok,False,,,N,5000,,True,outputs_revision/runtime_synth/runs.csv,,,,
runtime_synth__synthetic_n5000_d1000_noise3.0__runtime_nscale__seed4__spkm,run_divi_runtime_synth_direct.py,2026-03-25T13:10:19Z,unknown,x86_64,cpu,x86_64,synthetic,synthetic_n5000_d1000_noise3.0,runtime_nscale,5000,1000,3,0.01,0.99,3.0,20265326.0,4,spkm,,spkm,,,,,,,,,,,,3,0,,,[],0.9946081072363442,0.9878178584818714,0.0344234079173838,0.9982,571.0,0.571,,,,,,,,6.7064070000000005,,6.7064070000000005,,,,1115.109375,ok,False,,,N,5000,,True,outputs_revision/runtime_synth/runs.csv,,,,
runtime_synth__synthetic_n500_d100_noise3.0__runtime_dscale__seed0__divi,run_divi_runtime_synth_direct.py,2026-03-25T12:12:47Z,unknown,x86_64,cpu,x86_64,synthetic,synthetic_n500_d100_noise3.0,runtime_dscale,500,100,3,0.1,0.9,3.0,20260425.0,0,divi,1.0,divi,500.0,1.0,80.0,auto_entropy,141.89385332046726,1.0,0.01,1.0,0.1,300.0,300.0,4,3,80.0,240.0,"[80, 160, 240]",0.8713717897132748,0.8984834343359135,0.9090909090909092,0.868,12.0,0.12,0.3082935214042663,0.2198176234960556,93021.625,88326.34375,4695.28125,90998.03125,4.047194480895996,2.621083328998793,0.1548778860014863,1.3788405710001823,0.0044552379986271,0.0032538859995838,0.0045961352366672,455.265625,ok,False,,,D,100,,True,outputs_revision/runtime_synth_test/runs.csv,,,,
runtime_synth__synthetic_n500_d100_noise3.0__runtime_dscale__seed0__kmeans_oracle,run_divi_runtime_synth_direct.py,2026-03-25T12:12:47Z,unknown,x86_64,cpu,x86_64,synthetic,synthetic_n500_d100_noise3.0,runtime_dscale,500,100,3,0.1,0.9,3.0,20260425.0,0,kmeans_oracle,,kmeans_oracle,,,,,,,,,,,,3,0,,,[],0.9703441552305504,0.9494674866996587,,0.99,,,,,,,,,,0.027466,,0.027466,,,,455.72265625,ok,False,,,D,100,,True,outputs_revision/runtime_synth_test/runs.csv,,,,
runtime_synth__synthetic_n500_d100_noise3.0__runtime_dscale__seed0__gmm_oracle,run_divi_runtime_synth_direct.py,2026-03-25T12:12:47Z,unknown,x86_64,cpu,x86_64,synthetic,synthetic_n500_d100_noise3.0,runtime_dscale,500,100,3,0.1,0.9,3.0,20260425.0,0,gmm_oracle,,gmm_oracle,,,,,,,,,,,,3,0,,,[],0.9410125286037606,0.9074939811347384,,0.98,,,,,,,,,,0.032081,,0.032081,,,,457.0234375,ok,False,,,D,100,,True,outputs_revision/runtime_synth_test/runs.csv,,,,
runtime_synth__synthetic_n500_d100_noise3.0__runtime_dscale__seed0__spkm,run_divi_runtime_synth_direct.py,2026-03-25T12:12:47Z,unknown,x86_64,cpu,x86_64,synthetic,synthetic_n500_d100_noise3.0,runtime_dscale,500,100,3,0.1,0.9,3.0,20260425.0,0,spkm,,spkm,,,,,,,,,,,,3,0,,,[],1.0,1.0,0.1904761904761904,1.0,95.0,0.95,,,,,,,,0.083505,,0.083505,,,,457.46484375,ok,False,,,D,100,,True,outputs_revision/runtime_synth_test/runs.csv,,,,
runtime_synth__synthetic_n500_d100_noise3.0__runtime_dscale__seed1__divi,run_divi_runtime_synth_direct.py,2026-03-25T12:12:48Z,unknown,x86_64,cpu,x86_64,synthetic,synthetic_n500_d100_noise3.0,runtime_dscale,500,100,3,0.1,0.9,3.0,20260425.0,1,divi,1.0,divi,500.0,1.0,80.0,auto_entropy,141.89385332046726,1.0,0.01,1.0,0.1,300.0,300.0,4,3,80.0,240.0,"[80, 160, 240]",0.8657213369862874,0.8959186598332937,0.8,0.842,15.0,0.15,0.3062849044799804,0.2102295756340026,92996.5859375,87788.6796875,5207.90625,91060.15625,3.872861385345459,1.682434951999312,0.1613607910003338,1.5155246309986978,0.0041013510017364,0.0047601190017303,0.0050517487699956,457.7578125,ok,False,,,D,100,,True,outputs_revision/runtime_synth_test/runs.csv,,,,
runtime_synth__synthetic_n500_d100_noise3.0__runtime_dscale__seed1__kmeans_oracle,run_divi_runtime_synth_direct.py,2026-03-25T12:12:49Z,unknown,x86_64,cpu,x86_64,synthetic,synthetic_n500_d100_noise3.0,runtime_dscale,500,100,3,0.1,0.9,3.0,20260425.0,1,kmeans_oracle,,kmeans_oracle,,,,,,,,,,,,3,0,,,[],0.9703441552305504,0.9494674866996587,,0.99,,,,,,,,,,0.043357,,0.043357,,,,457.7578125,ok,False,,,D,100,,True,outputs_revision/runtime_synth_test/runs.csv,,,,
runtime_synth__synthetic_n500_d100_noise3.0__runtime_dscale__seed1__gmm_oracle,run_divi_runtime_synth_direct.py,2026-03-25T12:12:49Z,unknown,x86_64,cpu,x86_64,synthetic,synthetic_n500_d100_noise3.0,runtime_dscale,500,100,3,0.1,0.9,3.0,20260425.0,1,gmm_oracle,,gmm_oracle,,,,,,,,,,,,3,0,,,[],0.9761994225707707,0.958043146489146,,0.992,,,,,,,,,,0.323564,,0.323564,,,,457.7578125,ok,False,,,D,100,,True,outputs_revision/runtime_synth_test/runs.csv,,,,
runtime_synth__synthetic_n500_d100_noise3.0__runtime_dscale__seed1__spkm,run_divi_runtime_synth_direct.py,2026-03-25T12:12:49Z,unknown,x86_64,cpu,x86_64,synthetic,synthetic_n500_d100_noise3.0,runtime_dscale,500,100,3,0.1,0.9,3.0,20260425.0,1,spkm,,spkm,,,,,,,,,,,,3,0,,,[],1.0,1.0,0.1904761904761904,1.0,95.0,0.95,,,,,,,,0.156908,,0.156908,,,,457.76171875,ok,False,,,D,100,,True,outputs_revision/runtime_synth_test/runs.csv,,,,
runtime_synth__synthetic_n500_d500_noise3.0__runtime_dscale__seed0__divi,run_divi_runtime_synth_direct.py,2026-03-25T12:12:56Z,unknown,x86_64,cpu,x86_64,synthetic,synthetic_n500_d500_noise3.0,runtime_dscale,500,500,3,0.02,0.98,3.0,20260825.0,0,divi,1.0,divi,500.0,1.0,80.0,auto_entropy,709.4692666023363,1.0,0.01,1.0,0.1,300.0,300.0,4,3,80.0,240.0,"[80, 160, 240]",0.8609865685745045,0.8888033885463518,0.3333333333333333,0.838,50.0,0.1,0.290079653263092,0.2533859014511108,480079.03125,463181.0,16898.03125,467964.5,24.229063034057617,7.106119420997857,1.2673085770002217,5.818892857998435,0.0190225040023506,0.0187986599994474,0.0193963095266614,486.89453125,ok,False,,,D,500,,True,outputs_revision/runtime_synth_test/runs.csv,,,,
runtime_synth__synthetic_n500_d500_noise3.0__runtime_dscale__seed0__kmeans_oracle,run_divi_runtime_synth_direct.py,2026-03-25T12:12:56Z,unknown,x86_64,cpu,x86_64,synthetic,synthetic_n500_d500_noise3.0,runtime_dscale,500,500,3,0.02,0.98,3.0,20260825.0,0,kmeans_oracle,,kmeans_oracle,,,,,,,,,,,,3,0,,,[],0.4879039357607024,0.507043755655015,,0.76,,,,,,,,,,0.092158,,0.092158,,,,486.89453125,ok,False,,,D,500,,True,outputs_revision/runtime_synth_test/runs.csv,,,,
runtime_synth__synthetic_n500_d500_noise3.0__runtime_dscale__seed0__gmm_oracle,run_divi_runtime_synth_direct.py,2026-03-25T12:12:57Z,unknown,x86_64,cpu,x86_64,synthetic,synthetic_n500_d500_noise3.0,runtime_dscale,500,500,3,0.02,0.98,3.0,20260825.0,0,gmm_oracle,,gmm_oracle,,,,,,,,,,,,3,0,,,[],0.4160988114039868,0.4509307656984678,,0.68,,,,,,,,,,0.671963,,0.671963,,,,495.390625,ok,False,,,D,500,,True,outputs_revision/runtime_synth_test/runs.csv,,,,
runtime_synth__synthetic_n500_d500_noise3.0__runtime_dscale__seed0__spkm,run_divi_runtime_synth_direct.py,2026-03-25T12:12:57Z,unknown,x86_64,cpu,x86_64,synthetic,synthetic_n500_d500_noise3.0,runtime_dscale,500,500,3,0.02,0.98,3.0,20260825.0,0,spkm,,spkm,,,,,,,,,,,,3,0,,,[],0.9939819401820036,0.9888622336804004,0.0417536534446764,0.998,469.0,0.938,,,,,,,,0.20443,,0.20443,,,,495.3984375,ok,False,,,D,500,,True,outputs_revision/runtime_synth_test/runs.csv,,,,
runtime_synth__synthetic_n500_d500_noise3.0__runtime_dscale__seed1__divi,run_divi_runtime_synth_direct.py,2026-03-25T12:13:04Z,unknown,x86_64,cpu,x86_64,synthetic,synthetic_n500_d500_noise3.0,runtime_dscale,500,500,3,0.02,0.98,3.0,20260825.0,1,divi,1.0,divi,500.0,1.0,80.0,auto_entropy,709.4692666023363,1.0,0.01,1.0,0.1,300.0,300.0,4,3,80.0,240.0,"[80, 160, 240]",0.8688432028118452,0.897404897265444,0.3389830508474576,0.858,49.0,0.098,0.2909424006938934,0.2504139542579651,480083.0,463294.71875,16788.28125,467821.96875,24.522066116333008,6.529569285001344,0.68711919999987,5.827081115003239,0.0146769520033558,0.0143475139993825,0.0194236037166774,534.39453125,ok,False,,,D,500,,True,outputs_revision/runtime_synth_test/runs.csv,,,,
runtime_synth__synthetic_n500_d500_noise3.0__runtime_dscale__seed1__kmeans_oracle,run_divi_runtime_synth_direct.py,2026-03-25T12:13:04Z,unknown,x86_64,cpu,x86_64,synthetic,synthetic_n500_d500_noise3.0,runtime_dscale,500,500,3,0.02,0.98,3.0,20260825.0,1,kmeans_oracle,,kmeans_oracle,,,,,,,,,,,,3,0,,,[],0.513447045613759,0.5053665283579825,,0.792,,,,,,,,,,0.099549,,0.099549,,,,534.39453125,ok,False,,,D,500,,True,outputs_revision/runtime_synth_test/runs.csv,,,,
runtime_synth__synthetic_n500_d500_noise3.0__runtime_dscale__seed1__gmm_oracle,run_divi_runtime_synth_direct.py,2026-03-25T12:13:05Z,unknown,x86_64,cpu,x86_64,synthetic,synthetic_n500_d500_noise3.0,runtime_dscale,500,500,3,0.02,0.98,3.0,20260825.0,1,gmm_oracle,,gmm_oracle,,,,,,,,,,,,3,0,,,[],0.5119064293691695,0.5157056688213177,,0.788,,,,,,,,,,0.741354,,0.741354,,,,534.39453125,ok,False,,,D,500,,True,outputs_revision/runtime_synth_test/runs.csv,,,,
runtime_synth__synthetic_n500_d500_noise3.0__runtime_dscale__seed1__spkm,run_divi_runtime_synth_direct.py,2026-03-25T12:13:05Z,unknown,x86_64,cpu,x86_64,synthetic,synthetic_n500_d500_noise3.0,runtime_dscale,500,500,3,0.02,0.98,3.0,20260825.0,1,spkm,,spkm,,,,,,,,,,,,3,0,,,[],0.9939819401820036,0.9888622336804004,0.0417536534446764,0.998,469.0,0.938,,,,,,,,0.21573,,0.21573,,,,534.3984375,ok,False,,,D,500,,True,outputs_revision/runtime_synth_test/runs.csv,,,,
runtime_synth__synthetic_n200_d500_noise3.0__runtime_nscale__seed0__divi,run_divi_runtime_synth_direct.py,2026-03-25T12:13:07Z,unknown,x86_64,cpu,x86_64,synthetic,synthetic_n200_d500_noise3.0,runtime_nscale,200,500,3,0.02,0.98,3.0,20260526.0,0,divi,1.0,divi,200.0,1.0,80.0,auto_entropy,709.4692666023363,1.0,0.01,1.0,0.1,300.0,300.0,4,3,80.0,240.0,"[80, 160, 240]",0.3175767216599695,0.430798120019926,0.2666666666666666,0.53,65.0,0.13,0.3106967210769653,0.2739999890327453,190954.765625,183870.875,7083.890625,185833.828125,25.60466194152832,2.47857180400024,0.5745482500024082,1.8976703640000776,0.0054393409991462,0.0056082769988279,0.0063255678800002,532.50390625,ok,False,,,N,200,,True,outputs_revision/runtime_synth_test/runs.csv,,,,
runtime_synth__synthetic_n200_d500_noise3.0__runtime_nscale__seed0__kmeans_oracle,run_divi_runtime_synth_direct.py,2026-03-25T12:13:07Z,unknown,x86_64,cpu,x86_64,synthetic,synthetic_n200_d500_noise3.0,runtime_nscale,200,500,3,0.02,0.98,3.0,20260526.0,0,kmeans_oracle,,kmeans_oracle,,,,,,,,,,,,3,0,,,[],0.3117699453821511,0.3280050453643995,,0.62,,,,,,,,,,0.032697,,0.032697,,,,532.50390625,ok,False,,,N,200,,True,outputs_revision/runtime_synth_test/runs.csv,,,,
runtime_synth__synthetic_n200_d500_noise3.0__runtime_nscale__seed0__gmm_oracle,run_divi_runtime_synth_direct.py,2026-03-25T12:13:08Z,unknown,x86_64,cpu,x86_64,synthetic,synthetic_n200_d500_noise3.0,runtime_nscale,200,500,3,0.02,0.98,3.0,20260526.0,0,gmm_oracle,,gmm_oracle,,,,,,,,,,,,3,0,,,[],0.3117699453821511,0.3280050453643995,,0.62,,,,,,,,,,0.44993,,0.44993,,,,532.5859375,ok,False,,,N,200,,True,outputs_revision/runtime_synth_test/runs.csv,,,,
runtime_synth__synthetic_n200_d500_noise3.0__runtime_nscale__seed0__spkm,run_divi_runtime_synth_direct.py,2026-03-25T12:13:08Z,unknown,x86_64,cpu,x86_64,synthetic,synthetic_n200_d500_noise3.0,runtime_nscale,200,500,3,0.02,0.98,3.0,20260526.0,0,spkm,,spkm,,,,,,,,,,,,3,0,,,[],1.0,1.0,0.101010101010101,1.0,188.0,0.376,,,,,,,,0.116797,,0.116797,,,,532.5859375,ok,False,,,N,200,,True,outputs_revision/runtime_synth_test/runs.csv,,,,
runtime_synth__synthetic_n200_d500_noise3.0__runtime_nscale__seed1__divi,run_divi_runtime_synth_direct.py,2026-03-25T12:13:10Z,unknown,x86_64,cpu,x86_64,synthetic,synthetic_n200_d500_noise3.0,runtime_nscale,200,500,3,0.02,0.98,3.0,20260526.0,1,divi,1.0,divi,200.0,1.0,80.0,auto_entropy,709.4692666023363,1.0,0.01,1.0,0.1,300.0,300.0,4,3,80.0,240.0,"[80, 160, 240]",0.8057708931777212,0.8242108749872747,0.2597402597402597,0.825,67.0,0.134,0.3119633793830871,0.2745427787303924,190691.234375,183832.78125,6858.453125,185467.28125,26.11973762512207,2.52389926899923,0.5577468090014008,1.9593717309981,0.0060029850028513,0.0058612870016077,0.006531239103327,532.6015625,ok,False,,,N,200,,True,outputs_revision/runtime_synth_test/runs.csv,,,,
runtime_synth__synthetic_n200_d500_noise3.0__runtime_nscale__seed1__kmeans_oracle,run_divi_runtime_synth_direct.py,2026-03-25T12:13:10Z,unknown,x86_64,cpu,x86_64,synthetic,synthetic_n200_d500_noise3.0,runtime_nscale,200,500,3,0.02,0.98,3.0,20260526.0,1,kmeans_oracle,,kmeans_oracle,,,,,,,,,,,,3,0,,,[],0.4212800183777327,0.4631852854050257,,0.645,,,,,,,,,,0.032095,,0.032095,,,,532.6015625,ok,False,,,N,200,,True,outputs_revision/runtime_synth_test/runs.csv,,,,
runtime_synth__synthetic_n200_d500_noise3.0__runtime_nscale__seed1__gmm_oracle,run_divi_runtime_synth_direct.py,2026-03-25T12:13:11Z,unknown,x86_64,cpu,x86_64,synthetic,synthetic_n200_d500_noise3.0,runtime_nscale,200,500,3,0.02,0.98,3.0,20260526.0,1,gmm_oracle,,gmm_oracle,,,,,,,,,,,,3,0,,,[],0.3570242570307499,0.4157993636876186,,0.575,,,,,,,,,,0.388645,,0.388645,,,,532.6015625,ok,False,,,N,200,,True,outputs_revision/runtime_synth_test/runs.csv,,,,
runtime_synth__synthetic_n200_d500_noise3.0__runtime_nscale__seed1__spkm,run_divi_runtime_synth_direct.py,2026-03-25T12:13:11Z,unknown,x86_64,cpu,x86_64,synthetic,synthetic_n200_d500_noise3.0,runtime_nscale,200,500,3,0.02,0.98,3.0,20260526.0,1,spkm,,spkm,,,,,,,,,,,,3,0,,,[],1.0,1.0,0.101010101010101,1.0,188.0,0.376,,,,,,,,0.115219,,0.115219,,,,532.60546875,ok,False,,,N,200,,True,outputs_revision/runtime_synth_test/runs.csv,,,,
runtime_synth__synthetic_n500_d500_noise3.0__runtime_nscale__seed0__divi,run_divi_runtime_synth_direct.py,2026-03-25T12:13:18Z,unknown,x86_64,cpu,x86_64,synthetic,synthetic_n500_d500_noise3.0,runtime_nscale,500,500,3,0.02,0.98,3.0,20260826.0,0,divi,1.0,divi,500.0,1.0,80.0,auto_entropy,709.4692666023363,1.0,0.01,1.0,0.1,300.0,300.0,4,3,80.0,240.0,"[80, 160, 240]",0.8628449875760655,0.8950745768100665,0.3773584905660377,0.844,43.0,0.086,0.2827808856964111,0.2474277913570404,480842.15625,464925.96875,15916.1875,469008.625,23.66707801818848,6.823495757998899,0.6897099699999671,6.116674491000595,0.0158832730012363,0.0162077009990753,0.0203889149700019,512.96484375,ok,False,,,N,500,,True,outputs_revision/runtime_synth_test/runs.csv,,,,
runtime_synth__synthetic_n500_d500_noise3.0__runtime_nscale__seed0__kmeans_oracle,run_divi_runtime_synth_direct.py,2026-03-25T12:13:18Z,unknown,x86_64,cpu,x86_64,synthetic,synthetic_n500_d500_noise3.0,runtime_nscale,500,500,3,0.02,0.98,3.0,20260826.0,0,kmeans_oracle,,kmeans_oracle,,,,,,,,,,,,3,0,,,[],0.509854633678823,0.5021183181959072,,0.798,,,,,,,,,,0.084212,,0.084212,,,,512.96484375,ok,False,,,N,500,,True,outputs_revision/runtime_synth_test/runs.csv,,,,
runtime_synth__synthetic_n500_d500_noise3.0__runtime_nscale__seed0__gmm_oracle,run_divi_runtime_synth_direct.py,2026-03-25T12:13:19Z,unknown,x86_64,cpu,x86_64,synthetic,synthetic_n500_d500_noise3.0,runtime_nscale,500,500,3,0.02,0.98,3.0,20260826.0,0,gmm_oracle,,gmm_oracle,,,,,,,,,,,,3,0,,,[],0.4314166537797231,0.4635955402464518,,0.652,,,,,,,,,,0.585417,,0.585417,,,,512.96875,ok,False,,,N,500,,True,outputs_revision/runtime_synth_test/runs.csv,,,,
runtime_synth__synthetic_n500_d500_noise3.0__runtime_nscale__seed0__spkm,run_divi_runtime_synth_direct.py,2026-03-25T12:13:19Z,unknown,x86_64,cpu,x86_64,synthetic,synthetic_n500_d500_noise3.0,runtime_nscale,500,500,3,0.02,0.98,3.0,20260826.0,0,spkm,,spkm,,,,,,,,,,,,3,0,,,[],0.9939820863447736,0.9888620561213708,0.042016806722689,0.998,466.0,0.932,,,,,,,,0.238226,,0.238226,,,,512.96875,ok,False,,,N,500,,True,outputs_revision/runtime_synth_test/runs.csv,,,,
runtime_synth__synthetic_n500_d500_noise3.0__runtime_nscale__seed1__divi,run_divi_runtime_synth_direct.py,2026-03-25T12:13:24Z,unknown,x86_64,cpu,x86_64,synthetic,synthetic_n500_d500_noise3.0,runtime_nscale,500,500,3,0.02,0.98,3.0,20260826.0,1,divi,1.0,divi,500.0,1.0,80.0,auto_entropy,709.4692666023363,1.0,0.01,1.0,0.1,300.0,300.0,4,3,80.0,240.0,"[80, 160, 240]",0.865062838530892,0.8961239693363889,0.3636363636363636,0.854,45.0,0.09,0.2813405990600586,0.2417746484279632,480791.96875,463706.1875,17085.78125,469233.9375,23.11608123779297,5.69156136699894,0.6826442000019597,4.988693006001995,0.0124964040005579,0.0192511980021663,0.0166289766866733,504.515625,ok,False,,,N,500,,True,outputs_revision/runtime_synth_test/runs.csv,,,,
runtime_synth__synthetic_n500_d500_noise3.0__runtime_nscale__seed1__kmeans_oracle,run_divi_runtime_synth_direct.py,2026-03-25T12:13:25Z,unknown,x86_64,cpu,x86_64,synthetic,synthetic_n500_d500_noise3.0,runtime_nscale,500,500,3,0.02,0.98,3.0,20260826.0,1,kmeans_oracle,,kmeans_oracle,,,,,,,,,,,,3,0,,,[],0.4578924600113301,0.4836625907067663,,0.74,,,,,,,,,,0.085503,,0.085503,,,,504.515625,ok,False,,,N,500,,True,outputs_revision/runtime_synth_test/runs.csv,,,,
runtime_synth__synthetic_n500_d500_noise3.0__runtime_nscale__seed1__gmm_oracle,run_divi_runtime_synth_direct.py,2026-03-25T12:13:25Z,unknown,x86_64,cpu,x86_64,synthetic,synthetic_n500_d500_noise3.0,runtime_nscale,500,500,3,0.02,0.98,3.0,20260826.0,1,gmm_oracle,,gmm_oracle,,,,,,,,,,,,3,0,,,[],0.4114190598290793,0.456026975240526,,0.688,,,,,,,,,,0.675141,,0.675141,,,,504.51953125,ok,False,,,N,500,,True,outputs_revision/runtime_synth_test/runs.csv,,,,
runtime_synth__synthetic_n500_d500_noise3.0__runtime_nscale__seed1__spkm,run_divi_runtime_synth_direct.py,2026-03-25T12:13:25Z,unknown,x86_64,cpu,x86_64,synthetic,synthetic_n500_d500_noise3.0,runtime_nscale,500,500,3,0.02,0.98,3.0,20260826.0,1,spkm,,spkm,,,,,,,,,,,,3,0,,,[],0.9939820863447736,0.9888620561213708,0.042016806722689,0.998,466.0,0.932,,,,,,,,0.222181,,0.222181,,,,504.51953125,ok,False,,,N,500,,True,outputs_revision/runtime_synth_test/runs.csv,,,,
sens_synth__synthetic_n200_d100_fixedseed3101__Tsplit__seed0__divi,run_divi_sensitivity_synth.py,2026-03-25T09:24:09Z,unknown,x86_64,cpu,x86_64,synthetic,synthetic_n200_d100_fixedseed3101,sens_Tsplit,200,100,3,0.1,0.9,3.0,3101.0,0,divi,1.0,divi,200.0,1.0,10.0,auto_entropy,141.89385332046726,1.0,0.01,1.0,0.1,300.0,300.0,31,30,10.0,300.0,"[10, 20, 30, 40, 50, 60, 70, 80, 90, 100, 110, 120, 130, 140, 150, 160, 170, 180, 190, 200, 210, 220, 230, 240, 250, 260, 270, 280, 290, 300]",0.1598890738258246,0.4910020195090925,0.5555555555555556,0.23,26.0,0.26,0.3681840002536773,0.3044800162315368,35308.1796875,32707.287109375,2600.892578125,34685.38671875,3.1139562129974365,4.809476385999005,0.1392543630008731,3.522453024999777,0.1098702280032739,0.0089117959996656,0.0117415100833325,476.9609375,ok,False,,,,,,,outputs_revision/sensitivity_synth/Tsplit/runs.csv,Tsplit,10.0,80.0,True
sens_synth__synthetic_n200_d100_fixedseed3101__Tsplit__seed1__divi,run_divi_sensitivity_synth.py,2026-03-25T09:24:13Z,unknown,x86_64,cpu,x86_64,synthetic,synthetic_n200_d100_fixedseed3101,sens_Tsplit,200,100,3,0.1,0.9,3.0,3101.0,1,divi,1.0,divi,200.0,1.0,10.0,auto_entropy,141.89385332046726,1.0,0.01,1.0,0.1,300.0,300.0,31,30,10.0,300.0,"[10, 20, 30, 40, 50, 60, 70, 80, 90, 100, 110, 120, 130, 140, 150, 160, 170, 180, 190, 200, 210, 220, 230, 240, 250, 260, 270, 280, 290, 300]",0.1712549793649834,0.5064250083856665,0.5882352941176471,0.21,24.0,0.24,0.3709345161914825,0.3144735097885132,35351.40625,32277.173828125,3074.232421875,34696.8203125,3.272936582565308,3.070004147999498,0.1329965129989432,2.927318104999358,0.0872373609927308,0.0090899469996656,0.0097577270166645,463.62890625,ok,False,,,,,,,outputs_revision/sensitivity_synth/Tsplit/runs.csv,Tsplit,10.0,80.0,True
sens_synth__synthetic_n200_d100_fixedseed3101__Tsplit__seed2__divi,run_divi_sensitivity_synth.py,2026-03-25T09:24:16Z,unknown,x86_64,cpu,x86_64,synthetic,synthetic_n200_d100_fixedseed3101,sens_Tsplit,200,100,3,0.1,0.9,3.0,3101.0,2,divi,1.0,divi,200.0,1.0,10.0,auto_entropy,141.89385332046726,1.0,0.01,1.0,0.1,300.0,300.0,31,30,10.0,300.0,"[10, 20, 30, 40, 50, 60, 70, 80, 90, 100, 110, 120, 130, 140, 150, 160, 170, 180, 190, 200, 210, 220, 230, 240, 250, 260, 270, 280, 290, 300]",0.218698985708519,0.5377776256675815,0.625,0.245,22.0,0.22,0.3730936348438263,0.315307080745697,35309.87109375,33064.90234375,2244.96875,34630.234375,3.398192882537842,3.400441944000704,0.1203608779997011,3.2701309439999022,0.0967847349984367,0.0093818069999542,0.0109004364799996,452.26953125,ok,False,,,,,,,outputs_revision/sensitivity_synth/Tsplit/runs.csv,Tsplit,10.0,80.0,True
sens_synth__synthetic_n200_d100_fixedseed3101__Tsplit__seed3__divi,run_divi_sensitivity_synth.py,2026-03-25T09:24:20Z,unknown,x86_64,cpu,x86_64,synthetic,synthetic_n200_d100_fixedseed3101,sens_Tsplit,200,100,3,0.1,0.9,3.0,3101.0,3,divi,1.0,divi,200.0,1.0,10.0,auto_entropy,141.89385332046726,1.0,0.01,1.0,0.1,300.0,300.0,31,30,10.0,300.0,"[10, 20, 30, 40, 50, 60, 70, 80, 90, 100, 110, 120, 130, 140, 150, 160, 170, 180, 190, 200, 210, 220, 230, 240, 250, 260, 270, 280, 290, 300]",0.2022469365597752,0.5273789906776402,0.6060606060606061,0.29,23.0,0.23,0.3711279332637787,0.3251278698444366,35358.55078125,33132.40625,2226.14453125,34711.7890625,3.233806610107422,3.679337524001312,0.1487808910005696,3.5190006729990277,0.1038246079933742,0.0107256139999663,0.01173000224333,461.81640625,ok,False,,,,,,,outputs_revision/sensitivity_synth/Tsplit/runs.csv,Tsplit,10.0,80.0,True
sens_synth__synthetic_n200_d100_fixedseed3101__Tsplit__seed4__divi,run_divi_sensitivity_synth.py,2026-03-25T09:24:23Z,unknown,x86_64,cpu,x86_64,synthetic,synthetic_n200_d100_fixedseed3101,sens_Tsplit,200,100,3,0.1,0.9,3.0,3101.0,4,divi,1.0,divi,200.0,1.0,10.0,auto_entropy,141.89385332046726,1.0,0.01,1.0,0.1,300.0,300.0,31,30,10.0,300.0,"[10, 20, 30, 40, 50, 60, 70, 80, 90, 100, 110, 120, 130, 140, 150, 160, 170, 180, 190, 200, 210, 220, 230, 240, 250, 260, 270, 280, 290, 300]",0.19338951434651,0.5118878190104627,0.5882352941176471,0.26,24.0,0.24,0.3706134855747223,0.3074086904525757,35288.6640625,32550.318359375,2738.345703125,34639.5703125,3.245469570159912,3.706436690999908,0.1771406970001408,3.520886688000246,0.1097963859992887,0.0076513370004249,0.0117362889600008,472.2109375,ok,False,,,,,,,outputs_revision/sensitivity_synth/Tsplit/runs.csv,Tsplit,10.0,80.0,True
sens_synth__synthetic_n200_d100_fixedseed3101__Tsplit__seed5__divi,run_divi_sensitivity_synth.py,2026-03-25T09:24:26Z,unknown,x86_64,cpu,x86_64,synthetic,synthetic_n200_d100_fixedseed3101,sens_Tsplit,200,100,3,0.1,0.9,3.0,3101.0,5,divi,1.0,divi,200.0,1.0,10.0,auto_entropy,141.89385332046726,1.0,0.01,1.0,0.1,300.0,300.0,31,30,10.0,300.0,"[10, 20, 30, 40, 50, 60, 70, 80, 90, 100, 110, 120, 130, 140, 150, 160, 170, 180, 190, 200, 210, 220, 230, 240, 250, 260, 270, 280, 290, 300]",0.1882404457909612,0.5205788960953687,0.5714285714285714,0.26,25.0,0.25,0.3710069954395294,0.3143881559371948,35192.8515625,32634.189453125,2558.662109375,34540.23046875,3.2630960941314697,3.0956887869997445,0.1268357900007686,2.9584767569995165,0.0859798400015279,0.0096763980000105,0.0098615891899983,449.9375,ok,False,,,,,,,outputs_revision/sensitivity_synth/Tsplit/runs.csv,Tsplit,10.0,80.0,True
sens_synth__synthetic_n200_d100_fixedseed3101__Tsplit__seed6__divi,run_divi_sensitivity_synth.py,2026-03-25T09:24:30Z,unknown,x86_64,cpu,x86_64,synthetic,synthetic_n200_d100_fixedseed3101,sens_Tsplit,200,100,3,0.1,0.9,3.0,3101.0,6,divi,1.0,divi,200.0,1.0,10.0,auto_entropy,141.89385332046726,1.0,0.01,1.0,0.1,300.0,300.0,31,30,10.0,300.0,"[10, 20, 30, 40, 50, 60, 70, 80, 90, 100, 110, 120, 130, 140, 150, 160, 170, 180, 190, 200, 210, 220, 230, 240, 250, 260, 270, 280, 290, 300]",0.214057735255892,0.5215690967340381,0.5714285714285714,0.31,25.0,0.25,0.3694347441196441,0.3121153116226196,35316.6796875,32738.650390625,2578.029296875,34685.15625,3.157609462738037,3.1856324069995026,0.1295960349998495,3.043924589999733,0.0903468419983255,0.0113213269996776,0.0101464152999991,468.9453125,ok,False,,,,,,,outputs_revision/sensitivity_synth/Tsplit/runs.csv,Tsplit,10.0,80.0,True
sens_synth__synthetic_n200_d100_fixedseed3101__Tsplit__seed7__divi,run_divi_sensitivity_synth.py,2026-03-25T09:24:33Z,unknown,x86_64,cpu,x86_64,synthetic,synthetic_n200_d100_fixedseed3101,sens_Tsplit,200,100,3,0.1,0.9,3.0,3101.0,7,divi,1.0,divi,200.0,1.0,10.0,auto_entropy,141.89385332046726,1.0,0.01,1.0,0.1,300.0,300.0,31,30,10.0,300.0,"[10, 20, 30, 40, 50, 60, 70, 80, 90, 100, 110, 120, 130, 140, 150, 160, 170, 180, 190, 200, 210, 220, 230, 240, 250, 260, 270, 280, 290, 300]",0.1925752669313961,0.5141513840599985,0.5882352941176471,0.27,24.0,0.24,0.370326817035675,0.3143894970417022,35258.28515625,32726.470703125,2531.814453125,34613.28515625,3.224995374679565,3.432278779999251,0.140621574000761,3.283484030000181,0.1018040929939161,0.0075637649988493,0.0109449467666672,449.94921875,ok,False,,,,,,,outputs_revision/sensitivity_synth/Tsplit/runs.csv,Tsplit,10.0,80.0,True
sens_synth__synthetic_n200_d100_fixedseed3101__Tsplit__seed8__divi,run_divi_sensitivity_synth.py,2026-03-25T09:24:37Z,unknown,x86_64,cpu,x86_64,synthetic,synthetic_n200_d100_fixedseed3101,sens_Tsplit,200,100,3,0.1,0.9,3.0,3101.0,8,divi,1.0,divi,200.0,1.0,10.0,auto_entropy,141.89385332046726,1.0,0.01,1.0,0.1,300.0,300.0,31,30,10.0,300.0,"[10, 20, 30, 40, 50, 60, 70, 80, 90, 100, 110, 120, 130, 140, 150, 160, 170, 180, 190, 200, 210, 220, 230, 240, 250, 260, 270, 280, 290, 300]",0.1554441604670704,0.4940309551746782,0.625,0.225,22.0,0.22,0.3694689571857452,0.3083376288414001,35224.7578125,32887.91015625,2336.84765625,34604.55078125,3.1010401248931885,3.534533100999397,0.1611235750006017,3.3644241809997766,0.105882294004914,0.0082947999999305,0.0112147472699992,467.76171875,ok,False,,,,,,,outputs_revision/sensitivity_synth/Tsplit/runs.csv,Tsplit,10.0,80.0,True
sens_synth__synthetic_n200_d100_fixedseed3101__Tsplit__seed9__divi,run_divi_sensitivity_synth.py,2026-03-25T09:24:40Z,unknown,x86_64,cpu,x86_64,synthetic,synthetic_n200_d100_fixedseed3101,sens_Tsplit,200,100,3,0.1,0.9,3.0,3101.0,9,divi,1.0,divi,200.0,1.0,10.0,auto_entropy,141.89385332046726,1.0,0.01,1.0,0.1,300.0,300.0,31,30,10.0,300.0,"[10, 20, 30, 40, 50, 60, 70, 80, 90, 100, 110, 120, 130, 140, 150, 160, 170, 180, 190, 200, 210, 220, 230, 240, 250, 260, 270, 280, 290, 300]",0.1698370309283664,0.514701546186784,0.6060606060606061,0.215,23.0,0.23,0.3697289526462555,0.302184134721756,35250.1484375,32497.15234375,2752.99609375,34624.78125,3.126833915710449,3.265892374998657,0.1278638439998758,3.1294301399993856,0.0947658140048588,0.007964290000018,0.0104314337999979,459.296875,ok,False,,,,,,,outputs_revision/sensitivity_synth/Tsplit/runs.csv,Tsplit,10.0,80.0,True
sens_synth__synthetic_n200_d100_fixedseed3101__Tsplit__seed0__divi,run_divi_sensitivity_synth.py,2026-03-25T09:24:42Z,unknown,x86_64,cpu,x86_64,synthetic,synthetic_n200_d100_fixedseed3101,sens_Tsplit,200,100,3,0.1,0.9,3.0,3101.0,0,divi,1.0,divi,200.0,1.0,20.0,auto_entropy,141.89385332046726,1.0,0.01,1.0,0.1,300.0,300.0,16,15,20.0,300.0,"[20, 40, 60, 80, 100, 120, 140, 160, 180, 200, 220, 240, 260, 280, 300]",0.2615896131723949,0.5759576441455425,0.6060606060606061,0.28,23.0,0.23,0.3863265216350555,0.3442447185516357,35747.9296875,33347.41796875,2400.51171875,34924.2578125,4.118359088897705,1.7064840029997868,0.1167437759995664,1.5844225109995025,0.0260247169990179,0.0046456760010187,0.0052814083699983,453.5,ok,False,,,,,,,outputs_revision/sensitivity_synth/Tsplit/runs.csv,Tsplit,20.0,80.0,True
sens_synth__synthetic_n200_d100_fixedseed3101__Tsplit__seed1__divi,run_divi_sensitivity_synth.py,2026-03-25T09:24:43Z,unknown,x86_64,cpu,x86_64,synthetic,synthetic_n200_d100_fixedseed3101,sens_Tsplit,200,100,3,0.1,0.9,3.0,3101.0,1,divi,1.0,divi,200.0,1.0,20.0,auto_entropy,141.89385332046726,1.0,0.01,1.0,0.1,300.0,300.0,16,15,20.0,300.0,"[20, 40, 60, 80, 100, 120, 140, 160, 180, 200, 220, 240, 260, 280, 300]",0.3174513530986448,0.5922380909182026,0.5714285714285714,0.395,25.0,0.25,0.3851608037948608,0.3203791379928589,35727.50390625,33507.94921875,2219.5546875,34913.47265625,4.070163726806641,1.6669120299993665,0.1149830260001181,1.547338278998723,0.0245290229995589,0.0040041970005404,0.005157794263329,453.50390625,ok,False,,,,,,,outputs_revision/sensitivity_synth/Tsplit/runs.csv,Tsplit,20.0,80.0,True
sens_synth__synthetic_n200_d100_fixedseed3101__Tsplit__seed2__divi,run_divi_sensitivity_synth.py,2026-03-25T09:24:45Z,unknown,x86_64,cpu,x86_64,synthetic,synthetic_n200_d100_fixedseed3101,sens_Tsplit,200,100,3,0.1,0.9,3.0,3101.0,2,divi,1.0,divi,200.0,1.0,20.0,auto_entropy,141.89385332046726,1.0,0.01,1.0,0.1,300.0,300.0,16,15,20.0,300.0,"[20, 40, 60, 80, 100, 120, 140, 160, 180, 200, 220, 240, 260, 280, 300]",0.2515302548241981,0.5776890348840452,0.5714285714285714,0.29,25.0,0.25,0.3868472576141357,0.3219521343708038,35764.66015625,33101.375,2663.28515625,34929.625,4.175167560577393,1.874475329001143,0.1249981820001266,1.743331739000496,0.0281958940013282,0.0055525049992866,0.0058111057966683,455.796875,ok,False,,,,,,,outputs_revision/sensitivity_synth/Tsplit/runs.csv,Tsplit,20.0,80.0,True
sens_synth__synthetic_n200_d100_fixedseed3101__Tsplit__seed3__divi,run_divi_sensitivity_synth.py,2026-03-25T09:24:48Z,unknown,x86_64,cpu,x86_64,synthetic,synthetic_n200_d100_fixedseed3101,sens_Tsplit,200,100,3,0.1,0.9,3.0,3101.0,3,divi,1.0,divi,200.0,1.0,20.0,auto_entropy,141.89385332046726,1.0,0.01,1.0,0.1,300.0,300.0,16,15,20.0,300.0,"[20, 40, 60, 80, 100, 120, 140, 160, 180, 200, 220, 240, 260, 280, 300]",0.3469326339122414,0.6066349071703143,0.6060606060606061,0.415,23.0,0.23,0.3841494619846344,0.3199387788772583,35747.3828125,33068.58984375,2678.79296875,34946.41796875,4.00481653213501,2.298470117000761,0.168438242000775,2.1244059350010502,0.0339853669993317,0.0049213669990422,0.0070813531166701,453.515625,ok,False,,,,,,,outputs_revision/sensitivity_synth/Tsplit/runs.csv,Tsplit,20.0,80.0,True
sens_synth__synthetic_n200_d100_fixedseed3101__Tsplit__seed4__divi,run_divi_sensitivity_synth.py,2026-03-25T09:24:50Z,unknown,x86_64,cpu,x86_64,synthetic,synthetic_n200_d100_fixedseed3101,sens_Tsplit,200,100,3,0.1,0.9,3.0,3101.0,4,divi,1.0,divi,200.0,1.0,20.0,auto_entropy,141.89385332046726,1.0,0.01,1.0,0.1,300.0,300.0,16,15,20.0,300.0,"[20, 40, 60, 80, 100, 120, 140, 160, 180, 200, 220, 240, 260, 280, 300]",0.2815827804434981,0.5667660201407558,0.6060606060606061,0.325,23.0,0.23,0.3819262385368347,0.3199235796928406,35761.3671875,33419.81640625,2341.55078125,35002.76953125,3.792994499206543,1.9541004989987412,0.1541990980003902,1.7940088320010543,0.0257153309976274,0.0052391659992281,0.0059800294400035,452.30078125,ok,False,,,,,,,outputs_revision/sensitivity_synth/Tsplit/runs.csv,Tsplit,20.0,80.0,True
sens_synth__synthetic_n200_d100_fixedseed3101__Tsplit__seed5__divi,run_divi_sensitivity_synth.py,2026-03-25T09:24:51Z,unknown,x86_64,cpu,x86_64,synthetic,synthetic_n200_d100_fixedseed3101,sens_Tsplit,200,100,3,0.1,0.9,3.0,3101.0,5,divi,1.0,divi,200.0,1.0,20.0,auto_entropy,141.89385332046726,1.0,0.01,1.0,0.1,300.0,300.0,16,15,20.0,300.0,"[20, 40, 60, 80, 100, 120, 140, 160, 180, 200, 220, 240, 260, 280, 300]",0.3031635555871201,0.5874890298926708,0.6666666666666666,0.345,20.0,0.2,0.3856484889984131,0.3312166333198547,35793.5625,33236.99609375,2556.56640625,34972.03125,4.1076483726501465,1.9078808310005115,0.1181715849997999,1.7840466200013907,0.029374996001934,0.0050938950007548,0.0059468220666713,453.52734375,ok,False,,,,,,,outputs_revision/sensitivity_synth/Tsplit/runs.csv,Tsplit,20.0,80.0,True
sens_synth__synthetic_n200_d100_fixedseed3101__Tsplit__seed6__divi,run_divi_sensitivity_synth.py,2026-03-25T09:24:53Z,unknown,x86_64,cpu,x86_64,synthetic,synthetic_n200_d100_fixedseed3101,sens_Tsplit,200,100,3,0.1,0.9,3.0,3101.0,6,divi,1.0,divi,200.0,1.0,20.0,auto_entropy,141.89385332046726,1.0,0.01,1.0,0.1,300.0,300.0,16,15,20.0,300.0,"[20, 40, 60, 80, 100, 120, 140, 160, 180, 200, 220, 240, 260, 280, 300]",0.2896833981994554,0.5709705183676359,0.5882352941176471,0.365,24.0,0.24,0.3823965787887573,0.3433456122875213,35769.4453125,33509.890625,2259.5546875,34993.1953125,3.881247758865357,1.8389137030007987,0.1227240690004691,1.7096205650013871,0.0318134119970636,0.0059761289994639,0.0056987352166712,457.58203125,ok,False,,,,,,,outputs_revision/sensitivity_synth/Tsplit/runs.csv,Tsplit,20.0,80.0,True
sens_synth__synthetic_n200_d100_fixedseed3101__Tsplit__seed7__divi,run_divi_sensitivity_synth.py,2026-03-25T09:24:55Z,unknown,x86_64,cpu,x86_64,synthetic,synthetic_n200_d100_fixedseed3101,sens_Tsplit,200,100,3,0.1,0.9,3.0,3101.0,7,divi,1.0,divi,200.0,1.0,20.0,auto_entropy,141.89385332046726,1.0,0.01,1.0,0.1,300.0,300.0,16,15,20.0,300.0,"[20, 40, 60, 80, 100, 120, 140, 160, 180, 200, 220, 240, 260, 280, 300]",0.2604486981412192,0.580994741058984,0.5882352941176471,0.305,24.0,0.24,0.3873112499713897,0.3458565771579742,35746.1875,33420.48046875,2325.70703125,34903.90625,4.211400508880615,1.7312395589997325,0.1184486239999387,1.6076278429991362,0.0263492750036675,0.0045809589992131,0.0053587594766637,455.44921875,ok,False,,,,,,,outputs_revision/sensitivity_synth/Tsplit/runs.csv,Tsplit,20.0,80.0,True
sens_synth__synthetic_n200_d100_fixedseed3101__Tsplit__seed8__divi,run_divi_sensitivity_synth.py,2026-03-25T09:24:57Z,unknown,x86_64,cpu,x86_64,synthetic,synthetic_n200_d100_fixedseed3101,sens_Tsplit,200,100,3,0.1,0.9,3.0,3101.0,8,divi,1.0,divi,200.0,1.0,20.0,auto_entropy,141.89385332046726,1.0,0.01,1.0,0.1,300.0,300.0,16,15,20.0,300.0,"[20, 40, 60, 80, 100, 120, 140, 160, 180, 200, 220, 240, 260, 280, 300]",0.2572430284911224,0.5812031327569812,0.5714285714285714,0.275,25.0,0.25,0.3905521333217621,0.3541923761367798,35716.6015625,33259.66015625,2456.94140625,34823.671875,4.464639186859131,1.7885464979990502,0.1174453710009402,1.6660029699996812,0.0283591189945582,0.004434755001057,0.0055533432333322,462.22265625,ok,False,,,,,,,outputs_revision/sensitivity_synth/Tsplit/runs.csv,Tsplit,20.0,80.0,True
sens_synth__synthetic_n200_d100_fixedseed3101__Tsplit__seed9__divi,run_divi_sensitivity_synth.py,2026-03-25T09:24:59Z,unknown,x86_64,cpu,x86_64,synthetic,synthetic_n200_d100_fixedseed3101,sens_Tsplit,200,100,3,0.1,0.9,3.0,3101.0,9,divi,1.0,divi,200.0,1.0,20.0,auto_entropy,141.89385332046726,1.0,0.01,1.0,0.1,300.0,300.0,16,15,20.0,300.0,"[20, 40, 60, 80, 100, 120, 140, 160, 180, 200, 220, 240, 260, 280, 300]",0.3007630192024837,0.5854581323901267,0.5882352941176471,0.35,24.0,0.24,0.3850330412387848,0.3173938989639282,35754.44140625,33502.28125,2252.16015625,34946.66796875,4.03886604309082,2.088544965999972,0.1479266670012293,1.9351153370007523,0.0342164450012205,0.004862571000558,0.0064503844566691,455.515625,ok,False,,,,,,,outputs_revision/sensitivity_synth/Tsplit/runs.csv,Tsplit,20.0,80.0,True
sens_synth__synthetic_n200_d100_fixedseed3101__Tsplit__seed0__divi,run_divi_sensitivity_synth.py,2026-03-25T09:25:01Z,unknown,x86_64,cpu,x86_64,synthetic,synthetic_n200_d100_fixedseed3101,sens_Tsplit,200,100,3,0.1,0.9,3.0,3101.0,0,divi,1.0,divi,200.0,1.0,40.0,auto_entropy,141.89385332046726,1.0,0.01,1.0,0.1,300.0,300.0,8,7,40.0,280.0,"[40, 80, 120, 160, 200, 240, 280]",0.5231796497337954,0.7162652578977311,0.5263157894736842,0.585,28.0,0.28,0.3967297673225403,0.3303305804729461,35986.4296875,33565.15234375,2421.27734375,35019.80859375,4.833105564117432,1.6451827660002891,0.2325416670009872,1.4089757439996902,0.0107982430017727,0.0028036330004397,0.0046965858133323,456.609375,ok,False,,,,,,,outputs_revision/sensitivity_synth/Tsplit/runs.csv,Tsplit,40.0,80.0,True
sens_synth__synthetic_n200_d100_fixedseed3101__Tsplit__seed1__divi,run_divi_sensitivity_synth.py,2026-03-25T09:25:02Z,unknown,x86_64,cpu,x86_64,synthetic,synthetic_n200_d100_fixedseed3101,sens_Tsplit,200,100,3,0.1,0.9,3.0,3101.0,1,divi,1.0,divi,200.0,1.0,40.0,auto_entropy,141.89385332046726,1.0,0.01,1.0,0.1,300.0,300.0,8,7,40.0,280.0,"[40, 80, 120, 160, 200, 240, 280]",0.4970488074075239,0.7107794756994182,0.5555555555555556,0.49,26.0,0.26,0.3906343579292297,0.3218623995780945,35966.04296875,33894.2578125,2071.78515625,35091.57421875,4.3723464012146,1.3417092009985936,0.1250133520006784,1.213264900001377,0.0100413950003712,0.0028033229991706,0.0040442163333379,451.85546875,ok,False,,,,,,,outputs_revision/sensitivity_synth/Tsplit/runs.csv,Tsplit,40.0,80.0,True
sens_synth__synthetic_n200_d100_fixedseed3101__Tsplit__seed2__divi,run_divi_sensitivity_synth.py,2026-03-25T09:25:03Z,unknown,x86_64,cpu,x86_64,synthetic,synthetic_n200_d100_fixedseed3101,sens_Tsplit,200,100,3,0.1,0.9,3.0,3101.0,2,divi,1.0,divi,200.0,1.0,40.0,auto_entropy,141.89385332046726,1.0,0.01,1.0,0.1,300.0,300.0,8,7,40.0,280.0,"[40, 80, 120, 160, 200, 240, 280]",0.526957758442676,0.7012682985209597,0.5714285714285714,0.585,25.0,0.25,0.3960448503494262,0.3391600847244262,35984.26953125,33551.4375,2432.83203125,35035.0703125,4.746000289916992,1.2708938289997604,0.1288592939999944,1.138716874000238,0.0081648369996401,0.002720941998632,0.0037957229133341,451.125,ok,False,,,,,,,outputs_revision/sensitivity_synth/Tsplit/runs.csv,Tsplit,40.0,80.0,True
sens_synth__synthetic_n200_d100_fixedseed3101__Tsplit__seed3__divi,run_divi_sensitivity_synth.py,2026-03-25T09:25:05Z,unknown,x86_64,cpu,x86_64,synthetic,synthetic_n200_d100_fixedseed3101,sens_Tsplit,200,100,3,0.1,0.9,3.0,3101.0,3,divi,1.0,divi,200.0,1.0,40.0,auto_entropy,141.89385332046726,1.0,0.01,1.0,0.1,300.0,300.0,8,7,40.0,280.0,"[40, 80, 120, 160, 200, 240, 280]",0.4929838160385384,0.6988554406939719,0.5714285714285714,0.515,25.0,0.25,0.393563836812973,0.363483726978302,35973.44921875,33537.60546875,2435.84375,35057.3046875,4.580716609954834,1.3522302969995508,0.1553130520005652,1.193224917000407,0.0094531619979534,0.0031022089988255,0.0039774163900013,452.19140625,ok,False,,,,,,,outputs_revision/sensitivity_synth/Tsplit/runs.csv,Tsplit,40.0,80.0,True
sens_synth__synthetic_n200_d100_fixedseed3101__Tsplit__seed4__divi,run_divi_sensitivity_synth.py,2026-03-25T09:25:06Z,unknown,x86_64,cpu,x86_64,synthetic,synthetic_n200_d100_fixedseed3101,sens_Tsplit,200,100,3,0.1,0.9,3.0,3101.0,4,divi,1.0,divi,200.0,1.0,40.0,auto_entropy,141.89385332046726,1.0,0.01,1.0,0.1,300.0,300.0,8,7,40.0,280.0,"[40, 80, 120, 160, 200, 240, 280]",0.5608157193554979,0.7290193510999476,0.5714285714285714,0.63,25.0,0.25,0.3939477503299713,0.327620267868042,35965.91015625,33460.2890625,2505.62109375,35044.1796875,4.60864782333374,1.2114873680002347,0.1265512690006289,1.0817110190000676,0.0083289910016901,0.0025972050007112,0.0036057033966668,451.12890625,ok,False,,,,,,,outputs_revision/sensitivity_synth/Tsplit/runs.csv,Tsplit,40.0,80.0,True
sens_synth__synthetic_n200_d100_fixedseed3101__Tsplit__seed5__divi,run_divi_sensitivity_synth.py,2026-03-25T09:25:07Z,unknown,x86_64,cpu,x86_64,synthetic,synthetic_n200_d100_fixedseed3101,sens_Tsplit,200,100,3,0.1,0.9,3.0,3101.0,5,divi,1.0,divi,200.0,1.0,40.0,auto_entropy,141.89385332046726,1.0,0.01,1.0,0.1,300.0,300.0,8,7,40.0,280.0,"[40, 80, 120, 160, 200, 240, 280]",0.4853934771501628,0.6944510778303331,0.6060606060606061,0.505,23.0,0.23,0.3936927020549774,0.3494515717029571,35995.75,33357.01953125,2638.73046875,35081.078125,4.573350429534912,1.2531942749992595,0.1226936960010789,1.127383920000284,0.0082241410000278,0.002504392999981,0.0037579464000009,453.0859375,ok,False,,,,,,,outputs_revision/sensitivity_synth/Tsplit/runs.csv,Tsplit,40.0,80.0,True
sens_synth__synthetic_n200_d100_fixedseed3101__Tsplit__seed6__divi,run_divi_sensitivity_synth.py,2026-03-25T09:25:08Z,unknown,x86_64,cpu,x86_64,synthetic,synthetic_n200_d100_fixedseed3101,sens_Tsplit,200,100,3,0.1,0.9,3.0,3101.0,6,divi,1.0,divi,200.0,1.0,40.0,auto_entropy,141.89385332046726,1.0,0.01,1.0,0.1,300.0,300.0,8,7,40.0,280.0,"[40, 80, 120, 160, 200, 240, 280]",0.5148733504390195,0.7159290282670135,0.5882352941176471,0.54,24.0,0.24,0.3911921977996826,0.3322837054729461,35975.9453125,33698.70703125,2277.23828125,35104.05078125,4.359474182128906,1.182887192000635,0.1228694530000211,1.0567379780004558,0.0076538839985005,0.0027062009994551,0.0035224599266681,457.1640625,ok,False,,,,,,,outputs_revision/sensitivity_synth/Tsplit/runs.csv,Tsplit,40.0,80.0,True
sens_synth__synthetic_n200_d100_fixedseed3101__Tsplit__seed7__divi,run_divi_sensitivity_synth.py,2026-03-25T09:25:09Z,unknown,x86_64,cpu,x86_64,synthetic,synthetic_n200_d100_fixedseed3101,sens_Tsplit,200,100,3,0.1,0.9,3.0,3101.0,7,divi,1.0,divi,200.0,1.0,40.0,auto_entropy,141.89385332046726,1.0,0.01,1.0,0.1,300.0,300.0,8,7,40.0,280.0,"[40, 80, 120, 160, 200, 240, 280]",0.4932589401883617,0.6928661387127412,0.6060606060606061,0.515,23.0,0.23,0.3907312154769897,0.3349623084068298,35976.8515625,33683.68359375,2293.16796875,35109.98046875,4.334352016448975,1.1869657839997672,0.1225945879996288,1.0610409159999108,0.0083189429969934,0.0027389589995436,0.003536803053333,452.484375,ok,False,,,,,,,outputs_revision/sensitivity_synth/Tsplit/runs.csv,Tsplit,40.0,80.0,True
sens_synth__synthetic_n200_d100_fixedseed3101__Tsplit__seed8__divi,run_divi_sensitivity_synth.py,2026-03-25T09:25:11Z,unknown,x86_64,cpu,x86_64,synthetic,synthetic_n200_d100_fixedseed3101,sens_Tsplit,200,100,3,0.1,0.9,3.0,3101.0,8,divi,1.0,divi,200.0,1.0,40.0,auto_entropy,141.89385332046726,1.0,0.01,1.0,0.1,300.0,300.0,8,7,40.0,280.0,"[40, 80, 120, 160, 200, 240, 280]",0.4945541678224369,0.7100141803009858,0.5555555555555556,0.48,26.0,0.26,0.398418664932251,0.3341615796089172,35980.68359375,33614.0859375,2366.59765625,34994.0859375,4.932988166809082,1.269422338998993,0.1374124470003153,1.1285002839995286,0.0097749209962785,0.0029043790000287,0.0037616676133317,450.65234375,ok,False,,,,,,,outputs_revision/sensitivity_synth/Tsplit/runs.csv,Tsplit,40.0,80.0,True
sens_synth__synthetic_n200_d100_fixedseed3101__Tsplit__seed9__divi,run_divi_sensitivity_synth.py,2026-03-25T09:25:12Z,unknown,x86_64,cpu,x86_64,synthetic,synthetic_n200_d100_fixedseed3101,sens_Tsplit,200,100,3,0.1,0.9,3.0,3101.0,9,divi,1.0,divi,200.0,1.0,40.0,auto_entropy,141.89385332046726,1.0,0.01,1.0,0.1,300.0,300.0,8,7,40.0,280.0,"[40, 80, 120, 160, 200, 240, 280]",0.4842254755669051,0.7036830003413255,0.5714285714285714,0.52,25.0,0.25,0.3918445706367492,0.3380517363548279,35993.72265625,33564.0234375,2429.69921875,35102.50390625,4.45610237121582,1.4344076960005625,0.1637257300008059,1.265856480000366,0.0100692739979422,0.0040998329986905,0.0042195216000012,450.53125,ok,False,,,,,,,outputs_revision/sensitivity_synth/Tsplit/runs.csv,Tsplit,40.0,80.0,True
sens_synth__synthetic_n200_d100_fixedseed3101__Tsplit__seed0__divi,run_divi_sensitivity_synth.py,2026-03-25T09:25:13Z,unknown,x86_64,cpu,x86_64,synthetic,synthetic_n200_d100_fixedseed3101,sens_Tsplit,200,100,3,0.1,0.9,3.0,3101.0,0,divi,1.0,divi,200.0,1.0,80.0,auto_entropy,141.89385332046726,1.0,0.01,1.0,0.1,300.0,300.0,4,3,80.0,240.0,"[80, 160, 240]",0.8768788468816415,0.9085063091968448,0.5555555555555556,0.87,26.0,0.26,0.4033045470714569,0.3418942093849182,36114.3671875,33926.39453125,2187.97265625,35069.875,5.222455978393555,1.0542799270006071,0.1902379080001992,0.8613993880007911,0.0027075739999418,0.001789499001461,0.0028713312933359,452.36328125,ok,False,,,,,,,outputs_revision/sensitivity_synth/Tsplit/runs.csv,Tsplit,80.0,80.0,True
sens_synth__synthetic_n200_d100_fixedseed3101__Tsplit__seed1__divi,run_divi_sensitivity_synth.py,2026-03-25T09:25:14Z,unknown,x86_64,cpu,x86_64,synthetic,synthetic_n200_d100_fixedseed3101,sens_Tsplit,200,100,3,0.1,0.9,3.0,3101.0,1,divi,1.0,divi,200.0,1.0,80.0,auto_entropy,141.89385332046726,1.0,0.01,1.0,0.1,300.0,300.0,4,3,80.0,240.0,"[80, 160, 240]",0.8752745873288594,0.907757086966724,0.5555555555555556,0.865,26.0,0.26,0.4020082950592041,0.3353838920593261,36108.59765625,33454.0859375,2654.51171875,35087.42578125,5.105858325958252,0.8541901239987055,0.1155442269991908,0.7362289310003689,0.0023957419998623,0.0016848559989739,0.0024540964366678,452.37109375,ok,False,,,,,,,outputs_revision/sensitivity_synth/Tsplit/runs.csv,Tsplit,80.0,80.0,True
sens_synth__synthetic_n200_d100_fixedseed3101__Tsplit__seed2__divi,run_divi_sensitivity_synth.py,2026-03-25T09:25:15Z,unknown,x86_64,cpu,x86_64,synthetic,synthetic_n200_d100_fixedseed3101,sens_Tsplit,200,100,3,0.1,0.9,3.0,3101.0,2,divi,1.0,divi,200.0,1.0,80.0,auto_entropy,141.89385332046726,1.0,0.01,1.0,0.1,300.0,300.0,4,3,80.0,240.0,"[80, 160, 240]",0.8728032139844207,0.9066127929577492,0.5405405405405406,0.855,27.0,0.27,0.4066000878810882,0.369909405708313,36112.85546875,34019.36328125,2093.4921875,35013.38671875,5.497335910797119,0.8719738010004221,0.1188284569998359,0.7508985040003608,0.0030521950011461,0.0016556980008317,0.0025029950133345,452.37109375,ok,False,,,,,,,outputs_revision/sensitivity_synth/Tsplit/runs.csv,Tsplit,80.0,80.0,True
sens_synth__synthetic_n200_d100_fixedseed3101__Tsplit__seed3__divi,run_divi_sensitivity_synth.py,2026-03-25T09:25:16Z,unknown,x86_64,cpu,x86_64,synthetic,synthetic_n200_d100_fixedseed3101,sens_Tsplit,200,100,3,0.1,0.9,3.0,3101.0,3,divi,1.0,divi,200.0,1.0,80.0,auto_entropy,141.89385332046726,1.0,0.01,1.0,0.1,300.0,300.0,4,3,80.0,240.0,"[80, 160, 240]",0.8719372920321685,0.9062146470278732,0.5555555555555556,0.85,26.0,0.26,0.4026415348052978,0.3604307770729065,36106.2578125,33544.24609375,2562.01171875,35068.640625,5.188094139099121,0.895172143000309,0.1186441549998562,0.7741773350007861,0.0024844519994076,0.0017297590002272,0.0025805911166692,453.8984375,ok,False,,,,,,,outputs_revision/sensitivity_synth/Tsplit/runs.csv,Tsplit,80.0,80.0,True
sens_synth__synthetic_n200_d100_fixedseed3101__Tsplit__seed4__divi,run_divi_sensitivity_synth.py,2026-03-25T09:25:17Z,unknown,x86_64,cpu,x86_64,synthetic,synthetic_n200_d100_fixedseed3101,sens_Tsplit,200,100,3,0.1,0.9,3.0,3101.0,4,divi,1.0,divi,200.0,1.0,80.0,auto_entropy,141.89385332046726,1.0,0.01,1.0,0.1,300.0,300.0,4,3,80.0,240.0,"[80, 160, 240]",0.8719372920321685,0.9062146470278732,0.5555555555555556,0.85,26.0,0.26,0.40158212184906,0.3524704575538635,36102.453125,34084.38671875,2018.06640625,35083.82421875,5.093147277832031,0.8621746230001008,0.1257622299999639,0.7338138129998697,0.0023145169998315,0.0020380329988256,0.0024460460433328,453.90234375,ok,False,,,,,,,outputs_revision/sensitivity_synth/Tsplit/runs.csv,Tsplit,80.0,80.0,True
sens_synth__synthetic_n200_d100_fixedseed3101__Tsplit__seed5__divi,run_divi_sensitivity_synth.py,2026-03-25T09:25:18Z,unknown,x86_64,cpu,x86_64,synthetic,synthetic_n200_d100_fixedseed3101,sens_Tsplit,200,100,3,0.1,0.9,3.0,3101.0,5,divi,1.0,divi,200.0,1.0,80.0,auto_entropy,141.89385332046726,1.0,0.01,1.0,0.1,300.0,300.0,4,3,80.0,240.0,"[80, 160, 240]",0.8713184771469268,0.9059309964406864,0.5555555555555556,0.845,26.0,0.26,0.4033753275871277,0.3542932868003845,36103.28515625,33705.17578125,2398.109375,35061.23828125,5.210243701934815,0.8619743050003308,0.1311068840004736,0.7283252950001042,0.0024412580005446,0.0018103229995176,0.0024277509833336,453.90625,ok,False,,,,,,,outputs_revision/sensitivity_synth/Tsplit/runs.csv,Tsplit,80.0,80.0,True
sens_synth__synthetic_n200_d100_fixedseed3101__Tsplit__seed6__divi,run_divi_sensitivity_synth.py,2026-03-25T09:25:18Z,unknown,x86_64,cpu,x86_64,synthetic,synthetic_n200_d100_fixedseed3101,sens_Tsplit,200,100,3,0.1,0.9,3.0,3101.0,6,divi,1.0,divi,200.0,1.0,80.0,auto_entropy,141.89385332046726,1.0,0.01,1.0,0.1,300.0,300.0,4,3,80.0,240.0,"[80, 160, 240]",0.8708232455998861,0.905704516970206,0.5555555555555556,0.835,26.0,0.26,0.4005756676197052,0.3377535939216614,36116.6484375,34031.90625,2084.7421875,35105.15234375,5.057473659515381,0.8177020860002813,0.1153477860007115,0.7001196809997055,0.0023486570007662,0.0016909860005398,0.002333732269999,453.91015625,ok,False,,,,,,,outputs_revision/sensitivity_synth/Tsplit/runs.csv,Tsplit,80.0,80.0,True
sens_synth__synthetic_n200_d100_fixedseed3101__Tsplit__seed7__divi,run_divi_sensitivity_synth.py,2026-03-25T09:25:19Z,unknown,x86_64,cpu,x86_64,synthetic,synthetic_n200_d100_fixedseed3101,sens_Tsplit,200,100,3,0.1,0.9,3.0,3101.0,7,divi,1.0,divi,200.0,1.0,80.0,auto_entropy,141.89385332046726,1.0,0.01,1.0,0.1,300.0,300.0,4,3,80.0,240.0,"[80, 160, 240]",0.8713184771469268,0.9059309964406864,0.5882352941176471,0.845,24.0,0.24,0.399139404296875,0.3401920199394226,36101.66796875,34154.51953125,1947.1484375,35115.4296875,4.931188583374023,0.8297897350003041,0.1170339500004047,0.7104783590002626,0.0023047079994285,0.0017243980000785,0.0023682611966675,453.91015625,ok,False,,,,,,,outputs_revision/sensitivity_synth/Tsplit/runs.csv,Tsplit,80.0,80.0,True
sens_synth__synthetic_n200_d100_fixedseed3101__Tsplit__seed8__divi,run_divi_sensitivity_synth.py,2026-03-25T09:25:20Z,unknown,x86_64,cpu,x86_64,synthetic,synthetic_n200_d100_fixedseed3101,sens_Tsplit,200,100,3,0.1,0.9,3.0,3101.0,8,divi,1.0,divi,200.0,1.0,80.0,auto_entropy,141.89385332046726,1.0,0.01,1.0,0.1,300.0,300.0,4,3,80.0,240.0,"[80, 160, 240]",0.8768788468816415,0.9085063091968448,0.5555555555555556,0.87,26.0,0.26,0.4040842056274414,0.3573754429817199,36119.81640625,33540.44140625,2579.375,35054.96875,5.324247360229492,0.8140416990008816,0.1159535060014604,0.6958986409990757,0.0022218500016606,0.001608466000107,0.0023196621366635,453.9140625,ok,False,,,,,,,outputs_revision/sensitivity_synth/Tsplit/runs.csv,Tsplit,80.0,80.0,True
sens_synth__synthetic_n200_d100_fixedseed3101__Tsplit__seed9__divi,run_divi_sensitivity_synth.py,2026-03-25T09:25:21Z,unknown,x86_64,cpu,x86_64,synthetic,synthetic_n200_d100_fixedseed3101,sens_Tsplit,200,100,3,0.1,0.9,3.0,3101.0,9,divi,1.0,divi,200.0,1.0,80.0,auto_entropy,141.89385332046726,1.0,0.01,1.0,0.1,300.0,300.0,4,3,80.0,240.0,"[80, 160, 240]",0.8709470684613785,0.9057611001961952,0.5405405405405406,0.84,27.0,0.27,0.4004178941249847,0.3452681303024292,36113.828125,33727.671875,2386.15625,35103.734375,5.050462245941162,0.8318519410004228,0.1228618789991742,0.7065335860006599,0.0026527099980739,0.0018922279996331,0.0023551119533355,453.9140625,ok,False,,,,,,,outputs_revision/sensitivity_synth/Tsplit/runs.csv,Tsplit,80.0,80.0,True
sens_synth__synthetic_n1000_d100_fixedseed3102__Tsplit__seed0__divi,run_divi_sensitivity_synth.py,2026-03-25T09:25:36Z,unknown,x86_64,cpu,x86_64,synthetic,synthetic_n1000_d100_fixedseed3102,sens_Tsplit,1000,100,3,0.1,0.9,3.0,3102.0,0,divi,1.0,divi,1000.0,1.0,10.0,auto_entropy,141.89385332046726,1.0,0.01,1.0,0.1,300.0,300.0,31,30,10.0,300.0,"[10, 20, 30, 40, 50, 60, 70, 80, 90, 100, 110, 120, 130, 140, 150, 160, 170, 180, 190, 200, 210, 220, 230, 240, 250, 260, 270, 280, 290, 300]",0.3722099310120595,0.603297823768269,1.0,0.425,10.0,0.1,0.218001589179039,0.1245897263288497,188537.609375,179944.96875,8592.640625,187681.65625,0.8559516072273254,15.064660035000998,0.1601491370001895,14.863225951999992,0.3769124569971609,0.0406454450003366,0.0495440865066666,475.9296875,ok,False,,,,,,,outputs_revision/sensitivity_synth/Tsplit/runs.csv,Tsplit,10.0,80.0,True
sens_synth__synthetic_n1000_d100_fixedseed3102__Tsplit__seed1__divi,run_divi_sensitivity_synth.py,2026-03-25T09:25:51Z,unknown,x86_64,cpu,x86_64,synthetic,synthetic_n1000_d100_fixedseed3102,sens_Tsplit,1000,100,3,0.1,0.9,3.0,3102.0,1,divi,1.0,divi,1000.0,1.0,10.0,auto_entropy,141.89385332046726,1.0,0.01,1.0,0.1,300.0,300.0,31,30,10.0,300.0,"[10, 20, 30, 40, 50, 60, 70, 80, 90, 100, 110, 120, 130, 140, 150, 160, 170, 180, 190, 200, 210, 220, 230, 240, 250, 260, 270, 280, 290, 300]",0.3154288987243182,0.5835862124598061,1.0,0.384,10.0,0.1,0.2163135558366775,0.1198836416006088,188561.9375,179821.5,8740.4375,187810.1875,0.751749575138092,14.58706127000005,0.2243766659994435,14.287415236000015,0.3756107070021244,0.0744066049992397,0.0476247174533333,509.50390625,ok,False,,,,,,,outputs_revision/sensitivity_synth/Tsplit/runs.csv,Tsplit,10.0,80.0,True
sens_synth__synthetic_n1000_d100_fixedseed3102__Tsplit__seed2__divi,run_divi_sensitivity_synth.py,2026-03-25T09:26:04Z,unknown,x86_64,cpu,x86_64,synthetic,synthetic_n1000_d100_fixedseed3102,sens_Tsplit,1000,100,3,0.1,0.9,3.0,3102.0,2,divi,1.0,divi,1000.0,1.0,10.0,auto_entropy,141.89385332046726,1.0,0.01,1.0,0.1,300.0,300.0,31,30,10.0,300.0,"[10, 20, 30, 40, 50, 60, 70, 80, 90, 100, 110, 120, 130, 140, 150, 160, 170, 180, 190, 200, 210, 220, 230, 240, 250, 260, 270, 280, 290, 300]",0.2889400720467789,0.5568648653567768,1.0,0.362,10.0,0.1,0.219468742609024,0.1301768720149994,188408.640625,179908.0,8500.640625,187501.09375,0.9075473546981812,13.264237478999348,0.2569862959990132,12.96514879300048,0.3472663700049452,0.0410262890000012,0.0432171626433349,595.140625,ok,False,,,,,,,outputs_revision/sensitivity_synth/Tsplit/runs.csv,Tsplit,10.0,80.0,True
sens_synth__synthetic_n1000_d100_fixedseed3102__Tsplit__seed3__divi,run_divi_sensitivity_synth.py,2026-03-25T09:26:18Z,unknown,x86_64,cpu,x86_64,synthetic,synthetic_n1000_d100_fixedseed3102,sens_Tsplit,1000,100,3,0.1,0.9,3.0,3102.0,3,divi,1.0,divi,1000.0,1.0,10.0,auto_entropy,141.89385332046726,1.0,0.01,1.0,0.1,300.0,300.0,31,30,10.0,300.0,"[10, 20, 30, 40, 50, 60, 70, 80, 90, 100, 110, 120, 130, 140, 150, 160, 170, 180, 190, 200, 210, 220, 230, 240, 250, 260, 270, 280, 290, 300]",0.6059639938182104,0.7331205797037872,1.0,0.621,10.0,0.1,0.214247316122055,0.1258843541145324,188706.125,179870.65625,8835.46875,188064.921875,0.6412093639373779,13.679374491999624,0.1558412180002051,13.466240163999828,0.3538910050028789,0.0564861709990509,0.0448874672133327,572.84375,ok,False,,,,,,,outputs_revision/sensitivity_synth/Tsplit/runs.csv,Tsplit,10.0,80.0,True
sens_synth__synthetic_n1000_d100_fixedseed3102__Tsplit__seed4__divi,run_divi_sensitivity_synth.py,2026-03-25T09:26:41Z,unknown,x86_64,cpu,x86_64,synthetic,synthetic_n1000_d100_fixedseed3102,sens_Tsplit,1000,100,3,0.1,0.9,3.0,3102.0,4,divi,1.0,divi,1000.0,1.0,10.0,auto_entropy,141.89385332046726,1.0,0.01,1.0,0.1,300.0,300.0,31,30,10.0,300.0,"[10, 20, 30, 40, 50, 60, 70, 80, 90, 100, 110, 120, 130, 140, 150, 160, 170, 180, 190, 200, 210, 220, 230, 240, 250, 260, 270, 280, 290, 300]",0.3473348313435366,0.5993741401006152,1.0,0.411,10.0,0.1,0.217333048582077,0.1313033252954483,188582.21875,178693.765625,9888.453125,187816.453125,0.7657603025436401,22.96214311299991,0.1673016360000474,22.726436349999855,0.4735160650016041,0.0676402860008238,0.0757547878333328,503.0390625,ok,False,,,,,,,outputs_revision/sensitivity_synth/Tsplit/runs.csv,Tsplit,10.0,80.0,True
sens_synth__synthetic_n1000_d100_fixedseed3102__Tsplit__seed5__divi,run_divi_sensitivity_synth.py,2026-03-25T09:26:56Z,unknown,x86_64,cpu,x86_64,synthetic,synthetic_n1000_d100_fixedseed3102,sens_Tsplit,1000,100,3,0.1,0.9,3.0,3102.0,5,divi,1.0,divi,1000.0,1.0,10.0,auto_entropy,141.89385332046726,1.0,0.01,1.0,0.1,300.0,300.0,31,30,10.0,300.0,"[10, 20, 30, 40, 50, 60, 70, 80, 90, 100, 110, 120, 130, 140, 150, 160, 170, 180, 190, 200, 210, 220, 230, 240, 250, 260, 270, 280, 290, 300]",0.4778093240732504,0.6294995739510776,1.0,0.552,10.0,0.1,0.2154585272073745,0.1294587105512619,188463.234375,179138.453125,9324.78125,187758.96875,0.7042662501335144,14.98059909100084,0.1735206490011478,14.762309989000642,0.4112920270035829,0.0439415870005177,0.0492076999633354,502.9140625,ok,False,,,,,,,outputs_revision/sensitivity_synth/Tsplit/runs.csv,Tsplit,10.0,80.0,True
sens_synth__synthetic_n1000_d100_fixedseed3102__Tsplit__seed6__divi,run_divi_sensitivity_synth.py,2026-03-25T09:27:10Z,unknown,x86_64,cpu,x86_64,synthetic,synthetic_n1000_d100_fixedseed3102,sens_Tsplit,1000,100,3,0.1,0.9,3.0,3102.0,6,divi,1.0,divi,1000.0,1.0,10.0,auto_entropy,141.89385332046726,1.0,0.01,1.0,0.1,300.0,300.0,31,30,10.0,300.0,"[10, 20, 30, 40, 50, 60, 70, 80, 90, 100, 110, 120, 130, 140, 150, 160, 170, 180, 190, 200, 210, 220, 230, 240, 250, 260, 270, 280, 290, 300]",0.4402750033037426,0.6158776534100648,1.0,0.537,10.0,0.1,0.2172538042068481,0.1288820058107376,188475.625,179686.46875,8789.15625,187733.96875,0.7416544556617737,14.416249294999943,0.229931153000507,14.11910105899915,0.3877269369968417,0.0663413170004787,0.0470636701966638,503.80078125,ok,False,,,,,,,outputs_revision/sensitivity_synth/Tsplit/runs.csv,Tsplit,10.0,80.0,True
sens_synth__synthetic_n1000_d100_fixedseed3102__Tsplit__seed7__divi,run_divi_sensitivity_synth.py,2026-03-25T09:27:25Z,unknown,x86_64,cpu,x86_64,synthetic,synthetic_n1000_d100_fixedseed3102,sens_Tsplit,1000,100,3,0.1,0.9,3.0,3102.0,7,divi,1.0,divi,1000.0,1.0,10.0,auto_entropy,141.89385332046726,1.0,0.01,1.0,0.1,300.0,300.0,31,30,10.0,300.0,"[10, 20, 30, 40, 50, 60, 70, 80, 90, 100, 110, 120, 130, 140, 150, 160, 170, 180, 190, 200, 210, 220, 230, 240, 250, 260, 270, 280, 290, 300]",0.5002876230766351,0.6533376441653368,1.0,0.586,10.0,0.1,0.2195886373519897,0.1254388093948364,188507.34375,181530.296875,6977.046875,187627.4375,0.8799135088920593,14.994852493000508,0.2699136119990726,14.683403224000358,0.3629006229984952,0.0404036519994406,0.0489446774133345,557.58984375,ok,False,,,,,,,outputs_revision/sensitivity_synth/Tsplit/runs.csv,Tsplit,10.0,80.0,True
sens_synth__synthetic_n1000_d100_fixedseed3102__Tsplit__seed8__divi,run_divi_sensitivity_synth.py,2026-03-25T09:27:40Z,unknown,x86_64,cpu,x86_64,synthetic,synthetic_n1000_d100_fixedseed3102,sens_Tsplit,1000,100,3,0.1,0.9,3.0,3102.0,8,divi,1.0,divi,1000.0,1.0,10.0,auto_entropy,141.89385332046726,1.0,0.01,1.0,0.1,300.0,300.0,31,30,10.0,300.0,"[10, 20, 30, 40, 50, 60, 70, 80, 90, 100, 110, 120, 130, 140, 150, 160, 170, 180, 190, 200, 210, 220, 230, 240, 250, 260, 270, 280, 290, 300]",0.4334349464302507,0.6189125274008579,1.0,0.515,10.0,0.1,0.2190628945827484,0.1310695707798004,188377.921875,179621.1875,8756.734375,187523.171875,0.8547491431236267,14.147399219000365,0.1538534129995241,13.914667232998909,0.3698143070032529,0.0781023700001242,0.0463822241099963,514.73828125,ok,False,,,,,,,outputs_revision/sensitivity_synth/Tsplit/runs.csv,Tsplit,10.0,80.0,True
sens_synth__synthetic_n1000_d100_fixedseed3102__Tsplit__seed9__divi,run_divi_sensitivity_synth.py,2026-03-25T09:27:54Z,unknown,x86_64,cpu,x86_64,synthetic,synthetic_n1000_d100_fixedseed3102,sens_Tsplit,1000,100,3,0.1,0.9,3.0,3102.0,9,divi,1.0,divi,1000.0,1.0,10.0,auto_entropy,141.89385332046726,1.0,0.01,1.0,0.1,300.0,300.0,31,30,10.0,300.0,"[10, 20, 30, 40, 50, 60, 70, 80, 90, 100, 110, 120, 130, 140, 150, 160, 170, 180, 190, 200, 210, 220, 230, 240, 250, 260, 270, 280, 290, 300]",0.3623208121482136,0.5879110063723955,1.0,0.456,10.0,0.1,0.2179209142923355,0.1269637197256088,188565.078125,180581.640625,7983.4375,187767.453125,0.7976243495941162,14.0265495069998,0.181785270000546,13.786238758000763,0.3792063289984071,0.0575625439996656,0.0459541291933358,491.2109375,ok,False,,,,,,,outputs_revision/sensitivity_synth/Tsplit/runs.csv,Tsplit,10.0,80.0,True
sens_synth__synthetic_n1000_d100_fixedseed3102__Tsplit__seed0__divi,run_divi_sensitivity_synth.py,2026-03-25T09:28:00Z,unknown,x86_64,cpu,x86_64,synthetic,synthetic_n1000_d100_fixedseed3102,sens_Tsplit,1000,100,3,0.1,0.9,3.0,3102.0,0,divi,1.0,divi,1000.0,1.0,20.0,auto_entropy,141.89385332046726,1.0,0.01,1.0,0.1,300.0,300.0,16,15,20.0,300.0,"[20, 40, 60, 80, 100, 120, 140, 160, 180, 200, 220, 240, 260, 280, 300]",0.5381053466531269,0.6871678650273293,1.0,0.623,10.0,0.1,0.2354182302951812,0.1488971412181854,188294.375,178762.765625,9531.609375,186771.875,1.522507667541504,6.778433710998797,0.1530418849997659,6.599873687000581,0.0918900480010052,0.0247606480006652,0.0219995789566686,491.21484375,ok,False,,,,,,,outputs_revision/sensitivity_synth/Tsplit/runs.csv,Tsplit,20.0,80.0,True
sens_synth__synthetic_n1000_d100_fixedseed3102__Tsplit__seed1__divi,run_divi_sensitivity_synth.py,2026-03-25T09:28:07Z,unknown,x86_64,cpu,x86_64,synthetic,synthetic_n1000_d100_fixedseed3102,sens_Tsplit,1000,100,3,0.1,0.9,3.0,3102.0,1,divi,1.0,divi,1000.0,1.0,20.0,auto_entropy,141.89385332046726,1.0,0.01,1.0,0.1,300.0,300.0,16,15,20.0,300.0,"[20, 40, 60, 80, 100, 120, 140, 160, 180, 200, 220, 240, 260, 280, 300]",0.5181854610407703,0.6733509247068937,1.0,0.6,10.0,0.1,0.234052374958992,0.1523052155971527,188198.40625,179816.296875,8382.109375,186784.09375,1.4143123626708984,6.864055256999563,0.2215971940004237,6.609005755000908,0.0949433620007766,0.0325218489997496,0.0220300191833363,491.21484375,ok,False,,,,,,,outputs_revision/sensitivity_synth/Tsplit/runs.csv,Tsplit,20.0,80.0,True
sens_synth__synthetic_n1000_d100_fixedseed3102__Tsplit__seed2__divi,run_divi_sensitivity_synth.py,2026-03-25T09:28:14Z,unknown,x86_64,cpu,x86_64,synthetic,synthetic_n1000_d100_fixedseed3102,sens_Tsplit,1000,100,3,0.1,0.9,3.0,3102.0,2,divi,1.0,divi,1000.0,1.0,20.0,auto_entropy,141.89385332046726,1.0,0.01,1.0,0.1,300.0,300.0,16,15,20.0,300.0,"[20, 40, 60, 80, 100, 120, 140, 160, 180, 200, 220, 240, 260, 280, 300]",0.5002656723474591,0.6528586178649449,1.0,0.599,10.0,0.1,0.2392858117818832,0.162695974111557,188178.796875,179081.28125,9097.515625,186483.0,1.6957895755767822,6.660478026999044,0.1492674689998239,6.486962911001683,0.0883067620015936,0.0235508290006691,0.0216232097033389,503.04296875,ok,False,,,,,,,outputs_revision/sensitivity_synth/Tsplit/runs.csv,Tsplit,20.0,80.0,True
sens_synth__synthetic_n1000_d100_fixedseed3102__Tsplit__seed3__divi,run_divi_sensitivity_synth.py,2026-03-25T09:28:21Z,unknown,x86_64,cpu,x86_64,synthetic,synthetic_n1000_d100_fixedseed3102,sens_Tsplit,1000,100,3,0.1,0.9,3.0,3102.0,3,divi,1.0,divi,1000.0,1.0,20.0,auto_entropy,141.89385332046726,1.0,0.01,1.0,0.1,300.0,300.0,16,15,20.0,300.0,"[20, 40, 60, 80, 100, 120, 140, 160, 180, 200, 220, 240, 260, 280, 300]",0.4460155723748555,0.649746375724892,1.0,0.513,10.0,0.1,0.2355627119541168,0.1489975601434707,188383.578125,180653.765625,7729.8125,186860.765625,1.522810935974121,6.9219539049991,0.2387634589995286,6.660975928998596,0.0926778290031506,0.0212104090005595,0.0222032530966619,491.21484375,ok,False,,,,,,,outputs_revision/sensitivity_synth/Tsplit/runs.csv,Tsplit,20.0,80.0,True
sens_synth__synthetic_n1000_d100_fixedseed3102__Tsplit__seed4__divi,run_divi_sensitivity_synth.py,2026-03-25T09:28:28Z,unknown,x86_64,cpu,x86_64,synthetic,synthetic_n1000_d100_fixedseed3102,sens_Tsplit,1000,100,3,0.1,0.9,3.0,3102.0,4,divi,1.0,divi,1000.0,1.0,20.0,auto_entropy,141.89385332046726,1.0,0.01,1.0,0.1,300.0,300.0,16,15,20.0,300.0,"[20, 40, 60, 80, 100, 120, 140, 160, 180, 200, 220, 240, 260, 280, 300]",0.6428569433425967,0.7217909145075084,1.0,0.72,10.0,0.1,0.2382567822933197,0.1555092483758926,188164.75,179892.6875,8272.0625,186481.03125,1.6837265491485596,7.144678238999404,0.1507060839994665,6.972640558999046,0.0912954959967464,0.0205183329999272,0.0232421351966634,497.1953125,ok,False,,,,,,,outputs_revision/sensitivity_synth/Tsplit/runs.csv,Tsplit,20.0,80.0,True
sens_synth__synthetic_n1000_d100_fixedseed3102__Tsplit__seed5__divi,run_divi_sensitivity_synth.py,2026-03-25T09:28:35Z,unknown,x86_64,cpu,x86_64,synthetic,synthetic_n1000_d100_fixedseed3102,sens_Tsplit,1000,100,3,0.1,0.9,3.0,3102.0,5,divi,1.0,divi,1000.0,1.0,20.0,auto_entropy,141.89385332046726,1.0,0.01,1.0,0.1,300.0,300.0,16,15,20.0,300.0,"[20, 40, 60, 80, 100, 120, 140, 160, 180, 200, 220, 240, 260, 280, 300]",0.5357535284846925,0.6762277628480975,1.0,0.602,10.0,0.1,0.2343408763408661,0.1546321362257003,188207.515625,177665.8125,10541.703125,186752.78125,1.4547410011291504,6.556282089000888,0.1557953669998824,6.379628280001271,0.0898071199972037,0.0201170689997525,0.0212654276000042,509.53125,ok,False,,,,,,,outputs_revision/sensitivity_synth/Tsplit/runs.csv,Tsplit,20.0,80.0,True
sens_synth__synthetic_n1000_d100_fixedseed3102__Tsplit__seed6__divi,run_divi_sensitivity_synth.py,2026-03-25T09:28:42Z,unknown,x86_64,cpu,x86_64,synthetic,synthetic_n1000_d100_fixedseed3102,sens_Tsplit,1000,100,3,0.1,0.9,3.0,3102.0,6,divi,1.0,divi,1000.0,1.0,20.0,auto_entropy,141.89385332046726,1.0,0.01,1.0,0.1,300.0,300.0,16,15,20.0,300.0,"[20, 40, 60, 80, 100, 120, 140, 160, 180, 200, 220, 240, 260, 280, 300]",0.6413353056540878,0.7430940137744063,1.0,0.714,10.0,0.1,0.2356456518173217,0.1495318710803985,188283.875,178825.515625,9458.359375,186770.203125,1.5136713981628418,6.86864803699973,0.154708894999203,6.692451546001394,0.096579525996276,0.0206856200002221,0.0223081718200046,532.296875,ok,False,,,,,,,outputs_revision/sensitivity_synth/Tsplit/runs.csv,Tsplit,20.0,80.0,True
sens_synth__synthetic_n1000_d100_fixedseed3102__Tsplit__seed7__divi,run_divi_sensitivity_synth.py,2026-03-25T09:28:48Z,unknown,x86_64,cpu,x86_64,synthetic,synthetic_n1000_d100_fixedseed3102,sens_Tsplit,1000,100,3,0.1,0.9,3.0,3102.0,7,divi,1.0,divi,1000.0,1.0,20.0,auto_entropy,141.89385332046726,1.0,0.01,1.0,0.1,300.0,300.0,16,15,20.0,300.0,"[20, 40, 60, 80, 100, 120, 140, 160, 180, 200, 220, 240, 260, 280, 300]",0.3969930775886934,0.6221578593622475,1.0,0.489,10.0,0.1,0.2348199337720871,0.1543247550725937,188306.625,181559.515625,6747.109375,186776.78125,1.529838800430298,6.449943139001334,0.165735725999184,6.260366463999162,0.0884585190015059,0.023077812998963,0.0208678882133305,515.63671875,ok,False,,,,,,,outputs_revision/sensitivity_synth/Tsplit/runs.csv,Tsplit,20.0,80.0,True
sens_synth__synthetic_n1000_d100_fixedseed3102__Tsplit__seed8__divi,run_divi_sensitivity_synth.py,2026-03-25T09:28:55Z,unknown,x86_64,cpu,x86_64,synthetic,synthetic_n1000_d100_fixedseed3102,sens_Tsplit,1000,100,3,0.1,0.9,3.0,3102.0,8,divi,1.0,divi,1000.0,1.0,20.0,auto_entropy,141.89385332046726,1.0,0.01,1.0,0.1,300.0,300.0,16,15,20.0,300.0,"[20, 40, 60, 80, 100, 120, 140, 160, 180, 200, 220, 240, 260, 280, 300]",0.3908934962524414,0.627597191638703,1.0,0.449,10.0,0.1,0.2365356832742691,0.1533809900283813,188152.03125,180685.515625,7466.515625,186614.359375,1.537674069404602,6.968884025000079,0.1622843740005919,6.784986249000212,0.0899506090008799,0.0208950090000143,0.0226166208300007,521.7421875,ok,False,,,,,,,outputs_revision/sensitivity_synth/Tsplit/runs.csv,Tsplit,20.0,80.0,True
sens_synth__synthetic_n1000_d100_fixedseed3102__Tsplit__seed9__divi,run_divi_sensitivity_synth.py,2026-03-25T09:29:02Z,unknown,x86_64,cpu,x86_64,synthetic,synthetic_n1000_d100_fixedseed3102,sens_Tsplit,1000,100,3,0.1,0.9,3.0,3102.0,9,divi,1.0,divi,1000.0,1.0,20.0,auto_entropy,141.89385332046726,1.0,0.01,1.0,0.1,300.0,300.0,16,15,20.0,300.0,"[20, 40, 60, 80, 100, 120, 140, 160, 180, 200, 220, 240, 260, 280, 300]",0.3237440845481387,0.5945994317837288,1.0,0.355,10.0,0.1,0.2338271141052246,0.1520904004573822,188308.6875,178898.234375,9410.453125,186860.890625,1.4477992057800293,6.486496050998539,0.1505402509992564,6.313913376001437,0.0883863179988111,0.0213225930001499,0.0210463779200047,513.3515625,ok,False,,,,,,,outputs_revision/sensitivity_synth/Tsplit/runs.csv,Tsplit,20.0,80.0,True
sens_synth__synthetic_n1000_d100_fixedseed3102__Tsplit__seed0__divi,run_divi_sensitivity_synth.py,2026-03-25T09:29:06Z,unknown,x86_64,cpu,x86_64,synthetic,synthetic_n1000_d100_fixedseed3102,sens_Tsplit,1000,100,3,0.1,0.9,3.0,3102.0,0,divi,1.0,divi,1000.0,1.0,40.0,auto_entropy,141.89385332046726,1.0,0.01,1.0,0.1,300.0,300.0,8,7,40.0,280.0,"[40, 80, 120, 160, 200, 240, 280]",0.4981326224275459,0.7080634818724038,1.0,0.487,10.0,0.1,0.2472404688596725,0.165592759847641,188166.1875,179725.9375,8440.25,186037.421875,2.12876033782959,4.129517626999586,0.1542702890001237,3.961400191999928,0.0275954230000934,0.0131117529999755,0.0132046673066664,513.35546875,ok,False,,,,,,,outputs_revision/sensitivity_synth/Tsplit/runs.csv,Tsplit,40.0,80.0,True
sens_synth__synthetic_n1000_d100_fixedseed3102__Tsplit__seed1__divi,run_divi_sensitivity_synth.py,2026-03-25T09:29:09Z,unknown,x86_64,cpu,x86_64,synthetic,synthetic_n1000_d100_fixedseed3102,sens_Tsplit,1000,100,3,0.1,0.9,3.0,3102.0,1,divi,1.0,divi,1000.0,1.0,40.0,auto_entropy,141.89385332046726,1.0,0.01,1.0,0.1,300.0,300.0,8,7,40.0,280.0,"[40, 80, 120, 160, 200, 240, 280]",0.6115580761870704,0.7471663323040053,1.0,0.665,10.0,0.1,0.2460678219795227,0.1720200777053833,188207.703125,179838.390625,8369.3125,186142.46875,2.065235137939453,3.6695011079991673,0.2462076169995271,3.411588346998542,0.0219167129980633,0.0106087249987467,0.0113719611566618,513.35546875,ok,False,,,,,,,outputs_revision/sensitivity_synth/Tsplit/runs.csv,Tsplit,40.0,80.0,True
sens_synth__synthetic_n1000_d100_fixedseed3102__Tsplit__seed2__divi,run_divi_sensitivity_synth.py,2026-03-25T09:29:13Z,unknown,x86_64,cpu,x86_64,synthetic,synthetic_n1000_d100_fixedseed3102,sens_Tsplit,1000,100,3,0.1,0.9,3.0,3102.0,2,divi,1.0,divi,1000.0,1.0,40.0,auto_entropy,141.89385332046726,1.0,0.01,1.0,0.1,300.0,300.0,8,7,40.0,280.0,"[40, 80, 120, 160, 200, 240, 280]",0.5643447976163146,0.7334545266006979,1.0,0.585,10.0,0.1,0.2514276504516601,0.1732436418533325,188179.109375,179577.71875,8601.390625,185787.84375,2.391263723373413,3.4819656769996072,0.1528124630003731,3.317148307000025,0.0238745730021037,0.011302193001029,0.0110571610233334,513.35546875,ok,False,,,,,,,outputs_revision/sensitivity_synth/Tsplit/runs.csv,Tsplit,40.0,80.0,True
sens_synth__synthetic_n1000_d100_fixedseed3102__Tsplit__seed3__divi,run_divi_sensitivity_synth.py,2026-03-25T09:29:17Z,unknown,x86_64,cpu,x86_64,synthetic,synthetic_n1000_d100_fixedseed3102,sens_Tsplit,1000,100,3,0.1,0.9,3.0,3102.0,3,divi,1.0,divi,1000.0,1.0,40.0,auto_entropy,141.89385332046726,1.0,0.01,1.0,0.1,300.0,300.0,8,7,40.0,280.0,"[40, 80, 120, 160, 200, 240, 280]",0.7258325518035555,0.7850666145106918,1.0,0.797,10.0,0.1,0.2473060637712478,0.161852478981018,188142.0625,178779.21875,9362.84375,186019.515625,2.1225404739379883,3.650870114999634,0.1643204929987405,3.470954401000199,0.0255257799981336,0.0145877420000033,0.0115698480033339,513.35546875,ok,False,,,,,,,outputs_revision/sensitivity_synth/Tsplit/runs.csv,Tsplit,40.0,80.0,True
sens_synth__synthetic_n1000_d100_fixedseed3102__Tsplit__seed4__divi,run_divi_sensitivity_synth.py,2026-03-25T09:29:20Z,unknown,x86_64,cpu,x86_64,synthetic,synthetic_n1000_d100_fixedseed3102,sens_Tsplit,1000,100,3,0.1,0.9,3.0,3102.0,4,divi,1.0,divi,1000.0,1.0,40.0,auto_entropy,141.89385332046726,1.0,0.01,1.0,0.1,300.0,300.0,8,7,40.0,280.0,"[40, 80, 120, 160, 200, 240, 280]",0.6699985677973893,0.7596947254007603,1.0,0.703,10.0,0.1,0.245970606803894,0.161706805229187,188147.0,179180.125,8966.875,186103.1875,2.04381799697876,3.941892626000481,0.228306340999552,3.701218976000746,0.025334517000374,0.0114716349999071,0.0123373965866691,513.359375,ok,False,,,,,,,outputs_revision/sensitivity_synth/Tsplit/runs.csv,Tsplit,40.0,80.0,True
sens_synth__synthetic_n1000_d100_fixedseed3102__Tsplit__seed5__divi,run_divi_sensitivity_synth.py,2026-03-25T09:29:24Z,unknown,x86_64,cpu,x86_64,synthetic,synthetic_n1000_d100_fixedseed3102,sens_Tsplit,1000,100,3,0.1,0.9,3.0,3102.0,5,divi,1.0,divi,1000.0,1.0,40.0,auto_entropy,141.89385332046726,1.0,0.01,1.0,0.1,300.0,300.0,8,7,40.0,280.0,"[40, 80, 120, 160, 200, 240, 280]",0.7837745648060577,0.8119977644541526,1.0,0.83,10.0,0.1,0.2456332743167877,0.1587393283843994,188155.609375,179714.5,8441.109375,186128.28125,2.027320384979248,3.432319764999193,0.1482471120016271,3.2717069020000054,0.0219586889998026,0.0117302449998533,0.0109056896733333,513.359375,ok,False,,,,,,,outputs_revision/sensitivity_synth/Tsplit/runs.csv,Tsplit,40.0,80.0,True
sens_synth__synthetic_n1000_d100_fixedseed3102__Tsplit__seed6__divi,run_divi_sensitivity_synth.py,2026-03-25T09:29:27Z,unknown,x86_64,cpu,x86_64,synthetic,synthetic_n1000_d100_fixedseed3102,sens_Tsplit,1000,100,3,0.1,0.9,3.0,3102.0,6,divi,1.0,divi,1000.0,1.0,40.0,auto_entropy,141.89385332046726,1.0,0.01,1.0,0.1,300.0,300.0,8,7,40.0,280.0,"[40, 80, 120, 160, 200, 240, 280]",0.7691331709642447,0.8048203485183358,1.0,0.815,10.0,0.1,0.2491177022457122,0.1619810163974762,188107.71875,180609.65625,7498.0625,185885.71875,2.2220029830932617,3.3386987220001174,0.1519752550011617,3.176053952000075,0.0234309059997031,0.0099078719995304,0.0105868465066669,513.359375,ok,False,,,,,,,outputs_revision/sensitivity_synth/Tsplit/runs.csv,Tsplit,40.0,80.0,True
sens_synth__synthetic_n1000_d100_fixedseed3102__Tsplit__seed7__divi,run_divi_sensitivity_synth.py,2026-03-25T09:29:31Z,unknown,x86_64,cpu,x86_64,synthetic,synthetic_n1000_d100_fixedseed3102,sens_Tsplit,1000,100,3,0.1,0.9,3.0,3102.0,7,divi,1.0,divi,1000.0,1.0,40.0,auto_entropy,141.89385332046726,1.0,0.01,1.0,0.1,300.0,300.0,8,7,40.0,280.0,"[40, 80, 120, 160, 200, 240, 280]",0.8123981902690256,0.8308165003434591,1.0,0.853,10.0,0.1,0.2464238554239273,0.1653278470039367,188127.71875,181057.078125,7070.640625,186063.21875,2.064499616622925,3.8833460599998944,0.1515187039985903,3.7177981549994,0.0259304730006988,0.0132713130005868,0.0123926605166646,513.359375,ok,False,,,,,,,outputs_revision/sensitivity_synth/Tsplit/runs.csv,Tsplit,40.0,80.0,True
sens_synth__synthetic_n1000_d100_fixedseed3102__Tsplit__seed8__divi,run_divi_sensitivity_synth.py,2026-03-25T09:29:35Z,unknown,x86_64,cpu,x86_64,synthetic,synthetic_n1000_d100_fixedseed3102,sens_Tsplit,1000,100,3,0.1,0.9,3.0,3102.0,8,divi,1.0,divi,1000.0,1.0,40.0,auto_entropy,141.89385332046726,1.0,0.01,1.0,0.1,300.0,300.0,8,7,40.0,280.0,"[40, 80, 120, 160, 200, 240, 280]",0.6231494590104957,0.7483431149293764,1.0,0.645,10.0,0.1,0.2494660019874572,0.1637354791164398,188089.953125,180353.890625,7736.0625,185885.703125,2.2042558193206787,3.694952239000486,0.2436756810002407,3.4397218419999263,0.0219106339991412,0.0104838099996413,0.011465739473333,513.36328125,ok,False,,,,,,,outputs_revision/sensitivity_synth/Tsplit/runs.csv,Tsplit,40.0,80.0,True
sens_synth__synthetic_n1000_d100_fixedseed3102__Tsplit__seed9__divi,run_divi_sensitivity_synth.py,2026-03-25T09:29:38Z,unknown,x86_64,cpu,x86_64,synthetic,synthetic_n1000_d100_fixedseed3102,sens_Tsplit,1000,100,3,0.1,0.9,3.0,3102.0,9,divi,1.0,divi,1000.0,1.0,40.0,auto_entropy,141.89385332046726,1.0,0.01,1.0,0.1,300.0,300.0,8,7,40.0,280.0,"[40, 80, 120, 160, 200, 240, 280]",0.7229600781800339,0.7865871523847894,1.0,0.729,10.0,0.1,0.2468258738517761,0.1656450927257537,188148.5,180039.625,8108.875,186045.375,2.1031267642974854,3.551786052999887,0.1491854100004275,3.391457820000141,0.0225628990010591,0.0104694170004222,0.0113048594000004,513.36328125,ok,False,,,,,,,outputs_revision/sensitivity_synth/Tsplit/runs.csv,Tsplit,40.0,80.0,True
sens_synth__synthetic_n1000_d100_fixedseed3102__Tsplit__seed0__divi,run_divi_sensitivity_synth.py,2026-03-25T09:29:41Z,unknown,x86_64,cpu,x86_64,synthetic,synthetic_n1000_d100_fixedseed3102,sens_Tsplit,1000,100,3,0.1,0.9,3.0,3102.0,0,divi,1.0,divi,1000.0,1.0,80.0,auto_entropy,141.89385332046726,1.0,0.01,1.0,0.1,300.0,300.0,4,3,80.0,240.0,"[80, 160, 240]",0.9050367640593462,0.9224401943462928,1.0,0.919,10.0,0.1,0.261843740940094,0.1868165135383606,188118.390625,181730.328125,6388.0625,185113.75,3.004643440246582,2.1673850509996555,0.161840774000666,1.9982999060011932,0.0055130539985839,0.0059936809993814,0.0066609996866706,513.36328125,ok,False,,,,,,,outputs_revision/sensitivity_synth/Tsplit/runs.csv,Tsplit,80.0,80.0,True
sens_synth__synthetic_n1000_d100_fixedseed3102__Tsplit__seed1__divi,run_divi_sensitivity_synth.py,2026-03-25T09:29:43Z,unknown,x86_64,cpu,x86_64,synthetic,synthetic_n1000_d100_fixedseed3102,sens_Tsplit,1000,100,3,0.1,0.9,3.0,3102.0,1,divi,1.0,divi,1000.0,1.0,80.0,auto_entropy,141.89385332046726,1.0,0.01,1.0,0.1,300.0,300.0,4,3,80.0,240.0,"[80, 160, 240]",0.8880081922989718,0.9136906351009464,1.0,0.895,10.0,0.1,0.2617155909538269,0.1800341010093689,188104.46875,179295.5625,8808.90625,185116.03125,2.9884297847747803,2.4582259580001846,0.1571773979994759,2.2938892689999197,0.0070873130007385,0.0064909429984254,0.007646297563333,513.36328125,ok,False,,,,,,,outputs_revision/sensitivity_synth/Tsplit/runs.csv,Tsplit,80.0,80.0,True
sens_synth__synthetic_n1000_d100_fixedseed3102__Tsplit__seed2__divi,run_divi_sensitivity_synth.py,2026-03-25T09:29:46Z,unknown,x86_64,cpu,x86_64,synthetic,synthetic_n1000_d100_fixedseed3102,sens_Tsplit,1000,100,3,0.1,0.9,3.0,3102.0,2,divi,1.0,divi,1000.0,1.0,80.0,auto_entropy,141.89385332046726,1.0,0.01,1.0,0.1,300.0,300.0,4,3,80.0,240.0,"[80, 160, 240]",0.871408677445161,0.9057904437620784,1.0,0.853,10.0,0.1,0.2578036785125732,0.1772044450044632,188072.5625,179973.09375,8099.46875,185360.109375,2.712459087371826,2.5091744140008814,0.2270454030003748,2.2738399360005133,0.0064838399994187,0.007410334999804,0.007579466453335,513.36328125,ok,False,,,,,,,outputs_revision/sensitivity_synth/Tsplit/runs.csv,Tsplit,80.0,80.0,True
sens_synth__synthetic_n1000_d100_fixedseed3102__Tsplit__seed3__divi,run_divi_sensitivity_synth.py,2026-03-25T09:29:48Z,unknown,x86_64,cpu,x86_64,synthetic,synthetic_n1000_d100_fixedseed3102,sens_Tsplit,1000,100,3,0.1,0.9,3.0,3102.0,3,divi,1.0,divi,1000.0,1.0,80.0,auto_entropy,141.89385332046726,1.0,0.01,1.0,0.1,300.0,300.0,4,3,80.0,240.0,"[80, 160, 240]",0.8710456305995662,0.905623826041484,1.0,0.851,10.0,0.1,0.2571823596954345,0.1691636890172958,188104.953125,179621.640625,8483.3125,185419.75,2.6851956844329834,2.19898356199883,0.1511379120001947,2.040451415999996,0.0058322429995314,0.006708991000778,0.0068015047199999,513.37109375,ok,False,,,,,,,outputs_revision/sensitivity_synth/Tsplit/runs.csv,Tsplit,80.0,80.0,True
sens_synth__synthetic_n1000_d100_fixedseed3102__Tsplit__seed4__divi,run_divi_sensitivity_synth.py,2026-03-25T09:29:50Z,unknown,x86_64,cpu,x86_64,synthetic,synthetic_n1000_d100_fixedseed3102,sens_Tsplit,1000,100,3,0.1,0.9,3.0,3102.0,4,divi,1.0,divi,1000.0,1.0,80.0,auto_entropy,141.89385332046726,1.0,0.01,1.0,0.1,300.0,300.0,4,3,80.0,240.0,"[80, 160, 240]",0.8696908176385139,0.90500424105296,1.0,0.839,10.0,0.1,0.2572711706161499,0.169757455587387,188090.921875,178831.546875,9259.375,185409.234375,2.681694507598877,2.217761480000263,0.159990789999938,2.050709189999907,0.0063001769976835,0.0063120100003288,0.0068356972999996,513.37109375,ok,False,,,,,,,outputs_revision/sensitivity_synth/Tsplit/runs.csv,Tsplit,80.0,80.0,True
sens_synth__synthetic_n1000_d100_fixedseed3102__Tsplit__seed5__divi,run_divi_sensitivity_synth.py,2026-03-25T09:29:52Z,unknown,x86_64,cpu,x86_64,synthetic,synthetic_n1000_d100_fixedseed3102,sens_Tsplit,1000,100,3,0.1,0.9,3.0,3102.0,5,divi,1.0,divi,1000.0,1.0,80.0,auto_entropy,141.89385332046726,1.0,0.01,1.0,0.1,300.0,300.0,4,3,80.0,240.0,"[80, 160, 240]",0.8712222585481156,0.9057048569349366,1.0,0.852,10.0,0.1,0.2590311765670776,0.1766994893550872,188100.96875,180206.765625,7894.203125,185291.953125,2.809010505676269,2.180017877999489,0.1551701309999771,2.0176637659988046,0.0062055649977992,0.0064275500008079,0.0067255458866626,513.37109375,ok,False,,,,,,,outputs_revision/sensitivity_synth/Tsplit/runs.csv,Tsplit,80.0,80.0,True
sens_synth__synthetic_n1000_d100_fixedseed3102__Tsplit__seed6__divi,run_divi_sensitivity_synth.py,2026-03-25T09:29:55Z,unknown,x86_64,cpu,x86_64,synthetic,synthetic_n1000_d100_fixedseed3102,sens_Tsplit,1000,100,3,0.1,0.9,3.0,3102.0,6,divi,1.0,divi,1000.0,1.0,80.0,auto_entropy,141.89385332046726,1.0,0.01,1.0,0.1,300.0,300.0,4,3,80.0,240.0,"[80, 160, 240]",0.8845973904454957,0.9120202475420424,1.0,0.889,10.0,0.1,0.2601928412914276,0.1774344146251678,188132.359375,180989.0625,7143.296875,185221.5625,2.910790205001831,2.3027129439997225,0.1549016200006008,2.140520443001151,0.0061592879992531,0.0065756200001487,0.0071350681433371,513.37109375,ok,False,,,,,,,outputs_revision/sensitivity_synth/Tsplit/runs.csv,Tsplit,80.0,80.0,True
sens_synth__synthetic_n1000_d100_fixedseed3102__Tsplit__seed7__divi,run_divi_sensitivity_synth.py,2026-03-25T09:29:57Z,unknown,x86_64,cpu,x86_64,synthetic,synthetic_n1000_d100_fixedseed3102,sens_Tsplit,1000,100,3,0.1,0.9,3.0,3102.0,7,divi,1.0,divi,1000.0,1.0,80.0,auto_entropy,141.89385332046726,1.0,0.01,1.0,0.1,300.0,300.0,4,3,80.0,240.0,"[80, 160, 240]",0.8701916465625515,0.9052328786980448,1.0,0.845,10.0,0.1,0.2592122852802276,0.181307315826416,188139.203125,180854.640625,7284.5625,185272.4375,2.866772413253784,2.7445408399999,0.234944744999666,2.502111145999152,0.0069148410002526,0.0065930399996432,0.0083403704866638,513.375,ok,False,,,,,,,outputs_revision/sensitivity_synth/Tsplit/runs.csv,Tsplit,80.0,80.0,True
sens_synth__synthetic_n1000_d100_fixedseed3102__Tsplit__seed8__divi,run_divi_sensitivity_synth.py,2026-03-25T09:30:00Z,unknown,x86_64,cpu,x86_64,synthetic,synthetic_n1000_d100_fixedseed3102,sens_Tsplit,1000,100,3,0.1,0.9,3.0,3102.0,8,divi,1.0,divi,1000.0,1.0,80.0,auto_entropy,141.89385332046726,1.0,0.01,1.0,0.1,300.0,300.0,4,3,80.0,240.0,"[80, 160, 240]",0.8705745248526675,0.9054079873788928,1.0,0.848,10.0,0.1,0.259381890296936,0.1778667867183685,188104.6875,182211.25,5893.4375,185276.1875,2.82849383354187,3.1566802240013203,0.1579097970006842,2.990824224998505,0.008523831000275,0.007191407999926,0.0099694140833283,513.375,ok,False,,,,,,,outputs_revision/sensitivity_synth/Tsplit/runs.csv,Tsplit,80.0,80.0,True
sens_synth__synthetic_n1000_d100_fixedseed3102__Tsplit__seed9__divi,run_divi_sensitivity_synth.py,2026-03-25T09:30:03Z,unknown,x86_64,cpu,x86_64,synthetic,synthetic_n1000_d100_fixedseed3102,sens_Tsplit,1000,100,3,0.1,0.9,3.0,3102.0,9,divi,1.0,divi,1000.0,1.0,80.0,auto_entropy,141.89385332046726,1.0,0.01,1.0,0.1,300.0,300.0,4,3,80.0,240.0,"[80, 160, 240]",0.8868332359052344,0.913112323275832,1.0,0.893,10.0,0.1,0.2592481672763824,0.184630662202835,188153.5625,178901.96875,9251.59375,185279.90625,2.8736491203308105,2.3922407350000867,0.1753668729998025,2.2096087140016607,0.0072289880008611,0.0064824099990801,0.0073653623800055,513.375,ok,False,,,,,,,outputs_revision/sensitivity_synth/Tsplit/runs.csv,Tsplit,80.0,80.0,True
sens_synth__synthetic_n200_d100_fixedseed3101__beta_mult__seed0__divi,run_divi_sensitivity_synth.py,2026-03-25T09:21:04Z,unknown,x86_64,cpu,x86_64,synthetic,synthetic_n200_d100_fixedseed3101,sens_beta_mult,200,100,3,0.1,0.9,3.0,3101.0,0,divi,1.0,divi,50.0,0.25,80.0,auto_entropy,141.89385332046726,1.0,0.01,1.0,0.1,300.0,300.0,4,3,80.0,240.0,"[80, 160, 240]",0.8857336743749021,0.9127365439703686,0.2469135802469135,0.89,71.0,0.71,0.587803065776825,0.6130250096321106,34042.99609375,31320.0859375,2722.91015625,32594.275390625,28.97440719604492,2.3324133369987976,0.1530399179991945,0.8984160440013511,0.0028930659991601,0.0018666530013433,0.0029947201466711,447.5859375,ok,False,,,,,,,outputs_revision/sensitivity_synth/beta_mult/runs.csv,beta_mult,0.25,1.0,True
sens_synth__synthetic_n200_d100_fixedseed3101__beta_mult__seed1__divi,run_divi_sensitivity_synth.py,2026-03-25T09:21:05Z,unknown,x86_64,cpu,x86_64,synthetic,synthetic_n200_d100_fixedseed3101,sens_beta_mult,200,100,3,0.1,0.9,3.0,3101.0,1,divi,1.0,divi,50.0,0.25,80.0,auto_entropy,141.89385332046726,1.0,0.01,1.0,0.1,300.0,300.0,4,3,80.0,240.0,"[80, 160, 240]",0.849755436548523,0.8662372059540776,0.2564102564102564,0.85,68.0,0.68,0.5855456590652466,0.6153473854064941,34050.9609375,31278.359375,2772.6015625,32622.392578125,28.57134056091309,0.949330840001494,0.1431178219991125,0.8030729360016267,0.0026350660009484,0.0024751549990469,0.002676909786672,451.27734375,ok,False,,,,,,,outputs_revision/sensitivity_synth/beta_mult/runs.csv,beta_mult,0.25,1.0,True
sens_synth__synthetic_n200_d100_fixedseed3101__beta_mult__seed2__divi,run_divi_sensitivity_synth.py,2026-03-25T09:21:06Z,unknown,x86_64,cpu,x86_64,synthetic,synthetic_n200_d100_fixedseed3101,sens_beta_mult,200,100,3,0.1,0.9,3.0,3101.0,2,divi,1.0,divi,50.0,0.25,80.0,auto_entropy,141.89385332046726,1.0,0.01,1.0,0.1,300.0,300.0,4,3,80.0,240.0,"[80, 160, 240]",0.8709470684613785,0.9057611001961952,0.2409638554216867,0.84,73.0,0.73,0.586168646812439,0.617260217666626,34043.03515625,31539.400390625,2503.634765625,32612.1640625,28.617408752441406,0.9824296409988164,0.1402829150010802,0.8396190070016019,0.0025596010018489,0.0019226370004616,0.0027987300233386,452.20703125,ok,False,,,,,,,outputs_revision/sensitivity_synth/beta_mult/runs.csv,beta_mult,0.25,1.0,True
sens_synth__synthetic_n200_d100_fixedseed3101__beta_mult__seed3__divi,run_divi_sensitivity_synth.py,2026-03-25T09:21:07Z,unknown,x86_64,cpu,x86_64,synthetic,synthetic_n200_d100_fixedseed3101,sens_beta_mult,200,100,3,0.1,0.9,3.0,3101.0,3,divi,1.0,divi,50.0,0.25,80.0,auto_entropy,141.89385332046726,1.0,0.01,1.0,0.1,300.0,300.0,4,3,80.0,240.0,"[80, 160, 240]",0.8556071763996861,0.8746239998583802,0.2439024390243902,0.87,72.0,0.72,0.5891495943069458,0.6177802085876465,34028.2578125,30726.951171875,3301.306640625,32570.703125,29.15111541748047,1.080124103000344,0.1592556979994697,0.9175364980001176,0.0029664039993804,0.0027339629996276,0.0030584549933337,452.515625,ok,False,,,,,,,outputs_revision/sensitivity_synth/beta_mult/runs.csv,beta_mult,0.25,1.0,True
sens_synth__synthetic_n200_d100_fixedseed3101__beta_mult__seed4__divi,run_divi_sensitivity_synth.py,2026-03-25T09:21:09Z,unknown,x86_64,cpu,x86_64,synthetic,synthetic_n200_d100_fixedseed3101,sens_beta_mult,200,100,3,0.1,0.9,3.0,3101.0,4,divi,1.0,divi,50.0,0.25,80.0,auto_entropy,141.89385332046726,1.0,0.01,1.0,0.1,300.0,300.0,4,3,80.0,240.0,"[80, 160, 240]",0.8728032139844207,0.9066127929577492,0.25,0.855,70.0,0.7,0.5888416171073914,0.6178542971611023,34039.828125,31217.578125,2822.25,32584.62109375,29.104135513305664,1.3792735999995784,0.1985300300002563,1.1774885109989557,0.0033245130034629,0.0024236820008809,0.0039249617033298,451.67578125,ok,False,,,,,,,outputs_revision/sensitivity_synth/beta_mult/runs.csv,beta_mult,0.25,1.0,True
sens_synth__synthetic_n200_d100_fixedseed3101__beta_mult__seed5__divi,run_divi_sensitivity_synth.py,2026-03-25T09:21:10Z,unknown,x86_64,cpu,x86_64,synthetic,synthetic_n200_d100_fixedseed3101,sens_beta_mult,200,100,3,0.1,0.9,3.0,3101.0,5,divi,1.0,divi,50.0,0.25,80.0,auto_entropy,141.89385332046726,1.0,0.01,1.0,0.1,300.0,300.0,4,3,80.0,240.0,"[80, 160, 240]",0.8768788468816415,0.9085063091968448,0.2409638554216867,0.87,73.0,0.73,0.5906305909156799,0.608734130859375,34025.89453125,31372.1171875,2653.77734375,32552.4453125,29.468957901000977,1.36041510799987,0.1867574819989386,1.1709534019992134,0.0036715800015372,0.0018744270000752,0.003903178006664,452.25,ok,False,,,,,,,outputs_revision/sensitivity_synth/beta_mult/runs.csv,beta_mult,0.25,1.0,True
sens_synth__synthetic_n200_d100_fixedseed3101__beta_mult__seed6__divi,run_divi_sensitivity_synth.py,2026-03-25T09:21:11Z,unknown,x86_64,cpu,x86_64,synthetic,synthetic_n200_d100_fixedseed3101,sens_beta_mult,200,100,3,0.1,0.9,3.0,3101.0,6,divi,1.0,divi,50.0,0.25,80.0,auto_entropy,141.89385332046726,1.0,0.01,1.0,0.1,300.0,300.0,4,3,80.0,240.0,"[80, 160, 240]",0.8713184771469268,0.9059309964406864,0.2439024390243902,0.845,72.0,0.72,0.5919159054756165,0.6142702102661133,34023.796875,31248.45703125,2775.33984375,32535.7265625,29.76140594482422,0.994426724000732,0.1445265230013319,0.8472087560003274,0.0026580750018183,0.0018376589996478,0.0028240291866677,452.25390625,ok,False,,,,,,,outputs_revision/sensitivity_synth/beta_mult/runs.csv,beta_mult,0.25,1.0,True
sens_synth__synthetic_n200_d100_fixedseed3101__beta_mult__seed7__divi,run_divi_sensitivity_synth.py,2026-03-25T09:21:12Z,unknown,x86_64,cpu,x86_64,synthetic,synthetic_n200_d100_fixedseed3101,sens_beta_mult,200,100,3,0.1,0.9,3.0,3101.0,7,divi,1.0,divi,50.0,0.25,80.0,auto_entropy,141.89385332046726,1.0,0.01,1.0,0.1,300.0,300.0,4,3,80.0,240.0,"[80, 160, 240]",0.8713184771469268,0.9059309964406864,0.2439024390243902,0.845,72.0,0.72,0.5872842669487,0.6195176839828491,34028.015625,31584.59375,2443.421875,32586.44921875,28.831356048583984,0.9377377199998592,0.1224647039998672,0.8118546429996059,0.0025341619984828,0.0026536090008448,0.002706182143332,453.16015625,ok,False,,,,,,,outputs_revision/sensitivity_synth/beta_mult/runs.csv,beta_mult,0.25,1.0,True
sens_synth__synthetic_n200_d100_fixedseed3101__beta_mult__seed8__divi,run_divi_sensitivity_synth.py,2026-03-25T09:21:13Z,unknown,x86_64,cpu,x86_64,synthetic,synthetic_n200_d100_fixedseed3101,sens_beta_mult,200,100,3,0.1,0.9,3.0,3101.0,8,divi,1.0,divi,50.0,0.25,80.0,auto_entropy,141.89385332046726,1.0,0.01,1.0,0.1,300.0,300.0,4,3,80.0,240.0,"[80, 160, 240]",0.8521380645481075,0.8730113241452526,0.2469135802469135,0.86,71.0,0.71,0.5890135169029236,0.6164261698722839,34032.99609375,31189.03125,2843.96484375,32575.421875,29.1514949798584,0.9633414769996308,0.1169851020003989,0.8432181139996828,0.0031979419982235,0.0025630639993323,0.0028107270466656,453.16796875,ok,False,,,,,,,outputs_revision/sensitivity_synth/beta_mult/runs.csv,beta_mult,0.25,1.0,True
sens_synth__synthetic_n200_d100_fixedseed3101__beta_mult__seed9__divi,run_divi_sensitivity_synth.py,2026-03-25T09:21:14Z,unknown,x86_64,cpu,x86_64,synthetic,synthetic_n200_d100_fixedseed3101,sens_beta_mult,200,100,3,0.1,0.9,3.0,3101.0,9,divi,1.0,divi,50.0,0.25,80.0,auto_entropy,141.89385332046726,1.0,0.01,1.0,0.1,300.0,300.0,4,3,80.0,240.0,"[80, 160, 240]",0.8728032139844207,0.9066127929577492,0.2409638554216867,0.855,73.0,0.73,0.5877246260643005,0.6166439652442932,34040.875,30831.380859375,3209.494140625,32593.779296875,28.941898345947266,0.9710546590013108,0.1254508609999902,0.8430129879998276,0.00366651999866,0.001995665999857,0.0028100432933327,449.93359375,ok,False,,,,,,,outputs_revision/sensitivity_synth/beta_mult/runs.csv,beta_mult,0.25,1.0,True
sens_synth__synthetic_n200_d100_fixedseed3101__beta_mult__seed0__divi,run_divi_sensitivity_synth.py,2026-03-25T09:21:15Z,unknown,x86_64,cpu,x86_64,synthetic,synthetic_n200_d100_fixedseed3101,sens_beta_mult,200,100,3,0.1,0.9,3.0,3101.0,0,divi,1.0,divi,100.0,0.5,80.0,auto_entropy,141.89385332046726,1.0,0.01,1.0,0.1,300.0,300.0,4,3,80.0,240.0,"[80, 160, 240]",0.8885515279348168,0.914117942000205,0.3389830508474576,0.895,49.0,0.49,0.5038219690322876,0.4930189847946167,35319.5546875,32934.9375,2384.6171875,33722.0078125,15.97547721862793,0.9703239259997644,0.1348358779996488,0.8328184620004322,0.0029013929997745,0.002068877000056,0.0027760615400014,452.56640625,ok,False,,,,,,,outputs_revision/sensitivity_synth/beta_mult/runs.csv,beta_mult,0.5,1.0,True
sens_synth__synthetic_n200_d100_fixedseed3101__beta_mult__seed1__divi,run_divi_sensitivity_synth.py,2026-03-25T09:21:16Z,unknown,x86_64,cpu,x86_64,synthetic,synthetic_n200_d100_fixedseed3101,sens_beta_mult,200,100,3,0.1,0.9,3.0,3101.0,1,divi,1.0,divi,100.0,0.5,80.0,auto_entropy,141.89385332046726,1.0,0.01,1.0,0.1,300.0,300.0,4,3,80.0,240.0,"[80, 160, 240]",0.8616460592758713,0.8866483854738683,0.3508771929824561,0.855,47.0,0.47,0.5004153251647949,0.4854959845542907,35320.26953125,32470.78125,2849.48828125,33767.5625,15.52706527709961,1.0474759709995851,0.1218547959997522,0.9229930080000486,0.0027527610000106,0.0019950950008933,0.0030766433600001,452.56640625,ok,False,,,,,,,outputs_revision/sensitivity_synth/beta_mult/runs.csv,beta_mult,0.5,1.0,True
sens_synth__synthetic_n200_d100_fixedseed3101__beta_mult__seed2__divi,run_divi_sensitivity_synth.py,2026-03-25T09:21:17Z,unknown,x86_64,cpu,x86_64,synthetic,synthetic_n200_d100_fixedseed3101,sens_beta_mult,200,100,3,0.1,0.9,3.0,3101.0,2,divi,1.0,divi,100.0,0.5,80.0,auto_entropy,141.89385332046726,1.0,0.01,1.0,0.1,300.0,300.0,4,3,80.0,240.0,"[80, 160, 240]",0.8713184771469268,0.9059309964406864,0.3333333333333333,0.845,50.0,0.5,0.5048994421958923,0.4987886548042297,35311.1953125,32634.060546875,2677.134765625,33699.50390625,16.116920471191406,0.9657697639995604,0.1177807739986747,0.8455052469998918,0.0025985510001191,0.0018328059995837,0.0028183508233329,452.5703125,ok,False,,,,,,,outputs_revision/sensitivity_synth/beta_mult/runs.csv,beta_mult,0.5,1.0,True
sens_synth__synthetic_n200_d100_fixedseed3101__beta_mult__seed3__divi,run_divi_sensitivity_synth.py,2026-03-25T09:21:18Z,unknown,x86_64,cpu,x86_64,synthetic,synthetic_n200_d100_fixedseed3101,sens_beta_mult,200,100,3,0.1,0.9,3.0,3101.0,3,divi,1.0,divi,100.0,0.5,80.0,auto_entropy,141.89385332046726,1.0,0.01,1.0,0.1,300.0,300.0,4,3,80.0,240.0,"[80, 160, 240]",0.8594139175704291,0.8856308807907846,0.3448275862068966,0.84,48.0,0.48,0.5058701038360596,0.4860756397247314,35306.33984375,32378.193359375,2928.146484375,33686.58203125,16.197568893432617,0.9099390920000588,0.1282880889993976,0.7788316910009598,0.0023662099993089,0.0021097120006743,0.0025961056366698,452.578125,ok,False,,,,,,,outputs_revision/sensitivity_synth/beta_mult/runs.csv,beta_mult,0.5,1.0,True
sens_synth__synthetic_n200_d100_fixedseed3101__beta_mult__seed4__divi,run_divi_sensitivity_synth.py,2026-03-25T09:21:19Z,unknown,x86_64,cpu,x86_64,synthetic,synthetic_n200_d100_fixedseed3101,sens_beta_mult,200,100,3,0.1,0.9,3.0,3101.0,4,divi,1.0,divi,100.0,0.5,80.0,auto_entropy,141.89385332046726,1.0,0.01,1.0,0.1,300.0,300.0,4,3,80.0,240.0,"[80, 160, 240]",0.8713184771469268,0.9059309964406864,0.3333333333333333,0.845,50.0,0.5,0.5057498812675476,0.4996135830879211,35318.5390625,32410.84375,2907.6953125,33694.73828125,16.23800277709961,0.8934226540004602,0.1353592190007475,0.7542724639988592,0.0025082069987547,0.0031969869996828,0.0025142415466628,452.5859375,ok,False,,,,,,,outputs_revision/sensitivity_synth/beta_mult/runs.csv,beta_mult,0.5,1.0,True
sens_synth__synthetic_n200_d100_fixedseed3101__beta_mult__seed5__divi,run_divi_sensitivity_synth.py,2026-03-25T09:21:20Z,unknown,x86_64,cpu,x86_64,synthetic,synthetic_n200_d100_fixedseed3101,sens_beta_mult,200,100,3,0.1,0.9,3.0,3101.0,5,divi,1.0,divi,100.0,0.5,80.0,auto_entropy,141.89385332046726,1.0,0.01,1.0,0.1,300.0,300.0,4,3,80.0,240.0,"[80, 160, 240]",0.8713184771469268,0.9059309964406864,0.3333333333333333,0.845,50.0,0.5,0.5065114498138428,0.5009838938713074,35313.21484375,32667.17578125,2646.0390625,33681.3125,16.31900978088379,0.9122737840007176,0.1314418029996886,0.7784117100000003,0.002663092000148,0.0017911169998114,0.0025947057,452.5859375,ok,False,,,,,,,outputs_revision/sensitivity_synth/beta_mult/runs.csv,beta_mult,0.5,1.0,True
sens_synth__synthetic_n200_d100_fixedseed3101__beta_mult__seed6__divi,run_divi_sensitivity_synth.py,2026-03-25T09:21:21Z,unknown,x86_64,cpu,x86_64,synthetic,synthetic_n200_d100_fixedseed3101,sens_beta_mult,200,100,3,0.1,0.9,3.0,3101.0,6,divi,1.0,divi,100.0,0.5,80.0,auto_entropy,141.89385332046726,1.0,0.01,1.0,0.1,300.0,300.0,4,3,80.0,240.0,"[80, 160, 240]",0.8719372920321685,0.9062146470278732,0.3508771929824561,0.85,47.0,0.47,0.5070397853851318,0.4923193454742431,35322.62890625,32575.4296875,2747.19921875,33678.16015625,16.444673538208008,1.2450098509998495,0.1223352599990903,1.119538527000259,0.0045725930012849,0.0025428009994357,0.0037317950900008,452.58984375,ok,False,,,,,,,outputs_revision/sensitivity_synth/beta_mult/runs.csv,beta_mult,0.5,1.0,True
sens_synth__synthetic_n200_d100_fixedseed3101__beta_mult__seed7__divi,run_divi_sensitivity_synth.py,2026-03-25T09:21:22Z,unknown,x86_64,cpu,x86_64,synthetic,synthetic_n200_d100_fixedseed3101,sens_beta_mult,200,100,3,0.1,0.9,3.0,3101.0,7,divi,1.0,divi,100.0,0.5,80.0,auto_entropy,141.89385332046726,1.0,0.01,1.0,0.1,300.0,300.0,4,3,80.0,240.0,"[80, 160, 240]",0.8713184771469268,0.9059309964406864,0.3333333333333333,0.845,50.0,0.5,0.5023937225341797,0.5004609823226929,35302.8359375,33026.828125,2276.0078125,33726.421875,15.76413631439209,1.333646133000002,0.2032580080012849,1.1269058429988943,0.003458037999735,0.0027139659996464,0.0037563528099963,452.28515625,ok,False,,,,,,,outputs_revision/sensitivity_synth/beta_mult/runs.csv,beta_mult,0.5,1.0,True
sens_synth__synthetic_n200_d100_fixedseed3101__beta_mult__seed8__divi,run_divi_sensitivity_synth.py,2026-03-25T09:21:23Z,unknown,x86_64,cpu,x86_64,synthetic,synthetic_n200_d100_fixedseed3101,sens_beta_mult,200,100,3,0.1,0.9,3.0,3101.0,8,divi,1.0,divi,100.0,0.5,80.0,auto_entropy,141.89385332046726,1.0,0.01,1.0,0.1,300.0,300.0,4,3,80.0,240.0,"[80, 160, 240]",0.8752745873288594,0.907757086966724,0.3389830508474576,0.865,49.0,0.49,0.5032013058662415,0.4940844178199768,35318.91015625,32725.611328125,2593.298828125,33723.83203125,15.95079231262207,1.091313607999837,0.1925486410000303,0.896160375999898,0.0024674989999766,0.0018701940007304,0.0029872012533329,449.97265625,ok,False,,,,,,,outputs_revision/sensitivity_synth/beta_mult/runs.csv,beta_mult,0.5,1.0,True
sens_synth__synthetic_n200_d100_fixedseed3101__beta_mult__seed9__divi,run_divi_sensitivity_synth.py,2026-03-25T09:21:24Z,unknown,x86_64,cpu,x86_64,synthetic,synthetic_n200_d100_fixedseed3101,sens_beta_mult,200,100,3,0.1,0.9,3.0,3101.0,9,divi,1.0,divi,100.0,0.5,80.0,auto_entropy,141.89385332046726,1.0,0.01,1.0,0.1,300.0,300.0,4,3,80.0,240.0,"[80, 160, 240]",0.8768788468816415,0.9085063091968448,0.3333333333333333,0.87,50.0,0.5,0.5025151968002319,0.5019112825393677,35321.38671875,32531.078125,2790.30859375,33735.4375,15.859501838684082,0.8956447450000269,0.1195211869999184,0.7727334809987951,0.0022644499986199,0.0027852460007125,0.0025757782699959,451.6796875,ok,False,,,,,,,outputs_revision/sensitivity_synth/beta_mult/runs.csv,beta_mult,0.5,1.0,True
sens_synth__synthetic_n200_d100_fixedseed3101__beta_mult__seed0__divi,run_divi_sensitivity_synth.py,2026-03-25T09:21:25Z,unknown,x86_64,cpu,x86_64,synthetic,synthetic_n200_d100_fixedseed3101,sens_beta_mult,200,100,3,0.1,0.9,3.0,3101.0,0,divi,1.0,divi,200.0,1.0,80.0,auto_entropy,141.89385332046726,1.0,0.01,1.0,0.1,300.0,300.0,4,3,80.0,240.0,"[80, 160, 240]",0.8768788468816415,0.9085063091968448,0.5555555555555556,0.87,26.0,0.26,0.4033045470714569,0.3418942093849182,36114.3671875,33926.39453125,2187.97265625,35069.875,5.222455978393555,0.9487755869995452,0.1268899060014519,0.818897150000339,0.002503750998585,0.0021779790004075,0.0027296571666677,452.30078125,ok,False,,,,,,,outputs_revision/sensitivity_synth/beta_mult/runs.csv,beta_mult,1.0,1.0,True
sens_synth__synthetic_n200_d100_fixedseed3101__beta_mult__seed1__divi,run_divi_sensitivity_synth.py,2026-03-25T09:21:26Z,unknown,x86_64,cpu,x86_64,synthetic,synthetic_n200_d100_fixedseed3101,sens_beta_mult,200,100,3,0.1,0.9,3.0,3101.0,1,divi,1.0,divi,200.0,1.0,80.0,auto_entropy,141.89385332046726,1.0,0.01,1.0,0.1,300.0,300.0,4,3,80.0,240.0,"[80, 160, 240]",0.8752745873288594,0.907757086966724,0.5555555555555556,0.865,26.0,0.26,0.4020082950592041,0.3353838920593261,36108.59765625,33454.0859375,2654.51171875,35087.42578125,5.105858325958252,0.9477759889996378,0.1410146830003213,0.8042576039988489,0.0030997920002846,0.0018161769985454,0.0026808586799961,452.91796875,ok,False,,,,,,,outputs_revision/sensitivity_synth/beta_mult/runs.csv,beta_mult,1.0,1.0,True
sens_synth__synthetic_n200_d100_fixedseed3101__beta_mult__seed2__divi,run_divi_sensitivity_synth.py,2026-03-25T09:21:27Z,unknown,x86_64,cpu,x86_64,synthetic,synthetic_n200_d100_fixedseed3101,sens_beta_mult,200,100,3,0.1,0.9,3.0,3101.0,2,divi,1.0,divi,200.0,1.0,80.0,auto_entropy,141.89385332046726,1.0,0.01,1.0,0.1,300.0,300.0,4,3,80.0,240.0,"[80, 160, 240]",0.8728032139844207,0.9066127929577492,0.5405405405405406,0.855,27.0,0.27,0.4066000878810882,0.369909405708313,36112.85546875,34019.36328125,2093.4921875,35013.38671875,5.497335910797119,0.9276304529994376,0.1237677139997686,0.8011665440008073,0.0024480820029566,0.002100118999806,0.0026705551466693,452.91796875,ok,False,,,,,,,outputs_revision/sensitivity_synth/beta_mult/runs.csv,beta_mult,1.0,1.0,True
sens_synth__synthetic_n200_d100_fixedseed3101__beta_mult__seed3__divi,run_divi_sensitivity_synth.py,2026-03-25T09:21:28Z,unknown,x86_64,cpu,x86_64,synthetic,synthetic_n200_d100_fixedseed3101,sens_beta_mult,200,100,3,0.1,0.9,3.0,3101.0,3,divi,1.0,divi,200.0,1.0,80.0,auto_entropy,141.89385332046726,1.0,0.01,1.0,0.1,300.0,300.0,4,3,80.0,240.0,"[80, 160, 240]",0.8719372920321685,0.9062146470278732,0.5555555555555556,0.85,26.0,0.26,0.4026415348052978,0.3604307770729065,36106.2578125,33544.24609375,2562.01171875,35068.640625,5.188094139099121,0.93392186300116,0.1221612320005078,0.809326726001018,0.0024820039998303,0.0018332159997953,0.0026977557533367,452.921875,ok,False,,,,,,,outputs_revision/sensitivity_synth/beta_mult/runs.csv,beta_mult,1.0,1.0,True
sens_synth__synthetic_n200_d100_fixedseed3101__beta_mult__seed4__divi,run_divi_sensitivity_synth.py,2026-03-25T09:21:29Z,unknown,x86_64,cpu,x86_64,synthetic,synthetic_n200_d100_fixedseed3101,sens_beta_mult,200,100,3,0.1,0.9,3.0,3101.0,4,divi,1.0,divi,200.0,1.0,80.0,auto_entropy,141.89385332046726,1.0,0.01,1.0,0.1,300.0,300.0,4,3,80.0,240.0,"[80, 160, 240]",0.8719372920321685,0.9062146470278732,0.5555555555555556,0.85,26.0,0.26,0.40158212184906,0.3524704575538635,36102.453125,34084.38671875,2018.06640625,35083.82421875,5.093147277832031,0.9242268609996244,0.1290181970016419,0.7929638839996187,0.0025278580014855,0.0016328080000675,0.0026432129466653,452.92578125,ok,False,,,,,,,outputs_revision/sensitivity_synth/beta_mult/runs.csv,beta_mult,1.0,1.0,True
sens_synth__synthetic_n200_d100_fixedseed3101__beta_mult__seed5__divi,run_divi_sensitivity_synth.py,2026-03-25T09:21:30Z,unknown,x86_64,cpu,x86_64,synthetic,synthetic_n200_d100_fixedseed3101,sens_beta_mult,200,100,3,0.1,0.9,3.0,3101.0,5,divi,1.0,divi,200.0,1.0,80.0,auto_entropy,141.89385332046726,1.0,0.01,1.0,0.1,300.0,300.0,4,3,80.0,240.0,"[80, 160, 240]",0.8713184771469268,0.9059309964406864,0.5555555555555556,0.845,26.0,0.26,0.4033753275871277,0.3542932868003845,36103.28515625,33705.17578125,2398.109375,35061.23828125,5.210243701934815,0.9233493410010852,0.1237661530012701,0.7971998060002079,0.0025514059980196,0.001754067998263,0.0026573326866673,452.93359375,ok,False,,,,,,,outputs_revision/sensitivity_synth/beta_mult/runs.csv,beta_mult,1.0,1.0,True
sens_synth__synthetic_n200_d100_fixedseed3101__beta_mult__seed6__divi,run_divi_sensitivity_synth.py,2026-03-25T09:21:31Z,unknown,x86_64,cpu,x86_64,synthetic,synthetic_n200_d100_fixedseed3101,sens_beta_mult,200,100,3,0.1,0.9,3.0,3101.0,6,divi,1.0,divi,200.0,1.0,80.0,auto_entropy,141.89385332046726,1.0,0.01,1.0,0.1,300.0,300.0,4,3,80.0,240.0,"[80, 160, 240]",0.8708232455998861,0.905704516970206,0.5555555555555556,0.835,26.0,0.26,0.4005756676197052,0.3377535939216614,36116.6484375,34031.90625,2084.7421875,35105.15234375,5.057473659515381,0.9393564740003058,0.1245006930003,0.8118047909993038,0.0024330350006493,0.0023722339992673,0.0027060159699976,452.93359375,ok,False,,,,,,,outputs_revision/sensitivity_synth/beta_mult/runs.csv,beta_mult,1.0,1.0,True
sens_synth__synthetic_n200_d100_fixedseed3101__beta_mult__seed7__divi,run_divi_sensitivity_synth.py,2026-03-25T09:21:32Z,unknown,x86_64,cpu,x86_64,synthetic,synthetic_n200_d100_fixedseed3101,sens_beta_mult,200,100,3,0.1,0.9,3.0,3101.0,7,divi,1.0,divi,200.0,1.0,80.0,auto_entropy,141.89385332046726,1.0,0.01,1.0,0.1,300.0,300.0,4,3,80.0,240.0,"[80, 160, 240]",0.8713184771469268,0.9059309964406864,0.5882352941176471,0.845,24.0,0.24,0.399139404296875,0.3401920199394226,36101.66796875,34154.51953125,1947.1484375,35115.4296875,4.931188583374023,0.9549699429990142,0.118458389000807,0.8332317219992547,0.0024928199982241,0.0026563880001049,0.0027774390733308,452.9375,ok,False,,,,,,,outputs_revision/sensitivity_synth/beta_mult/runs.csv,beta_mult,1.0,1.0,True
sens_synth__synthetic_n200_d100_fixedseed3101__beta_mult__seed8__divi,run_divi_sensitivity_synth.py,2026-03-25T09:21:33Z,unknown,x86_64,cpu,x86_64,synthetic,synthetic_n200_d100_fixedseed3101,sens_beta_mult,200,100,3,0.1,0.9,3.0,3101.0,8,divi,1.0,divi,200.0,1.0,80.0,auto_entropy,141.89385332046726,1.0,0.01,1.0,0.1,300.0,300.0,4,3,80.0,240.0,"[80, 160, 240]",0.8768788468816415,0.9085063091968448,0.5555555555555556,0.87,26.0,0.26,0.4040842056274414,0.3573754429817199,36119.81640625,33540.44140625,2579.375,35054.96875,5.324247360229492,1.0819579689996317,0.1333329310000408,0.9458086630002072,0.0028997419994993,0.002220522999778,0.003152695543334,452.328125,ok,False,,,,,,,outputs_revision/sensitivity_synth/beta_mult/runs.csv,beta_mult,1.0,1.0,True
sens_synth__synthetic_n200_d100_fixedseed3101__beta_mult__seed9__divi,run_divi_sensitivity_synth.py,2026-03-25T09:21:34Z,unknown,x86_64,cpu,x86_64,synthetic,synthetic_n200_d100_fixedseed3101,sens_beta_mult,200,100,3,0.1,0.9,3.0,3101.0,9,divi,1.0,divi,200.0,1.0,80.0,auto_entropy,141.89385332046726,1.0,0.01,1.0,0.1,300.0,300.0,4,3,80.0,240.0,"[80, 160, 240]",0.8709470684613785,0.9057611001961952,0.5405405405405406,0.84,27.0,0.27,0.4004178941249847,0.3452681303024292,36113.828125,33727.671875,2386.15625,35103.734375,5.050462245941162,1.1950076459997945,0.175115445999836,1.0168055449994426,0.0034333349994994,0.0023685300002398,0.0033893518166648,452.63671875,ok,False,,,,,,,outputs_revision/sensitivity_synth/beta_mult/runs.csv,beta_mult,1.0,1.0,True
sens_synth__synthetic_n200_d100_fixedseed3101__beta_mult__seed0__divi,run_divi_sensitivity_synth.py,2026-03-25T09:21:35Z,unknown,x86_64,cpu,x86_64,synthetic,synthetic_n200_d100_fixedseed3101,sens_beta_mult,200,100,3,0.1,0.9,3.0,3101.0,0,divi,1.0,divi,400.0,2.0,80.0,auto_entropy,141.89385332046726,1.0,0.01,1.0,0.1,300.0,300.0,4,3,80.0,240.0,"[80, 160, 240]",0.8752745873288594,0.907757086966724,0.7407407407407407,0.865,17.0,0.17,0.3369647562503814,0.2518846690654754,36451.50390625,34459.82421875,1991.6796875,35960.16015625,1.2283598184585571,1.2805639410016738,0.1623909919999278,1.1159394290007183,0.0035831290006171,0.0015245369995682,0.003719798096669,452.64453125,ok,False,,,,,,,outputs_revision/sensitivity_synth/beta_mult/runs.csv,beta_mult,2.0,1.0,True
sens_synth__synthetic_n200_d100_fixedseed3101__beta_mult__seed1__divi,run_divi_sensitivity_synth.py,2026-03-25T09:21:36Z,unknown,x86_64,cpu,x86_64,synthetic,synthetic_n200_d100_fixedseed3101,sens_beta_mult,200,100,3,0.1,0.9,3.0,3101.0,1,divi,1.0,divi,400.0,2.0,80.0,auto_entropy,141.89385332046726,1.0,0.01,1.0,0.1,300.0,300.0,4,3,80.0,240.0,"[80, 160, 240]",0.8719372920321685,0.9062146470278732,0.7142857142857143,0.85,18.0,0.18,0.3373746573925018,0.2569729685783386,36453.27734375,34306.21875,2147.05859375,35954.859375,1.2460418939590454,0.8404269699985889,0.1174238450003031,0.7208127989997593,0.0023383389998343,0.001632741999856,0.0024027093299991,452.6484375,ok,False,,,,,,,outputs_revision/sensitivity_synth/beta_mult/runs.csv,beta_mult,2.0,1.0,True
sens_synth__synthetic_n200_d100_fixedseed3101__beta_mult__seed2__divi,run_divi_sensitivity_synth.py,2026-03-25T09:21:37Z,unknown,x86_64,cpu,x86_64,synthetic,synthetic_n200_d100_fixedseed3101,sens_beta_mult,200,100,3,0.1,0.9,3.0,3101.0,2,divi,1.0,divi,400.0,2.0,80.0,auto_entropy,141.89385332046726,1.0,0.01,1.0,0.1,300.0,300.0,4,3,80.0,240.0,"[80, 160, 240]",0.8728032139844207,0.9066127929577492,0.7407407407407407,0.855,17.0,0.17,0.3366468846797943,0.270185112953186,36433.265625,34495.1171875,1938.1484375,35952.23046875,1.2025848627090454,0.8577622929988138,0.1171804369987512,0.7383479929994792,0.0022815499996795,0.0016835859987622,0.0024611599766649,452.6484375,ok,False,,,,,,,outputs_revision/sensitivity_synth/beta_mult/runs.csv,beta_mult,2.0,1.0,True
sens_synth__synthetic_n200_d100_fixedseed3101__beta_mult__seed3__divi,run_divi_sensitivity_synth.py,2026-03-25T09:21:38Z,unknown,x86_64,cpu,x86_64,synthetic,synthetic_n200_d100_fixedseed3101,sens_beta_mult,200,100,3,0.1,0.9,3.0,3101.0,3,divi,1.0,divi,400.0,2.0,80.0,auto_entropy,141.89385332046726,1.0,0.01,1.0,0.1,300.0,300.0,4,3,80.0,240.0,"[80, 160, 240]",0.8719372920321685,0.9062146470278732,0.7407407407407407,0.85,17.0,0.17,0.3381178677082062,0.2635383009910583,36435.02734375,34347.55078125,2087.4765625,35934.80859375,1.250544548034668,0.8717999739983497,0.1226066569997783,0.7469636259993422,0.003061618999709,0.0016178240002773,0.0024898787533311,452.65234375,ok,False,,,,,,,outputs_revision/sensitivity_synth/beta_mult/runs.csv,beta_mult,2.0,1.0,True
sens_synth__synthetic_n200_d100_fixedseed3101__beta_mult__seed4__divi,run_divi_sensitivity_synth.py,2026-03-25T09:21:39Z,unknown,x86_64,cpu,x86_64,synthetic,synthetic_n200_d100_fixedseed3101,sens_beta_mult,200,100,3,0.1,0.9,3.0,3101.0,4,divi,1.0,divi,400.0,2.0,80.0,auto_entropy,141.89385332046726,1.0,0.01,1.0,0.1,300.0,300.0,4,3,80.0,240.0,"[80, 160, 240]",0.8713184771469268,0.9059309964406864,0.7407407407407407,0.845,17.0,0.17,0.3337356150150299,0.2510764002799988,36430.99609375,34375.08984375,2055.90625,35991.453125,1.0988563299179075,0.855456322999089,0.1194267819992092,0.7337056569995184,0.0026495799993426,0.0017730199997458,0.0024456855233317,453.26171875,ok,False,,,,,,,outputs_revision/sensitivity_synth/beta_mult/runs.csv,beta_mult,2.0,1.0,True
sens_synth__synthetic_n200_d100_fixedseed3101__beta_mult__seed5__divi,run_divi_sensitivity_synth.py,2026-03-25T09:21:40Z,unknown,x86_64,cpu,x86_64,synthetic,synthetic_n200_d100_fixedseed3101,sens_beta_mult,200,100,3,0.1,0.9,3.0,3101.0,5,divi,1.0,divi,400.0,2.0,80.0,auto_entropy,141.89385332046726,1.0,0.01,1.0,0.1,300.0,300.0,4,3,80.0,240.0,"[80, 160, 240]",0.8728032139844207,0.9066127929577492,0.7407407407407407,0.855,17.0,0.17,0.336942583322525,0.2584663033485412,36438.4609375,34430.36328125,2008.09765625,35950.4140625,1.2201155424118042,0.8385793199995533,0.1285063590003119,0.7078913149998698,0.0025755770020623,0.001638837999053,0.0023596377166662,453.26953125,ok,False,,,,,,,outputs_revision/sensitivity_synth/beta_mult/runs.csv,beta_mult,2.0,1.0,True
sens_synth__synthetic_n200_d100_fixedseed3101__beta_mult__seed6__divi,run_divi_sensitivity_synth.py,2026-03-25T09:21:41Z,unknown,x86_64,cpu,x86_64,synthetic,synthetic_n200_d100_fixedseed3101,sens_beta_mult,200,100,3,0.1,0.9,3.0,3101.0,6,divi,1.0,divi,400.0,2.0,80.0,auto_entropy,141.89385332046726,1.0,0.01,1.0,0.1,300.0,300.0,4,3,80.0,240.0,"[80, 160, 240]",0.8709470684613785,0.9057611001961952,0.7142857142857143,0.84,18.0,0.18,0.3332598209381103,0.2511618435382843,36439.1875,34678.6484375,1760.5390625,36005.44921875,1.0843485593795776,0.8415719810000155,0.1146347659996536,0.7244933649999439,0.0024781090014585,0.001896380999824,0.0024149778833331,453.26953125,ok,False,,,,,,,outputs_revision/sensitivity_synth/beta_mult/runs.csv,beta_mult,2.0,1.0,True
sens_synth__synthetic_n200_d100_fixedseed3101__beta_mult__seed7__divi,run_divi_sensitivity_synth.py,2026-03-25T09:21:41Z,unknown,x86_64,cpu,x86_64,synthetic,synthetic_n200_d100_fixedseed3101,sens_beta_mult,200,100,3,0.1,0.9,3.0,3101.0,7,divi,1.0,divi,400.0,2.0,80.0,auto_entropy,141.89385332046726,1.0,0.01,1.0,0.1,300.0,300.0,4,3,80.0,240.0,"[80, 160, 240]",0.8708232455998861,0.905704516970206,0.7142857142857143,0.835,18.0,0.18,0.3370924293994903,0.2553970217704773,36449.21875,34777.7734375,1671.4453125,35950.25,1.2474238872528076,0.8108060160011519,0.1175638669992622,0.6911255920003896,0.0025911030006682,0.0015210139990813,0.0023037519733346,453.27734375,ok,False,,,,,,,outputs_revision/sensitivity_synth/beta_mult/runs.csv,beta_mult,2.0,1.0,True
sens_synth__synthetic_n200_d100_fixedseed3101__beta_mult__seed8__divi,run_divi_sensitivity_synth.py,2026-03-25T09:21:42Z,unknown,x86_64,cpu,x86_64,synthetic,synthetic_n200_d100_fixedseed3101,sens_beta_mult,200,100,3,0.1,0.9,3.0,3101.0,8,divi,1.0,divi,400.0,2.0,80.0,auto_entropy,141.89385332046726,1.0,0.01,1.0,0.1,300.0,300.0,4,3,80.0,240.0,"[80, 160, 240]",0.8787278312572997,0.9093762115748876,0.7407407407407407,0.875,17.0,0.17,0.3365764319896698,0.2759349942207336,36439.83984375,34201.0078125,2238.83203125,35960.14453125,1.1992343664169312,0.8263996599998791,0.1147177889997692,0.7095101340000838,0.0022444179994636,0.0016347490000043,0.0023650337800002,453.27734375,ok,False,,,,,,,outputs_revision/sensitivity_synth/beta_mult/runs.csv,beta_mult,2.0,1.0,True
sens_synth__synthetic_n200_d100_fixedseed3101__beta_mult__seed9__divi,run_divi_sensitivity_synth.py,2026-03-25T09:21:43Z,unknown,x86_64,cpu,x86_64,synthetic,synthetic_n200_d100_fixedseed3101,sens_beta_mult,200,100,3,0.1,0.9,3.0,3101.0,9,divi,1.0,divi,400.0,2.0,80.0,auto_entropy,141.89385332046726,1.0,0.01,1.0,0.1,300.0,300.0,4,3,80.0,240.0,"[80, 160, 240]",0.8728032139844207,0.9066127929577492,0.7142857142857143,0.855,18.0,0.18,0.336230993270874,0.2615547180175781,36439.8125,34357.12890625,2082.68359375,35961.859375,1.1948848962783811,0.8220256000004156,0.1130678200006514,0.7065398199993069,0.0022774810004193,0.0018330000002606,0.002355132733331,453.28515625,ok,False,,,,,,,outputs_revision/sensitivity_synth/beta_mult/runs.csv,beta_mult,2.0,1.0,True
sens_synth__synthetic_n200_d100_fixedseed3101__beta_mult__seed0__divi,run_divi_sensitivity_synth.py,2026-03-25T09:21:44Z,unknown,x86_64,cpu,x86_64,synthetic,synthetic_n200_d100_fixedseed3101,sens_beta_mult,200,100,3,0.1,0.9,3.0,3101.0,0,divi,1.0,divi,800.0,4.0,80.0,auto_entropy,141.89385332046726,1.0,0.01,1.0,0.1,300.0,300.0,4,3,80.0,240.0,"[80, 160, 240]",0.8752745873288594,0.907757086966724,0.8,0.865,15.0,0.15,0.3069952726364136,0.2215674817562103,36599.6796875,34793.39453125,1806.28515625,36362.10546875,0.296969473361969,0.880842198001119,0.1333533969991549,0.7453637329999765,0.0023682360006205,0.0015682579996791,0.0024845457766665,453.2890625,ok,False,,,,,,,outputs_revision/sensitivity_synth/beta_mult/runs.csv,beta_mult,4.0,1.0,True
sens_synth__synthetic_n200_d100_fixedseed3101__beta_mult__seed1__divi,run_divi_sensitivity_synth.py,2026-03-25T09:21:45Z,unknown,x86_64,cpu,x86_64,synthetic,synthetic_n200_d100_fixedseed3101,sens_beta_mult,200,100,3,0.1,0.9,3.0,3101.0,1,divi,1.0,divi,800.0,4.0,80.0,auto_entropy,141.89385332046726,1.0,0.01,1.0,0.1,300.0,300.0,4,3,80.0,240.0,"[80, 160, 240]",0.8768788468816415,0.9085063091968448,0.7692307692307693,0.87,16.0,0.16,0.3064145743846893,0.2204342782497406,36597.953125,34682.8125,1915.140625,36366.91015625,0.2888043522834778,0.8323920099992392,0.1136331849993439,0.71663224599979,0.0026017589989351,0.0015575939996779,0.0023887741533326,453.2890625,ok,False,,,,,,,outputs_revision/sensitivity_synth/beta_mult/runs.csv,beta_mult,4.0,1.0,True
sens_synth__synthetic_n200_d100_fixedseed3101__beta_mult__seed2__divi,run_divi_sensitivity_synth.py,2026-03-25T09:21:46Z,unknown,x86_64,cpu,x86_64,synthetic,synthetic_n200_d100_fixedseed3101,sens_beta_mult,200,100,3,0.1,0.9,3.0,3101.0,2,divi,1.0,divi,800.0,4.0,80.0,auto_entropy,141.89385332046726,1.0,0.01,1.0,0.1,300.0,300.0,4,3,80.0,240.0,"[80, 160, 240]",0.8728032139844207,0.9066127929577492,0.7692307692307693,0.855,16.0,0.16,0.3061927855014801,0.2191979736089706,36584.7890625,34718.71875,1866.0703125,36361.203125,0.279481828212738,1.0669778379997297,0.1152527049998752,0.9486857230003808,0.0034832040000765,0.0024599080006737,0.0031622857433346,453.29296875,ok,False,,,,,,,outputs_revision/sensitivity_synth/beta_mult/runs.csv,beta_mult,4.0,1.0,True
sens_synth__synthetic_n200_d100_fixedseed3101__beta_mult__seed3__divi,run_divi_sensitivity_synth.py,2026-03-25T09:21:47Z,unknown,x86_64,cpu,x86_64,synthetic,synthetic_n200_d100_fixedseed3101,sens_beta_mult,200,100,3,0.1,0.9,3.0,3101.0,3,divi,1.0,divi,800.0,4.0,80.0,auto_entropy,141.89385332046726,1.0,0.01,1.0,0.1,300.0,300.0,4,3,80.0,240.0,"[80, 160, 240]",0.8713184771469268,0.9059309964406864,0.8,0.845,15.0,0.15,0.3068678081035614,0.2240575850009918,36586.609375,34530.3046875,2056.3046875,36354.859375,0.2896887958049774,1.2898166720005977,0.1733744100001786,1.112517135001326,0.0034103160014637,0.0032577550009591,0.0037083904500044,453.29296875,ok,False,,,,,,,outputs_revision/sensitivity_synth/beta_mult/runs.csv,beta_mult,4.0,1.0,True
sens_synth__synthetic_n200_d100_fixedseed3101__beta_mult__seed4__divi,run_divi_sensitivity_synth.py,2026-03-25T09:21:49Z,unknown,x86_64,cpu,x86_64,synthetic,synthetic_n200_d100_fixedseed3101,sens_beta_mult,200,100,3,0.1,0.9,3.0,3101.0,4,divi,1.0,divi,800.0,4.0,80.0,auto_entropy,141.89385332046726,1.0,0.01,1.0,0.1,300.0,300.0,4,3,80.0,240.0,"[80, 160, 240]",0.8709470684613785,0.9057611001961952,0.7692307692307693,0.84,16.0,0.16,0.3049662709236145,0.2166727781295776,36581.21484375,34528.33984375,2052.875,36376.73046875,0.2556046545505523,1.2881692509999991,0.2151334789996326,1.0705012250000436,0.0031693130022176,0.001784267999028,0.0035683374166668,453.30078125,ok,False,,,,,,,outputs_revision/sensitivity_synth/beta_mult/runs.csv,beta_mult,4.0,1.0,True
sens_synth__synthetic_n200_d100_fixedseed3101__beta_mult__seed5__divi,run_divi_sensitivity_synth.py,2026-03-25T09:21:49Z,unknown,x86_64,cpu,x86_64,synthetic,synthetic_n200_d100_fixedseed3101,sens_beta_mult,200,100,3,0.1,0.9,3.0,3101.0,5,divi,1.0,divi,800.0,4.0,80.0,auto_entropy,141.89385332046726,1.0,0.01,1.0,0.1,300.0,300.0,4,3,80.0,240.0,"[80, 160, 240]",0.8719372920321685,0.9062146470278732,0.7692307692307693,0.85,16.0,0.16,0.3071483671665191,0.2225986570119857,36588.78515625,34794.8671875,1793.91796875,36349.6171875,0.2989588379859924,0.9311986650009204,0.1246300180009711,0.8033014739994542,0.0030466449989035,0.0026544229986029,0.0026776715799981,453.30078125,ok,False,,,,,,,outputs_revision/sensitivity_synth/beta_mult/runs.csv,beta_mult,4.0,1.0,True
sens_synth__synthetic_n200_d100_fixedseed3101__beta_mult__seed6__divi,run_divi_sensitivity_synth.py,2026-03-25T09:21:50Z,unknown,x86_64,cpu,x86_64,synthetic,synthetic_n200_d100_fixedseed3101,sens_beta_mult,200,100,3,0.1,0.9,3.0,3101.0,6,divi,1.0,divi,800.0,4.0,80.0,auto_entropy,141.89385332046726,1.0,0.01,1.0,0.1,300.0,300.0,4,3,80.0,240.0,"[80, 160, 240]",0.8709470684613785,0.9057611001961952,0.7692307692307693,0.84,16.0,0.16,0.3055794835090637,0.2203976660966873,36587.1484375,35040.00390625,1547.14453125,36376.140625,0.2637617886066437,0.9984850799992272,0.1277638169995043,0.868050620001668,0.0029172300000936,0.0018137080005544,0.0028935020666722,453.3046875,ok,False,,,,,,,outputs_revision/sensitivity_synth/beta_mult/runs.csv,beta_mult,4.0,1.0,True
sens_synth__synthetic_n200_d100_fixedseed3101__beta_mult__seed7__divi,run_divi_sensitivity_synth.py,2026-03-25T09:21:51Z,unknown,x86_64,cpu,x86_64,synthetic,synthetic_n200_d100_fixedseed3101,sens_beta_mult,200,100,3,0.1,0.9,3.0,3101.0,7,divi,1.0,divi,800.0,4.0,80.0,auto_entropy,141.89385332046726,1.0,0.01,1.0,0.1,300.0,300.0,4,3,80.0,240.0,"[80, 160, 240]",0.8709470684613785,0.9057611001961952,0.7692307692307693,0.84,16.0,0.16,0.30709969997406,0.2182078659534454,36597.80078125,35066.30859375,1531.4921875,36354.4453125,0.3041934669017792,0.9211569290000624,0.1519110810004349,0.7669151640002383,0.0024688280027476,0.0017136909991677,0.0025563838800007,453.3046875,ok,False,,,,,,,outputs_revision/sensitivity_synth/beta_mult/runs.csv,beta_mult,4.0,1.0,True
sens_synth__synthetic_n200_d100_fixedseed3101__beta_mult__seed8__divi,run_divi_sensitivity_synth.py,2026-03-25T09:21:52Z,unknown,x86_64,cpu,x86_64,synthetic,synthetic_n200_d100_fixedseed3101,sens_beta_mult,200,100,3,0.1,0.9,3.0,3101.0,8,divi,1.0,divi,800.0,4.0,80.0,auto_entropy,141.89385332046726,1.0,0.01,1.0,0.1,300.0,300.0,4,3,80.0,240.0,"[80, 160, 240]",0.880820652049919,0.9103692378616044,0.7692307692307693,0.88,16.0,0.16,0.3066996335983276,0.2286715805530548,36595.1796875,34549.671875,2045.5078125,36361.1015625,0.2925977110862732,0.8574180329997034,0.119267187999867,0.7356760610000492,0.0022147150011733,0.0019375169995328,0.0024522535366668,453.3125,ok,False,,,,,,,outputs_revision/sensitivity_synth/beta_mult/runs.csv,beta_mult,4.0,1.0,True
sens_synth__synthetic_n200_d100_fixedseed3101__beta_mult__seed9__divi,run_divi_sensitivity_synth.py,2026-03-25T09:21:53Z,unknown,x86_64,cpu,x86_64,synthetic,synthetic_n200_d100_fixedseed3101,sens_beta_mult,200,100,3,0.1,0.9,3.0,3101.0,9,divi,1.0,divi,800.0,4.0,80.0,auto_entropy,141.89385332046726,1.0,0.01,1.0,0.1,300.0,300.0,4,3,80.0,240.0,"[80, 160, 240]",0.8719372920321685,0.9062146470278732,0.8,0.85,15.0,0.15,0.3068349361419678,0.2238315939903259,36588.47265625,34616.73046875,1971.7421875,36354.29296875,0.2927247285842895,0.9011828239999886,0.1176676220002264,0.7808568740001647,0.0027164090006408,0.0020655459993577,0.0026028562466672,453.3125,ok,False,,,,,,,outputs_revision/sensitivity_synth/beta_mult/runs.csv,beta_mult,4.0,1.0,True
sens_synth__synthetic_n1000_d100_fixedseed3102__beta_mult__seed0__divi,run_divi_sensitivity_synth.py,2026-03-25T09:21:56Z,unknown,x86_64,cpu,x86_64,synthetic,synthetic_n1000_d100_fixedseed3102,sens_beta_mult,1000,100,3,0.1,0.9,3.0,3102.0,0,divi,1.0,divi,250.0,0.25,80.0,auto_entropy,141.89385332046726,1.0,0.01,1.0,0.1,300.0,300.0,4,3,80.0,240.0,"[80, 160, 240]",0.8944497380545315,0.916917141934244,0.5405405405405406,0.905,27.0,0.27,0.4288497567176819,0.3785460293292999,180128.546875,169115.890625,11012.65625,174138.765625,23.959138870239254,2.3336515660012083,0.1468603770008485,2.1790722599998844,0.0062921690023358,0.0070468400008394,0.0072635741999996,468.68359375,ok,False,,,,,,,outputs_revision/sensitivity_synth/beta_mult/runs.csv,beta_mult,0.25,1.0,True
sens_synth__synthetic_n1000_d100_fixedseed3102__beta_mult__seed1__divi,run_divi_sensitivity_synth.py,2026-03-25T09:21:58Z,unknown,x86_64,cpu,x86_64,synthetic,synthetic_n1000_d100_fixedseed3102,sens_beta_mult,1000,100,3,0.1,0.9,3.0,3102.0,1,divi,1.0,divi,250.0,0.25,80.0,auto_entropy,141.89385332046726,1.0,0.01,1.0,0.1,300.0,300.0,4,3,80.0,240.0,"[80, 160, 240]",0.8792377085595235,0.9094459067254036,0.5263157894736842,0.878,28.0,0.28,0.4305542707443237,0.3818066716194153,180092.359375,169706.03125,10386.328125,174025.25,24.268442153930664,2.290957380000691,0.1632601680012158,2.120347803000186,0.0062103779982862,0.0064532140004303,0.0070678260100006,463.22265625,ok,False,,,,,,,outputs_revision/sensitivity_synth/beta_mult/runs.csv,beta_mult,0.25,1.0,True
sens_synth__synthetic_n1000_d100_fixedseed3102__beta_mult__seed2__divi,run_divi_sensitivity_synth.py,2026-03-25T09:22:01Z,unknown,x86_64,cpu,x86_64,synthetic,synthetic_n1000_d100_fixedseed3102,sens_beta_mult,1000,100,3,0.1,0.9,3.0,3102.0,2,divi,1.0,divi,250.0,0.25,80.0,auto_entropy,141.89385332046726,1.0,0.01,1.0,0.1,300.0,300.0,4,3,80.0,240.0,"[80, 160, 240]",0.871408677445161,0.9057904437620784,0.4878048780487805,0.853,31.0,0.31,0.4301295876502991,0.3972452580928802,180080.84375,169803.828125,10277.015625,174030.53125,24.20124244689941,3.0874243950001983,0.1485556269999506,2.9298420890008856,0.0061133149993111,0.0082983709999098,0.0097661402966696,458.38671875,ok,False,,,,,,,outputs_revision/sensitivity_synth/beta_mult/runs.csv,beta_mult,0.25,1.0,True
sens_synth__synthetic_n1000_d100_fixedseed3102__beta_mult__seed3__divi,run_divi_sensitivity_synth.py,2026-03-25T09:22:03Z,unknown,x86_64,cpu,x86_64,synthetic,synthetic_n1000_d100_fixedseed3102,sens_beta_mult,1000,100,3,0.1,0.9,3.0,3102.0,3,divi,1.0,divi,250.0,0.25,80.0,auto_entropy,141.89385332046726,1.0,0.01,1.0,0.1,300.0,300.0,4,3,80.0,240.0,"[80, 160, 240]",0.8698184951921494,0.9050624835845652,0.5128205128205128,0.841,29.0,0.29,0.4289883077144623,0.3790850043296814,180106.8125,165854.6875,14252.125,174123.59375,23.93284797668457,2.386921376999453,0.1812543990017729,2.198337604999324,0.0051961199987999,0.0065335729996149,0.0073277920166644,462.20703125,ok,False,,,,,,,outputs_revision/sensitivity_synth/beta_mult/runs.csv,beta_mult,0.25,1.0,True
sens_synth__synthetic_n1000_d100_fixedseed3102__beta_mult__seed4__divi,run_divi_sensitivity_synth.py,2026-03-25T09:22:06Z,unknown,x86_64,cpu,x86_64,synthetic,synthetic_n1000_d100_fixedseed3102,sens_beta_mult,1000,100,3,0.1,0.9,3.0,3102.0,4,divi,1.0,divi,250.0,0.25,80.0,auto_entropy,141.89385332046726,1.0,0.01,1.0,0.1,300.0,300.0,4,3,80.0,240.0,"[80, 160, 240]",0.8703094652837517,0.9052867334965388,0.5263157894736842,0.846,28.0,0.28,0.4300646483898163,0.3948413729667663,180110.125,169927.09375,10183.03125,174056.75,24.21347427368164,2.448375224999836,0.1516581689993472,2.2862023639991094,0.0063293349994637,0.0097556010005064,0.0076206745466636,451.14453125,ok,False,,,,,,,outputs_revision/sensitivity_synth/beta_mult/runs.csv,beta_mult,0.25,1.0,True
sens_synth__synthetic_n1000_d100_fixedseed3102__beta_mult__seed5__divi,run_divi_sensitivity_synth.py,2026-03-25T09:22:08Z,unknown,x86_64,cpu,x86_64,synthetic,synthetic_n1000_d100_fixedseed3102,sens_beta_mult,1000,100,3,0.1,0.9,3.0,3102.0,5,divi,1.0,divi,250.0,0.25,80.0,auto_entropy,141.89385332046726,1.0,0.01,1.0,0.1,300.0,300.0,4,3,80.0,240.0,"[80, 160, 240]",0.8705745248526675,0.9054079873788928,0.5405405405405406,0.848,27.0,0.27,0.4300621151924133,0.3885135650634765,180096.859375,170306.65625,9790.203125,174050.625,24.18495178222656,2.367066734999753,0.1515785559986397,2.2082236139995075,0.0059667750010703,0.0064891500005614,0.0073607453799983,473.15234375,ok,False,,,,,,,outputs_revision/sensitivity_synth/beta_mult/runs.csv,beta_mult,0.25,1.0,True
sens_synth__synthetic_n1000_d100_fixedseed3102__beta_mult__seed6__divi,run_divi_sensitivity_synth.py,2026-03-25T09:22:10Z,unknown,x86_64,cpu,x86_64,synthetic,synthetic_n1000_d100_fixedseed3102,sens_beta_mult,1000,100,3,0.1,0.9,3.0,3102.0,6,divi,1.0,divi,250.0,0.25,80.0,auto_entropy,141.89385332046726,1.0,0.01,1.0,0.1,300.0,300.0,4,3,80.0,240.0,"[80, 160, 240]",0.8805842404547156,0.9100870088897038,0.5263157894736842,0.881,28.0,0.28,0.4280188679695129,0.374120831489563,180155.921875,171140.40625,9015.515625,174191.84375,23.856306076049805,2.240707300999929,0.1648481809988879,2.0689207239993266,0.0059742130033555,0.0061826999990444,0.006896402413331,462.9765625,ok,False,,,,,,,outputs_revision/sensitivity_synth/beta_mult/runs.csv,beta_mult,0.25,1.0,True
sens_synth__synthetic_n1000_d100_fixedseed3102__beta_mult__seed7__divi,run_divi_sensitivity_synth.py,2026-03-25T09:22:13Z,unknown,x86_64,cpu,x86_64,synthetic,synthetic_n1000_d100_fixedseed3102,sens_beta_mult,1000,100,3,0.1,0.9,3.0,3102.0,7,divi,1.0,divi,250.0,0.25,80.0,auto_entropy,141.89385332046726,1.0,0.01,1.0,0.1,300.0,300.0,4,3,80.0,240.0,"[80, 160, 240]",0.8697497470393901,0.905031119024344,0.5128205128205128,0.84,29.0,0.29,0.4293913543224334,0.3889365792274475,180116.4375,170374.765625,9741.671875,174086.84375,24.118358612060547,2.871454914000424,0.1512006490011117,2.706225018000623,0.0073499290010659,0.0131854850005765,0.009020750060002,453.8203125,ok,False,,,,,,,outputs_revision/sensitivity_synth/beta_mult/runs.csv,beta_mult,0.25,1.0,True
sens_synth__synthetic_n1000_d100_fixedseed3102__beta_mult__seed8__divi,run_divi_sensitivity_synth.py,2026-03-25T09:22:16Z,unknown,x86_64,cpu,x86_64,synthetic,synthetic_n1000_d100_fixedseed3102,sens_beta_mult,1000,100,3,0.1,0.9,3.0,3102.0,8,divi,1.0,divi,250.0,0.25,80.0,auto_entropy,141.89385332046726,1.0,0.01,1.0,0.1,300.0,300.0,4,3,80.0,240.0,"[80, 160, 240]",0.8697497470393901,0.905031119024344,0.5128205128205128,0.84,29.0,0.29,0.4309864044189453,0.408104807138443,180083.953125,168603.5,11480.453125,174004.578125,24.3175048828125,2.3648233099993377,0.2416699400000652,2.1154253849999805,0.0059524450007302,0.0067793100006383,0.0070514179499999,460.1875,ok,False,,,,,,,outputs_revision/sensitivity_synth/beta_mult/runs.csv,beta_mult,0.25,1.0,True
sens_synth__synthetic_n1000_d100_fixedseed3102__beta_mult__seed9__divi,run_divi_sensitivity_synth.py,2026-03-25T09:22:18Z,unknown,x86_64,cpu,x86_64,synthetic,synthetic_n1000_d100_fixedseed3102,sens_beta_mult,1000,100,3,0.1,0.9,3.0,3102.0,9,divi,1.0,divi,250.0,0.25,80.0,auto_entropy,141.89385332046726,1.0,0.01,1.0,0.1,300.0,300.0,4,3,80.0,240.0,"[80, 160, 240]",0.883536667775874,0.911505942957741,0.5,0.887,30.0,0.3,0.4296529293060303,0.3980305790901184,180119.265625,167104.53125,13014.734375,174085.640625,24.134502410888672,2.188516627998979,0.1468160879994684,2.035205795000365,0.0055273360012506,0.0057812180002656,0.0067840193166678,469.34765625,ok,False,,,,,,,outputs_revision/sensitivity_synth/beta_mult/runs.csv,beta_mult,0.25,1.0,True
sens_synth__synthetic_n1000_d100_fixedseed3102__beta_mult__seed0__divi,run_divi_sensitivity_synth.py,2026-03-25T09:22:20Z,unknown,x86_64,cpu,x86_64,synthetic,synthetic_n1000_d100_fixedseed3102,sens_beta_mult,1000,100,3,0.1,0.9,3.0,3102.0,0,divi,1.0,divi,500.0,0.5,80.0,auto_entropy,141.89385332046726,1.0,0.01,1.0,0.1,300.0,300.0,4,3,80.0,240.0,"[80, 160, 240]",0.9002772499333923,0.919921788208808,0.8333333333333334,0.913,14.0,0.14,0.3443132042884826,0.2861973941326141,185345.828125,176019.890625,9325.9375,179695.625,11.30040454864502,2.368513196001004,0.1533763369989174,2.2052450649989623,0.0055708220006636,0.009109239999816,0.0073508168833298,465.27734375,ok,False,,,,,,,outputs_revision/sensitivity_synth/beta_mult/runs.csv,beta_mult,0.5,1.0,True
sens_synth__synthetic_n1000_d100_fixedseed3102__beta_mult__seed1__divi,run_divi_sensitivity_synth.py,2026-03-25T09:22:23Z,unknown,x86_64,cpu,x86_64,synthetic,synthetic_n1000_d100_fixedseed3102,sens_beta_mult,1000,100,3,0.1,0.9,3.0,3102.0,1,divi,1.0,divi,500.0,0.5,80.0,auto_entropy,141.89385332046726,1.0,0.01,1.0,0.1,300.0,300.0,4,3,80.0,240.0,"[80, 160, 240]",0.8845973904454957,0.9120202475420424,0.7692307692307693,0.889,16.0,0.16,0.344028502702713,0.2719057202339172,185370.96875,175143.28125,10227.6875,179711.359375,11.319220542907717,2.564803684999788,0.1502754879984422,2.403243017999557,0.0059501390023797,0.0105226199993921,0.0080108100599985,466.046875,ok,False,,,,,,,outputs_revision/sensitivity_synth/beta_mult/runs.csv,beta_mult,0.5,1.0,True
sens_synth__synthetic_n1000_d100_fixedseed3102__beta_mult__seed2__divi,run_divi_sensitivity_synth.py,2026-03-25T09:22:26Z,unknown,x86_64,cpu,x86_64,synthetic,synthetic_n1000_d100_fixedseed3102,sens_beta_mult,1000,100,3,0.1,0.9,3.0,3102.0,2,divi,1.0,divi,500.0,0.5,80.0,auto_entropy,141.89385332046726,1.0,0.01,1.0,0.1,300.0,300.0,4,3,80.0,240.0,"[80, 160, 240]",0.8708787969324527,0.9055473426801351,0.8333333333333334,0.85,14.0,0.14,0.3456381857395172,0.2747098803520202,185365.4375,176420.84375,8944.59375,179585.75,11.55936050415039,3.1422026740001456,0.2017739759994583,2.929830776000017,0.0080018600001494,0.0097623950005072,0.0097661025866667,466.80859375,ok,False,,,,,,,outputs_revision/sensitivity_synth/beta_mult/runs.csv,beta_mult,0.5,1.0,True
sens_synth__synthetic_n1000_d100_fixedseed3102__beta_mult__seed3__divi,run_divi_sensitivity_synth.py,2026-03-25T09:22:28Z,unknown,x86_64,cpu,x86_64,synthetic,synthetic_n1000_d100_fixedseed3102,sens_beta_mult,1000,100,3,0.1,0.9,3.0,3102.0,3,divi,1.0,divi,500.0,0.5,80.0,auto_entropy,141.89385332046726,1.0,0.01,1.0,0.1,300.0,300.0,4,3,80.0,240.0,"[80, 160, 240]",0.8703094652837517,0.9052867334965388,0.8695652173913043,0.846,13.0,0.13,0.3429659605026245,0.2672677636146545,185378.421875,171951.046875,13427.375,179781.515625,11.193821907043455,2.4148560499997984,0.260706263999964,2.1477512859983108,0.005773244998636,0.0053433739994943,0.0071591709533277,465.5390625,ok,False,,,,,,,outputs_revision/sensitivity_synth/beta_mult/runs.csv,beta_mult,0.5,1.0,True
sens_synth__synthetic_n1000_d100_fixedseed3102__beta_mult__seed4__divi,run_divi_sensitivity_synth.py,2026-03-25T09:22:31Z,unknown,x86_64,cpu,x86_64,synthetic,synthetic_n1000_d100_fixedseed3102,sens_beta_mult,1000,100,3,0.1,0.9,3.0,3102.0,4,divi,1.0,divi,500.0,0.5,80.0,auto_entropy,141.89385332046726,1.0,0.01,1.0,0.1,300.0,300.0,4,3,80.0,240.0,"[80, 160, 240]",0.8703094652837517,0.9052867334965388,0.8,0.846,15.0,0.15,0.3431800603866577,0.2764397859573364,185379.484375,175188.53125,10190.953125,179767.53125,11.223920822143556,2.364758501000324,0.1497972310007753,2.207914697999513,0.0061511599978985,0.0062953310007287,0.0073597156599983,472.53125,ok,False,,,,,,,outputs_revision/sensitivity_synth/beta_mult/runs.csv,beta_mult,0.5,1.0,True
sens_synth__synthetic_n1000_d100_fixedseed3102__beta_mult__seed5__divi,run_divi_sensitivity_synth.py,2026-03-25T09:22:33Z,unknown,x86_64,cpu,x86_64,synthetic,synthetic_n1000_d100_fixedseed3102,sens_beta_mult,1000,100,3,0.1,0.9,3.0,3102.0,5,divi,1.0,divi,500.0,0.5,80.0,auto_entropy,141.89385332046726,1.0,0.01,1.0,0.1,300.0,300.0,4,3,80.0,240.0,"[80, 160, 240]",0.8708787969324527,0.9055473426801351,0.8,0.85,15.0,0.15,0.3444221615791321,0.2744386792182922,185372.71875,176037.4375,9335.28125,179681.15625,11.383111000061035,2.6208305019990803,0.181480276000002,2.4306666429984034,0.0057547739979781,0.0078907949991844,0.008102222143328,473.5546875,ok,False,,,,,,,outputs_revision/sensitivity_synth/beta_mult/runs.csv,beta_mult,0.5,1.0,True
sens_synth__synthetic_n1000_d100_fixedseed3102__beta_mult__seed6__divi,run_divi_sensitivity_synth.py,2026-03-25T09:22:36Z,unknown,x86_64,cpu,x86_64,synthetic,synthetic_n1000_d100_fixedseed3102,sens_beta_mult,1000,100,3,0.1,0.9,3.0,3102.0,6,divi,1.0,divi,500.0,0.5,80.0,auto_entropy,141.89385332046726,1.0,0.01,1.0,0.1,300.0,300.0,4,3,80.0,240.0,"[80, 160, 240]",0.8805842404547156,0.9100870088897038,0.8333333333333334,0.881,14.0,0.14,0.3432208299636841,0.2767914533615112,185373.421875,176276.75,9096.671875,179767.234375,11.21238136291504,2.195507608999833,0.1597664359996997,2.0287315400000807,0.0056628970014571,0.0061268970002856,0.0067624384666669,467.1953125,ok,False,,,,,,,outputs_revision/sensitivity_synth/beta_mult/runs.csv,beta_mult,0.5,1.0,True
sens_synth__synthetic_n1000_d100_fixedseed3102__beta_mult__seed7__divi,run_divi_sensitivity_synth.py,2026-03-25T09:22:38Z,unknown,x86_64,cpu,x86_64,synthetic,synthetic_n1000_d100_fixedseed3102,sens_beta_mult,1000,100,3,0.1,0.9,3.0,3102.0,7,divi,1.0,divi,500.0,0.5,80.0,auto_entropy,141.89385332046726,1.0,0.01,1.0,0.1,300.0,300.0,4,3,80.0,240.0,"[80, 160, 240]",0.8700836382453218,0.9051835311333336,0.8333333333333334,0.844,14.0,0.14,0.3427613973617553,0.2808624505996704,185382.25,176304.125,9078.125,179781.5,11.201513290405272,2.821078150000176,0.1637091319989849,2.6472724530012783,0.0081063420002465,0.0093085389999032,0.0088242415100042,457.1484375,ok,False,,,,,,,outputs_revision/sensitivity_synth/beta_mult/runs.csv,beta_mult,0.5,1.0,True
sens_synth__synthetic_n1000_d100_fixedseed3102__beta_mult__seed8__divi,run_divi_sensitivity_synth.py,2026-03-25T09:22:41Z,unknown,x86_64,cpu,x86_64,synthetic,synthetic_n1000_d100_fixedseed3102,sens_beta_mult,1000,100,3,0.1,0.9,3.0,3102.0,8,divi,1.0,divi,500.0,0.5,80.0,auto_entropy,141.89385332046726,1.0,0.01,1.0,0.1,300.0,300.0,4,3,80.0,240.0,"[80, 160, 240]",0.8698970607978391,0.9050983379362258,0.8695652173913043,0.842,13.0,0.13,0.3438474535942077,0.279967188835144,185370.640625,176467.75,8902.890625,179730.984375,11.279311180114746,2.720086863000688,0.2600058699990768,2.452521743000034,0.0066211440007464,0.0065127120014949,0.0081750724766667,467.57421875,ok,False,,,,,,,outputs_revision/sensitivity_synth/beta_mult/runs.csv,beta_mult,0.5,1.0,True
sens_synth__synthetic_n1000_d100_fixedseed3102__beta_mult__seed9__divi,run_divi_sensitivity_synth.py,2026-03-25T09:22:44Z,unknown,x86_64,cpu,x86_64,synthetic,synthetic_n1000_d100_fixedseed3102,sens_beta_mult,1000,100,3,0.1,0.9,3.0,3102.0,9,divi,1.0,divi,500.0,0.5,80.0,auto_entropy,141.89385332046726,1.0,0.01,1.0,0.1,300.0,300.0,4,3,80.0,240.0,"[80, 160, 240]",0.8830206415011952,0.9112566126739182,0.8333333333333334,0.886,14.0,0.14,0.3404835164546966,0.2665538191795349,185418.90625,173540.96875,11877.9375,179945.625,10.946552276611328,2.6515029140009574,0.1645337709996965,2.4793370770003094,0.0066584739997779,0.0067196859999967,0.0082644569233343,462.23828125,ok,False,,,,,,,outputs_revision/sensitivity_synth/beta_mult/runs.csv,beta_mult,0.5,1.0,True
sens_synth__synthetic_n1000_d100_fixedseed3102__beta_mult__seed0__divi,run_divi_sensitivity_synth.py,2026-03-25T09:22:46Z,unknown,x86_64,cpu,x86_64,synthetic,synthetic_n1000_d100_fixedseed3102,sens_beta_mult,1000,100,3,0.1,0.9,3.0,3102.0,0,divi,1.0,divi,1000.0,1.0,80.0,auto_entropy,141.89385332046726,1.0,0.01,1.0,0.1,300.0,300.0,4,3,80.0,240.0,"[80, 160, 240]",0.9050367640593462,0.9224401943462928,1.0,0.919,10.0,0.1,0.261843740940094,0.1868165135383606,188118.390625,181730.328125,6388.0625,185113.75,3.004643440246582,2.551227406998805,0.1718477920003351,2.371577832000185,0.0056655589996807,0.0070427909995487,0.0079052594400006,462.87890625,ok,False,,,,,,,outputs_revision/sensitivity_synth/beta_mult/runs.csv,beta_mult,1.0,1.0,True
sens_synth__synthetic_n1000_d100_fixedseed3102__beta_mult__seed1__divi,run_divi_sensitivity_synth.py,2026-03-25T09:22:49Z,unknown,x86_64,cpu,x86_64,synthetic,synthetic_n1000_d100_fixedseed3102,sens_beta_mult,1000,100,3,0.1,0.9,3.0,3102.0,1,divi,1.0,divi,1000.0,1.0,80.0,auto_entropy,141.89385332046726,1.0,0.01,1.0,0.1,300.0,300.0,4,3,80.0,240.0,"[80, 160, 240]",0.8880081922989718,0.9136906351009464,1.0,0.895,10.0,0.1,0.2617155909538269,0.1800341010093689,188104.46875,179295.5625,8808.90625,185116.03125,2.9884297847747803,2.5176935409999714,0.1602070270000695,2.3465113500005828,0.0078397489996859,0.0102260059993568,0.0078217045000019,467.07421875,ok,False,,,,,,,outputs_revision/sensitivity_synth/beta_mult/runs.csv,beta_mult,1.0,1.0,True
sens_synth__synthetic_n1000_d100_fixedseed3102__beta_mult__seed2__divi,run_divi_sensitivity_synth.py,2026-03-25T09:22:52Z,unknown,x86_64,cpu,x86_64,synthetic,synthetic_n1000_d100_fixedseed3102,sens_beta_mult,1000,100,3,0.1,0.9,3.0,3102.0,2,divi,1.0,divi,1000.0,1.0,80.0,auto_entropy,141.89385332046726,1.0,0.01,1.0,0.1,300.0,300.0,4,3,80.0,240.0,"[80, 160, 240]",0.871408677445161,0.9057904437620784,1.0,0.853,10.0,0.1,0.2578036785125732,0.1772044450044632,188072.5625,179973.09375,8099.46875,185360.109375,2.712459087371826,2.7280247090002376,0.1679653689989209,2.551777105998553,0.0097203420009464,0.0074905769997712,0.0085059236866618,467.078125,ok,False,,,,,,,outputs_revision/sensitivity_synth/beta_mult/runs.csv,beta_mult,1.0,1.0,True
sens_synth__synthetic_n1000_d100_fixedseed3102__beta_mult__seed3__divi,run_divi_sensitivity_synth.py,2026-03-25T09:22:54Z,unknown,x86_64,cpu,x86_64,synthetic,synthetic_n1000_d100_fixedseed3102,sens_beta_mult,1000,100,3,0.1,0.9,3.0,3102.0,3,divi,1.0,divi,1000.0,1.0,80.0,auto_entropy,141.89385332046726,1.0,0.01,1.0,0.1,300.0,300.0,4,3,80.0,240.0,"[80, 160, 240]",0.8710456305995662,0.905623826041484,1.0,0.851,10.0,0.1,0.2571823596954345,0.1691636890172958,188104.953125,179621.640625,8483.3125,185419.75,2.6851956844329834,2.354135085000962,0.2340388929987966,2.112472995999269,0.0053583739991154,0.0066517969989945,0.0070415766533308,471.40234375,ok,False,,,,,,,outputs_revision/sensitivity_synth/beta_mult/runs.csv,beta_mult,1.0,1.0,True
sens_synth__synthetic_n1000_d100_fixedseed3102__beta_mult__seed4__divi,run_divi_sensitivity_synth.py,2026-03-25T09:22:56Z,unknown,x86_64,cpu,x86_64,synthetic,synthetic_n1000_d100_fixedseed3102,sens_beta_mult,1000,100,3,0.1,0.9,3.0,3102.0,4,divi,1.0,divi,1000.0,1.0,80.0,auto_entropy,141.89385332046726,1.0,0.01,1.0,0.1,300.0,300.0,4,3,80.0,240.0,"[80, 160, 240]",0.8696908176385139,0.90500424105296,1.0,0.839,10.0,0.1,0.2572711706161499,0.169757455587387,188090.921875,178831.546875,9259.375,185409.234375,2.681694507598877,2.1130285060007736,0.1531195759998809,1.9530921620007573,0.0052307419991848,0.0060389399986888,0.0065103072066691,469.11328125,ok,False,,,,,,,outputs_revision/sensitivity_synth/beta_mult/runs.csv,beta_mult,1.0,1.0,True
sens_synth__synthetic_n1000_d100_fixedseed3102__beta_mult__seed5__divi,run_divi_sensitivity_synth.py,2026-03-25T09:22:59Z,unknown,x86_64,cpu,x86_64,synthetic,synthetic_n1000_d100_fixedseed3102,sens_beta_mult,1000,100,3,0.1,0.9,3.0,3102.0,5,divi,1.0,divi,1000.0,1.0,80.0,auto_entropy,141.89385332046726,1.0,0.01,1.0,0.1,300.0,300.0,4,3,80.0,240.0,"[80, 160, 240]",0.8712222585481156,0.9057048569349366,1.0,0.852,10.0,0.1,0.2590311765670776,0.1766994893550872,188100.96875,180206.765625,7894.203125,185291.953125,2.809010505676269,2.524131199999829,0.1619604650004475,2.3516030169994337,0.00700770000185,0.0098111459992651,0.0078386767233314,462.12109375,ok,False,,,,,,,outputs_revision/sensitivity_synth/beta_mult/runs.csv,beta_mult,1.0,1.0,True
sens_synth__synthetic_n1000_d100_fixedseed3102__beta_mult__seed6__divi,run_divi_sensitivity_synth.py,2026-03-25T09:23:01Z,unknown,x86_64,cpu,x86_64,synthetic,synthetic_n1000_d100_fixedseed3102,sens_beta_mult,1000,100,3,0.1,0.9,3.0,3102.0,6,divi,1.0,divi,1000.0,1.0,80.0,auto_entropy,141.89385332046726,1.0,0.01,1.0,0.1,300.0,300.0,4,3,80.0,240.0,"[80, 160, 240]",0.8845973904454957,0.9120202475420424,1.0,0.889,10.0,0.1,0.2601928412914276,0.1774344146251678,188132.359375,180989.0625,7143.296875,185221.5625,2.910790205001831,2.5225548570015235,0.1539630699990084,2.360089133000656,0.0059708669996325,0.0077102089999243,0.0078669637766688,475.09765625,ok,False,,,,,,,outputs_revision/sensitivity_synth/beta_mult/runs.csv,beta_mult,1.0,1.0,True
sens_synth__synthetic_n1000_d100_fixedseed3102__beta_mult__seed7__divi,run_divi_sensitivity_synth.py,2026-03-25T09:23:04Z,unknown,x86_64,cpu,x86_64,synthetic,synthetic_n1000_d100_fixedseed3102,sens_beta_mult,1000,100,3,0.1,0.9,3.0,3102.0,7,divi,1.0,divi,1000.0,1.0,80.0,auto_entropy,141.89385332046726,1.0,0.01,1.0,0.1,300.0,300.0,4,3,80.0,240.0,"[80, 160, 240]",0.8701916465625515,0.9052328786980448,1.0,0.845,10.0,0.1,0.2592122852802276,0.181307315826416,188139.203125,180854.640625,7284.5625,185272.4375,2.866772413253784,2.700663703999453,0.1531220199995004,2.539535847001389,0.0068568700007745,0.0072290400003112,0.0084651194900046,471.7890625,ok,False,,,,,,,outputs_revision/sensitivity_synth/beta_mult/runs.csv,beta_mult,1.0,1.0,True
sens_synth__synthetic_n1000_d100_fixedseed3102__beta_mult__seed8__divi,run_divi_sensitivity_synth.py,2026-03-25T09:23:07Z,unknown,x86_64,cpu,x86_64,synthetic,synthetic_n1000_d100_fixedseed3102,sens_beta_mult,1000,100,3,0.1,0.9,3.0,3102.0,8,divi,1.0,divi,1000.0,1.0,80.0,auto_entropy,141.89385332046726,1.0,0.01,1.0,0.1,300.0,300.0,4,3,80.0,240.0,"[80, 160, 240]",0.8705745248526675,0.9054079873788928,1.0,0.848,10.0,0.1,0.259381890296936,0.1778667867183685,188104.6875,182211.25,5893.4375,185276.1875,2.82849383354187,2.794005526999172,0.2184008470012486,2.568759409999984,0.0063901129979058,0.0055757209993316,0.0085625313666666,472.42578125,ok,False,,,,,,,outputs_revision/sensitivity_synth/beta_mult/runs.csv,beta_mult,1.0,1.0,True
sens_synth__synthetic_n1000_d100_fixedseed3102__beta_mult__seed9__divi,run_divi_sensitivity_synth.py,2026-03-25T09:23:09Z,unknown,x86_64,cpu,x86_64,synthetic,synthetic_n1000_d100_fixedseed3102,sens_beta_mult,1000,100,3,0.1,0.9,3.0,3102.0,9,divi,1.0,divi,1000.0,1.0,80.0,auto_entropy,141.89385332046726,1.0,0.01,1.0,0.1,300.0,300.0,4,3,80.0,240.0,"[80, 160, 240]",0.8868332359052344,0.913112323275832,1.0,0.893,10.0,0.1,0.2592481672763824,0.184630662202835,188153.5625,178901.96875,9251.59375,185279.90625,2.8736491203308105,2.4974763879999955,0.1596832689992879,2.330665486999351,0.0058653239975683,0.006206474999999,0.0077688849566645,469.75390625,ok,False,,,,,,,outputs_revision/sensitivity_synth/beta_mult/runs.csv,beta_mult,1.0,1.0,True
sens_synth__synthetic_n1000_d100_fixedseed3102__beta_mult__seed0__divi,run_divi_sensitivity_synth.py,2026-03-25T09:23:12Z,unknown,x86_64,cpu,x86_64,synthetic,synthetic_n1000_d100_fixedseed3102,sens_beta_mult,1000,100,3,0.1,0.9,3.0,3102.0,0,divi,1.0,divi,2000.0,2.0,80.0,auto_entropy,141.89385332046726,1.0,0.01,1.0,0.1,300.0,300.0,4,3,80.0,240.0,"[80, 160, 240]",0.9002772499333923,0.919921788208808,1.0,0.913,10.0,0.1,0.2171639502048492,0.1357825994491577,189201.84375,182900.84375,6301.0,188048.984375,0.5764315724372864,2.2575874810008827,0.1463549090003653,2.1037787519999256,0.0053991550012142,0.0067365070008236,0.0070125958399997,468.9921875,ok,False,,,,,,,outputs_revision/sensitivity_synth/beta_mult/runs.csv,beta_mult,2.0,1.0,True
sens_synth__synthetic_n1000_d100_fixedseed3102__beta_mult__seed1__divi,run_divi_sensitivity_synth.py,2026-03-25T09:23:14Z,unknown,x86_64,cpu,x86_64,synthetic,synthetic_n1000_d100_fixedseed3102,sens_beta_mult,1000,100,3,0.1,0.9,3.0,3102.0,1,divi,1.0,divi,2000.0,2.0,80.0,auto_entropy,141.89385332046726,1.0,0.01,1.0,0.1,300.0,300.0,4,3,80.0,240.0,"[80, 160, 240]",0.8958507323737304,0.9176318392074624,1.0,0.907,10.0,0.1,0.2168044149875641,0.1339097917079925,189199.484375,180613.609375,8585.875,188064.078125,0.5677043199539185,2.4157406329995865,0.1502585559992439,2.258909295000194,0.006295360999502,0.0058331190011813,0.0075296976500006,468.734375,ok,False,,,,,,,outputs_revision/sensitivity_synth/beta_mult/runs.csv,beta_mult,2.0,1.0,True
sens_synth__synthetic_n1000_d100_fixedseed3102__beta_mult__seed2__divi,run_divi_sensitivity_synth.py,2026-03-25T09:23:17Z,unknown,x86_64,cpu,x86_64,synthetic,synthetic_n1000_d100_fixedseed3102,sens_beta_mult,1000,100,3,0.1,0.9,3.0,3102.0,2,divi,1.0,divi,2000.0,2.0,80.0,auto_entropy,141.89385332046726,1.0,0.01,1.0,0.1,300.0,300.0,4,3,80.0,240.0,"[80, 160, 240]",0.8716048837736232,0.9058805954152668,1.0,0.854,10.0,0.1,0.215404525399208,0.132898136973381,189170.9375,181893.6875,7277.25,188145.1875,0.5128788352012634,2.9294062469998607,0.1478159779999259,2.772327287000735,0.0094391549991996,0.0085599699996237,0.0092410909566691,466.83203125,ok,False,,,,,,,outputs_revision/sensitivity_synth/beta_mult/runs.csv,beta_mult,2.0,1.0,True
sens_synth__synthetic_n1000_d100_fixedseed3102__beta_mult__seed3__divi,run_divi_sensitivity_synth.py,2026-03-25T09:23:20Z,unknown,x86_64,cpu,x86_64,synthetic,synthetic_n1000_d100_fixedseed3102,sens_beta_mult,1000,100,3,0.1,0.9,3.0,3102.0,3,divi,1.0,divi,2000.0,2.0,80.0,auto_entropy,141.89385332046726,1.0,0.01,1.0,0.1,300.0,300.0,4,3,80.0,240.0,"[80, 160, 240]",0.8708787969324527,0.9055473426801351,1.0,0.85,10.0,0.1,0.2160026729106903,0.1268856674432754,189181.203125,181002.015625,8179.1875,188123.515625,0.52884441614151,2.6042069810009707,0.2362872470002912,2.358666121999704,0.005620367001029,0.0083516909999161,0.0078622204066656,461.74609375,ok,False,,,,,,,outputs_revision/sensitivity_synth/beta_mult/runs.csv,beta_mult,2.0,1.0,True
sens_synth__synthetic_n1000_d100_fixedseed3102__beta_mult__seed4__divi,run_divi_sensitivity_synth.py,2026-03-25T09:23:22Z,unknown,x86_64,cpu,x86_64,synthetic,synthetic_n1000_d100_fixedseed3102,sens_beta_mult,1000,100,3,0.1,0.9,3.0,3102.0,4,divi,1.0,divi,2000.0,2.0,80.0,auto_entropy,141.89385332046726,1.0,0.01,1.0,0.1,300.0,300.0,4,3,80.0,240.0,"[80, 160, 240]",0.8707217606954198,0.9054753989363094,1.0,0.849,10.0,0.1,0.2147400677204132,0.1294654607772827,189187.625,181734.96875,7452.65625,188201.484375,0.4930711686611175,2.4003407519994653,0.1503151139986585,2.2422605939991627,0.005646761999742,0.0069732930005557,0.0074742019799972,478.15234375,ok,False,,,,,,,outputs_revision/sensitivity_synth/beta_mult/runs.csv,beta_mult,2.0,1.0,True
sens_synth__synthetic_n1000_d100_fixedseed3102__beta_mult__seed5__divi,run_divi_sensitivity_synth.py,2026-03-25T09:23:24Z,unknown,x86_64,cpu,x86_64,synthetic,synthetic_n1000_d100_fixedseed3102,sens_beta_mult,1000,100,3,0.1,0.9,3.0,3102.0,5,divi,1.0,divi,2000.0,2.0,80.0,auto_entropy,141.89385332046726,1.0,0.01,1.0,0.1,300.0,300.0,4,3,80.0,240.0,"[80, 160, 240]",0.8703094652837517,0.9052867334965388,1.0,0.846,10.0,0.1,0.2162720263004303,0.1321691423654556,189180.6875,182002.359375,7178.328125,188101.71875,0.5394876003265381,2.3670290609989024,0.1452316760005487,2.214078047998555,0.0055812610007706,0.0070139649997145,0.0073802601599951,472.8125,ok,False,,,,,,,outputs_revision/sensitivity_synth/beta_mult/runs.csv,beta_mult,2.0,1.0,True
sens_synth__synthetic_n1000_d100_fixedseed3102__beta_mult__seed6__divi,run_divi_sensitivity_synth.py,2026-03-25T09:23:27Z,unknown,x86_64,cpu,x86_64,synthetic,synthetic_n1000_d100_fixedseed3102,sens_beta_mult,1000,100,3,0.1,0.9,3.0,3102.0,6,divi,1.0,divi,2000.0,2.0,80.0,auto_entropy,141.89385332046726,1.0,0.01,1.0,0.1,300.0,300.0,4,3,80.0,240.0,"[80, 160, 240]",0.8862600002033278,0.9128312882442232,1.0,0.892,10.0,0.1,0.2157741785049438,0.1323864758014679,189219.21875,182813.90625,6405.3125,188139.328125,0.5399429798126221,2.345601312999861,0.1509655979989475,2.186851811000452,0.0055768089987395,0.0070157879999896,0.0072895060366681,456.1484375,ok,False,,,,,,,outputs_revision/sensitivity_synth/beta_mult/runs.csv,beta_mult,2.0,1.0,True
sens_synth__synthetic_n1000_d100_fixedseed3102__beta_mult__seed7__divi,run_divi_sensitivity_synth.py,2026-03-25T09:23:29Z,unknown,x86_64,cpu,x86_64,synthetic,synthetic_n1000_d100_fixedseed3102,sens_beta_mult,1000,100,3,0.1,0.9,3.0,3102.0,7,divi,1.0,divi,2000.0,2.0,80.0,auto_entropy,141.89385332046726,1.0,0.01,1.0,0.1,300.0,300.0,4,3,80.0,240.0,"[80, 160, 240]",0.871408677445161,0.9057904437620784,1.0,0.853,10.0,0.1,0.2166973501443863,0.1332443058490753,189197.65625,183146.71875,6050.9375,188065.515625,0.5660732984542847,2.664570585000547,0.1776635219994204,2.4768773359992338,0.0072944719995575,0.0092250090001471,0.0082562577866641,461.75,ok,False,,,,,,,outputs_revision/sensitivity_synth/beta_mult/runs.csv,beta_mult,2.0,1.0,True
sens_synth__synthetic_n1000_d100_fixedseed3102__beta_mult__seed8__divi,run_divi_sensitivity_synth.py,2026-03-25T09:23:32Z,unknown,x86_64,cpu,x86_64,synthetic,synthetic_n1000_d100_fixedseed3102,sens_beta_mult,1000,100,3,0.1,0.9,3.0,3102.0,8,divi,1.0,divi,2000.0,2.0,80.0,auto_entropy,141.89385332046726,1.0,0.01,1.0,0.1,300.0,300.0,4,3,80.0,240.0,"[80, 160, 240]",0.8707217606954198,0.9054753989363094,1.0,0.849,10.0,0.1,0.2147600948810577,0.1301130354404449,189222.40625,184031.28125,5191.125,188203.875,0.5092661380767822,2.8447215510004757,0.2608941849994153,2.575091190999956,0.00657967799998,0.0076805250009783,0.0085836373033331,479.30078125,ok,False,,,,,,,outputs_revision/sensitivity_synth/beta_mult/runs.csv,beta_mult,2.0,1.0,True
sens_synth__synthetic_n1000_d100_fixedseed3102__beta_mult__seed9__divi,run_divi_sensitivity_synth.py,2026-03-25T09:23:34Z,unknown,x86_64,cpu,x86_64,synthetic,synthetic_n1000_d100_fixedseed3102,sens_beta_mult,1000,100,3,0.1,0.9,3.0,3102.0,9,divi,1.0,divi,2000.0,2.0,80.0,auto_entropy,141.89385332046726,1.0,0.01,1.0,0.1,300.0,300.0,4,3,80.0,240.0,"[80, 160, 240]",0.889841674406549,0.914599263448572,1.0,0.898,10.0,0.1,0.2165791094303131,0.1364615261554718,189224.671875,182667.515625,6557.15625,188081.046875,0.5718142986297607,2.2237510369996016,0.1539938839996466,2.0638221460012574,0.0064392929998575,0.0051687369996216,0.0068794071533375,462.89453125,ok,False,,,,,,,outputs_revision/sensitivity_synth/beta_mult/runs.csv,beta_mult,2.0,1.0,True
sens_synth__synthetic_n1000_d100_fixedseed3102__beta_mult__seed0__divi,run_divi_sensitivity_synth.py,2026-03-25T09:23:37Z,unknown,x86_64,cpu,x86_64,synthetic,synthetic_n1000_d100_fixedseed3102,sens_beta_mult,1000,100,3,0.1,0.9,3.0,3102.0,0,divi,1.0,divi,4000.0,4.0,80.0,auto_entropy,141.89385332046726,1.0,0.01,1.0,0.1,300.0,300.0,4,3,80.0,240.0,"[80, 160, 240]",0.8951455628445485,0.9172715133207004,1.0,0.906,10.0,0.1,0.2006182074546814,0.1155073493719101,189667.734375,183964.875,5702.859375,189134.5,0.1333084106445312,2.424560551000468,0.1519746919984754,2.2651334009988204,0.005483427999934,0.0065337329997419,0.007550444669996,463.01953125,ok,False,,,,,,,outputs_revision/sensitivity_synth/beta_mult/runs.csv,beta_mult,4.0,1.0,True
sens_synth__synthetic_n1000_d100_fixedseed3102__beta_mult__seed1__divi,run_divi_sensitivity_synth.py,2026-03-25T09:23:39Z,unknown,x86_64,cpu,x86_64,synthetic,synthetic_n1000_d100_fixedseed3102,sens_beta_mult,1000,100,3,0.1,0.9,3.0,3102.0,1,divi,1.0,divi,4000.0,4.0,80.0,auto_entropy,141.89385332046726,1.0,0.01,1.0,0.1,300.0,300.0,4,3,80.0,240.0,"[80, 160, 240]",0.9002772499333923,0.9199217882088078,1.0,0.913,10.0,0.1,0.1999468207359314,0.1172494441270828,189669.265625,181323.390625,8345.875,189170.25,0.1247557252645492,2.297210789998644,0.1493305130006774,2.1406002050007373,0.0062431110018223,0.0065289310005027,0.0071353340166691,473.3203125,ok,False,,,,,,,outputs_revision/sensitivity_synth/beta_mult/runs.csv,beta_mult,4.0,1.0,True
sens_synth__synthetic_n1000_d100_fixedseed3102__beta_mult__seed2__divi,run_divi_sensitivity_synth.py,2026-03-25T09:23:42Z,unknown,x86_64,cpu,x86_64,synthetic,synthetic_n1000_d100_fixedseed3102,sens_beta_mult,1000,100,3,0.1,0.9,3.0,3102.0,2,divi,1.0,divi,4000.0,4.0,80.0,auto_entropy,141.89385332046726,1.0,0.01,1.0,0.1,300.0,300.0,4,3,80.0,240.0,"[80, 160, 240]",0.8716048837736232,0.9058805954152668,1.0,0.854,10.0,0.1,0.1997409611940384,0.1140606999397277,189644.21875,182951.46875,6692.75,189174.375,0.1174623593688011,2.7353198759992665,0.15416148300028,2.572370628000499,0.0058830360012507,0.0078861840011086,0.0085745687600016,466.078125,ok,False,,,,,,,outputs_revision/sensitivity_synth/beta_mult/runs.csv,beta_mult,4.0,1.0,True
sens_synth__synthetic_n1000_d100_fixedseed3102__beta_mult__seed3__divi,run_divi_sensitivity_synth.py,2026-03-25T09:23:45Z,unknown,x86_64,cpu,x86_64,synthetic,synthetic_n1000_d100_fixedseed3102,sens_beta_mult,1000,100,3,0.1,0.9,3.0,3102.0,3,divi,1.0,divi,4000.0,4.0,80.0,auto_entropy,141.89385332046726,1.0,0.01,1.0,0.1,300.0,300.0,4,3,80.0,240.0,"[80, 160, 240]",0.871408677445161,0.9057904437620784,1.0,0.853,10.0,0.1,0.1993831843137741,0.1128445714712143,189655.34375,181486.859375,8168.484375,189215.125,0.1100539565086364,2.819490534999204,0.2150834499989287,2.597857449000003,0.0067609159996209,0.0055845460010459,0.00865952483,471.29296875,ok,False,,,,,,,outputs_revision/sensitivity_synth/beta_mult/runs.csv,beta_mult,4.0,1.0,True
sens_synth__synthetic_n1000_d100_fixedseed3102__beta_mult__seed4__divi,run_divi_sensitivity_synth.py,2026-03-25T09:23:47Z,unknown,x86_64,cpu,x86_64,synthetic,synthetic_n1000_d100_fixedseed3102,sens_beta_mult,1000,100,3,0.1,0.9,3.0,3102.0,4,divi,1.0,divi,4000.0,4.0,80.0,auto_entropy,141.89385332046726,1.0,0.01,1.0,0.1,300.0,300.0,4,3,80.0,240.0,"[80, 160, 240]",0.8703094652837517,0.905286733496539,1.0,0.846,10.0,0.1,0.1993152201175689,0.114290103316307,189649.609375,183643.703125,6005.90625,189214.46875,0.1087860763072967,2.3753499909998936,0.1480222909995063,2.219637194000825,0.0060563279985217,0.0069118499995965,0.0073987906466694,472.0546875,ok,False,,,,,,,outputs_revision/sensitivity_synth/beta_mult/runs.csv,beta_mult,4.0,1.0,True
sens_synth__synthetic_n1000_d100_fixedseed3102__beta_mult__seed5__divi,run_divi_sensitivity_synth.py,2026-03-25T09:23:50Z,unknown,x86_64,cpu,x86_64,synthetic,synthetic_n1000_d100_fixedseed3102,sens_beta_mult,1000,100,3,0.1,0.9,3.0,3102.0,5,divi,1.0,divi,4000.0,4.0,80.0,auto_entropy,141.89385332046726,1.0,0.01,1.0,0.1,300.0,300.0,4,3,80.0,240.0,"[80, 160, 240]",0.8704370921838113,0.90534510105693,1.0,0.847,10.0,0.1,0.2003057152032852,0.1147262901067733,189654.484375,183140.65625,6513.828125,189151.09375,0.1258464008569717,2.3993349369993666,0.1528643839992582,2.2395255329993238,0.0059801699990202,0.0060939880004298,0.0074650851099977,473.96484375,ok,False,,,,,,,outputs_revision/sensitivity_synth/beta_mult/runs.csv,beta_mult,4.0,1.0,True
sens_synth__synthetic_n1000_d100_fixedseed3102__beta_mult__seed6__divi,run_divi_sensitivity_synth.py,2026-03-25T09:23:52Z,unknown,x86_64,cpu,x86_64,synthetic,synthetic_n1000_d100_fixedseed3102,sens_beta_mult,1000,100,3,0.1,0.9,3.0,3102.0,6,divi,1.0,divi,4000.0,4.0,80.0,auto_entropy,141.89385332046726,1.0,0.01,1.0,0.1,300.0,300.0,4,3,80.0,240.0,"[80, 160, 240]",0.8886098911660266,0.9139879850656342,1.0,0.896,10.0,0.1,0.1999615877866745,0.1136835739016532,189676.203125,183879.5625,5796.640625,189177.3125,0.1247222051024437,2.250113316000352,0.152777942999819,2.090780176000408,0.006497925000076,0.0056646100001671,0.0069692672533346,466.71484375,ok,False,,,,,,,outputs_revision/sensitivity_synth/beta_mult/runs.csv,beta_mult,4.0,1.0,True
sens_synth__synthetic_n1000_d100_fixedseed3102__beta_mult__seed7__divi,run_divi_sensitivity_synth.py,2026-03-25T09:23:55Z,unknown,x86_64,cpu,x86_64,synthetic,synthetic_n1000_d100_fixedseed3102,sens_beta_mult,1000,100,3,0.1,0.9,3.0,3102.0,7,divi,1.0,divi,4000.0,4.0,80.0,auto_entropy,141.89385332046726,1.0,0.01,1.0,0.1,300.0,300.0,4,3,80.0,240.0,"[80, 160, 240]",0.8710456305995662,0.905623826041484,1.0,0.851,10.0,0.1,0.1995518058538437,0.1097650080919265,189668.890625,184543.234375,5125.65625,189191.921875,0.1192435771226883,2.894073264000326,0.170713595000052,2.7139101489992754,0.007460942997568,0.0086629979996359,0.0090463671633309,469.390625,ok,False,,,,,,,outputs_revision/sensitivity_synth/beta_mult/runs.csv,beta_mult,4.0,1.0,True
sens_synth__synthetic_n1000_d100_fixedseed3102__beta_mult__seed8__divi,run_divi_sensitivity_synth.py,2026-03-25T09:23:57Z,unknown,x86_64,cpu,x86_64,synthetic,synthetic_n1000_d100_fixedseed3102,sens_beta_mult,1000,100,3,0.1,0.9,3.0,3102.0,8,divi,1.0,divi,4000.0,4.0,80.0,auto_entropy,141.89385332046726,1.0,0.01,1.0,0.1,300.0,300.0,4,3,80.0,240.0,"[80, 160, 240]",0.8732520421292927,0.906640324099244,1.0,0.861,10.0,0.1,0.1998302787542343,0.1144733875989914,189672.078125,184324.328125,5347.75,189183.875,0.1220512464642524,2.6880813050011056,0.2234868509985972,2.457756468000298,0.0075483129985514,0.0058572349989844,0.0081925215600009,464.171875,ok,False,,,,,,,outputs_revision/sensitivity_synth/beta_mult/runs.csv,beta_mult,4.0,1.0,True
sens_synth__synthetic_n1000_d100_fixedseed3102__beta_mult__seed9__divi,run_divi_sensitivity_synth.py,2026-03-25T09:24:00Z,unknown,x86_64,cpu,x86_64,synthetic,synthetic_n1000_d100_fixedseed3102,sens_beta_mult,1000,100,3,0.1,0.9,3.0,3102.0,9,divi,1.0,divi,4000.0,4.0,80.0,auto_entropy,141.89385332046726,1.0,0.01,1.0,0.1,300.0,300.0,4,3,80.0,240.0,"[80, 160, 240]",0.889841674406549,0.914599263448572,1.0,0.898,10.0,0.1,0.2002562582492828,0.1122490614652633,189669.046875,182985.203125,6683.84375,189152.515625,0.1291318982839584,2.3742986590004875,0.153518396000436,2.213146518999565,0.0055490109989477,0.0069322250001278,0.0073771550633318,463.79296875,ok,False,,,,,,,outputs_revision/sensitivity_synth/beta_mult/runs.csv,beta_mult,4.0,1.0,True
sens_synth__synthetic_n200_d100_fixedseed3101__lr__seed0__divi,run_divi_sensitivity_synth.py,2026-03-25T13:17:39Z,unknown,x86_64,cpu,x86_64,synthetic,synthetic_n200_d100_fixedseed3101,sens_lr,200,100,3,0.1,0.9,3.0,3101.0,0,divi,1.0,divi,200.0,1.0,80.0,auto_entropy,141.89385332046726,1.0,0.005,1.0,0.1,300.0,300.0,4,3,80.0,240.0,"[80, 160, 240]",0.8916085247562625,0.9156368043153856,0.625,0.9,22.0,0.22,0.3742207288742065,0.3072079420089721,36194.18359375,34097.18359375,2097.0,35568.265625,3.129598617553711,2.3841616340032488,0.2362879180000163,0.7112539770023432,0.0038178439972398,0.0017183179988933,0.0023708465900078,451.484375,ok,False,,,,,,,outputs_revision/sensitivity_synth/lr/runs.csv,lr,0.005,0.01,True
sens_synth__synthetic_n200_d100_fixedseed3101__lr__seed1__divi,run_divi_sensitivity_synth.py,2026-03-25T13:17:40Z,unknown,x86_64,cpu,x86_64,synthetic,synthetic_n200_d100_fixedseed3101,sens_lr,200,100,3,0.1,0.9,3.0,3101.0,1,divi,1.0,divi,200.0,1.0,80.0,auto_entropy,141.89385332046726,1.0,0.005,1.0,0.1,300.0,300.0,4,3,80.0,240.0,"[80, 160, 240]",0.8512684277706501,0.8836441108879578,0.625,0.835,22.0,0.22,0.3744453489780426,0.3055521249771118,36188.67578125,33974.96875,2213.70703125,35561.71875,3.1347885131835938,0.810836474000098,0.1153988320002099,0.6925838149982155,0.0023338069986493,0.0022763349988963,0.0023086127166607,452.32421875,ok,False,,,,,,,outputs_revision/sensitivity_synth/lr/runs.csv,lr,0.005,0.01,True
sens_synth__synthetic_n200_d100_fixedseed3101__lr__seed2__divi,run_divi_sensitivity_synth.py,2026-03-25T13:17:41Z,unknown,x86_64,cpu,x86_64,synthetic,synthetic_n200_d100_fixedseed3101,sens_lr,200,100,3,0.1,0.9,3.0,3101.0,2,divi,1.0,divi,200.0,1.0,80.0,auto_entropy,141.89385332046726,1.0,0.005,1.0,0.1,300.0,300.0,4,3,80.0,240.0,"[80, 160, 240]",0.8759537901925242,0.8939368045504763,0.6451612903225806,0.895,21.0,0.21,0.3751243352890014,0.3291140794754028,36221.18359375,34540.72265625,1680.4609375,35584.703125,3.182410955429077,0.8108322950029105,0.1159669530024984,0.6925652280006034,0.0022560459983651,0.0017411200024071,0.002308550760002,452.33203125,ok,False,,,,,,,outputs_revision/sensitivity_synth/lr/runs.csv,lr,0.005,0.01,True
sens_synth__synthetic_n200_d100_fixedseed3101__lr__seed3__divi,run_divi_sensitivity_synth.py,2026-03-25T13:17:41Z,unknown,x86_64,cpu,x86_64,synthetic,synthetic_n200_d100_fixedseed3101,sens_lr,200,100,3,0.1,0.9,3.0,3101.0,3,divi,1.0,divi,200.0,1.0,80.0,auto_entropy,141.89385332046726,1.0,0.005,1.0,0.1,300.0,300.0,4,3,80.0,240.0,"[80, 160, 240]",0.8503009439903919,0.857179623999441,0.625,0.88,22.0,0.22,0.3739833831787109,0.3159916996955871,36262.58203125,34238.77734375,2023.8046875,35639.4765625,3.115522146224976,0.8028302319980867,0.1141008200029318,0.6866280539979925,0.0022466269983851,0.0015301409985113,0.0022887601799933,448.0625,ok,False,,,,,,,outputs_revision/sensitivity_synth/lr/runs.csv,lr,0.005,0.01,True
sens_synth__synthetic_n200_d100_fixedseed3101__lr__seed4__divi,run_divi_sensitivity_synth.py,2026-03-25T13:17:42Z,unknown,x86_64,cpu,x86_64,synthetic,synthetic_n200_d100_fixedseed3101,sens_lr,200,100,3,0.1,0.9,3.0,3101.0,4,divi,1.0,divi,200.0,1.0,80.0,auto_entropy,141.89385332046726,1.0,0.005,1.0,0.1,300.0,300.0,4,3,80.0,240.0,"[80, 160, 240]",0.8306546054887576,0.8588352548679107,0.6451612903225806,0.835,21.0,0.21,0.3719973266124725,0.3088092803955078,36241.51171875,34464.921875,1776.58984375,35643.1875,2.9916300773620605,0.8254008200019598,0.1295423739975376,0.6934978850003972,0.0026442030030011,0.0015815080005268,0.0023116596166679,451.73046875,ok,False,,,,,,,outputs_revision/sensitivity_synth/lr/runs.csv,lr,0.005,0.01,True
sens_synth__synthetic_n200_d100_fixedseed3101__lr__seed5__divi,run_divi_sensitivity_synth.py,2026-03-25T13:17:43Z,unknown,x86_64,cpu,x86_64,synthetic,synthetic_n200_d100_fixedseed3101,sens_lr,200,100,3,0.1,0.9,3.0,3101.0,5,divi,1.0,divi,200.0,1.0,80.0,auto_entropy,141.89385332046726,1.0,0.005,1.0,0.1,300.0,300.0,4,3,80.0,240.0,"[80, 160, 240]",0.8739158247239887,0.907126483252872,0.6451612903225806,0.86,21.0,0.21,0.3735739588737488,0.3176997303962707,36228.53125,34319.53125,1909.0,35612.14453125,3.0819251537323,0.8527877670021553,0.1168886720006412,0.7332664910027233,0.0023505200006184,0.0020829829991271,0.0024442216366757,448.50390625,ok,False,,,,,,,outputs_revision/sensitivity_synth/lr/runs.csv,lr,0.005,0.01,True
sens_synth__synthetic_n200_d100_fixedseed3101__lr__seed6__divi,run_divi_sensitivity_synth.py,2026-03-25T13:17:44Z,unknown,x86_64,cpu,x86_64,synthetic,synthetic_n200_d100_fixedseed3101,sens_lr,200,100,3,0.1,0.9,3.0,3101.0,6,divi,1.0,divi,200.0,1.0,80.0,auto_entropy,141.89385332046726,1.0,0.005,1.0,0.1,300.0,300.0,4,3,80.0,240.0,"[80, 160, 240]",0.8831563056364267,0.9114882454681424,0.6451612903225806,0.885,21.0,0.21,0.3706543445587158,0.2974684536457062,36178.9453125,34543.28125,1635.6640625,35593.921875,2.925124168395996,0.8057810550017166,0.1136535859986906,0.6893755569981295,0.002237361997686,0.0021833300015714,0.002297918523327,451.89453125,ok,False,,,,,,,outputs_revision/sensitivity_synth/lr/runs.csv,lr,0.005,0.01,True
sens_synth__synthetic_n200_d100_fixedseed3101__lr__seed7__divi,run_divi_sensitivity_synth.py,2026-03-25T13:17:45Z,unknown,x86_64,cpu,x86_64,synthetic,synthetic_n200_d100_fixedseed3101,sens_lr,200,100,3,0.1,0.9,3.0,3101.0,7,divi,1.0,divi,200.0,1.0,80.0,auto_entropy,141.89385332046726,1.0,0.005,1.0,0.1,300.0,300.0,4,3,80.0,240.0,"[80, 160, 240]",0.8539723286265976,0.8608956732975749,0.6451612903225806,0.89,21.0,0.21,0.3719836175441742,0.3103072643280029,36255.7265625,34517.2421875,1738.484375,35656.03125,2.998471260070801,0.842534497998713,0.1263706930003536,0.713884684999357,0.0024416699998255,0.001693571000942,0.0023796156166645,447.90234375,ok,False,,,,,,,outputs_revision/sensitivity_synth/lr/runs.csv,lr,0.005,0.01,True
sens_synth__synthetic_n200_d100_fixedseed3101__lr__seed8__divi,run_divi_sensitivity_synth.py,2026-03-25T13:17:46Z,unknown,x86_64,cpu,x86_64,synthetic,synthetic_n200_d100_fixedseed3101,sens_lr,200,100,3,0.1,0.9,3.0,3101.0,8,divi,1.0,divi,200.0,1.0,80.0,auto_entropy,141.89385332046726,1.0,0.005,1.0,0.1,300.0,300.0,4,3,80.0,240.0,"[80, 160, 240]",0.8529950559347935,0.8844322445586499,0.6060606060606061,0.845,23.0,0.23,0.3739870488643646,0.3166481256484985,36195.30078125,33787.51953125,2407.78125,35572.0078125,3.1164724826812744,0.8286743270000443,0.1182225640004617,0.7081830130009621,0.0024882779980544,0.0017351250025967,0.0023606100433365,451.140625,ok,False,,,,,,,outputs_revision/sensitivity_synth/lr/runs.csv,lr,0.005,0.01,True
sens_synth__synthetic_n200_d100_fixedseed3101__lr__seed9__divi,run_divi_sensitivity_synth.py,2026-03-25T13:17:47Z,unknown,x86_64,cpu,x86_64,synthetic,synthetic_n200_d100_fixedseed3101,sens_lr,200,100,3,0.1,0.9,3.0,3101.0,9,divi,1.0,divi,200.0,1.0,80.0,auto_entropy,141.89385332046726,1.0,0.005,1.0,0.1,300.0,300.0,4,3,80.0,240.0,"[80, 160, 240]",0.8831563056364267,0.9114882454681424,0.625,0.885,22.0,0.22,0.3726125061511993,0.3058326244354248,36177.265625,33959.01171875,2218.25390625,35569.078125,3.0409297943115234,0.8502096789998177,0.1328342340020754,0.7145362800001749,0.0023687009997956,0.0020603779994416,0.0023817876000005,447.91015625,ok,False,,,,,,,outputs_revision/sensitivity_synth/lr/runs.csv,lr,0.005,0.01,True
sens_synth__synthetic_n200_d100_fixedseed3101__lr__seed0__divi,run_divi_sensitivity_synth.py,2026-03-25T13:17:48Z,unknown,x86_64,cpu,x86_64,synthetic,synthetic_n200_d100_fixedseed3101,sens_lr,200,100,3,0.1,0.9,3.0,3101.0,0,divi,1.0,divi,200.0,1.0,80.0,auto_entropy,141.89385332046726,1.0,0.01,1.0,0.1,300.0,300.0,4,3,80.0,240.0,"[80, 160, 240]",0.8768788468816415,0.9085063091968448,0.5555555555555556,0.87,26.0,0.26,0.4033045470714569,0.3418942093849182,36114.3671875,33926.39453125,2187.97265625,35069.875,5.222455978393555,1.1217542470003536,0.1196532549984112,0.9991663620021428,0.003693384998769,0.0023364599983324,0.0033305545400071,447.921875,ok,False,,,,,,,outputs_revision/sensitivity_synth/lr/runs.csv,lr,0.01,0.01,True
sens_synth__synthetic_n200_d100_fixedseed3101__lr__seed1__divi,run_divi_sensitivity_synth.py,2026-03-25T13:17:49Z,unknown,x86_64,cpu,x86_64,synthetic,synthetic_n200_d100_fixedseed3101,sens_lr,200,100,3,0.1,0.9,3.0,3101.0,1,divi,1.0,divi,200.0,1.0,80.0,auto_entropy,141.89385332046726,1.0,0.01,1.0,0.1,300.0,300.0,4,3,80.0,240.0,"[80, 160, 240]",0.8752745873288594,0.907757086966724,0.5555555555555556,0.865,26.0,0.26,0.4020082950592041,0.3353838920593261,36108.59765625,33454.0859375,2654.51171875,35087.42578125,5.105858325958252,1.2498983960031185,0.17367435900087,1.072639773003175,0.0035132859993609,0.0028218589977768,0.0035754659100105,451.46875,ok,False,,,,,,,outputs_revision/sensitivity_synth/lr/runs.csv,lr,0.01,0.01,True
sens_synth__synthetic_n200_d100_fixedseed3101__lr__seed2__divi,run_divi_sensitivity_synth.py,2026-03-25T13:17:50Z,unknown,x86_64,cpu,x86_64,synthetic,synthetic_n200_d100_fixedseed3101,sens_lr,200,100,3,0.1,0.9,3.0,3101.0,2,divi,1.0,divi,200.0,1.0,80.0,auto_entropy,141.89385332046726,1.0,0.01,1.0,0.1,300.0,300.0,4,3,80.0,240.0,"[80, 160, 240]",0.8728032139844207,0.9066127929577492,0.5405405405405406,0.855,27.0,0.27,0.4066000878810882,0.369909405708313,36112.85546875,34019.36328125,2093.4921875,35013.38671875,5.497335910797119,1.1729476370019256,0.1975643140031024,0.9729989510015002,0.0036952439986635,0.0016545950020372,0.0032433298366716,447.93359375,ok,False,,,,,,,outputs_revision/sensitivity_synth/lr/runs.csv,lr,0.01,0.01,True
sens_synth__synthetic_n200_d100_fixedseed3101__lr__seed3__divi,run_divi_sensitivity_synth.py,2026-03-25T13:17:51Z,unknown,x86_64,cpu,x86_64,synthetic,synthetic_n200_d100_fixedseed3101,sens_lr,200,100,3,0.1,0.9,3.0,3101.0,3,divi,1.0,divi,200.0,1.0,80.0,auto_entropy,141.89385332046726,1.0,0.01,1.0,0.1,300.0,300.0,4,3,80.0,240.0,"[80, 160, 240]",0.8719372920321685,0.9062146470278732,0.5555555555555556,0.85,26.0,0.26,0.4026415348052978,0.3604307770729065,36106.2578125,33544.24609375,2562.01171875,35068.640625,5.188094139099121,0.826972818998911,0.1209626130003016,0.7033842729979369,0.0023670449991186,0.0020583049990818,0.0023446142433264,451.2421875,ok,False,,,,,,,outputs_revision/sensitivity_synth/lr/runs.csv,lr,0.01,0.01,True
sens_synth__synthetic_n200_d100_fixedseed3101__lr__seed4__divi,run_divi_sensitivity_synth.py,2026-03-25T13:17:52Z,unknown,x86_64,cpu,x86_64,synthetic,synthetic_n200_d100_fixedseed3101,sens_lr,200,100,3,0.1,0.9,3.0,3101.0,4,divi,1.0,divi,200.0,1.0,80.0,auto_entropy,141.89385332046726,1.0,0.01,1.0,0.1,300.0,300.0,4,3,80.0,240.0,"[80, 160, 240]",0.8719372920321685,0.9062146470278732,0.5555555555555556,0.85,26.0,0.26,0.40158212184906,0.3524704575538635,36102.453125,34084.38671875,2018.06640625,35083.82421875,5.093147277832031,0.8356016039979295,0.1289043010001478,0.7045164139999542,0.002476720004779,0.001599912000529,0.0023483880466665,451.24609375,ok,False,,,,,,,outputs_revision/sensitivity_synth/lr/runs.csv,lr,0.01,0.01,True
sens_synth__synthetic_n200_d100_fixedseed3101__lr__seed5__divi,run_divi_sensitivity_synth.py,2026-03-25T13:17:53Z,unknown,x86_64,cpu,x86_64,synthetic,synthetic_n200_d100_fixedseed3101,sens_lr,200,100,3,0.1,0.9,3.0,3101.0,5,divi,1.0,divi,200.0,1.0,80.0,auto_entropy,141.89385332046726,1.0,0.01,1.0,0.1,300.0,300.0,4,3,80.0,240.0,"[80, 160, 240]",0.8713184771469268,0.9059309964406864,0.5555555555555556,0.845,26.0,0.26,0.4033753275871277,0.3542932868003845,36103.28515625,33705.17578125,2398.109375,35061.23828125,5.210243701934815,0.8248167539968563,0.1142721899996104,0.708004133997747,0.0026753939964692,0.0018837290008377,0.0023600137799924,451.48046875,ok,False,,,,,,,outputs_revision/sensitivity_synth/lr/runs.csv,lr,0.01,0.01,True
sens_synth__synthetic_n200_d100_fixedseed3101__lr__seed6__divi,run_divi_sensitivity_synth.py,2026-03-25T13:17:53Z,unknown,x86_64,cpu,x86_64,synthetic,synthetic_n200_d100_fixedseed3101,sens_lr,200,100,3,0.1,0.9,3.0,3101.0,6,divi,1.0,divi,200.0,1.0,80.0,auto_entropy,141.89385332046726,1.0,0.01,1.0,0.1,300.0,300.0,4,3,80.0,240.0,"[80, 160, 240]",0.8708232455998861,0.905704516970206,0.5555555555555556,0.835,26.0,0.26,0.4005756676197052,0.3377535939216614,36116.6484375,34031.90625,2084.7421875,35105.15234375,5.057473659515381,0.8519205279990274,0.11723866399916,0.7322562570006994,0.0023727520019747,0.0018542790021456,0.0024408541900023,451.18359375,ok,False,,,,,,,outputs_revision/sensitivity_synth/lr/runs.csv,lr,0.01,0.01,True
sens_synth__synthetic_n200_d100_fixedseed3101__lr__seed7__divi,run_divi_sensitivity_synth.py,2026-03-25T13:17:54Z,unknown,x86_64,cpu,x86_64,synthetic,synthetic_n200_d100_fixedseed3101,sens_lr,200,100,3,0.1,0.9,3.0,3101.0,7,divi,1.0,divi,200.0,1.0,80.0,auto_entropy,141.89385332046726,1.0,0.01,1.0,0.1,300.0,300.0,4,3,80.0,240.0,"[80, 160, 240]",0.8713184771469268,0.9059309964406864,0.5882352941176471,0.845,24.0,0.24,0.399139404296875,0.3401920199394226,36101.66796875,34154.51953125,1947.1484375,35115.4296875,4.931188583374023,0.8274184750007407,0.1176338250006665,0.7076066369991167,0.002301175998582,0.0016379859989683,0.002358688789997,451.1875,ok,False,,,,,,,outputs_revision/sensitivity_synth/lr/runs.csv,lr,0.01,0.01,True
sens_synth__synthetic_n200_d100_fixedseed3101__lr__seed8__divi,run_divi_sensitivity_synth.py,2026-03-25T13:17:55Z,unknown,x86_64,cpu,x86_64,synthetic,synthetic_n200_d100_fixedseed3101,sens_lr,200,100,3,0.1,0.9,3.0,3101.0,8,divi,1.0,divi,200.0,1.0,80.0,auto_entropy,141.89385332046726,1.0,0.01,1.0,0.1,300.0,300.0,4,3,80.0,240.0,"[80, 160, 240]",0.8768788468816415,0.9085063091968448,0.5555555555555556,0.87,26.0,0.26,0.4040842056274414,0.3573754429817199,36119.81640625,33540.44140625,2579.375,35054.96875,5.324247360229492,0.8042755989990837,0.1142273559999011,0.6877809500001604,0.0023049270021147,0.0017000830011966,0.0022926031666672,451.796875,ok,False,,,,,,,outputs_revision/sensitivity_synth/lr/runs.csv,lr,0.01,0.01,True
sens_synth__synthetic_n200_d100_fixedseed3101__lr__seed9__divi,run_divi_sensitivity_synth.py,2026-03-25T13:17:56Z,unknown,x86_64,cpu,x86_64,synthetic,synthetic_n200_d100_fixedseed3101,sens_lr,200,100,3,0.1,0.9,3.0,3101.0,9,divi,1.0,divi,200.0,1.0,80.0,auto_entropy,141.89385332046726,1.0,0.01,1.0,0.1,300.0,300.0,4,3,80.0,240.0,"[80, 160, 240]",0.8709470684613785,0.9057611001961952,0.5405405405405406,0.84,27.0,0.27,0.4004178941249847,0.3452681303024292,36113.828125,33727.671875,2386.15625,35103.734375,5.050462245941162,0.8548870810009248,0.1327136839972809,0.720026641000004,0.0023445870028808,0.0016058339970186,0.0024000888033333,451.8828125,ok,False,,,,,,,outputs_revision/sensitivity_synth/lr/runs.csv,lr,0.01,0.01,True
sens_synth__synthetic_n200_d100_fixedseed3101__lr__seed0__divi,run_divi_sensitivity_synth.py,2026-03-25T13:17:57Z,unknown,x86_64,cpu,x86_64,synthetic,synthetic_n200_d100_fixedseed3101,sens_lr,200,100,3,0.1,0.9,3.0,3101.0,0,divi,1.0,divi,200.0,1.0,80.0,auto_entropy,141.89385332046726,1.0,0.02,1.0,0.1,300.0,300.0,4,3,80.0,240.0,"[80, 160, 240]",0.8728032139844207,0.9066127929577492,0.5405405405405406,0.855,27.0,0.27,0.4085249006748199,0.3452052474021911,36142.75,33969.546875,2173.203125,34992.81640625,5.749667167663574,0.8520162630011328,0.113881045999733,0.7358082840000861,0.0023091490002116,0.0017887610010802,0.0024526942800002,452.34375,ok,False,,,,,,,outputs_revision/sensitivity_synth/lr/runs.csv,lr,0.02,0.01,True
sens_synth__synthetic_n200_d100_fixedseed3101__lr__seed1__divi,run_divi_sensitivity_synth.py,2026-03-25T13:17:58Z,unknown,x86_64,cpu,x86_64,synthetic,synthetic_n200_d100_fixedseed3101,sens_lr,200,100,3,0.1,0.9,3.0,3101.0,1,divi,1.0,divi,200.0,1.0,80.0,auto_entropy,141.89385332046726,1.0,0.02,1.0,0.1,300.0,300.0,4,3,80.0,240.0,"[80, 160, 240]",0.8739158247239887,0.907126483252872,0.5128205128205128,0.86,29.0,0.29,0.407753586769104,0.3394044637680053,36137.28125,33462.3203125,2674.9609375,35001.17578125,5.680517673492432,0.8915211200001067,0.12353944500137,0.7656355949984572,0.0024620059957669,0.0018056049993901,0.0025521186499948,451.80859375,ok,False,,,,,,,outputs_revision/sensitivity_synth/lr/runs.csv,lr,0.02,0.01,True
sens_synth__synthetic_n200_d100_fixedseed3101__lr__seed2__divi,run_divi_sensitivity_synth.py,2026-03-25T13:17:59Z,unknown,x86_64,cpu,x86_64,synthetic,synthetic_n200_d100_fixedseed3101,sens_lr,200,100,3,0.1,0.9,3.0,3101.0,2,divi,1.0,divi,200.0,1.0,80.0,auto_entropy,141.89385332046726,1.0,0.02,1.0,0.1,300.0,300.0,4,3,80.0,240.0,"[80, 160, 240]",0.8739158247239887,0.907126483252872,0.5263157894736842,0.86,28.0,0.28,0.4134111106395721,0.3888542056083679,36151.296875,33975.69921875,2175.59765625,34918.80078125,6.162489891052246,0.8480012670006545,0.1134915449983964,0.7320760269976745,0.0023147590000007,0.0017901360006362,0.0024402534233255,451.6640625,ok,False,,,,,,,outputs_revision/sensitivity_synth/lr/runs.csv,lr,0.02,0.01,True
sens_synth__synthetic_n200_d100_fixedseed3101__lr__seed3__divi,run_divi_sensitivity_synth.py,2026-03-25T13:17:59Z,unknown,x86_64,cpu,x86_64,synthetic,synthetic_n200_d100_fixedseed3101,sens_lr,200,100,3,0.1,0.9,3.0,3101.0,3,divi,1.0,divi,200.0,1.0,80.0,auto_entropy,141.89385332046726,1.0,0.02,1.0,0.1,300.0,300.0,4,3,80.0,240.0,"[80, 160, 240]",0.8709470684613785,0.9057611001961952,0.5128205128205128,0.84,29.0,0.29,0.4091731905937195,0.3667176961898803,36143.8125,33573.578125,2570.234375,34976.20703125,5.838022232055664,0.8598440099995059,0.1136132169995107,0.7439800089996425,0.0023780569972586,0.0017221099988091,0.0024799333633321,452.50390625,ok,False,,,,,,,outputs_revision/sensitivity_synth/lr/runs.csv,lr,0.02,0.01,True
sens_synth__synthetic_n200_d100_fixedseed3101__lr__seed4__divi,run_divi_sensitivity_synth.py,2026-03-25T13:18:01Z,unknown,x86_64,cpu,x86_64,synthetic,synthetic_n200_d100_fixedseed3101,sens_lr,200,100,3,0.1,0.9,3.0,3101.0,4,divi,1.0,divi,200.0,1.0,80.0,auto_entropy,141.89385332046726,1.0,0.02,1.0,0.1,300.0,300.0,4,3,80.0,240.0,"[80, 160, 240]",0.8728032139844207,0.9066127929577492,0.5555555555555556,0.855,26.0,0.26,0.4069554507732391,0.3713113367557525,36134.453125,34137.95703125,1996.49609375,34997.703125,5.6837592124938965,1.087111251999886,0.1174936700008402,0.9667587930016452,0.0029504359990824,0.002325784000277,0.0032225293100054,451.05859375,ok,False,,,,,,,outputs_revision/sensitivity_synth/lr/runs.csv,lr,0.02,0.01,True
sens_synth__synthetic_n200_d100_fixedseed3101__lr__seed5__divi,run_divi_sensitivity_synth.py,2026-03-25T13:18:02Z,unknown,x86_64,cpu,x86_64,synthetic,synthetic_n200_d100_fixedseed3101,sens_lr,200,100,3,0.1,0.9,3.0,3101.0,5,divi,1.0,divi,200.0,1.0,80.0,auto_entropy,141.89385332046726,1.0,0.02,1.0,0.1,300.0,300.0,4,3,80.0,240.0,"[80, 160, 240]",0.8752745873288594,0.907757086966724,0.5,0.865,30.0,0.3,0.4108831286430359,0.3629617393016815,36138.61328125,33452.71875,2685.89453125,34955.2578125,5.916780471801758,1.2302518200012855,0.1659025099979771,1.0608666480002285,0.0039495969976997,0.0027774509981099,0.0035362221600007,451.06640625,ok,False,,,,,,,outputs_revision/sensitivity_synth/lr/runs.csv,lr,0.02,0.01,True
sens_synth__synthetic_n200_d100_fixedseed3101__lr__seed6__divi,run_divi_sensitivity_synth.py,2026-03-25T13:18:03Z,unknown,x86_64,cpu,x86_64,synthetic,synthetic_n200_d100_fixedseed3101,sens_lr,200,100,3,0.1,0.9,3.0,3101.0,6,divi,1.0,divi,200.0,1.0,80.0,auto_entropy,141.89385332046726,1.0,0.02,1.0,0.1,300.0,300.0,4,3,80.0,240.0,"[80, 160, 240]",0.8719372920321685,0.9062146470278732,0.5263157894736842,0.85,28.0,0.28,0.4077476263046264,0.3437445163726806,36145.07421875,33822.12109375,2322.953125,34994.53125,5.752713203430176,1.1606735089990252,0.1777046189999964,0.9805495550026536,0.0040069429996947,0.001705384998786,0.0032684985166755,448.46484375,ok,False,,,,,,,outputs_revision/sensitivity_synth/lr/runs.csv,lr,0.02,0.01,True
sens_synth__synthetic_n200_d100_fixedseed3101__lr__seed7__divi,run_divi_sensitivity_synth.py,2026-03-25T13:18:04Z,unknown,x86_64,cpu,x86_64,synthetic,synthetic_n200_d100_fixedseed3101,sens_lr,200,100,3,0.1,0.9,3.0,3101.0,7,divi,1.0,divi,200.0,1.0,80.0,auto_entropy,141.89385332046726,1.0,0.02,1.0,0.1,300.0,300.0,4,3,80.0,240.0,"[80, 160, 240]",0.8752745873288594,0.907757086966724,0.5405405405405406,0.865,27.0,0.27,0.4022912979125976,0.3698287308216095,36139.20703125,34105.11328125,2034.09375,35073.05078125,5.330776691436768,0.8791699899993546,0.1158065589988837,0.761102865999419,0.0028278550016693,0.0017211609992955,0.0025370095533313,452.2109375,ok,False,,,,,,,outputs_revision/sensitivity_synth/lr/runs.csv,lr,0.02,0.01,True
sens_synth__synthetic_n200_d100_fixedseed3101__lr__seed8__divi,run_divi_sensitivity_synth.py,2026-03-25T13:18:05Z,unknown,x86_64,cpu,x86_64,synthetic,synthetic_n200_d100_fixedseed3101,sens_lr,200,100,3,0.1,0.9,3.0,3101.0,8,divi,1.0,divi,200.0,1.0,80.0,auto_entropy,141.89385332046726,1.0,0.02,1.0,0.1,300.0,300.0,4,3,80.0,240.0,"[80, 160, 240]",0.880820652049919,0.9103692378616044,0.5128205128205128,0.88,29.0,0.29,0.4096695780754089,0.3707686960697174,36151.23828125,33610.671875,2540.56640625,34975.22265625,5.880084991455078,0.8435383629985154,0.1159016039964626,0.7251136720005888,0.0022798850040999,0.0019299830019008,0.0024170455733352,451.8359375,ok,False,,,,,,,outputs_revision/sensitivity_synth/lr/runs.csv,lr,0.02,0.01,True
sens_synth__synthetic_n200_d100_fixedseed3101__lr__seed9__divi,run_divi_sensitivity_synth.py,2026-03-25T13:18:06Z,unknown,x86_64,cpu,x86_64,synthetic,synthetic_n200_d100_fixedseed3101,sens_lr,200,100,3,0.1,0.9,3.0,3101.0,9,divi,1.0,divi,200.0,1.0,80.0,auto_entropy,141.89385332046726,1.0,0.02,1.0,0.1,300.0,300.0,4,3,80.0,240.0,"[80, 160, 240]",0.8752745873288594,0.907757086966724,0.5263157894736842,0.865,28.0,0.28,0.4063230752944946,0.3544072210788727,36150.484375,33729.41015625,2421.07421875,35018.37890625,5.660528182983398,0.8581494589998329,0.1135365160007495,0.7422333499998786,0.0025177300012728,0.001801948998036,0.0024741111666662,450.921875,ok,False,,,,,,,outputs_revision/sensitivity_synth/lr/runs.csv,lr,0.02,0.01,True
sens_synth__synthetic_n200_d100_fixedseed3101__lr__seed0__divi,run_divi_sensitivity_synth.py,2026-03-25T13:18:06Z,unknown,x86_64,cpu,x86_64,synthetic,synthetic_n200_d100_fixedseed3101,sens_lr,200,100,3,0.1,0.9,3.0,3101.0,0,divi,1.0,divi,200.0,1.0,80.0,auto_entropy,141.89385332046726,1.0,0.05,1.0,0.1,300.0,300.0,4,3,80.0,240.0,"[80, 160, 240]",0.8752745873288594,0.907757086966724,0.4878048780487805,0.865,31.0,0.31,0.4106747508049011,0.3421128094196319,36194.53125,33885.47265625,2309.05859375,34956.8515625,6.188399791717529,0.865116308999859,0.1348524280001584,0.7277469309992739,0.0023604430025443,0.0018966259995067,0.0024258231033309,451.15234375,ok,False,,,,,,,outputs_revision/sensitivity_synth/lr/runs.csv,lr,0.05,0.01,True
sens_synth__synthetic_n200_d100_fixedseed3101__lr__seed1__divi,run_divi_sensitivity_synth.py,2026-03-25T13:18:07Z,unknown,x86_64,cpu,x86_64,synthetic,synthetic_n200_d100_fixedseed3101,sens_lr,200,100,3,0.1,0.9,3.0,3101.0,1,divi,1.0,divi,200.0,1.0,80.0,auto_entropy,141.89385332046726,1.0,0.05,1.0,0.1,300.0,300.0,4,3,80.0,240.0,"[80, 160, 240]",0.881590809537553,0.8961999449571055,0.4761904761904761,0.9,32.0,0.32,0.4113397896289825,0.3609967827796936,36206.5,33523.62109375,2682.87890625,34948.2734375,6.291122913360596,0.9435032949986636,0.1225715790023969,0.8184266649986967,0.0029156360033084,0.0017139889969257,0.0027280888833289,451.39453125,ok,False,,,,,,,outputs_revision/sensitivity_synth/lr/runs.csv,lr,0.05,0.01,True
sens_synth__synthetic_n200_d100_fixedseed3101__lr__seed2__divi,run_divi_sensitivity_synth.py,2026-03-25T13:18:08Z,unknown,x86_64,cpu,x86_64,synthetic,synthetic_n200_d100_fixedseed3101,sens_lr,200,100,3,0.1,0.9,3.0,3101.0,2,divi,1.0,divi,200.0,1.0,80.0,auto_entropy,141.89385332046726,1.0,0.05,1.0,0.1,300.0,300.0,4,3,80.0,240.0,"[80, 160, 240]",0.8719372920321685,0.9062146470278732,0.5,0.85,30.0,0.3,0.4165924191474914,0.3779016137123108,36193.390625,34035.47265625,2157.91796875,34874.12890625,6.59630012512207,0.9606126459984808,0.1213216020005347,0.8369700260009267,0.0031442520012205,0.0017227919997822,0.0027899000866697,451.7734375,ok,False,,,,,,,outputs_revision/sensitivity_synth/lr/runs.csv,lr,0.05,0.01,True
sens_synth__synthetic_n200_d100_fixedseed3101__lr__seed3__divi,run_divi_sensitivity_synth.py,2026-03-25T13:18:09Z,unknown,x86_64,cpu,x86_64,synthetic,synthetic_n200_d100_fixedseed3101,sens_lr,200,100,3,0.1,0.9,3.0,3101.0,3,divi,1.0,divi,200.0,1.0,80.0,auto_entropy,141.89385332046726,1.0,0.05,1.0,0.1,300.0,300.0,4,3,80.0,240.0,"[80, 160, 240]",0.8752745873288594,0.907757086966724,0.4545454545454545,0.865,34.0,0.34,0.4173827469348907,0.367937296628952,36211.96484375,33697.63671875,2514.328125,34861.515625,6.75224494934082,0.9284372639995128,0.1179454199991596,0.8081894440001633,0.0026199079984507,0.0017420660005882,0.0026939648133338,451.24609375,ok,False,,,,,,,outputs_revision/sensitivity_synth/lr/runs.csv,lr,0.05,0.01,True
sens_synth__synthetic_n200_d100_fixedseed3101__lr__seed4__divi,run_divi_sensitivity_synth.py,2026-03-25T13:18:10Z,unknown,x86_64,cpu,x86_64,synthetic,synthetic_n200_d100_fixedseed3101,sens_lr,200,100,3,0.1,0.9,3.0,3101.0,4,divi,1.0,divi,200.0,1.0,80.0,auto_entropy,141.89385332046726,1.0,0.05,1.0,0.1,300.0,300.0,4,3,80.0,240.0,"[80, 160, 240]",0.8752745873288594,0.907757086966724,0.5405405405405406,0.865,27.0,0.27,0.4097342789173126,0.3873678743839264,36203.125,34233.74609375,1969.37890625,34961.015625,6.210541725158691,0.8920614700000442,0.1184429590030049,0.7710067849984625,0.0024670470011187,0.0018452410004101,0.0025700226166615,451.85546875,ok,False,,,,,,,outputs_revision/sensitivity_synth/lr/runs.csv,lr,0.05,0.01,True
sens_synth__synthetic_n200_d100_fixedseed3101__lr__seed5__divi,run_divi_sensitivity_synth.py,2026-03-25T13:18:11Z,unknown,x86_64,cpu,x86_64,synthetic,synthetic_n200_d100_fixedseed3101,sens_lr,200,100,3,0.1,0.9,3.0,3101.0,5,divi,1.0,divi,200.0,1.0,80.0,auto_entropy,141.89385332046726,1.0,0.05,1.0,0.1,300.0,300.0,4,3,80.0,240.0,"[80, 160, 240]",0.8739158247239887,0.907126483252872,0.5,0.86,30.0,0.3,0.4160102903842926,0.3852174282073974,36210.55859375,33408.0078125,2802.55078125,34883.3125,6.636236190795898,0.8849478499978432,0.1145295269998314,0.7680993780013523,0.0024445229973935,0.0017635119984333,0.0025603312600045,448.015625,ok,False,,,,,,,outputs_revision/sensitivity_synth/lr/runs.csv,lr,0.05,0.01,True
sens_synth__synthetic_n200_d100_fixedseed3101__lr__seed6__divi,run_divi_sensitivity_synth.py,2026-03-25T13:18:12Z,unknown,x86_64,cpu,x86_64,synthetic,synthetic_n200_d100_fixedseed3101,sens_lr,200,100,3,0.1,0.9,3.0,3101.0,6,divi,1.0,divi,200.0,1.0,80.0,auto_entropy,141.89385332046726,1.0,0.05,1.0,0.1,300.0,300.0,4,3,80.0,240.0,"[80, 160, 240]",0.8728032139844207,0.9066127929577492,0.4761904761904761,0.855,32.0,0.32,0.4127119183540344,0.381912887096405,36238.62890625,33902.69140625,2335.9375,34929.04296875,6.547932624816895,0.9356961560006312,0.1208777309984725,0.8124737340003776,0.0024315699993167,0.0017563660003361,0.0027082457800012,451.40625,ok,False,,,,,,,outputs_revision/sensitivity_synth/lr/runs.csv,lr,0.05,0.01,True
sens_synth__synthetic_n200_d100_fixedseed3101__lr__seed7__divi,run_divi_sensitivity_synth.py,2026-03-25T13:18:13Z,unknown,x86_64,cpu,x86_64,synthetic,synthetic_n200_d100_fixedseed3101,sens_lr,200,100,3,0.1,0.9,3.0,3101.0,7,divi,1.0,divi,200.0,1.0,80.0,auto_entropy,141.89385332046726,1.0,0.05,1.0,0.1,300.0,300.0,4,3,80.0,240.0,"[80, 160, 240]",0.880820652049919,0.9103692378616044,0.5882352941176471,0.88,24.0,0.24,0.4009191393852234,0.3703136444091797,36181.66796875,34055.328125,2126.33984375,35090.34375,5.456630229949951,1.0679689859971404,0.1224539120012195,0.9422244819979824,0.0026982210001733,0.0027182800004084,0.0031407482733266,451.56640625,ok,False,,,,,,,outputs_revision/sensitivity_synth/lr/runs.csv,lr,0.05,0.01,True
sens_synth__synthetic_n200_d100_fixedseed3101__lr__seed8__divi,run_divi_sensitivity_synth.py,2026-03-25T13:18:14Z,unknown,x86_64,cpu,x86_64,synthetic,synthetic_n200_d100_fixedseed3101,sens_lr,200,100,3,0.1,0.9,3.0,3101.0,8,divi,1.0,divi,200.0,1.0,80.0,auto_entropy,141.89385332046726,1.0,0.05,1.0,0.1,300.0,300.0,4,3,80.0,240.0,"[80, 160, 240]",0.8719372920321685,0.9062146470278732,0.5128205128205128,0.85,29.0,0.29,0.4122655093669891,0.3835600018501282,36213.30859375,33691.2265625,2522.08203125,34942.1171875,6.355956077575684,1.2070959509983368,0.1803069769994181,1.02344160299981,0.0031689879979239,0.0025871389989333,0.0034114720099993,451.87109375,ok,False,,,,,,,outputs_revision/sensitivity_synth/lr/runs.csv,lr,0.05,0.01,True
sens_synth__synthetic_n200_d100_fixedseed3101__lr__seed9__divi,run_divi_sensitivity_synth.py,2026-03-25T13:18:16Z,unknown,x86_64,cpu,x86_64,synthetic,synthetic_n200_d100_fixedseed3101,sens_lr,200,100,3,0.1,0.9,3.0,3101.0,9,divi,1.0,divi,200.0,1.0,80.0,auto_entropy,141.89385332046726,1.0,0.05,1.0,0.1,300.0,300.0,4,3,80.0,240.0,"[80, 160, 240]",0.8719372920321685,0.9062146470278732,0.5128205128205128,0.85,29.0,0.29,0.411858856678009,0.3751944899559021,36227.08203125,33772.42578125,2454.65625,34943.0,6.420401096343994,1.222174962000281,0.1882339269977819,1.0316195330015034,0.00339338699996,0.0016709890005586,0.0034387317766716,452.7890625,ok,False,,,,,,,outputs_revision/sensitivity_synth/lr/runs.csv,lr,0.05,0.01,True
sens_synth__synthetic_n1000_d100_fixedseed3102__lr__seed0__divi,run_divi_sensitivity_synth.py,2026-03-25T13:18:18Z,unknown,x86_64,cpu,x86_64,synthetic,synthetic_n1000_d100_fixedseed3102,sens_lr,1000,100,3,0.1,0.9,3.0,3102.0,0,divi,1.0,divi,1000.0,1.0,80.0,auto_entropy,141.89385332046726,1.0,0.005,1.0,0.1,300.0,300.0,4,3,80.0,240.0,"[80, 160, 240]",0.9555420057172234,0.9502440291577592,1.0,0.969,10.0,0.1,0.2373430579900741,0.1553176045417785,188579.59375,182787.25,5792.34375,187145.40625,1.4341914653778076,2.280706546996953,0.1516177900011825,2.119560464998358,0.0060953620013606,0.0088369359982607,0.0070652015499945,462.82421875,ok,False,,,,,,,outputs_revision/sensitivity_synth/lr/runs.csv,lr,0.005,0.01,True
sens_synth__synthetic_n1000_d100_fixedseed3102__lr__seed1__divi,run_divi_sensitivity_synth.py,2026-03-25T13:18:20Z,unknown,x86_64,cpu,x86_64,synthetic,synthetic_n1000_d100_fixedseed3102,sens_lr,1000,100,3,0.1,0.9,3.0,3102.0,1,divi,1.0,divi,1000.0,1.0,80.0,auto_entropy,141.89385332046726,1.0,0.005,1.0,0.1,300.0,300.0,4,3,80.0,240.0,"[80, 160, 240]",0.8747310386512626,0.9074393448551654,1.0,0.868,10.0,0.1,0.2381831556558609,0.159822940826416,188620.15625,181924.328125,6695.828125,187139.6875,1.4804617166519165,2.3891506619984284,0.148413391001668,2.233830756002135,0.0070181269984459,0.0061969850030436,0.0074461025200071,467.6640625,ok,False,,,,,,,outputs_revision/sensitivity_synth/lr/runs.csv,lr,0.005,0.01,True
sens_synth__synthetic_n1000_d100_fixedseed3102__lr__seed2__divi,run_divi_sensitivity_synth.py,2026-03-25T13:18:23Z,unknown,x86_64,cpu,x86_64,synthetic,synthetic_n1000_d100_fixedseed3102,sens_lr,1000,100,3,0.1,0.9,3.0,3102.0,2,divi,1.0,divi,1000.0,1.0,80.0,auto_entropy,141.89385332046726,1.0,0.005,1.0,0.1,300.0,300.0,4,3,80.0,240.0,"[80, 160, 240]",0.8730043710278951,0.8963919187388351,1.0,0.878,10.0,0.1,0.2356723994016647,0.1531560719013214,188789.515625,182705.0625,6084.453125,187443.921875,1.3455971479415894,2.28441859799932,0.1612779630013392,2.111148290998244,0.0063335870036098,0.0112735200018505,0.0070371609699941,462.70703125,ok,False,,,,,,,outputs_revision/sensitivity_synth/lr/runs.csv,lr,0.005,0.01,True
sens_synth__synthetic_n1000_d100_fixedseed3102__lr__seed3__divi,run_divi_sensitivity_synth.py,2026-03-25T13:18:25Z,unknown,x86_64,cpu,x86_64,synthetic,synthetic_n1000_d100_fixedseed3102,sens_lr,1000,100,3,0.1,0.9,3.0,3102.0,3,divi,1.0,divi,1000.0,1.0,80.0,auto_entropy,141.89385332046726,1.0,0.005,1.0,0.1,300.0,300.0,4,3,80.0,240.0,"[80, 160, 240]",0.8890385837542975,0.8758902898998315,1.0,0.944,10.0,0.1,0.2362589687108993,0.1450709700584411,189331.09375,182182.0625,7149.03125,187950.609375,1.3804779052734375,2.103000682000129,0.1499861410011362,1.9447778409994496,0.0055640479986323,0.0075099219975527,0.0064825928033314,464.7421875,ok,False,,,,,,,outputs_revision/sensitivity_synth/lr/runs.csv,lr,0.005,0.01,True
sens_synth__synthetic_n1000_d100_fixedseed3102__lr__seed4__divi,run_divi_sensitivity_synth.py,2026-03-25T13:18:27Z,unknown,x86_64,cpu,x86_64,synthetic,synthetic_n1000_d100_fixedseed3102,sens_lr,1000,100,3,0.1,0.9,3.0,3102.0,4,divi,1.0,divi,1000.0,1.0,80.0,auto_entropy,141.89385332046726,1.0,0.005,1.0,0.1,300.0,300.0,4,3,80.0,240.0,"[80, 160, 240]",0.8800038136134092,0.9099206754973004,1.0,0.881,10.0,0.1,0.2350694239139557,0.1520050466060638,188582.984375,183075.09375,5507.890625,187265.328125,1.3176586627960205,2.568727601999853,0.154254150998895,2.4050474369978474,0.0076466579994303,0.0086336759995901,0.0080168247899928,472.25,ok,False,,,,,,,outputs_revision/sensitivity_synth/lr/runs.csv,lr,0.005,0.01,True
sens_synth__synthetic_n1000_d100_fixedseed3102__lr__seed5__divi,run_divi_sensitivity_synth.py,2026-03-25T13:18:30Z,unknown,x86_64,cpu,x86_64,synthetic,synthetic_n1000_d100_fixedseed3102,sens_lr,1000,100,3,0.1,0.9,3.0,3102.0,5,divi,1.0,divi,1000.0,1.0,80.0,auto_entropy,141.89385332046726,1.0,0.005,1.0,0.1,300.0,300.0,4,3,80.0,240.0,"[80, 160, 240]",0.92242473265771,0.9243539069830148,1.0,0.941,10.0,0.1,0.2363545447587967,0.157536119222641,188881.421875,182553.78125,6327.640625,187493.390625,1.3880348205566406,2.384344476999104,0.2233904999993683,2.153919754000526,0.0059914169978583,0.006141297002614,0.007179732513335,472.25390625,ok,False,,,,,,,outputs_revision/sensitivity_synth/lr/runs.csv,lr,0.005,0.01,True
sens_synth__synthetic_n1000_d100_fixedseed3102__lr__seed6__divi,run_divi_sensitivity_synth.py,2026-03-25T13:18:32Z,unknown,x86_64,cpu,x86_64,synthetic,synthetic_n1000_d100_fixedseed3102,sens_lr,1000,100,3,0.1,0.9,3.0,3102.0,6,divi,1.0,divi,1000.0,1.0,80.0,auto_entropy,141.89385332046726,1.0,0.005,1.0,0.1,300.0,300.0,4,3,80.0,240.0,"[80, 160, 240]",0.9180572307053824,0.9297493139916508,1.0,0.934,10.0,0.1,0.2370480149984359,0.1570953726768493,188550.625,183893.296875,4657.328125,187113.015625,1.4376025199890137,2.221928379000019,0.1479912909999257,2.0670196760002,0.0059790619998238,0.0061941370004205,0.0068900655866673,464.75,ok,False,,,,,,,outputs_revision/sensitivity_synth/lr/runs.csv,lr,0.005,0.01,True
sens_synth__synthetic_n1000_d100_fixedseed3102__lr__seed7__divi,run_divi_sensitivity_synth.py,2026-03-25T13:18:34Z,unknown,x86_64,cpu,x86_64,synthetic,synthetic_n1000_d100_fixedseed3102,sens_lr,1000,100,3,0.1,0.9,3.0,3102.0,7,divi,1.0,divi,1000.0,1.0,80.0,auto_entropy,141.89385332046726,1.0,0.005,1.0,0.1,300.0,300.0,4,3,80.0,240.0,"[80, 160, 240]",0.9174192956875746,0.9292901596750676,1.0,0.933,10.0,0.1,0.2368156611919403,0.1548132002353668,188748.015625,182396.25,6351.765625,187322.4375,1.42558491230011,2.288491710998642,0.1642066329986846,2.1171321379988512,0.0060480829997686,0.0064463140006409,0.0070571071266628,462.46484375,ok,False,,,,,,,outputs_revision/sensitivity_synth/lr/runs.csv,lr,0.005,0.01,True
sens_synth__synthetic_n1000_d100_fixedseed3102__lr__seed8__divi,run_divi_sensitivity_synth.py,2026-03-25T13:18:36Z,unknown,x86_64,cpu,x86_64,synthetic,synthetic_n1000_d100_fixedseed3102,sens_lr,1000,100,3,0.1,0.9,3.0,3102.0,8,divi,1.0,divi,1000.0,1.0,80.0,auto_entropy,141.89385332046726,1.0,0.005,1.0,0.1,300.0,300.0,4,3,80.0,240.0,"[80, 160, 240]",0.8768850909317807,0.9042817392486224,1.0,0.88,10.0,0.1,0.2359309792518615,0.1516283601522445,188595.828125,184121.109375,4474.71875,187221.65625,1.3741769790649414,2.2361690280013136,0.1502521820002584,2.0778553990021464,0.0064062970013765,0.0073395330000494,0.0069261846633404,467.42578125,ok,False,,,,,,,outputs_revision/sensitivity_synth/lr/runs.csv,lr,0.005,0.01,True
sens_synth__synthetic_n1000_d100_fixedseed3102__lr__seed9__divi,run_divi_sensitivity_synth.py,2026-03-25T13:18:39Z,unknown,x86_64,cpu,x86_64,synthetic,synthetic_n1000_d100_fixedseed3102,sens_lr,1000,100,3,0.1,0.9,3.0,3102.0,9,divi,1.0,divi,1000.0,1.0,80.0,auto_entropy,141.89385332046726,1.0,0.005,1.0,0.1,300.0,300.0,4,3,80.0,240.0,"[80, 160, 240]",0.9002772499333923,0.9199217882088078,1.0,0.913,10.0,0.1,0.236338198184967,0.1580567955970764,188560.75,181472.65625,7088.09375,187158.171875,1.4025834798812866,2.672192695998092,0.158374245998857,2.50486386600096,0.0103690160030964,0.0080419590012752,0.0083495462200032,475.3125,ok,False,,,,,,,outputs_revision/sensitivity_synth/lr/runs.csv,lr,0.005,0.01,True
sens_synth__synthetic_n1000_d100_fixedseed3102__lr__seed0__divi,run_divi_sensitivity_synth.py,2026-03-25T13:18:42Z,unknown,x86_64,cpu,x86_64,synthetic,synthetic_n1000_d100_fixedseed3102,sens_lr,1000,100,3,0.1,0.9,3.0,3102.0,0,divi,1.0,divi,1000.0,1.0,80.0,auto_entropy,141.89385332046726,1.0,0.01,1.0,0.1,300.0,300.0,4,3,80.0,240.0,"[80, 160, 240]",0.9050367640593462,0.9224401943462928,1.0,0.919,10.0,0.1,0.261843740940094,0.1868165135383606,188118.390625,181730.328125,6388.0625,185113.75,3.004643440246582,2.7869293879994075,0.2597458010022819,2.5191494549981144,0.0069604070013156,0.007064386998536,0.0083971648499937,475.3203125,ok,False,,,,,,,outputs_revision/sensitivity_synth/lr/runs.csv,lr,0.01,0.01,True
sens_synth__synthetic_n1000_d100_fixedseed3102__lr__seed1__divi,run_divi_sensitivity_synth.py,2026-03-25T13:18:44Z,unknown,x86_64,cpu,x86_64,synthetic,synthetic_n1000_d100_fixedseed3102,sens_lr,1000,100,3,0.1,0.9,3.0,3102.0,1,divi,1.0,divi,1000.0,1.0,80.0,auto_entropy,141.89385332046726,1.0,0.01,1.0,0.1,300.0,300.0,4,3,80.0,240.0,"[80, 160, 240]",0.8880081922989718,0.9136906351009464,1.0,0.895,10.0,0.1,0.2617155909538269,0.1800341010093689,188104.46875,179295.5625,8808.90625,185116.03125,2.9884297847747803,2.540913983000792,0.1699481479990936,2.363817143999768,0.0064506740018259,0.0063524899996991,0.0078793904799992,468.203125,ok,False,,,,,,,outputs_revision/sensitivity_synth/lr/runs.csv,lr,0.01,0.01,True
sens_synth__synthetic_n1000_d100_fixedseed3102__lr__seed2__divi,run_divi_sensitivity_synth.py,2026-03-25T13:18:47Z,unknown,x86_64,cpu,x86_64,synthetic,synthetic_n1000_d100_fixedseed3102,sens_lr,1000,100,3,0.1,0.9,3.0,3102.0,2,divi,1.0,divi,1000.0,1.0,80.0,auto_entropy,141.89385332046726,1.0,0.01,1.0,0.1,300.0,300.0,4,3,80.0,240.0,"[80, 160, 240]",0.871408677445161,0.9057904437620784,1.0,0.853,10.0,0.1,0.2578036785125732,0.1772044450044632,188072.5625,179973.09375,8099.46875,185360.109375,2.712459087371826,2.3622574039982283,0.1487570419994881,2.204885246999765,0.0060686859978886,0.0078304710004886,0.0073496174899992,471.1328125,ok,False,,,,,,,outputs_revision/sensitivity_synth/lr/runs.csv,lr,0.01,0.01,True
sens_synth__synthetic_n1000_d100_fixedseed3102__lr__seed3__divi,run_divi_sensitivity_synth.py,2026-03-25T13:18:49Z,unknown,x86_64,cpu,x86_64,synthetic,synthetic_n1000_d100_fixedseed3102,sens_lr,1000,100,3,0.1,0.9,3.0,3102.0,3,divi,1.0,divi,1000.0,1.0,80.0,auto_entropy,141.89385332046726,1.0,0.01,1.0,0.1,300.0,300.0,4,3,80.0,240.0,"[80, 160, 240]",0.8710456305995662,0.905623826041484,1.0,0.851,10.0,0.1,0.2571823596954345,0.1691636890172958,188104.953125,179621.640625,8483.3125,185419.75,2.6851956844329834,2.2087390950000554,0.1509617470001103,2.050112378998165,0.0055099559976952,0.0069585739984177,0.0068337079299938,477.23828125,ok,False,,,,,,,outputs_revision/sensitivity_synth/lr/runs.csv,lr,0.01,0.01,True
sens_synth__synthetic_n1000_d100_fixedseed3102__lr__seed4__divi,run_divi_sensitivity_synth.py,2026-03-25T13:18:52Z,unknown,x86_64,cpu,x86_64,synthetic,synthetic_n1000_d100_fixedseed3102,sens_lr,1000,100,3,0.1,0.9,3.0,3102.0,4,divi,1.0,divi,1000.0,1.0,80.0,auto_entropy,141.89385332046726,1.0,0.01,1.0,0.1,300.0,300.0,4,3,80.0,240.0,"[80, 160, 240]",0.8696908176385139,0.90500424105296,1.0,0.839,10.0,0.1,0.2572711706161499,0.169757455587387,188090.921875,178831.546875,9259.375,185409.234375,2.681694507598877,2.754802316998393,0.1646288669981004,2.581279360998451,0.007398126002954,0.0081469189972267,0.0086042645366615,476.09765625,ok,False,,,,,,,outputs_revision/sensitivity_synth/lr/runs.csv,lr,0.01,0.01,True
sens_synth__synthetic_n1000_d100_fixedseed3102__lr__seed5__divi,run_divi_sensitivity_synth.py,2026-03-25T13:18:55Z,unknown,x86_64,cpu,x86_64,synthetic,synthetic_n1000_d100_fixedseed3102,sens_lr,1000,100,3,0.1,0.9,3.0,3102.0,5,divi,1.0,divi,1000.0,1.0,80.0,auto_entropy,141.89385332046726,1.0,0.01,1.0,0.1,300.0,300.0,4,3,80.0,240.0,"[80, 160, 240]",0.8712222585481156,0.9057048569349366,1.0,0.852,10.0,0.1,0.2590311765670776,0.1766994893550872,188100.96875,180206.765625,7894.203125,185291.953125,2.809010505676269,3.088072512000508,0.2309993369999574,2.8442534860005253,0.00783272499757,0.0117239729988796,0.009480844953335,460.9609375,ok,False,,,,,,,outputs_revision/sensitivity_synth/lr/runs.csv,lr,0.01,0.01,True
sens_synth__synthetic_n1000_d100_fixedseed3102__lr__seed6__divi,run_divi_sensitivity_synth.py,2026-03-25T13:18:58Z,unknown,x86_64,cpu,x86_64,synthetic,synthetic_n1000_d100_fixedseed3102,sens_lr,1000,100,3,0.1,0.9,3.0,3102.0,6,divi,1.0,divi,1000.0,1.0,80.0,auto_entropy,141.89385332046726,1.0,0.01,1.0,0.1,300.0,300.0,4,3,80.0,240.0,"[80, 160, 240]",0.8845973904454957,0.9120202475420424,1.0,0.889,10.0,0.1,0.2601928412914276,0.1774344146251678,188132.359375,180989.0625,7143.296875,185221.5625,2.910790205001831,2.5790350799979933,0.1461825029982719,2.425631556998269,0.0062799410006846,0.0064954720000969,0.0080854385233275,469.359375,ok,False,,,,,,,outputs_revision/sensitivity_synth/lr/runs.csv,lr,0.01,0.01,True
sens_synth__synthetic_n1000_d100_fixedseed3102__lr__seed7__divi,run_divi_sensitivity_synth.py,2026-03-25T13:19:00Z,unknown,x86_64,cpu,x86_64,synthetic,synthetic_n1000_d100_fixedseed3102,sens_lr,1000,100,3,0.1,0.9,3.0,3102.0,7,divi,1.0,divi,1000.0,1.0,80.0,auto_entropy,141.89385332046726,1.0,0.01,1.0,0.1,300.0,300.0,4,3,80.0,240.0,"[80, 160, 240]",0.8701916465625515,0.9052328786980448,1.0,0.845,10.0,0.1,0.2592122852802276,0.181307315826416,188139.203125,180854.640625,7284.5625,185272.4375,2.866772413253784,2.4474590530007845,0.1503514440009894,2.2883397180012253,0.0069464790030906,0.0080305299998144,0.007627799060004,467.328125,ok,False,,,,,,,outputs_revision/sensitivity_synth/lr/runs.csv,lr,0.01,0.01,True
sens_synth__synthetic_n1000_d100_fixedseed3102__lr__seed8__divi,run_divi_sensitivity_synth.py,2026-03-25T13:19:02Z,unknown,x86_64,cpu,x86_64,synthetic,synthetic_n1000_d100_fixedseed3102,sens_lr,1000,100,3,0.1,0.9,3.0,3102.0,8,divi,1.0,divi,1000.0,1.0,80.0,auto_entropy,141.89385332046726,1.0,0.01,1.0,0.1,300.0,300.0,4,3,80.0,240.0,"[80, 160, 240]",0.8705745248526675,0.9054079873788928,1.0,0.848,10.0,0.1,0.259381890296936,0.1778667867183685,188104.6875,182211.25,5893.4375,185276.1875,2.82849383354187,2.3699030539974046,0.1487196019988914,2.214543846999732,0.0060637170026893,0.0058662970004661,0.0073818128233324,455.88671875,ok,False,,,,,,,outputs_revision/sensitivity_synth/lr/runs.csv,lr,0.01,0.01,True
sens_synth__synthetic_n1000_d100_fixedseed3102__lr__seed9__divi,run_divi_sensitivity_synth.py,2026-03-25T13:19:05Z,unknown,x86_64,cpu,x86_64,synthetic,synthetic_n1000_d100_fixedseed3102,sens_lr,1000,100,3,0.1,0.9,3.0,3102.0,9,divi,1.0,divi,1000.0,1.0,80.0,auto_entropy,141.89385332046726,1.0,0.01,1.0,0.1,300.0,300.0,4,3,80.0,240.0,"[80, 160, 240]",0.8868332359052344,0.913112323275832,1.0,0.893,10.0,0.1,0.2592481672763824,0.184630662202835,188153.5625,178901.96875,9251.59375,185279.90625,2.8736491203308105,2.68252120300167,0.1674692730011884,2.5075275230010448,0.0060856830023112,0.0067156559998693,0.0083584250766701,460.46875,ok,False,,,,,,,outputs_revision/sensitivity_synth/lr/runs.csv,lr,0.01,0.01,True
sens_synth__synthetic_n1000_d100_fixedseed3102__lr__seed0__divi,run_divi_sensitivity_synth.py,2026-03-25T13:19:08Z,unknown,x86_64,cpu,x86_64,synthetic,synthetic_n1000_d100_fixedseed3102,sens_lr,1000,100,3,0.1,0.9,3.0,3102.0,0,divi,1.0,divi,1000.0,1.0,80.0,auto_entropy,141.89385332046726,1.0,0.02,1.0,0.1,300.0,300.0,4,3,80.0,240.0,"[80, 160, 240]",0.8845973904454957,0.9120202475420424,1.0,0.889,10.0,0.1,0.2669742405414581,0.1929677426815033,188291.875,181510.796875,6781.078125,184770.0,3.521876573562622,2.954987811001047,0.2208370049993391,2.7264627540025685,0.0067563029988377,0.0068247050003265,0.0090882091800085,464.03125,ok,False,,,,,,,outputs_revision/sensitivity_synth/lr/runs.csv,lr,0.02,0.01,True
sens_synth__synthetic_n1000_d100_fixedseed3102__lr__seed1__divi,run_divi_sensitivity_synth.py,2026-03-25T13:19:11Z,unknown,x86_64,cpu,x86_64,synthetic,synthetic_n1000_d100_fixedseed3102,sens_lr,1000,100,3,0.1,0.9,3.0,3102.0,1,divi,1.0,divi,1000.0,1.0,80.0,auto_entropy,141.89385332046726,1.0,0.02,1.0,0.1,300.0,300.0,4,3,80.0,240.0,"[80, 160, 240]",0.8732520421292927,0.906640324099244,1.0,0.861,10.0,0.1,0.2637594640254974,0.1852324306964874,188213.1875,178866.15625,9347.03125,184968.171875,3.245012760162353,2.5844416310028464,0.1643180589999247,2.4104329159999907,0.0060906079961569,0.0088873490021796,0.0080347763866666,470.01171875,ok,False,,,,,,,outputs_revision/sensitivity_synth/lr/runs.csv,lr,0.02,0.01,True
sens_synth__synthetic_n1000_d100_fixedseed3102__lr__seed2__divi,run_divi_sensitivity_synth.py,2026-03-25T13:19:13Z,unknown,x86_64,cpu,x86_64,synthetic,synthetic_n1000_d100_fixedseed3102,sens_lr,1000,100,3,0.1,0.9,3.0,3102.0,2,divi,1.0,divi,1000.0,1.0,80.0,auto_entropy,141.89385332046726,1.0,0.02,1.0,0.1,300.0,300.0,4,3,80.0,240.0,"[80, 160, 240]",0.8695533070410777,0.9049415470834168,1.0,0.835,10.0,0.1,0.2608932256698608,0.1781276613473892,188206.4375,179689.203125,8517.234375,185154.59375,3.0518505573272705,2.5526983969975845,0.1573489570000674,2.3885101020023285,0.0061436679970938,0.0060899449999851,0.0079617003400077,459.07421875,ok,False,,,,,,,outputs_revision/sensitivity_synth/lr/runs.csv,lr,0.02,0.01,True
sens_synth__synthetic_n1000_d100_fixedseed3102__lr__seed3__divi,run_divi_sensitivity_synth.py,2026-03-25T13:19:16Z,unknown,x86_64,cpu,x86_64,synthetic,synthetic_n1000_d100_fixedseed3102,sens_lr,1000,100,3,0.1,0.9,3.0,3102.0,3,divi,1.0,divi,1000.0,1.0,80.0,auto_entropy,141.89385332046726,1.0,0.02,1.0,0.1,300.0,300.0,4,3,80.0,240.0,"[80, 160, 240]",0.8705745248526675,0.9054079873788928,1.0,0.848,10.0,0.1,0.2593335807323456,0.1753483712673187,188239.046875,179527.671875,8711.375,185268.859375,2.970187187194824,2.6341230859979987,0.1587818340012745,2.4671014759987884,0.0063032529942574,0.0074805690019275,0.0082236715866626,479.9375,ok,False,,,,,,,outputs_revision/sensitivity_synth/lr/runs.csv,lr,0.02,0.01,True
sens_synth__synthetic_n1000_d100_fixedseed3102__lr__seed4__divi,run_divi_sensitivity_synth.py,2026-03-25T13:19:19Z,unknown,x86_64,cpu,x86_64,synthetic,synthetic_n1000_d100_fixedseed3102,sens_lr,1000,100,3,0.1,0.9,3.0,3102.0,4,divi,1.0,divi,1000.0,1.0,80.0,auto_entropy,141.89385332046726,1.0,0.02,1.0,0.1,300.0,300.0,4,3,80.0,240.0,"[80, 160, 240]",0.869985442372117,0.9051386857434202,1.0,0.843,10.0,0.1,0.2596375048160553,0.1752985119819641,188226.921875,178847.609375,9379.3125,185247.140625,2.9797797203063965,3.3162713810015703,0.1515081719990121,3.153652527998929,0.0088000600044324,0.0104178879992105,0.0105121750933297,474.21484375,ok,False,,,,,,,outputs_revision/sensitivity_synth/lr/runs.csv,lr,0.02,0.01,True
sens_synth__synthetic_n1000_d100_fixedseed3102__lr__seed5__divi,run_divi_sensitivity_synth.py,2026-03-25T13:19:22Z,unknown,x86_64,cpu,x86_64,synthetic,synthetic_n1000_d100_fixedseed3102,sens_lr,1000,100,3,0.1,0.9,3.0,3102.0,5,divi,1.0,divi,1000.0,1.0,80.0,auto_entropy,141.89385332046726,1.0,0.02,1.0,0.1,300.0,300.0,4,3,80.0,240.0,"[80, 160, 240]",0.8704370921838113,0.90534510105693,1.0,0.847,10.0,0.1,0.2643943727016449,0.1819624006748199,188204.265625,179340.625,8863.640625,184927.625,3.276638984680176,2.722140547997697,0.2105870039995352,2.503455342997768,0.0064160330002778,0.0072991880006156,0.0083448511433258,471.1640625,ok,False,,,,,,,outputs_revision/sensitivity_synth/lr/runs.csv,lr,0.02,0.01,True
sens_synth__synthetic_n1000_d100_fixedseed3102__lr__seed6__divi,run_divi_sensitivity_synth.py,2026-03-25T13:19:24Z,unknown,x86_64,cpu,x86_64,synthetic,synthetic_n1000_d100_fixedseed3102,sens_lr,1000,100,3,0.1,0.9,3.0,3102.0,6,divi,1.0,divi,1000.0,1.0,80.0,auto_entropy,141.89385332046726,1.0,0.02,1.0,0.1,300.0,300.0,4,3,80.0,240.0,"[80, 160, 240]",0.8741043507272096,0.9070354933539576,1.0,0.864,10.0,0.1,0.2639717757701874,0.1785248219966888,188246.4375,180109.78125,8136.65625,184964.1875,3.282248020172119,2.400322359000711,0.1533522099998663,2.2394516059976013,0.0059482350006874,0.0067879979978897,0.0074648386866586,471.1640625,ok,False,,,,,,,outputs_revision/sensitivity_synth/lr/runs.csv,lr,0.02,0.01,True
sens_synth__synthetic_n1000_d100_fixedseed3102__lr__seed7__divi,run_divi_sensitivity_synth.py,2026-03-25T13:19:27Z,unknown,x86_64,cpu,x86_64,synthetic,synthetic_n1000_d100_fixedseed3102,sens_lr,1000,100,3,0.1,0.9,3.0,3102.0,7,divi,1.0,divi,1000.0,1.0,80.0,auto_entropy,141.89385332046726,1.0,0.02,1.0,0.1,300.0,300.0,4,3,80.0,240.0,"[80, 160, 240]",0.8796769232515574,0.9096546123325104,0.9523809523809524,0.879,11.0,0.11,0.2620751857757568,0.1810706257820129,188287.40625,180889.8125,7397.59375,185079.703125,3.207700729370117,2.585146467001323,0.1746533669975178,2.394975636001618,0.0058028269995702,0.0145159690000582,0.0079832521200053,462.0078125,ok,False,,,,,,,outputs_revision/sensitivity_synth/lr/runs.csv,lr,0.02,0.01,True
sens_synth__synthetic_n1000_d100_fixedseed3102__lr__seed8__divi,run_divi_sensitivity_synth.py,2026-03-25T13:19:30Z,unknown,x86_64,cpu,x86_64,synthetic,synthetic_n1000_d100_fixedseed3102,sens_lr,1000,100,3,0.1,0.9,3.0,3102.0,8,divi,1.0,divi,1000.0,1.0,80.0,auto_entropy,141.89385332046726,1.0,0.02,1.0,0.1,300.0,300.0,4,3,80.0,240.0,"[80, 160, 240]",0.8700836382453218,0.9051835311333336,1.0,0.844,10.0,0.1,0.2639089822769165,0.1805890053510666,188225.84375,182284.3125,5941.53125,184966.46875,3.2593774795532227,2.8446600969982683,0.1515766279990202,2.67576165599894,0.0071797979981056,0.0165551119971496,0.0089192055199964,458.578125,ok,False,,,,,,,outputs_revision/sensitivity_synth/lr/runs.csv,lr,0.02,0.01,True
sens_synth__synthetic_n1000_d100_fixedseed3102__lr__seed9__divi,run_divi_sensitivity_synth.py,2026-03-25T13:19:33Z,unknown,x86_64,cpu,x86_64,synthetic,synthetic_n1000_d100_fixedseed3102,sens_lr,1000,100,3,0.1,0.9,3.0,3102.0,9,divi,1.0,divi,1000.0,1.0,80.0,auto_entropy,141.89385332046726,1.0,0.02,1.0,0.1,300.0,300.0,4,3,80.0,240.0,"[80, 160, 240]",0.8951455628445485,0.9172715133207004,1.0,0.906,10.0,0.1,0.2611238658428192,0.1877158880233764,188262.296875,178557.140625,9705.15625,185143.4375,3.118865966796875,3.364028617001168,0.2432230519989389,3.1104559269988385,0.0081136129992955,0.0094609850020788,0.0103681864233294,456.03515625,ok,False,,,,,,,outputs_revision/sensitivity_synth/lr/runs.csv,lr,0.02,0.01,True
sens_synth__synthetic_n1000_d100_fixedseed3102__lr__seed0__divi,run_divi_sensitivity_synth.py,2026-03-25T13:19:36Z,unknown,x86_64,cpu,x86_64,synthetic,synthetic_n1000_d100_fixedseed3102,sens_lr,1000,100,3,0.1,0.9,3.0,3102.0,0,divi,1.0,divi,1000.0,1.0,80.0,auto_entropy,141.89385332046726,1.0,0.05,1.0,0.1,300.0,300.0,4,3,80.0,240.0,"[80, 160, 240]",0.873526399256262,0.9067673748127468,0.9523809523809524,0.862,11.0,0.11,0.26659095287323,0.1909239590167999,188541.375,181877.34375,6664.03125,184806.515625,3.7348532676696777,2.930320043997199,0.166422374000831,2.7533605600001465,0.0066367419967718,0.0097516370005905,0.0091778685333338,460.9921875,ok,False,,,,,,,outputs_revision/sensitivity_synth/lr/runs.csv,lr,0.05,0.01,True
sens_synth__synthetic_n1000_d100_fixedseed3102__lr__seed1__divi,run_divi_sensitivity_synth.py,2026-03-25T13:19:39Z,unknown,x86_64,cpu,x86_64,synthetic,synthetic_n1000_d100_fixedseed3102,sens_lr,1000,100,3,0.1,0.9,3.0,3102.0,1,divi,1.0,divi,1000.0,1.0,80.0,auto_entropy,141.89385332046726,1.0,0.05,1.0,0.1,300.0,300.0,4,3,80.0,240.0,"[80, 160, 240]",0.8775773322898165,0.9086604863509395,1.0,0.874,10.0,0.1,0.2640827298164367,0.1843966990709304,188550.328125,179192.609375,9357.71875,184963.71875,3.5866048336029053,2.890724414999568,0.1674421640018408,2.7153621510005905,0.0080019689958135,0.0071506109998153,0.0090512071700019,471.546875,ok,False,,,,,,,outputs_revision/sensitivity_synth/lr/runs.csv,lr,0.05,0.01,True
sens_synth__synthetic_n1000_d100_fixedseed3102__lr__seed2__divi,run_divi_sensitivity_synth.py,2026-03-25T13:19:42Z,unknown,x86_64,cpu,x86_64,synthetic,synthetic_n1000_d100_fixedseed3102,sens_lr,1000,100,3,0.1,0.9,3.0,3102.0,2,divi,1.0,divi,1000.0,1.0,80.0,auto_entropy,141.89385332046726,1.0,0.05,1.0,0.1,300.0,300.0,4,3,80.0,240.0,"[80, 160, 240]",0.8703094652837517,0.9052867334965388,1.0,0.846,10.0,0.1,0.2595198154449463,0.1814491748809814,188355.796875,179852.546875,8503.25,185257.625,3.0981698036193848,2.8437084200013487,0.1759903499987558,2.659721075000561,0.0062549700014642,0.0071953000006033,0.0088657369166685,468.1171875,ok,False,,,,,,,outputs_revision/sensitivity_synth/lr/runs.csv,lr,0.05,0.01,True
sens_synth__synthetic_n1000_d100_fixedseed3102__lr__seed3__divi,run_divi_sensitivity_synth.py,2026-03-25T13:19:45Z,unknown,x86_64,cpu,x86_64,synthetic,synthetic_n1000_d100_fixedseed3102,sens_lr,1000,100,3,0.1,0.9,3.0,3102.0,3,divi,1.0,divi,1000.0,1.0,80.0,auto_entropy,141.89385332046726,1.0,0.05,1.0,0.1,300.0,300.0,4,3,80.0,240.0,"[80, 160, 240]",0.8775773322898165,0.9086604863509395,1.0,0.874,10.0,0.1,0.2620227336883545,0.1785489916801452,188549.375,179153.953125,9395.421875,185100.0,3.449382066726685,3.358983365000313,0.1687013199989451,3.1815203330006625,0.0070739000038884,0.0079332940003951,0.0106050677766688,464.4296875,ok,False,,,,,,,outputs_revision/sensitivity_synth/lr/runs.csv,lr,0.05,0.01,True
sens_synth__synthetic_n1000_d100_fixedseed3102__lr__seed4__divi,run_divi_sensitivity_synth.py,2026-03-25T13:19:48Z,unknown,x86_64,cpu,x86_64,synthetic,synthetic_n1000_d100_fixedseed3102,sens_lr,1000,100,3,0.1,0.9,3.0,3102.0,4,divi,1.0,divi,1000.0,1.0,80.0,auto_entropy,141.89385332046726,1.0,0.05,1.0,0.1,300.0,300.0,4,3,80.0,240.0,"[80, 160, 240]",0.8768051419230117,0.908297109251397,1.0,0.872,10.0,0.1,0.2604883909225464,0.1752671599388122,188552.75,179379.90625,9172.84375,185202.125,3.35062026977539,2.975871320999431,0.1707115360004536,2.798028876000899,0.0067463050036167,0.0063452460017288,0.0093267629200029,468.8828125,ok,False,,,,,,,outputs_revision/sensitivity_synth/lr/runs.csv,lr,0.05,0.01,True
sens_synth__synthetic_n1000_d100_fixedseed3102__lr__seed5__divi,run_divi_sensitivity_synth.py,2026-03-25T13:19:51Z,unknown,x86_64,cpu,x86_64,synthetic,synthetic_n1000_d100_fixedseed3102,sens_lr,1000,100,3,0.1,0.9,3.0,3102.0,5,divi,1.0,divi,1000.0,1.0,80.0,auto_entropy,141.89385332046726,1.0,0.05,1.0,0.1,300.0,300.0,4,3,80.0,240.0,"[80, 160, 240]",0.869543484391477,0.9049370700829544,1.0,0.834,10.0,0.1,0.2662655711174011,0.1824628412723541,188368.734375,178842.1875,9526.546875,184819.5625,3.549177885055542,2.855071535999741,0.1740406379976775,2.673465692001628,0.0086400090040115,0.0067820750009559,0.008911552306672,470.15234375,ok,False,,,,,,,outputs_revision/sensitivity_synth/lr/runs.csv,lr,0.05,0.01,True
sens_synth__synthetic_n1000_d100_fixedseed3102__lr__seed6__divi,run_divi_sensitivity_synth.py,2026-03-25T13:19:54Z,unknown,x86_64,cpu,x86_64,synthetic,synthetic_n1000_d100_fixedseed3102,sens_lr,1000,100,3,0.1,0.9,3.0,3102.0,6,divi,1.0,divi,1000.0,1.0,80.0,auto_entropy,141.89385332046726,1.0,0.05,1.0,0.1,300.0,300.0,4,3,80.0,240.0,"[80, 160, 240]",0.8696908176385139,0.90500424105296,1.0,0.839,10.0,0.1,0.2648463547229767,0.1694908887147903,188558.546875,180310.625,8247.921875,184915.4375,3.643111228942871,2.7077462489978643,0.166130035999231,2.534593682998093,0.0061545979988295,0.0062152079990482,0.0084486456099936,472.82421875,ok,False,,,,,,,outputs_revision/sensitivity_synth/lr/runs.csv,lr,0.05,0.01,True
sens_synth__synthetic_n1000_d100_fixedseed3102__lr__seed7__divi,run_divi_sensitivity_synth.py,2026-03-25T13:19:57Z,unknown,x86_64,cpu,x86_64,synthetic,synthetic_n1000_d100_fixedseed3102,sens_lr,1000,100,3,0.1,0.9,3.0,3102.0,7,divi,1.0,divi,1000.0,1.0,80.0,auto_entropy,141.89385332046726,1.0,0.05,1.0,0.1,300.0,300.0,4,3,80.0,240.0,"[80, 160, 240]",0.883536667775874,0.9115059429577412,0.9523809523809524,0.887,11.0,0.11,0.2581697702407837,0.1762544810771942,188452.4375,180947.359375,7505.078125,185350.640625,3.101797342300415,2.9769124720005493,0.1901187260009464,2.7768476090022887,0.0085723209995194,0.0091818389992113,0.0092561586966742,453.3671875,ok,False,,,,,,,outputs_revision/sensitivity_synth/lr/runs.csv,lr,0.05,0.01,True
sens_synth__synthetic_n1000_d100_fixedseed3102__lr__seed8__divi,run_divi_sensitivity_synth.py,2026-03-25T13:20:00Z,unknown,x86_64,cpu,x86_64,synthetic,synthetic_n1000_d100_fixedseed3102,sens_lr,1000,100,3,0.1,0.9,3.0,3102.0,8,divi,1.0,divi,1000.0,1.0,80.0,auto_entropy,141.89385332046726,1.0,0.05,1.0,0.1,300.0,300.0,4,3,80.0,240.0,"[80, 160, 240]",0.8760716949460613,0.9079530683949322,1.0,0.87,10.0,0.1,0.2653422951698303,0.1843078434467315,188522.375,182032.53125,6489.84375,184881.828125,3.640545129776001,3.294338971998513,0.2513699880000786,3.035860034000507,0.0095601239991083,0.0061900729997432,0.0101195334466683,460.875,ok,False,,,,,,,outputs_revision/sensitivity_synth/lr/runs.csv,lr,0.05,0.01,True
sens_synth__synthetic_n1000_d100_fixedseed3102__lr__seed9__divi,run_divi_sensitivity_synth.py,2026-03-25T13:20:03Z,unknown,x86_64,cpu,x86_64,synthetic,synthetic_n1000_d100_fixedseed3102,sens_lr,1000,100,3,0.1,0.9,3.0,3102.0,9,divi,1.0,divi,1000.0,1.0,80.0,auto_entropy,141.89385332046726,1.0,0.05,1.0,0.1,300.0,300.0,4,3,80.0,240.0,"[80, 160, 240]",0.8995162905625221,0.919524616754216,1.0,0.912,10.0,0.1,0.2567532658576965,0.1744158864021301,188416.171875,178529.046875,9887.125,185448.765625,2.967413663864136,3.144508166002197,0.1984298609968391,2.9367202690009435,0.0083058189993607,0.0085726440011058,0.0097890675633364,470.4140625,ok,False,,,,,,,outputs_revision/sensitivity_synth/lr/runs.csv,lr,0.05,0.01,True
sens_synth__synthetic_n200_d100_fixedseed3101__tau_mult__seed0__divi,run_divi_sensitivity_synth.py,2026-03-25T09:30:11Z,unknown,x86_64,cpu,x86_64,synthetic,synthetic_n200_d100_fixedseed3101,sens_tau_mult,200,100,3,0.1,0.9,3.0,3101.0,0,divi,1.0,divi,200.0,1.0,80.0,manual_mult,127.70446798842052,0.9,0.01,1.0,0.1,300.0,300.0,4,3,80.0,240.0,"[80, 160, 240]",0.8768788468816415,0.9085063091968448,0.5555555555555556,0.87,26.0,0.26,0.4033045470714569,0.3418942093849182,36114.3671875,33926.39453125,2187.97265625,35069.875,5.222455978393555,2.7516389729989896,0.2059497890004422,0.8802305239987618,0.0031432349987881,0.0023521319999417,0.0029341017466625,452.5859375,ok,False,,,,,,,outputs_revision/sensitivity_synth/tau_mult/runs.csv,tau_mult,0.9,1.0,True
sens_synth__synthetic_n200_d100_fixedseed3101__tau_mult__seed1__divi,run_divi_sensitivity_synth.py,2026-03-25T09:30:12Z,unknown,x86_64,cpu,x86_64,synthetic,synthetic_n200_d100_fixedseed3101,sens_tau_mult,200,100,3,0.1,0.9,3.0,3101.0,1,divi,1.0,divi,200.0,1.0,80.0,manual_mult,127.70446798842052,0.9,0.01,1.0,0.1,300.0,300.0,4,3,80.0,240.0,"[80, 160, 240]",0.8752745873288594,0.907757086966724,0.5555555555555556,0.865,26.0,0.26,0.4020082950592041,0.3353838920593261,36108.59765625,33454.0859375,2654.51171875,35087.42578125,5.105858325958252,0.9417224130011164,0.1475630490003823,0.7913879759998963,0.0027825289980683,0.0019656849999591,0.0026379599199996,452.8203125,ok,False,,,,,,,outputs_revision/sensitivity_synth/tau_mult/runs.csv,tau_mult,0.9,1.0,True
sens_synth__synthetic_n200_d100_fixedseed3101__tau_mult__seed2__divi,run_divi_sensitivity_synth.py,2026-03-25T09:30:13Z,unknown,x86_64,cpu,x86_64,synthetic,synthetic_n200_d100_fixedseed3101,sens_tau_mult,200,100,3,0.1,0.9,3.0,3101.0,2,divi,1.0,divi,200.0,1.0,80.0,manual_mult,127.70446798842052,0.9,0.01,1.0,0.1,300.0,300.0,4,3,80.0,240.0,"[80, 160, 240]",0.8728032139844207,0.9066127929577492,0.5405405405405406,0.855,27.0,0.27,0.4066000878810882,0.369909405708313,36112.85546875,34019.36328125,2093.4921875,35013.38671875,5.497335910797119,1.002877623999666,0.1319063399987499,0.8684744380007032,0.0026121829996554,0.0017827929987106,0.0028949147933356,450.3671875,ok,False,,,,,,,outputs_revision/sensitivity_synth/tau_mult/runs.csv,tau_mult,0.9,1.0,True
sens_synth__synthetic_n200_d100_fixedseed3101__tau_mult__seed3__divi,run_divi_sensitivity_synth.py,2026-03-25T09:30:14Z,unknown,x86_64,cpu,x86_64,synthetic,synthetic_n200_d100_fixedseed3101,sens_tau_mult,200,100,3,0.1,0.9,3.0,3101.0,3,divi,1.0,divi,200.0,1.0,80.0,manual_mult,127.70446798842052,0.9,0.01,1.0,0.1,300.0,300.0,4,3,80.0,240.0,"[80, 160, 240]",0.8719372920321685,0.9062146470278732,0.5555555555555556,0.85,26.0,0.26,0.4026415348052978,0.3604307770729065,36106.2578125,33544.24609375,2562.01171875,35068.640625,5.188094139099121,0.9866069309991872,0.1343586569983017,0.8494411379997473,0.0029893350001657,0.0022189720002643,0.0028314704599991,452.05078125,ok,False,,,,,,,outputs_revision/sensitivity_synth/tau_mult/runs.csv,tau_mult,0.9,1.0,True
sens_synth__synthetic_n200_d100_fixedseed3101__tau_mult__seed4__divi,run_divi_sensitivity_synth.py,2026-03-25T09:30:15Z,unknown,x86_64,cpu,x86_64,synthetic,synthetic_n200_d100_fixedseed3101,sens_tau_mult,200,100,3,0.1,0.9,3.0,3101.0,4,divi,1.0,divi,200.0,1.0,80.0,manual_mult,127.70446798842052,0.9,0.01,1.0,0.1,300.0,300.0,4,3,80.0,240.0,"[80, 160, 240]",0.8719372920321685,0.9062146470278732,0.5555555555555556,0.85,26.0,0.26,0.40158212184906,0.3524704575538635,36102.453125,34084.38671875,2018.06640625,35083.82421875,5.093147277832031,0.9393311139992876,0.1307103039998765,0.8059784209999634,0.0026102509982592,0.0020096299995202,0.0026865947366665,451.23046875,ok,False,,,,,,,outputs_revision/sensitivity_synth/tau_mult/runs.csv,tau_mult,0.9,1.0,True
sens_synth__synthetic_n200_d100_fixedseed3101__tau_mult__seed5__divi,run_divi_sensitivity_synth.py,2026-03-25T09:30:16Z,unknown,x86_64,cpu,x86_64,synthetic,synthetic_n200_d100_fixedseed3101,sens_tau_mult,200,100,3,0.1,0.9,3.0,3101.0,5,divi,1.0,divi,200.0,1.0,80.0,manual_mult,127.70446798842052,0.9,0.01,1.0,0.1,300.0,300.0,4,3,80.0,240.0,"[80, 160, 240]",0.8713184771469268,0.9059309964406864,0.5555555555555556,0.845,26.0,0.26,0.4033753275871277,0.3542932868003845,36103.28515625,33705.17578125,2398.109375,35061.23828125,5.210243701934815,1.0007668870002815,0.1250970870005403,0.8727060370001709,0.0033809909982664,0.0024325429985765,0.0029090201233339,452.59765625,ok,False,,,,,,,outputs_revision/sensitivity_synth/tau_mult/runs.csv,tau_mult,0.9,1.0,True
sens_synth__synthetic_n200_d100_fixedseed3101__tau_mult__seed6__divi,run_divi_sensitivity_synth.py,2026-03-25T09:30:17Z,unknown,x86_64,cpu,x86_64,synthetic,synthetic_n200_d100_fixedseed3101,sens_tau_mult,200,100,3,0.1,0.9,3.0,3101.0,6,divi,1.0,divi,200.0,1.0,80.0,manual_mult,127.70446798842052,0.9,0.01,1.0,0.1,300.0,300.0,4,3,80.0,240.0,"[80, 160, 240]",0.8708232455998861,0.905704516970206,0.5555555555555556,0.835,26.0,0.26,0.4005756676197052,0.3377535939216614,36116.6484375,34031.90625,2084.7421875,35105.15234375,5.057473659515381,0.9613558639994152,0.1295459299999493,0.829064395999012,0.0026892360019701,0.0021363650012062,0.0027635479866633,448.63671875,ok,False,,,,,,,outputs_revision/sensitivity_synth/tau_mult/runs.csv,tau_mult,0.9,1.0,True
sens_synth__synthetic_n200_d100_fixedseed3101__tau_mult__seed7__divi,run_divi_sensitivity_synth.py,2026-03-25T09:30:18Z,unknown,x86_64,cpu,x86_64,synthetic,synthetic_n200_d100_fixedseed3101,sens_tau_mult,200,100,3,0.1,0.9,3.0,3101.0,7,divi,1.0,divi,200.0,1.0,80.0,manual_mult,127.70446798842052,0.9,0.01,1.0,0.1,300.0,300.0,4,3,80.0,240.0,"[80, 160, 240]",0.8713184771469268,0.9059309964406864,0.5882352941176471,0.845,24.0,0.24,0.399139404296875,0.3401920199394226,36101.66796875,34154.51953125,1947.1484375,35115.4296875,4.931188583374023,0.98279996599922,0.1368179290002444,0.8431895230005466,0.0027711060010915,0.0021522429997276,0.0028106317433351,452.83984375,ok,False,,,,,,,outputs_revision/sensitivity_synth/tau_mult/runs.csv,tau_mult,0.9,1.0,True
sens_synth__synthetic_n200_d100_fixedseed3101__tau_mult__seed8__divi,run_divi_sensitivity_synth.py,2026-03-25T09:30:19Z,unknown,x86_64,cpu,x86_64,synthetic,synthetic_n200_d100_fixedseed3101,sens_tau_mult,200,100,3,0.1,0.9,3.0,3101.0,8,divi,1.0,divi,200.0,1.0,80.0,manual_mult,127.70446798842052,0.9,0.01,1.0,0.1,300.0,300.0,4,3,80.0,240.0,"[80, 160, 240]",0.8768788468816415,0.9085063091968448,0.5555555555555556,0.87,26.0,0.26,0.4040842056274414,0.3573754429817199,36119.81640625,33540.44140625,2579.375,35054.96875,5.324247360229492,0.9606329739999636,0.128891451000527,0.8291239160007535,0.0030566179993911,0.0020161800002824,0.0027637463866691,451.6171875,ok,False,,,,,,,outputs_revision/sensitivity_synth/tau_mult/runs.csv,tau_mult,0.9,1.0,True
sens_synth__synthetic_n200_d100_fixedseed3101__tau_mult__seed9__divi,run_divi_sensitivity_synth.py,2026-03-25T09:30:20Z,unknown,x86_64,cpu,x86_64,synthetic,synthetic_n200_d100_fixedseed3101,sens_tau_mult,200,100,3,0.1,0.9,3.0,3101.0,9,divi,1.0,divi,200.0,1.0,80.0,manual_mult,127.70446798842052,0.9,0.01,1.0,0.1,300.0,300.0,4,3,80.0,240.0,"[80, 160, 240]",0.8709470684613785,0.9057611001961952,0.5405405405405406,0.84,27.0,0.27,0.4004178941249847,0.3452681303024292,36113.828125,33727.671875,2386.15625,35103.734375,5.050462245941162,0.9666390560014406,0.1261446879998402,0.8376470089988288,0.0027325589999236,0.0022088959995016,0.0027921566966627,451.703125,ok,False,,,,,,,outputs_revision/sensitivity_synth/tau_mult/runs.csv,tau_mult,0.9,1.0,True
sens_synth__synthetic_n200_d100_fixedseed3101__tau_mult__seed0__divi,run_divi_sensitivity_synth.py,2026-03-25T09:30:21Z,unknown,x86_64,cpu,x86_64,synthetic,synthetic_n200_d100_fixedseed3101,sens_tau_mult,200,100,3,0.1,0.9,3.0,3101.0,0,divi,1.0,divi,200.0,1.0,80.0,manual_mult,141.89385332046726,1.0,0.01,1.0,0.1,300.0,300.0,4,3,80.0,240.0,"[80, 160, 240]",0.8768788468816415,0.9085063091968448,0.5555555555555556,0.87,26.0,0.26,0.4033045470714569,0.3418942093849182,36114.3671875,33926.39453125,2187.97265625,35069.875,5.222455978393555,1.2148423789985827,0.123786131000088,1.0880341629999748,0.0047623490008845,0.0024392920004174,0.0036267805433332,451.40234375,ok,False,,,,,,,outputs_revision/sensitivity_synth/tau_mult/runs.csv,tau_mult,1.0,1.0,True
sens_synth__synthetic_n200_d100_fixedseed3101__tau_mult__seed1__divi,run_divi_sensitivity_synth.py,2026-03-25T09:30:22Z,unknown,x86_64,cpu,x86_64,synthetic,synthetic_n200_d100_fixedseed3101,sens_tau_mult,200,100,3,0.1,0.9,3.0,3101.0,1,divi,1.0,divi,200.0,1.0,80.0,manual_mult,141.89385332046726,1.0,0.01,1.0,0.1,300.0,300.0,4,3,80.0,240.0,"[80, 160, 240]",0.8752745873288594,0.907757086966724,0.5555555555555556,0.865,26.0,0.26,0.4020082950592041,0.3353838920593261,36108.59765625,33454.0859375,2654.51171875,35087.42578125,5.105858325958252,1.364095848000943,0.1805178319991682,1.1796091230007733,0.0032614719984849,0.0032473570008733,0.0039320304100025,450.56640625,ok,False,,,,,,,outputs_revision/sensitivity_synth/tau_mult/runs.csv,tau_mult,1.0,1.0,True
sens_synth__synthetic_n200_d100_fixedseed3101__tau_mult__seed2__divi,run_divi_sensitivity_synth.py,2026-03-25T09:30:23Z,unknown,x86_64,cpu,x86_64,synthetic,synthetic_n200_d100_fixedseed3101,sens_tau_mult,200,100,3,0.1,0.9,3.0,3101.0,2,divi,1.0,divi,200.0,1.0,80.0,manual_mult,141.89385332046726,1.0,0.01,1.0,0.1,300.0,300.0,4,3,80.0,240.0,"[80, 160, 240]",0.8728032139844207,0.9066127929577492,0.5405405405405406,0.855,27.0,0.27,0.4066000878810882,0.369909405708313,36112.85546875,34019.36328125,2093.4921875,35013.38671875,5.497335910797119,1.0910647479995532,0.2144361009995918,0.8737563930008037,0.0027135189993714,0.0021057769990875,0.0029125213100026,451.5625,ok,False,,,,,,,outputs_revision/sensitivity_synth/tau_mult/runs.csv,tau_mult,1.0,1.0,True
sens_synth__synthetic_n200_d100_fixedseed3101__tau_mult__seed3__divi,run_divi_sensitivity_synth.py,2026-03-25T09:30:24Z,unknown,x86_64,cpu,x86_64,synthetic,synthetic_n200_d100_fixedseed3101,sens_tau_mult,200,100,3,0.1,0.9,3.0,3101.0,3,divi,1.0,divi,200.0,1.0,80.0,manual_mult,141.89385332046726,1.0,0.01,1.0,0.1,300.0,300.0,4,3,80.0,240.0,"[80, 160, 240]",0.8719372920321685,0.9062146470278732,0.5555555555555556,0.85,26.0,0.26,0.4026415348052978,0.3604307770729065,36106.2578125,33544.24609375,2562.01171875,35068.640625,5.188094139099121,0.8898877230003563,0.12434992299859,0.7630658300004143,0.0024636560010549,0.001939574998687,0.002543552766668,450.73046875,ok,False,,,,,,,outputs_revision/sensitivity_synth/tau_mult/runs.csv,tau_mult,1.0,1.0,True
sens_synth__synthetic_n200_d100_fixedseed3101__tau_mult__seed4__divi,run_divi_sensitivity_synth.py,2026-03-25T09:30:25Z,unknown,x86_64,cpu,x86_64,synthetic,synthetic_n200_d100_fixedseed3101,sens_tau_mult,200,100,3,0.1,0.9,3.0,3101.0,4,divi,1.0,divi,200.0,1.0,80.0,manual_mult,141.89385332046726,1.0,0.01,1.0,0.1,300.0,300.0,4,3,80.0,240.0,"[80, 160, 240]",0.8719372920321685,0.9062146470278732,0.5555555555555556,0.85,26.0,0.26,0.40158212184906,0.3524704575538635,36102.453125,34084.38671875,2018.06640625,35083.82421875,5.093147277832031,0.8894064689993684,0.1232646589996875,0.7637910190005641,0.0032434669992653,0.0017588190003152,0.0025459700633352,448.90234375,ok,False,,,,,,,outputs_revision/sensitivity_synth/tau_mult/runs.csv,tau_mult,1.0,1.0,True
sens_synth__synthetic_n200_d100_fixedseed3101__tau_mult__seed5__divi,run_divi_sensitivity_synth.py,2026-03-25T09:30:26Z,unknown,x86_64,cpu,x86_64,synthetic,synthetic_n200_d100_fixedseed3101,sens_tau_mult,200,100,3,0.1,0.9,3.0,3101.0,5,divi,1.0,divi,200.0,1.0,80.0,manual_mult,141.89385332046726,1.0,0.01,1.0,0.1,300.0,300.0,4,3,80.0,240.0,"[80, 160, 240]",0.8713184771469268,0.9059309964406864,0.5555555555555556,0.845,26.0,0.26,0.4033753275871277,0.3542932868003845,36103.28515625,33705.17578125,2398.109375,35061.23828125,5.210243701934815,0.9094134010010748,0.1257326470004045,0.7813404650005396,0.002980181001476,0.0017200500005856,0.0026044682166684,447.765625,ok,False,,,,,,,outputs_revision/sensitivity_synth/tau_mult/runs.csv,tau_mult,1.0,1.0,True
sens_synth__synthetic_n200_d100_fixedseed3101__tau_mult__seed6__divi,run_divi_sensitivity_synth.py,2026-03-25T09:30:27Z,unknown,x86_64,cpu,x86_64,synthetic,synthetic_n200_d100_fixedseed3101,sens_tau_mult,200,100,3,0.1,0.9,3.0,3101.0,6,divi,1.0,divi,200.0,1.0,80.0,manual_mult,141.89385332046726,1.0,0.01,1.0,0.1,300.0,300.0,4,3,80.0,240.0,"[80, 160, 240]",0.8708232455998861,0.905704516970206,0.5555555555555556,0.835,26.0,0.26,0.4005756676197052,0.3377535939216614,36116.6484375,34031.90625,2084.7421875,35105.15234375,5.057473659515381,0.9263011450002524,0.1220195129990315,0.8016925639985857,0.0027701469989551,0.0019778740006586,0.0026723085466619,447.6875,ok,False,,,,,,,outputs_revision/sensitivity_synth/tau_mult/runs.csv,tau_mult,1.0,1.0,True
sens_synth__synthetic_n200_d100_fixedseed3101__tau_mult__seed7__divi,run_divi_sensitivity_synth.py,2026-03-25T09:30:28Z,unknown,x86_64,cpu,x86_64,synthetic,synthetic_n200_d100_fixedseed3101,sens_tau_mult,200,100,3,0.1,0.9,3.0,3101.0,7,divi,1.0,divi,200.0,1.0,80.0,manual_mult,141.89385332046726,1.0,0.01,1.0,0.1,300.0,300.0,4,3,80.0,240.0,"[80, 160, 240]",0.8713184771469268,0.9059309964406864,0.5882352941176471,0.845,24.0,0.24,0.399139404296875,0.3401920199394226,36101.66796875,34154.51953125,1947.1484375,35115.4296875,4.931188583374023,0.948196993000238,0.125934032999794,0.8199298240015196,0.002769687998807,0.0017701329998089,0.0027330994133383,451.89453125,ok,False,,,,,,,outputs_revision/sensitivity_synth/tau_mult/runs.csv,tau_mult,1.0,1.0,True
sens_synth__synthetic_n200_d100_fixedseed3101__tau_mult__seed8__divi,run_divi_sensitivity_synth.py,2026-03-25T09:30:29Z,unknown,x86_64,cpu,x86_64,synthetic,synthetic_n200_d100_fixedseed3101,sens_tau_mult,200,100,3,0.1,0.9,3.0,3101.0,8,divi,1.0,divi,200.0,1.0,80.0,manual_mult,141.89385332046726,1.0,0.01,1.0,0.1,300.0,300.0,4,3,80.0,240.0,"[80, 160, 240]",0.8768788468816415,0.9085063091968448,0.5555555555555556,0.87,26.0,0.26,0.4040842056274414,0.3573754429817199,36119.81640625,33540.44140625,2579.375,35054.96875,5.324247360229492,0.8313606149986299,0.1161428699997486,0.7128986369989434,0.0023406930013152,0.0017822159989009,0.0023763287899964,451.51953125,ok,False,,,,,,,outputs_revision/sensitivity_synth/tau_mult/runs.csv,tau_mult,1.0,1.0,True
sens_synth__synthetic_n200_d100_fixedseed3101__tau_mult__seed9__divi,run_divi_sensitivity_synth.py,2026-03-25T09:30:30Z,unknown,x86_64,cpu,x86_64,synthetic,synthetic_n200_d100_fixedseed3101,sens_tau_mult,200,100,3,0.1,0.9,3.0,3101.0,9,divi,1.0,divi,200.0,1.0,80.0,manual_mult,141.89385332046726,1.0,0.01,1.0,0.1,300.0,300.0,4,3,80.0,240.0,"[80, 160, 240]",0.8709470684613785,0.9057611001961952,0.5405405405405406,0.84,27.0,0.27,0.4004178941249847,0.3452681303024292,36113.828125,33727.671875,2386.15625,35103.734375,5.050462245941162,0.8209378510000533,0.1209127889997034,0.6977344330007327,0.0022223799987841,0.0016607160014245,0.0023257814433357,451.75390625,ok,False,,,,,,,outputs_revision/sensitivity_synth/tau_mult/runs.csv,tau_mult,1.0,1.0,True
sens_synth__synthetic_n200_d100_fixedseed3101__tau_mult__seed0__divi,run_divi_sensitivity_synth.py,2026-03-25T09:30:30Z,unknown,x86_64,cpu,x86_64,synthetic,synthetic_n200_d100_fixedseed3101,sens_tau_mult,200,100,3,0.1,0.9,3.0,3101.0,0,divi,1.0,divi,200.0,1.0,80.0,manual_mult,156.08323865251398,1.1,0.01,1.0,0.1,300.0,300.0,4,3,80.0,240.0,"[80, 160, 240]",0.8768788468816415,0.9085063091968448,0.5555555555555556,0.87,26.0,0.26,0.4033045470714569,0.3418942093849182,36114.3671875,33926.39453125,2187.97265625,35069.875,5.222455978393555,0.9389794870003244,0.1177828079999017,0.8187526649999199,0.0024024590020417,0.0019030509993172,0.0027291755499997,451.296875,ok,False,,,,,,,outputs_revision/sensitivity_synth/tau_mult/runs.csv,tau_mult,1.1,1.0,True
sens_synth__synthetic_n200_d100_fixedseed3101__tau_mult__seed1__divi,run_divi_sensitivity_synth.py,2026-03-25T09:30:31Z,unknown,x86_64,cpu,x86_64,synthetic,synthetic_n200_d100_fixedseed3101,sens_tau_mult,200,100,3,0.1,0.9,3.0,3101.0,1,divi,1.0,divi,200.0,1.0,80.0,manual_mult,156.08323865251398,1.1,0.01,1.0,0.1,300.0,300.0,4,3,80.0,240.0,"[80, 160, 240]",0.8752745873288594,0.907757086966724,0.5555555555555556,0.865,26.0,0.26,0.4020082950592041,0.3353838920593261,36108.59765625,33454.0859375,2654.51171875,35087.42578125,5.105858325958252,0.8473818940001365,0.1233315030003723,0.721582871999999,0.002634301999933,0.0016008210004656,0.0024052762399999,451.2265625,ok,False,,,,,,,outputs_revision/sensitivity_synth/tau_mult/runs.csv,tau_mult,1.1,1.0,True
sens_synth__synthetic_n200_d100_fixedseed3101__tau_mult__seed2__divi,run_divi_sensitivity_synth.py,2026-03-25T09:30:32Z,unknown,x86_64,cpu,x86_64,synthetic,synthetic_n200_d100_fixedseed3101,sens_tau_mult,200,100,3,0.1,0.9,3.0,3101.0,2,divi,1.0,divi,200.0,1.0,80.0,manual_mult,156.08323865251398,1.1,0.01,1.0,0.1,300.0,300.0,4,3,80.0,240.0,"[80, 160, 240]",0.8728032139844207,0.9066127929577492,0.5405405405405406,0.855,27.0,0.27,0.4066000878810882,0.369909405708313,36112.85546875,34019.36328125,2093.4921875,35013.38671875,5.497335910797119,0.8219832960003259,0.1170851599999878,0.7022633769993263,0.0027872270002262,0.0020165109999652,0.002340877923331,450.2421875,ok,False,,,,,,,outputs_revision/sensitivity_synth/tau_mult/runs.csv,tau_mult,1.1,1.0,True
sens_synth__synthetic_n200_d100_fixedseed3101__tau_mult__seed3__divi,run_divi_sensitivity_synth.py,2026-03-25T09:30:33Z,unknown,x86_64,cpu,x86_64,synthetic,synthetic_n200_d100_fixedseed3101,sens_tau_mult,200,100,3,0.1,0.9,3.0,3101.0,3,divi,1.0,divi,200.0,1.0,80.0,manual_mult,156.08323865251398,1.1,0.01,1.0,0.1,300.0,300.0,4,3,80.0,240.0,"[80, 160, 240]",0.8719372920321685,0.9062146470278732,0.5555555555555556,0.85,26.0,0.26,0.4026415348052978,0.3604307770729065,36106.2578125,33544.24609375,2562.01171875,35068.640625,5.188094139099121,1.0790819300000294,0.1150356230009492,0.9612559990000592,0.0032068529981188,0.002248838000014,0.0032041866633335,451.3125,ok,False,,,,,,,outputs_revision/sensitivity_synth/tau_mult/runs.csv,tau_mult,1.1,1.0,True
sens_synth__synthetic_n200_d100_fixedseed3101__tau_mult__seed4__divi,run_divi_sensitivity_synth.py,2026-03-25T09:30:34Z,unknown,x86_64,cpu,x86_64,synthetic,synthetic_n200_d100_fixedseed3101,sens_tau_mult,200,100,3,0.1,0.9,3.0,3101.0,4,divi,1.0,divi,200.0,1.0,80.0,manual_mult,156.08323865251398,1.1,0.01,1.0,0.1,300.0,300.0,4,3,80.0,240.0,"[80, 160, 240]",0.8719372920321685,0.9062146470278732,0.5555555555555556,0.85,26.0,0.26,0.40158212184906,0.3524704575538635,36102.453125,34084.38671875,2018.06640625,35083.82421875,5.093147277832031,1.1789602440003364,0.1607228749999194,1.0149498180016965,0.0035660530011227,0.0026684960012062,0.0033831660600056,451.390625,ok,False,,,,,,,outputs_revision/sensitivity_synth/tau_mult/runs.csv,tau_mult,1.1,1.0,True
sens_synth__synthetic_n200_d100_fixedseed3101__tau_mult__seed5__divi,run_divi_sensitivity_synth.py,2026-03-25T09:30:36Z,unknown,x86_64,cpu,x86_64,synthetic,synthetic_n200_d100_fixedseed3101,sens_tau_mult,200,100,3,0.1,0.9,3.0,3101.0,5,divi,1.0,divi,200.0,1.0,80.0,manual_mult,156.08323865251398,1.1,0.01,1.0,0.1,300.0,300.0,4,3,80.0,240.0,"[80, 160, 240]",0.8713184771469268,0.9059309964406864,0.5555555555555556,0.845,26.0,0.26,0.4033753275871277,0.3542932868003845,36103.28515625,33705.17578125,2398.109375,35061.23828125,5.210243701934815,1.178965760998835,0.179758545000368,0.9967619349990856,0.0038821219986857,0.0017761680010153,0.0033225397833302,452.61328125,ok,False,,,,,,,outputs_revision/sensitivity_synth/tau_mult/runs.csv,tau_mult,1.1,1.0,True
sens_synth__synthetic_n200_d100_fixedseed3101__tau_mult__seed6__divi,run_divi_sensitivity_synth.py,2026-03-25T09:30:37Z,unknown,x86_64,cpu,x86_64,synthetic,synthetic_n200_d100_fixedseed3101,sens_tau_mult,200,100,3,0.1,0.9,3.0,3101.0,6,divi,1.0,divi,200.0,1.0,80.0,manual_mult,156.08323865251398,1.1,0.01,1.0,0.1,300.0,300.0,4,3,80.0,240.0,"[80, 160, 240]",0.8708232455998861,0.905704516970206,0.5555555555555556,0.835,26.0,0.26,0.4005756676197052,0.3377535939216614,36116.6484375,34031.90625,2084.7421875,35105.15234375,5.057473659515381,0.8452747629999067,0.1166855669998767,0.7264303100000689,0.0024106979999487,0.0016479320001963,0.0024214343666668,451.015625,ok,False,,,,,,,outputs_revision/sensitivity_synth/tau_mult/runs.csv,tau_mult,1.1,1.0,True
sens_synth__synthetic_n200_d100_fixedseed3101__tau_mult__seed7__divi,run_divi_sensitivity_synth.py,2026-03-25T09:30:37Z,unknown,x86_64,cpu,x86_64,synthetic,synthetic_n200_d100_fixedseed3101,sens_tau_mult,200,100,3,0.1,0.9,3.0,3101.0,7,divi,1.0,divi,200.0,1.0,80.0,manual_mult,156.08323865251398,1.1,0.01,1.0,0.1,300.0,300.0,4,3,80.0,240.0,"[80, 160, 240]",0.8713184771469268,0.9059309964406864,0.5882352941176471,0.845,24.0,0.24,0.399139404296875,0.3401920199394226,36101.66796875,34154.51953125,1947.1484375,35115.4296875,4.931188583374023,0.8978867339992576,0.1162276970007951,0.7793793239998195,0.0027050860007875,0.0017468440000811,0.0025979310799993,449.109375,ok,False,,,,,,,outputs_revision/sensitivity_synth/tau_mult/runs.csv,tau_mult,1.1,1.0,True
sens_synth__synthetic_n200_d100_fixedseed3101__tau_mult__seed8__divi,run_divi_sensitivity_synth.py,2026-03-25T09:30:38Z,unknown,x86_64,cpu,x86_64,synthetic,synthetic_n200_d100_fixedseed3101,sens_tau_mult,200,100,3,0.1,0.9,3.0,3101.0,8,divi,1.0,divi,200.0,1.0,80.0,manual_mult,156.08323865251398,1.1,0.01,1.0,0.1,300.0,300.0,4,3,80.0,240.0,"[80, 160, 240]",0.8768788468816415,0.9085063091968448,0.5555555555555556,0.87,26.0,0.26,0.4040842056274414,0.3573754429817199,36119.81640625,33540.44140625,2579.375,35054.96875,5.324247360229492,0.8087149639995914,0.1160470170016196,0.6905380900007003,0.0024740320022829,0.0015792869999131,0.0023017936333356,450.1796875,ok,False,,,,,,,outputs_revision/sensitivity_synth/tau_mult/runs.csv,tau_mult,1.1,1.0,True
sens_synth__synthetic_n200_d100_fixedseed3101__tau_mult__seed9__divi,run_divi_sensitivity_synth.py,2026-03-25T09:30:39Z,unknown,x86_64,cpu,x86_64,synthetic,synthetic_n200_d100_fixedseed3101,sens_tau_mult,200,100,3,0.1,0.9,3.0,3101.0,9,divi,1.0,divi,200.0,1.0,80.0,manual_mult,156.08323865251398,1.1,0.01,1.0,0.1,300.0,300.0,4,3,80.0,240.0,"[80, 160, 240]",0.8709470684613785,0.9057611001961952,0.5405405405405406,0.84,27.0,0.27,0.4004178941249847,0.3452681303024292,36113.828125,33727.671875,2386.15625,35103.734375,5.050462245941162,0.8234613979984715,0.1301955700000689,0.691047587999492,0.0022926589990674,0.0017040679995261,0.0023034919599983,451.48828125,ok,False,,,,,,,outputs_revision/sensitivity_synth/tau_mult/runs.csv,tau_mult,1.1,1.0,True
sens_synth__synthetic_n200_d100_fixedseed3101__tau_mult__seed0__divi,run_divi_sensitivity_synth.py,2026-03-25T09:30:40Z,unknown,x86_64,cpu,x86_64,synthetic,synthetic_n200_d100_fixedseed3101,sens_tau_mult,200,100,3,0.1,0.9,3.0,3101.0,0,divi,1.0,divi,200.0,1.0,80.0,manual_mult,170.2726239845607,1.2,0.01,1.0,0.1,300.0,300.0,4,3,80.0,240.0,"[80, 160, 240]",0.8768788468816415,0.9085063091968448,0.5555555555555556,0.87,26.0,0.26,0.4033045470714569,0.3418942093849182,36114.3671875,33926.39453125,2187.97265625,35069.875,5.222455978393555,0.9904569909995188,0.1210832629985816,0.8665127170006599,0.0028762799993273,0.0022868899995955,0.0028883757233355,450.7265625,ok,False,,,,,,,outputs_revision/sensitivity_synth/tau_mult/runs.csv,tau_mult,1.2,1.0,True
sens_synth__synthetic_n200_d100_fixedseed3101__tau_mult__seed1__divi,run_divi_sensitivity_synth.py,2026-03-25T09:30:41Z,unknown,x86_64,cpu,x86_64,synthetic,synthetic_n200_d100_fixedseed3101,sens_tau_mult,200,100,3,0.1,0.9,3.0,3101.0,1,divi,1.0,divi,200.0,1.0,80.0,manual_mult,170.2726239845607,1.2,0.01,1.0,0.1,300.0,300.0,4,3,80.0,240.0,"[80, 160, 240]",0.8752745873288594,0.907757086966724,0.5555555555555556,0.865,26.0,0.26,0.4020082950592041,0.3353838920593261,36108.59765625,33454.0859375,2654.51171875,35087.42578125,5.105858325958252,1.0049958910003625,0.1418630210009723,0.8609480169998278,0.002742307002336,0.0015783030012244,0.0028698267233327,451.4921875,ok,False,,,,,,,outputs_revision/sensitivity_synth/tau_mult/runs.csv,tau_mult,1.2,1.0,True
sens_synth__synthetic_n200_d100_fixedseed3101__tau_mult__seed2__divi,run_divi_sensitivity_synth.py,2026-03-25T09:30:42Z,unknown,x86_64,cpu,x86_64,synthetic,synthetic_n200_d100_fixedseed3101,sens_tau_mult,200,100,3,0.1,0.9,3.0,3101.0,2,divi,1.0,divi,200.0,1.0,80.0,manual_mult,170.2726239845607,1.2,0.01,1.0,0.1,300.0,300.0,4,3,80.0,240.0,"[80, 160, 240]",0.8728032139844207,0.9066127929577492,0.5405405405405406,0.855,27.0,0.27,0.4066000878810882,0.369909405708313,36112.85546875,34019.36328125,2093.4921875,35013.38671875,5.497335910797119,0.9139959129988712,0.131932661999599,0.7796399940016272,0.002919964999819,0.0018878279988712,0.0025987999800054,449.1015625,ok,False,,,,,,,outputs_revision/sensitivity_synth/tau_mult/runs.csv,tau_mult,1.2,1.0,True
sens_synth__synthetic_n200_d100_fixedseed3101__tau_mult__seed3__divi,run_divi_sensitivity_synth.py,2026-03-25T09:30:43Z,unknown,x86_64,cpu,x86_64,synthetic,synthetic_n200_d100_fixedseed3101,sens_tau_mult,200,100,3,0.1,0.9,3.0,3101.0,3,divi,1.0,divi,200.0,1.0,80.0,manual_mult,170.2726239845607,1.2,0.01,1.0,0.1,300.0,300.0,4,3,80.0,240.0,"[80, 160, 240]",0.8719372920321685,0.9062146470278732,0.5555555555555556,0.85,26.0,0.26,0.4026415348052978,0.3604307770729065,36106.2578125,33544.24609375,2562.01171875,35068.640625,5.188094139099121,0.8878330000006827,0.1179806100008136,0.7677156509998895,0.0024795310000627,0.0015952630001265,0.0025590521699996,451.26953125,ok,False,,,,,,,outputs_revision/sensitivity_synth/tau_mult/runs.csv,tau_mult,1.2,1.0,True
sens_synth__synthetic_n200_d100_fixedseed3101__tau_mult__seed4__divi,run_divi_sensitivity_synth.py,2026-03-25T09:30:44Z,unknown,x86_64,cpu,x86_64,synthetic,synthetic_n200_d100_fixedseed3101,sens_tau_mult,200,100,3,0.1,0.9,3.0,3101.0,4,divi,1.0,divi,200.0,1.0,80.0,manual_mult,170.2726239845607,1.2,0.01,1.0,0.1,300.0,300.0,4,3,80.0,240.0,"[80, 160, 240]",0.8719372920321685,0.9062146470278732,0.5555555555555556,0.85,26.0,0.26,0.40158212184906,0.3524704575538635,36102.453125,34084.38671875,2018.06640625,35083.82421875,5.093147277832031,0.8688461580004514,0.1145206830005918,0.7519348199984961,0.002365505999478,0.001810841000406,0.0025064493999949,449.44140625,ok,False,,,,,,,outputs_revision/sensitivity_synth/tau_mult/runs.csv,tau_mult,1.2,1.0,True
sens_synth__synthetic_n200_d100_fixedseed3101__tau_mult__seed5__divi,run_divi_sensitivity_synth.py,2026-03-25T09:30:45Z,unknown,x86_64,cpu,x86_64,synthetic,synthetic_n200_d100_fixedseed3101,sens_tau_mult,200,100,3,0.1,0.9,3.0,3101.0,5,divi,1.0,divi,200.0,1.0,80.0,manual_mult,170.2726239845607,1.2,0.01,1.0,0.1,300.0,300.0,4,3,80.0,240.0,"[80, 160, 240]",0.8713184771469268,0.9059309964406864,0.5555555555555556,0.845,26.0,0.26,0.4033753275871277,0.3542932868003845,36103.28515625,33705.17578125,2398.109375,35061.23828125,5.210243701934815,0.8632249330003106,0.1210342710000986,0.7397977040000114,0.0023943240012158,0.0018422570010443,0.0024659923466667,448.37890625,ok,False,,,,,,,outputs_revision/sensitivity_synth/tau_mult/runs.csv,tau_mult,1.2,1.0,True
sens_synth__synthetic_n200_d100_fixedseed3101__tau_mult__seed6__divi,run_divi_sensitivity_synth.py,2026-03-25T09:30:46Z,unknown,x86_64,cpu,x86_64,synthetic,synthetic_n200_d100_fixedseed3101,sens_tau_mult,200,100,3,0.1,0.9,3.0,3101.0,6,divi,1.0,divi,200.0,1.0,80.0,manual_mult,170.2726239845607,1.2,0.01,1.0,0.1,300.0,300.0,4,3,80.0,240.0,"[80, 160, 240]",0.8708232455998861,0.905704516970206,0.5555555555555556,0.835,26.0,0.26,0.4005756676197052,0.3377535939216614,36116.6484375,34031.90625,2084.7421875,35105.15234375,5.057473659515381,0.9524327609997272,0.1131882540012156,0.8364982140010397,0.0032386490001954,0.0022131789992272,0.0027883273800034,451.35546875,ok,False,,,,,,,outputs_revision/sensitivity_synth/tau_mult/runs.csv,tau_mult,1.2,1.0,True
sens_synth__synthetic_n200_d100_fixedseed3101__tau_mult__seed7__divi,run_divi_sensitivity_synth.py,2026-03-25T09:30:47Z,unknown,x86_64,cpu,x86_64,synthetic,synthetic_n200_d100_fixedseed3101,sens_tau_mult,200,100,3,0.1,0.9,3.0,3101.0,7,divi,1.0,divi,200.0,1.0,80.0,manual_mult,170.2726239845607,1.2,0.01,1.0,0.1,300.0,300.0,4,3,80.0,240.0,"[80, 160, 240]",0.8713184771469268,0.9059309964406864,0.5882352941176471,0.845,24.0,0.24,0.399139404296875,0.3401920199394226,36101.66796875,34154.51953125,1947.1484375,35115.4296875,4.931188583374023,1.186596389999977,0.179271848001008,1.0043782690008811,0.0031676739999966,0.002264094999191,0.0033479275633362,451.0546875,ok,False,,,,,,,outputs_revision/sensitivity_synth/tau_mult/runs.csv,tau_mult,1.2,1.0,True
sens_synth__synthetic_n200_d100_fixedseed3101__tau_mult__seed8__divi,run_divi_sensitivity_synth.py,2026-03-25T09:30:48Z,unknown,x86_64,cpu,x86_64,synthetic,synthetic_n200_d100_fixedseed3101,sens_tau_mult,200,100,3,0.1,0.9,3.0,3101.0,8,divi,1.0,divi,200.0,1.0,80.0,manual_mult,170.2726239845607,1.2,0.01,1.0,0.1,300.0,300.0,4,3,80.0,240.0,"[80, 160, 240]",0.8768788468816415,0.9085063091968448,0.5555555555555556,0.87,26.0,0.26,0.4040842056274414,0.3573754429817199,36119.81640625,33540.44140625,2579.375,35054.96875,5.324247360229492,1.3596622540007957,0.1738059930012241,1.1820735380006226,0.0033115300029749,0.0024024400008784,0.0039402451266687,452.27734375,ok,False,,,,,,,outputs_revision/sensitivity_synth/tau_mult/runs.csv,tau_mult,1.2,1.0,True
sens_synth__synthetic_n200_d100_fixedseed3101__tau_mult__seed9__divi,run_divi_sensitivity_synth.py,2026-03-25T09:30:49Z,unknown,x86_64,cpu,x86_64,synthetic,synthetic_n200_d100_fixedseed3101,sens_tau_mult,200,100,3,0.1,0.9,3.0,3101.0,9,divi,1.0,divi,200.0,1.0,80.0,manual_mult,170.2726239845607,1.2,0.01,1.0,0.1,300.0,300.0,4,3,80.0,240.0,"[80, 160, 240]",0.8709470684613785,0.9057611001961952,0.5405405405405406,0.84,27.0,0.27,0.4004178941249847,0.3452681303024292,36113.828125,33727.671875,2386.15625,35103.734375,5.050462245941162,0.9011590219997744,0.1194413699995493,0.779430421998768,0.0023601480006618,0.0017504130009911,0.0025981014066625,451.3671875,ok,False,,,,,,,outputs_revision/sensitivity_synth/tau_mult/runs.csv,tau_mult,1.2,1.0,True
sens_synth__synthetic_n1000_d100_fixedseed3102__tau_mult__seed0__divi,run_divi_sensitivity_synth.py,2026-03-25T09:30:52Z,unknown,x86_64,cpu,x86_64,synthetic,synthetic_n1000_d100_fixedseed3102,sens_tau_mult,1000,100,3,0.1,0.9,3.0,3102.0,0,divi,1.0,divi,1000.0,1.0,80.0,manual_mult,127.70446798842052,0.9,0.01,1.0,0.1,300.0,300.0,4,3,80.0,240.0,"[80, 160, 240]",0.9050367640593462,0.9224401943462928,1.0,0.919,10.0,0.1,0.261843740940094,0.1868165135383606,188118.390625,181730.328125,6388.0625,185113.75,3.004643440246582,2.504657032000978,0.1557731820012122,2.341603696000675,0.0058237199991708,0.006608519999645,0.0078053456533355,463.76171875,ok,False,,,,,,,outputs_revision/sensitivity_synth/tau_mult/runs.csv,tau_mult,0.9,1.0,True
sens_synth__synthetic_n1000_d100_fixedseed3102__tau_mult__seed1__divi,run_divi_sensitivity_synth.py,2026-03-25T09:30:54Z,unknown,x86_64,cpu,x86_64,synthetic,synthetic_n1000_d100_fixedseed3102,sens_tau_mult,1000,100,3,0.1,0.9,3.0,3102.0,1,divi,1.0,divi,1000.0,1.0,80.0,manual_mult,127.70446798842052,0.9,0.01,1.0,0.1,300.0,300.0,4,3,80.0,240.0,"[80, 160, 240]",0.8880081922989718,0.9136906351009464,1.0,0.895,10.0,0.1,0.2617155909538269,0.1800341010093689,188104.46875,179295.5625,8808.90625,185116.03125,2.9884297847747803,2.549252950000664,0.1565932049998082,2.3788761550003983,0.0057235770000261,0.0130686840002454,0.0079295871833346,465.546875,ok,False,,,,,,,outputs_revision/sensitivity_synth/tau_mult/runs.csv,tau_mult,0.9,1.0,True
sens_synth__synthetic_n1000_d100_fixedseed3102__tau_mult__seed2__divi,run_divi_sensitivity_synth.py,2026-03-25T09:30:57Z,unknown,x86_64,cpu,x86_64,synthetic,synthetic_n1000_d100_fixedseed3102,sens_tau_mult,1000,100,3,0.1,0.9,3.0,3102.0,2,divi,1.0,divi,1000.0,1.0,80.0,manual_mult,127.70446798842052,0.9,0.01,1.0,0.1,300.0,300.0,4,3,80.0,240.0,"[80, 160, 240]",0.871408677445161,0.9057904437620784,1.0,0.853,10.0,0.1,0.2578036785125732,0.1772044450044632,188072.5625,179973.09375,8099.46875,185360.109375,2.712459087371826,2.430470522000178,0.1616348610004934,2.2622330949998286,0.0068997539983683,0.0058993139991798,0.0075407769833327,478.13671875,ok,False,,,,,,,outputs_revision/sensitivity_synth/tau_mult/runs.csv,tau_mult,0.9,1.0,True
sens_synth__synthetic_n1000_d100_fixedseed3102__tau_mult__seed3__divi,run_divi_sensitivity_synth.py,2026-03-25T09:30:59Z,unknown,x86_64,cpu,x86_64,synthetic,synthetic_n1000_d100_fixedseed3102,sens_tau_mult,1000,100,3,0.1,0.9,3.0,3102.0,3,divi,1.0,divi,1000.0,1.0,80.0,manual_mult,127.70446798842052,0.9,0.01,1.0,0.1,300.0,300.0,4,3,80.0,240.0,"[80, 160, 240]",0.8710456305995662,0.905623826041484,1.0,0.851,10.0,0.1,0.2571823596954345,0.1691636890172958,188104.953125,179621.640625,8483.3125,185419.75,2.6851956844329834,2.737349147000714,0.1515945099999953,2.5777691780003806,0.0071603139986109,0.007290997000382,0.0085925639266679,478.90234375,ok,False,,,,,,,outputs_revision/sensitivity_synth/tau_mult/runs.csv,tau_mult,0.9,1.0,True
sens_synth__synthetic_n1000_d100_fixedseed3102__tau_mult__seed4__divi,run_divi_sensitivity_synth.py,2026-03-25T09:31:02Z,unknown,x86_64,cpu,x86_64,synthetic,synthetic_n1000_d100_fixedseed3102,sens_tau_mult,1000,100,3,0.1,0.9,3.0,3102.0,4,divi,1.0,divi,1000.0,1.0,80.0,manual_mult,127.70446798842052,0.9,0.01,1.0,0.1,300.0,300.0,4,3,80.0,240.0,"[80, 160, 240]",0.8696908176385139,0.90500424105296,1.0,0.839,10.0,0.1,0.2572711706161499,0.169757455587387,188090.921875,178831.546875,9259.375,185409.234375,2.681694507598877,2.789034294000885,0.2147143329984828,2.564055421000376,0.0077551000013045,0.0094361299998126,0.0085468514033345,467.97265625,ok,False,,,,,,,outputs_revision/sensitivity_synth/tau_mult/runs.csv,tau_mult,0.9,1.0,True
sens_synth__synthetic_n1000_d100_fixedseed3102__tau_mult__seed5__divi,run_divi_sensitivity_synth.py,2026-03-25T09:31:05Z,unknown,x86_64,cpu,x86_64,synthetic,synthetic_n1000_d100_fixedseed3102,sens_tau_mult,1000,100,3,0.1,0.9,3.0,3102.0,5,divi,1.0,divi,1000.0,1.0,80.0,manual_mult,127.70446798842052,0.9,0.01,1.0,0.1,300.0,300.0,4,3,80.0,240.0,"[80, 160, 240]",0.8712222585481156,0.9057048569349366,1.0,0.852,10.0,0.1,0.2590311765670776,0.1766994893550872,188100.96875,180206.765625,7894.203125,185291.953125,2.809010505676269,2.4211236289993394,0.1613341590000345,2.253262181999162,0.0058937149988196,0.0058519769991107,0.0075108739399972,478.15234375,ok,False,,,,,,,outputs_revision/sensitivity_synth/tau_mult/runs.csv,tau_mult,0.9,1.0,True
sens_synth__synthetic_n1000_d100_fixedseed3102__tau_mult__seed6__divi,run_divi_sensitivity_synth.py,2026-03-25T09:31:07Z,unknown,x86_64,cpu,x86_64,synthetic,synthetic_n1000_d100_fixedseed3102,sens_tau_mult,1000,100,3,0.1,0.9,3.0,3102.0,6,divi,1.0,divi,1000.0,1.0,80.0,manual_mult,127.70446798842052,0.9,0.01,1.0,0.1,300.0,300.0,4,3,80.0,240.0,"[80, 160, 240]",0.8845973904454957,0.9120202475420424,1.0,0.889,10.0,0.1,0.2601928412914276,0.1774344146251678,188132.359375,180989.0625,7143.296875,185221.5625,2.910790205001831,2.3425919840010465,0.1549132609998196,2.1811662250001973,0.0067317440007172,0.0058084230004169,0.0072705540833339,471.4140625,ok,False,,,,,,,outputs_revision/sensitivity_synth/tau_mult/runs.csv,tau_mult,0.9,1.0,True
sens_synth__synthetic_n1000_d100_fixedseed3102__tau_mult__seed7__divi,run_divi_sensitivity_synth.py,2026-03-25T09:31:09Z,unknown,x86_64,cpu,x86_64,synthetic,synthetic_n1000_d100_fixedseed3102,sens_tau_mult,1000,100,3,0.1,0.9,3.0,3102.0,7,divi,1.0,divi,1000.0,1.0,80.0,manual_mult,127.70446798842052,0.9,0.01,1.0,0.1,300.0,300.0,4,3,80.0,240.0,"[80, 160, 240]",0.8701916465625515,0.9052328786980448,1.0,0.845,10.0,0.1,0.2592122852802276,0.181307315826416,188139.203125,180854.640625,7284.5625,185272.4375,2.866772413253784,2.3269422430003037,0.1481077370008279,2.169686670998999,0.0065384349982196,0.0084289280002849,0.0072322889033299,460.3515625,ok,False,,,,,,,outputs_revision/sensitivity_synth/tau_mult/runs.csv,tau_mult,0.9,1.0,True
sens_synth__synthetic_n1000_d100_fixedseed3102__tau_mult__seed8__divi,run_divi_sensitivity_synth.py,2026-03-25T09:31:12Z,unknown,x86_64,cpu,x86_64,synthetic,synthetic_n1000_d100_fixedseed3102,sens_tau_mult,1000,100,3,0.1,0.9,3.0,3102.0,8,divi,1.0,divi,1000.0,1.0,80.0,manual_mult,127.70446798842052,0.9,0.01,1.0,0.1,300.0,300.0,4,3,80.0,240.0,"[80, 160, 240]",0.8705745248526675,0.9054079873788928,1.0,0.848,10.0,0.1,0.259381890296936,0.1778667867183685,188104.6875,182211.25,5893.4375,185276.1875,2.82849383354187,2.789268276999792,0.1642944459999853,2.6173115750007128,0.0071879690003697,0.0069305329998314,0.008724371916669,466.83984375,ok,False,,,,,,,outputs_revision/sensitivity_synth/tau_mult/runs.csv,tau_mult,0.9,1.0,True
sens_synth__synthetic_n1000_d100_fixedseed3102__tau_mult__seed9__divi,run_divi_sensitivity_synth.py,2026-03-25T09:31:15Z,unknown,x86_64,cpu,x86_64,synthetic,synthetic_n1000_d100_fixedseed3102,sens_tau_mult,1000,100,3,0.1,0.9,3.0,3102.0,9,divi,1.0,divi,1000.0,1.0,80.0,manual_mult,127.70446798842052,0.9,0.01,1.0,0.1,300.0,300.0,4,3,80.0,240.0,"[80, 160, 240]",0.8868332359052344,0.913112323275832,1.0,0.893,10.0,0.1,0.2592481672763824,0.184630662202835,188153.5625,178901.96875,9251.59375,185279.90625,2.8736491203308105,2.854118489000029,0.2212528979998751,2.6228883109997696,0.0071670709985482,0.0091268769992893,0.0087429610366658,470.27734375,ok,False,,,,,,,outputs_revision/sensitivity_synth/tau_mult/runs.csv,tau_mult,0.9,1.0,True
sens_synth__synthetic_n1000_d100_fixedseed3102__tau_mult__seed0__divi,run_divi_sensitivity_synth.py,2026-03-25T09:31:17Z,unknown,x86_64,cpu,x86_64,synthetic,synthetic_n1000_d100_fixedseed3102,sens_tau_mult,1000,100,3,0.1,0.9,3.0,3102.0,0,divi,1.0,divi,1000.0,1.0,80.0,manual_mult,141.89385332046726,1.0,0.01,1.0,0.1,300.0,300.0,4,3,80.0,240.0,"[80, 160, 240]",0.9050367640593462,0.9224401943462928,1.0,0.919,10.0,0.1,0.261843740940094,0.1868165135383606,188118.390625,181730.328125,6388.0625,185113.75,3.004643440246582,2.3901497189999645,0.153449826000724,2.2283743569987564,0.0060254049985815,0.0074720169995998,0.0074279145233291,471.04296875,ok,False,,,,,,,outputs_revision/sensitivity_synth/tau_mult/runs.csv,tau_mult,1.0,1.0,True
sens_synth__synthetic_n1000_d100_fixedseed3102__tau_mult__seed1__divi,run_divi_sensitivity_synth.py,2026-03-25T09:31:20Z,unknown,x86_64,cpu,x86_64,synthetic,synthetic_n1000_d100_fixedseed3102,sens_tau_mult,1000,100,3,0.1,0.9,3.0,3102.0,1,divi,1.0,divi,1000.0,1.0,80.0,manual_mult,141.89385332046726,1.0,0.01,1.0,0.1,300.0,300.0,4,3,80.0,240.0,"[80, 160, 240]",0.8880081922989718,0.9136906351009464,1.0,0.895,10.0,0.1,0.2617155909538269,0.1800341010093689,188104.46875,179295.5625,8808.90625,185116.03125,2.9884297847747803,2.470175372000085,0.1529345310009375,2.310005941999407,0.0060509060022013,0.0064574219995847,0.0077000198066646,478.16796875,ok,False,,,,,,,outputs_revision/sensitivity_synth/tau_mult/runs.csv,tau_mult,1.0,1.0,True
sens_synth__synthetic_n1000_d100_fixedseed3102__tau_mult__seed2__divi,run_divi_sensitivity_synth.py,2026-03-25T09:31:22Z,unknown,x86_64,cpu,x86_64,synthetic,synthetic_n1000_d100_fixedseed3102,sens_tau_mult,1000,100,3,0.1,0.9,3.0,3102.0,2,divi,1.0,divi,1000.0,1.0,80.0,manual_mult,141.89385332046726,1.0,0.01,1.0,0.1,300.0,300.0,4,3,80.0,240.0,"[80, 160, 240]",0.871408677445161,0.9057904437620784,1.0,0.853,10.0,0.1,0.2578036785125732,0.1772044450044632,188072.5625,179973.09375,8099.46875,185360.109375,2.712459087371826,2.4784851009990234,0.1491463319998729,2.3195619600010104,0.0057900270003301,0.0090885519985022,0.0077318732000033,460.3671875,ok,False,,,,,,,outputs_revision/sensitivity_synth/tau_mult/runs.csv,tau_mult,1.0,1.0,True
sens_synth__synthetic_n1000_d100_fixedseed3102__tau_mult__seed3__divi,run_divi_sensitivity_synth.py,2026-03-25T09:31:25Z,unknown,x86_64,cpu,x86_64,synthetic,synthetic_n1000_d100_fixedseed3102,sens_tau_mult,1000,100,3,0.1,0.9,3.0,3102.0,3,divi,1.0,divi,1000.0,1.0,80.0,manual_mult,141.89385332046726,1.0,0.01,1.0,0.1,300.0,300.0,4,3,80.0,240.0,"[80, 160, 240]",0.8710456305995662,0.905623826041484,1.0,0.851,10.0,0.1,0.2571823596954345,0.1691636890172958,188104.953125,179621.640625,8483.3125,185419.75,2.6851956844329834,2.599042369000017,0.15292162500009,2.438789727000767,0.008079692001047,0.0066511969998828,0.0081292990900025,460.24609375,ok,False,,,,,,,outputs_revision/sensitivity_synth/tau_mult/runs.csv,tau_mult,1.0,1.0,True
sens_synth__synthetic_n1000_d100_fixedseed3102__tau_mult__seed4__divi,run_divi_sensitivity_synth.py,2026-03-25T09:31:28Z,unknown,x86_64,cpu,x86_64,synthetic,synthetic_n1000_d100_fixedseed3102,sens_tau_mult,1000,100,3,0.1,0.9,3.0,3102.0,4,divi,1.0,divi,1000.0,1.0,80.0,manual_mult,141.89385332046726,1.0,0.01,1.0,0.1,300.0,300.0,4,3,80.0,240.0,"[80, 160, 240]",0.8696908176385139,0.90500424105296,1.0,0.839,10.0,0.1,0.2572711706161499,0.169757455587387,188090.921875,178831.546875,9259.375,185409.234375,2.681694507598877,2.702207719999933,0.2091729099993244,2.4850354219997826,0.0072398249994876,0.0071534750004502,0.0082834514066659,470.55078125,ok,False,,,,,,,outputs_revision/sensitivity_synth/tau_mult/runs.csv,tau_mult,1.0,1.0,True
sens_synth__synthetic_n1000_d100_fixedseed3102__tau_mult__seed5__divi,run_divi_sensitivity_synth.py,2026-03-25T09:31:30Z,unknown,x86_64,cpu,x86_64,synthetic,synthetic_n1000_d100_fixedseed3102,sens_tau_mult,1000,100,3,0.1,0.9,3.0,3102.0,5,divi,1.0,divi,1000.0,1.0,80.0,manual_mult,141.89385332046726,1.0,0.01,1.0,0.1,300.0,300.0,4,3,80.0,240.0,"[80, 160, 240]",0.8712222585481156,0.9057048569349366,1.0,0.852,10.0,0.1,0.2590311765670776,0.1766994893550872,188100.96875,180206.765625,7894.203125,185291.953125,2.809010505676269,2.353582105999521,0.152094469000076,2.190876379998372,0.0059708990011131,0.0099327549996814,0.0073029212666612,472.45703125,ok,False,,,,,,,outputs_revision/sensitivity_synth/tau_mult/runs.csv,tau_mult,1.0,1.0,True
sens_synth__synthetic_n1000_d100_fixedseed3102__tau_mult__seed6__divi,run_divi_sensitivity_synth.py,2026-03-25T09:31:32Z,unknown,x86_64,cpu,x86_64,synthetic,synthetic_n1000_d100_fixedseed3102,sens_tau_mult,1000,100,3,0.1,0.9,3.0,3102.0,6,divi,1.0,divi,1000.0,1.0,80.0,manual_mult,141.89385332046726,1.0,0.01,1.0,0.1,300.0,300.0,4,3,80.0,240.0,"[80, 160, 240]",0.8845973904454957,0.9120202475420424,1.0,0.889,10.0,0.1,0.2601928412914276,0.1774344146251678,188132.359375,180989.0625,7143.296875,185221.5625,2.910790205001831,2.449391799000296,0.1613931629999569,2.2812277850007376,0.0061284439998416,0.0060097450004832,0.0076040926166691,469.53515625,ok,False,,,,,,,outputs_revision/sensitivity_synth/tau_mult/runs.csv,tau_mult,1.0,1.0,True
sens_synth__synthetic_n1000_d100_fixedseed3102__tau_mult__seed7__divi,run_divi_sensitivity_synth.py,2026-03-25T09:31:35Z,unknown,x86_64,cpu,x86_64,synthetic,synthetic_n1000_d100_fixedseed3102,sens_tau_mult,1000,100,3,0.1,0.9,3.0,3102.0,7,divi,1.0,divi,1000.0,1.0,80.0,manual_mult,141.89385332046726,1.0,0.01,1.0,0.1,300.0,300.0,4,3,80.0,240.0,"[80, 160, 240]",0.8701916465625515,0.9052328786980448,1.0,0.845,10.0,0.1,0.2592122852802276,0.181307315826416,188139.203125,180854.640625,7284.5625,185272.4375,2.866772413253784,2.493206421999276,0.1511594120001973,2.335048897999513,0.0053044600008433,0.0062823160005791,0.007783496326665,471.44140625,ok,False,,,,,,,outputs_revision/sensitivity_synth/tau_mult/runs.csv,tau_mult,1.0,1.0,True
sens_synth__synthetic_n1000_d100_fixedseed3102__tau_mult__seed8__divi,run_divi_sensitivity_synth.py,2026-03-25T09:31:38Z,unknown,x86_64,cpu,x86_64,synthetic,synthetic_n1000_d100_fixedseed3102,sens_tau_mult,1000,100,3,0.1,0.9,3.0,3102.0,8,divi,1.0,divi,1000.0,1.0,80.0,manual_mult,141.89385332046726,1.0,0.01,1.0,0.1,300.0,300.0,4,3,80.0,240.0,"[80, 160, 240]",0.8705745248526675,0.9054079873788928,1.0,0.848,10.0,0.1,0.259381890296936,0.1778667867183685,188104.6875,182211.25,5893.4375,185276.1875,2.82849383354187,2.687428248000288,0.1517257150007935,2.5271190099992964,0.0072165840010711,0.0078791490013827,0.0084237300333309,473.734375,ok,False,,,,,,,outputs_revision/sensitivity_synth/tau_mult/runs.csv,tau_mult,1.0,1.0,True
sens_synth__synthetic_n1000_d100_fixedseed3102__tau_mult__seed9__divi,run_divi_sensitivity_synth.py,2026-03-25T09:31:40Z,unknown,x86_64,cpu,x86_64,synthetic,synthetic_n1000_d100_fixedseed3102,sens_tau_mult,1000,100,3,0.1,0.9,3.0,3102.0,9,divi,1.0,divi,1000.0,1.0,80.0,manual_mult,141.89385332046726,1.0,0.01,1.0,0.1,300.0,300.0,4,3,80.0,240.0,"[80, 160, 240]",0.8868332359052344,0.913112323275832,1.0,0.893,10.0,0.1,0.2592481672763824,0.184630662202835,188153.5625,178901.96875,9251.59375,185279.90625,2.8736491203308105,2.77057546099968,0.2161010210002132,2.5473644159992546,0.0069139059996814,0.0061574239989568,0.0084912147199975,464.45703125,ok,False,,,,,,,outputs_revision/sensitivity_synth/tau_mult/runs.csv,tau_mult,1.0,1.0,True
sens_synth__synthetic_n1000_d100_fixedseed3102__tau_mult__seed0__divi,run_divi_sensitivity_synth.py,2026-03-25T09:31:43Z,unknown,x86_64,cpu,x86_64,synthetic,synthetic_n1000_d100_fixedseed3102,sens_tau_mult,1000,100,3,0.1,0.9,3.0,3102.0,0,divi,1.0,divi,1000.0,1.0,80.0,manual_mult,156.08323865251398,1.1,0.01,1.0,0.1,300.0,300.0,4,3,80.0,240.0,"[80, 160, 240]",0.9050367640593462,0.9224401943462928,1.0,0.919,10.0,0.1,0.261843740940094,0.1868165135383606,188118.390625,181730.328125,6388.0625,185113.75,3.004643440246582,2.424511912999151,0.1573402470003202,2.260199796000961,0.0056718729993008,0.006300615001237,0.0075339993200032,463.0625,ok,False,,,,,,,outputs_revision/sensitivity_synth/tau_mult/runs.csv,tau_mult,1.1,1.0,True
sens_synth__synthetic_n1000_d100_fixedseed3102__tau_mult__seed1__divi,run_divi_sensitivity_synth.py,2026-03-25T09:31:45Z,unknown,x86_64,cpu,x86_64,synthetic,synthetic_n1000_d100_fixedseed3102,sens_tau_mult,1000,100,3,0.1,0.9,3.0,3102.0,1,divi,1.0,divi,1000.0,1.0,80.0,manual_mult,156.08323865251398,1.1,0.01,1.0,0.1,300.0,300.0,4,3,80.0,240.0,"[80, 160, 240]",0.8880081922989718,0.9136906351009464,1.0,0.895,10.0,0.1,0.2617155909538269,0.1800341010093689,188104.46875,179295.5625,8808.90625,185116.03125,2.9884297847747803,2.5130237550001766,0.151997807999578,2.349016629999824,0.0058641640007408,0.0113259509998897,0.0078300554333327,467.63671875,ok,False,,,,,,,outputs_revision/sensitivity_synth/tau_mult/runs.csv,tau_mult,1.1,1.0,True
sens_synth__synthetic_n1000_d100_fixedseed3102__tau_mult__seed2__divi,run_divi_sensitivity_synth.py,2026-03-25T09:31:48Z,unknown,x86_64,cpu,x86_64,synthetic,synthetic_n1000_d100_fixedseed3102,sens_tau_mult,1000,100,3,0.1,0.9,3.0,3102.0,2,divi,1.0,divi,1000.0,1.0,80.0,manual_mult,156.08323865251398,1.1,0.01,1.0,0.1,300.0,300.0,4,3,80.0,240.0,"[80, 160, 240]",0.871408677445161,0.9057904437620784,1.0,0.853,10.0,0.1,0.2578036785125732,0.1772044450044632,188072.5625,179973.09375,8099.46875,185360.109375,2.712459087371826,2.7312078659997496,0.1611731700013479,2.558272512000258,0.0064855940017878,0.0110437469993485,0.0085275750400008,463.06640625,ok,False,,,,,,,outputs_revision/sensitivity_synth/tau_mult/runs.csv,tau_mult,1.1,1.0,True
sens_synth__synthetic_n1000_d100_fixedseed3102__tau_mult__seed3__divi,run_divi_sensitivity_synth.py,2026-03-25T09:31:51Z,unknown,x86_64,cpu,x86_64,synthetic,synthetic_n1000_d100_fixedseed3102,sens_tau_mult,1000,100,3,0.1,0.9,3.0,3102.0,3,divi,1.0,divi,1000.0,1.0,80.0,manual_mult,156.08323865251398,1.1,0.01,1.0,0.1,300.0,300.0,4,3,80.0,240.0,"[80, 160, 240]",0.8710456305995662,0.905623826041484,1.0,0.851,10.0,0.1,0.2571823596954345,0.1691636890172958,188104.953125,179621.640625,8483.3125,185419.75,2.6851956844329834,2.9575906520003628,0.1617216199992981,2.7844187919999968,0.0078540209997299,0.0106366170002729,0.0092813959733333,466.88671875,ok,False,,,,,,,outputs_revision/sensitivity_synth/tau_mult/runs.csv,tau_mult,1.1,1.0,True
sens_synth__synthetic_n1000_d100_fixedseed3102__tau_mult__seed4__divi,run_divi_sensitivity_synth.py,2026-03-25T09:31:54Z,unknown,x86_64,cpu,x86_64,synthetic,synthetic_n1000_d100_fixedseed3102,sens_tau_mult,1000,100,3,0.1,0.9,3.0,3102.0,4,divi,1.0,divi,1000.0,1.0,80.0,manual_mult,156.08323865251398,1.1,0.01,1.0,0.1,300.0,300.0,4,3,80.0,240.0,"[80, 160, 240]",0.8696908176385139,0.90500424105296,1.0,0.839,10.0,0.1,0.2572711706161499,0.169757455587387,188090.921875,178831.546875,9259.375,185409.234375,2.681694507598877,2.857243188000212,0.2476707999994687,2.599353276000329,0.0074494809996394,0.0092713989997719,0.008664510920001,476.6796875,ok,False,,,,,,,outputs_revision/sensitivity_synth/tau_mult/runs.csv,tau_mult,1.1,1.0,True
sens_synth__synthetic_n1000_d100_fixedseed3102__tau_mult__seed5__divi,run_divi_sensitivity_synth.py,2026-03-25T09:31:57Z,unknown,x86_64,cpu,x86_64,synthetic,synthetic_n1000_d100_fixedseed3102,sens_tau_mult,1000,100,3,0.1,0.9,3.0,3102.0,5,divi,1.0,divi,1000.0,1.0,80.0,manual_mult,156.08323865251398,1.1,0.01,1.0,0.1,300.0,300.0,4,3,80.0,240.0,"[80, 160, 240]",0.8712222585481156,0.9057048569349366,1.0,0.852,10.0,0.1,0.2590311765670776,0.1766994893550872,188100.96875,180206.765625,7894.203125,185291.953125,2.809010505676269,2.643960318000609,0.1662405299994134,2.4669585740011826,0.007252925001012,0.0100308360015333,0.0082231952466706,470.57421875,ok,False,,,,,,,outputs_revision/sensitivity_synth/tau_mult/runs.csv,tau_mult,1.1,1.0,True
sens_synth__synthetic_n1000_d100_fixedseed3102__tau_mult__seed6__divi,run_divi_sensitivity_synth.py,2026-03-25T09:32:00Z,unknown,x86_64,cpu,x86_64,synthetic,synthetic_n1000_d100_fixedseed3102,sens_tau_mult,1000,100,3,0.1,0.9,3.0,3102.0,6,divi,1.0,divi,1000.0,1.0,80.0,manual_mult,156.08323865251398,1.1,0.01,1.0,0.1,300.0,300.0,4,3,80.0,240.0,"[80, 160, 240]",0.8845973904454957,0.9120202475420424,1.0,0.889,10.0,0.1,0.2601928412914276,0.1774344146251678,188132.359375,180989.0625,7143.296875,185221.5625,2.910790205001831,2.87957440900027,0.1950431650002428,2.674350746001437,0.0065953970042755,0.0091045410008518,0.0089145024866714,460.40234375,ok,False,,,,,,,outputs_revision/sensitivity_synth/tau_mult/runs.csv,tau_mult,1.1,1.0,True
sens_synth__synthetic_n1000_d100_fixedseed3102__tau_mult__seed7__divi,run_divi_sensitivity_synth.py,2026-03-25T09:32:02Z,unknown,x86_64,cpu,x86_64,synthetic,synthetic_n1000_d100_fixedseed3102,sens_tau_mult,1000,100,3,0.1,0.9,3.0,3102.0,7,divi,1.0,divi,1000.0,1.0,80.0,manual_mult,156.08323865251398,1.1,0.01,1.0,0.1,300.0,300.0,4,3,80.0,240.0,"[80, 160, 240]",0.8701916465625515,0.9052328786980448,1.0,0.845,10.0,0.1,0.2592122852802276,0.181307315826416,188139.203125,180854.640625,7284.5625,185272.4375,2.866772413253784,2.629017441000542,0.1599079759998858,2.454284782999821,0.006227250001757,0.0140759349997097,0.008180949276666,473.62890625,ok,False,,,,,,,outputs_revision/sensitivity_synth/tau_mult/runs.csv,tau_mult,1.1,1.0,True
sens_synth__synthetic_n1000_d100_fixedseed3102__tau_mult__seed8__divi,run_divi_sensitivity_synth.py,2026-03-25T09:32:05Z,unknown,x86_64,cpu,x86_64,synthetic,synthetic_n1000_d100_fixedseed3102,sens_tau_mult,1000,100,3,0.1,0.9,3.0,3102.0,8,divi,1.0,divi,1000.0,1.0,80.0,manual_mult,156.08323865251398,1.1,0.01,1.0,0.1,300.0,300.0,4,3,80.0,240.0,"[80, 160, 240]",0.8705745248526675,0.9054079873788928,1.0,0.848,10.0,0.1,0.259381890296936,0.1778667867183685,188104.6875,182211.25,5893.4375,185276.1875,2.82849383354187,3.1553646190004656,0.2596692899987829,2.888291785000547,0.0088928450004459,0.0064614500006427,0.0096276392833351,472.87109375,ok,False,,,,,,,outputs_revision/sensitivity_synth/tau_mult/runs.csv,tau_mult,1.1,1.0,True
sens_synth__synthetic_n1000_d100_fixedseed3102__tau_mult__seed9__divi,run_divi_sensitivity_synth.py,2026-03-25T09:32:08Z,unknown,x86_64,cpu,x86_64,synthetic,synthetic_n1000_d100_fixedseed3102,sens_tau_mult,1000,100,3,0.1,0.9,3.0,3102.0,9,divi,1.0,divi,1000.0,1.0,80.0,manual_mult,156.08323865251398,1.1,0.01,1.0,0.1,300.0,300.0,4,3,80.0,240.0,"[80, 160, 240]",0.8868332359052344,0.913112323275832,1.0,0.893,10.0,0.1,0.2592481672763824,0.184630662202835,188153.5625,178901.96875,9251.59375,185279.90625,2.8736491203308105,2.559756840000773,0.1710445709995838,2.380303025000103,0.0073965979991044,0.0075415169994812,0.007934343416667,468.796875,ok,False,,,,,,,outputs_revision/sensitivity_synth/tau_mult/runs.csv,tau_mult,1.1,1.0,True
sens_synth__synthetic_n1000_d100_fixedseed3102__tau_mult__seed0__divi,run_divi_sensitivity_synth.py,2026-03-25T09:32:11Z,unknown,x86_64,cpu,x86_64,synthetic,synthetic_n1000_d100_fixedseed3102,sens_tau_mult,1000,100,3,0.1,0.9,3.0,3102.0,0,divi,1.0,divi,1000.0,1.0,80.0,manual_mult,170.2726239845607,1.2,0.01,1.0,0.1,300.0,300.0,4,3,80.0,240.0,"[80, 160, 240]",0.9050367640593462,0.9224401943462928,1.0,0.919,10.0,0.1,0.261843740940094,0.1868165135383606,188118.390625,181730.328125,6388.0625,185113.75,3.004643440246582,2.598273165998762,0.1618385040001158,2.4271492890002264,0.0070467900004587,0.0085360960001708,0.0080904976300007,467.2734375,ok,False,,,,,,,outputs_revision/sensitivity_synth/tau_mult/runs.csv,tau_mult,1.2,1.0,True
sens_synth__synthetic_n1000_d100_fixedseed3102__tau_mult__seed1__divi,run_divi_sensitivity_synth.py,2026-03-25T09:32:13Z,unknown,x86_64,cpu,x86_64,synthetic,synthetic_n1000_d100_fixedseed3102,sens_tau_mult,1000,100,3,0.1,0.9,3.0,3102.0,1,divi,1.0,divi,1000.0,1.0,80.0,manual_mult,170.2726239845607,1.2,0.01,1.0,0.1,300.0,300.0,4,3,80.0,240.0,"[80, 160, 240]",0.8880081922989718,0.9136906351009464,1.0,0.895,10.0,0.1,0.2617155909538269,0.1800341010093689,188104.46875,179295.5625,8808.90625,185116.03125,2.9884297847747803,2.456303091999871,0.16893063399948,2.279964540999572,0.0071347229986713,0.0067254589994263,0.0075998818033319,460.78515625,ok,False,,,,,,,outputs_revision/sensitivity_synth/tau_mult/runs.csv,tau_mult,1.2,1.0,True
sens_synth__synthetic_n1000_d100_fixedseed3102__tau_mult__seed2__divi,run_divi_sensitivity_synth.py,2026-03-25T09:32:16Z,unknown,x86_64,cpu,x86_64,synthetic,synthetic_n1000_d100_fixedseed3102,sens_tau_mult,1000,100,3,0.1,0.9,3.0,3102.0,2,divi,1.0,divi,1000.0,1.0,80.0,manual_mult,170.2726239845607,1.2,0.01,1.0,0.1,300.0,300.0,4,3,80.0,240.0,"[80, 160, 240]",0.871408677445161,0.9057904437620784,1.0,0.853,10.0,0.1,0.2578036785125732,0.1772044450044632,188072.5625,179973.09375,8099.46875,185360.109375,2.712459087371826,2.90663469699939,0.1666648649988928,2.731157736001478,0.0091563549995044,0.0080890749995887,0.0091038591200049,475.92578125,ok,False,,,,,,,outputs_revision/sensitivity_synth/tau_mult/runs.csv,tau_mult,1.2,1.0,True
sens_synth__synthetic_n1000_d100_fixedseed3102__tau_mult__seed3__divi,run_divi_sensitivity_synth.py,2026-03-25T09:32:19Z,unknown,x86_64,cpu,x86_64,synthetic,synthetic_n1000_d100_fixedseed3102,sens_tau_mult,1000,100,3,0.1,0.9,3.0,3102.0,3,divi,1.0,divi,1000.0,1.0,80.0,manual_mult,170.2726239845607,1.2,0.01,1.0,0.1,300.0,300.0,4,3,80.0,240.0,"[80, 160, 240]",0.8710456305995662,0.905623826041484,1.0,0.851,10.0,0.1,0.2571823596954345,0.1691636890172958,188104.953125,179621.640625,8483.3125,185419.75,2.6851956844329834,2.9241209690007963,0.2306698199990933,2.682950782000262,0.0075982959988323,0.009317996999016,0.0089431692733342,463.078125,ok,False,,,,,,,outputs_revision/sensitivity_synth/tau_mult/runs.csv,tau_mult,1.2,1.0,True
sens_synth__synthetic_n1000_d100_fixedseed3102__tau_mult__seed4__divi,run_divi_sensitivity_synth.py,2026-03-25T09:32:21Z,unknown,x86_64,cpu,x86_64,synthetic,synthetic_n1000_d100_fixedseed3102,sens_tau_mult,1000,100,3,0.1,0.9,3.0,3102.0,4,divi,1.0,divi,1000.0,1.0,80.0,manual_mult,170.2726239845607,1.2,0.01,1.0,0.1,300.0,300.0,4,3,80.0,240.0,"[80, 160, 240]",0.8696908176385139,0.90500424105296,1.0,0.839,10.0,0.1,0.2572711706161499,0.169757455587387,188090.921875,178831.546875,9259.375,185409.234375,2.681694507598877,2.5370280820006883,0.1801879029990232,2.349924785999974,0.0079984120020526,0.0061907279996376,0.0078330826199999,462.57421875,ok,False,,,,,,,outputs_revision/sensitivity_synth/tau_mult/runs.csv,tau_mult,1.2,1.0,True
sens_synth__synthetic_n1000_d100_fixedseed3102__tau_mult__seed5__divi,run_divi_sensitivity_synth.py,2026-03-25T09:32:24Z,unknown,x86_64,cpu,x86_64,synthetic,synthetic_n1000_d100_fixedseed3102,sens_tau_mult,1000,100,3,0.1,0.9,3.0,3102.0,5,divi,1.0,divi,1000.0,1.0,80.0,manual_mult,170.2726239845607,1.2,0.01,1.0,0.1,300.0,300.0,4,3,80.0,240.0,"[80, 160, 240]",0.8712222585481156,0.9057048569349366,1.0,0.852,10.0,0.1,0.2590311765670776,0.1766994893550872,188100.96875,180206.765625,7894.203125,185291.953125,2.809010505676269,2.5938439589990594,0.1581998569999996,2.427930977999494,0.0058723759993881,0.0067794599999615,0.0080931032599983,476.30859375,ok,False,,,,,,,outputs_revision/sensitivity_synth/tau_mult/runs.csv,tau_mult,1.2,1.0,True
sens_synth__synthetic_n1000_d100_fixedseed3102__tau_mult__seed6__divi,run_divi_sensitivity_synth.py,2026-03-25T09:32:27Z,unknown,x86_64,cpu,x86_64,synthetic,synthetic_n1000_d100_fixedseed3102,sens_tau_mult,1000,100,3,0.1,0.9,3.0,3102.0,6,divi,1.0,divi,1000.0,1.0,80.0,manual_mult,170.2726239845607,1.2,0.01,1.0,0.1,300.0,300.0,4,3,80.0,240.0,"[80, 160, 240]",0.8845973904454957,0.9120202475420424,1.0,0.889,10.0,0.1,0.2601928412914276,0.1774344146251678,188132.359375,180989.0625,7143.296875,185221.5625,2.910790205001831,2.4590688469997986,0.1813014140006998,2.268437108999933,0.0058667159992182,0.0085688559993286,0.0075614570299997,473.640625,ok,False,,,,,,,outputs_revision/sensitivity_synth/tau_mult/runs.csv,tau_mult,1.2,1.0,True
sens_synth__synthetic_n1000_d100_fixedseed3102__tau_mult__seed7__divi,run_divi_sensitivity_synth.py,2026-03-25T09:32:29Z,unknown,x86_64,cpu,x86_64,synthetic,synthetic_n1000_d100_fixedseed3102,sens_tau_mult,1000,100,3,0.1,0.9,3.0,3102.0,7,divi,1.0,divi,1000.0,1.0,80.0,manual_mult,170.2726239845607,1.2,0.01,1.0,0.1,300.0,300.0,4,3,80.0,240.0,"[80, 160, 240]",0.8701916465625515,0.9052328786980448,1.0,0.845,10.0,0.1,0.2592122852802276,0.181307315826416,188139.203125,180854.640625,7284.5625,185272.4375,2.866772413253784,2.8857014990007883,0.1652544469998247,2.7098327149997203,0.0071220680001715,0.0098923040004592,0.0090327757166657,471.3515625,ok,False,,,,,,,outputs_revision/sensitivity_synth/tau_mult/runs.csv,tau_mult,1.2,1.0,True
sens_synth__synthetic_n1000_d100_fixedseed3102__tau_mult__seed8__divi,run_divi_sensitivity_synth.py,2026-03-25T09:32:32Z,unknown,x86_64,cpu,x86_64,synthetic,synthetic_n1000_d100_fixedseed3102,sens_tau_mult,1000,100,3,0.1,0.9,3.0,3102.0,8,divi,1.0,divi,1000.0,1.0,80.0,manual_mult,170.2726239845607,1.2,0.01,1.0,0.1,300.0,300.0,4,3,80.0,240.0,"[80, 160, 240]",0.8705745248526675,0.9054079873788928,1.0,0.848,10.0,0.1,0.259381890296936,0.1778667867183685,188104.6875,182211.25,5893.4375,185276.1875,2.82849383354187,2.715883680999468,0.2734567120005522,2.435506069999974,0.0076367379988369,0.0060901509987161,0.0081183535666665,475.9296875,ok,False,,,,,,,outputs_revision/sensitivity_synth/tau_mult/runs.csv,tau_mult,1.2,1.0,True
sens_synth__synthetic_n1000_d100_fixedseed3102__tau_mult__seed9__divi,run_divi_sensitivity_synth.py,2026-03-25T09:32:35Z,unknown,x86_64,cpu,x86_64,synthetic,synthetic_n1000_d100_fixedseed3102,sens_tau_mult,1000,100,3,0.1,0.9,3.0,3102.0,9,divi,1.0,divi,1000.0,1.0,80.0,manual_mult,170.2726239845607,1.2,0.01,1.0,0.1,300.0,300.0,4,3,80.0,240.0,"[80, 160, 240]",0.8868332359052344,0.913112323275832,1.0,0.893,10.0,0.1,0.2592481672763824,0.184630662202835,188153.5625,178901.96875,9251.59375,185279.90625,2.8736491203308105,2.57876654500069,0.1569978519983124,2.4063530749990605,0.0064787270002852,0.0146951580009044,0.0080211769166635,464.9921875,ok,False,,,,,,,outputs_revision/sensitivity_synth/tau_mult/runs.csv,tau_mult,1.2,1.0,True
sens_synth__synthetic_n200_d100_fixedseed3101__temp_end__seed0__divi,run_divi_sensitivity_synth.py,2026-03-25T13:25:45Z,unknown,x86_64,cpu,x86_64,synthetic,synthetic_n200_d100_fixedseed3101,sens_temp_end,200,100,3,0.1,0.9,3.0,3101.0,0,divi,1.0,divi,200.0,1.0,80.0,auto_entropy,141.89385332046726,1.0,0.01,1.0,0.01,300.0,300.0,4,3,80.0,240.0,"[80, 160, 240]",0.8787278312572997,0.9093762115748876,0.7407407407407407,0.875,17.0,0.17,0.3547077178955078,0.2866919040679931,36196.99609375,34062.58203125,2134.4140625,35723.734375,2.3663136959075928,2.0853668230010958,0.1609987629999523,0.8229427879996365,0.002786034001474,0.001789320998796,0.0027431426266654,451.50390625,ok,False,,,,,,,outputs_revision/sensitivity_synth/temp_end/runs.csv,temp_end,0.01,0.1,True
sens_synth__synthetic_n200_d100_fixedseed3101__temp_end__seed1__divi,run_divi_sensitivity_synth.py,2026-03-25T13:25:46Z,unknown,x86_64,cpu,x86_64,synthetic,synthetic_n200_d100_fixedseed3101,sens_temp_end,200,100,3,0.1,0.9,3.0,3101.0,1,divi,1.0,divi,200.0,1.0,80.0,auto_entropy,141.89385332046726,1.0,0.01,1.0,0.01,300.0,300.0,4,3,80.0,240.0,"[80, 160, 240]",0.8739158247239887,0.907126483252872,0.6666666666666666,0.86,20.0,0.2,0.3569757044315338,0.2933466136455536,36177.6796875,33330.4140625,2847.265625,35692.13671875,2.4277119636535645,0.9633196830000088,0.1320608389978588,0.8289210780021676,0.002624304004712,0.0017375440002069,0.0027630702600072,451.72265625,ok,False,,,,,,,outputs_revision/sensitivity_synth/temp_end/runs.csv,temp_end,0.01,0.1,True
sens_synth__synthetic_n200_d100_fixedseed3101__temp_end__seed2__divi,run_divi_sensitivity_synth.py,2026-03-25T13:25:47Z,unknown,x86_64,cpu,x86_64,synthetic,synthetic_n200_d100_fixedseed3101,sens_temp_end,200,100,3,0.1,0.9,3.0,3101.0,2,divi,1.0,divi,200.0,1.0,80.0,auto_entropy,141.89385332046726,1.0,0.01,1.0,0.01,300.0,300.0,4,3,80.0,240.0,"[80, 160, 240]",0.8719372920321685,0.9062146470278732,0.6896551724137931,0.85,19.0,0.19,0.3572970926761627,0.3151114583015442,36176.21484375,33959.26171875,2216.953125,35676.41015625,2.499032735824585,0.9241770740009088,0.1158679500003927,0.8058755689999089,0.002440172007482,0.0018647649994818,0.0026862518966663,448.48828125,ok,False,,,,,,,outputs_revision/sensitivity_synth/temp_end/runs.csv,temp_end,0.01,0.1,True
sens_synth__synthetic_n200_d100_fixedseed3101__temp_end__seed3__divi,run_divi_sensitivity_synth.py,2026-03-25T13:25:48Z,unknown,x86_64,cpu,x86_64,synthetic,synthetic_n200_d100_fixedseed3101,sens_temp_end,200,100,3,0.1,0.9,3.0,3101.0,3,divi,1.0,divi,200.0,1.0,80.0,auto_entropy,141.89385332046726,1.0,0.01,1.0,0.01,300.0,300.0,4,3,80.0,240.0,"[80, 160, 240]",0.8709470684613785,0.9057611001961952,0.6666666666666666,0.84,20.0,0.2,0.3456917703151703,0.2885108292102813,36211.52734375,33573.1875,2638.33984375,35834.33984375,1.8859436511993408,0.9870560439994732,0.124189796999417,0.8604934149989276,0.0028439260022423,0.0017962870006158,0.0028683113833297,452.03515625,ok,False,,,,,,,outputs_revision/sensitivity_synth/temp_end/runs.csv,temp_end,0.01,0.1,True
sens_synth__synthetic_n200_d100_fixedseed3101__temp_end__seed4__divi,run_divi_sensitivity_synth.py,2026-03-25T13:25:49Z,unknown,x86_64,cpu,x86_64,synthetic,synthetic_n200_d100_fixedseed3101,sens_temp_end,200,100,3,0.1,0.9,3.0,3101.0,4,divi,1.0,divi,200.0,1.0,80.0,auto_entropy,141.89385332046726,1.0,0.01,1.0,0.01,300.0,300.0,4,3,80.0,240.0,"[80, 160, 240]",0.8739158247239887,0.907126483252872,0.7142857142857143,0.86,18.0,0.18,0.3464792966842651,0.2938383817672729,36228.4453125,34106.26953125,2122.17578125,35822.1953125,2.031247138977051,0.9638255360005132,0.1163269880016741,0.8447746569981973,0.0025436029973207,0.0021566549985436,0.0028159155233273,451.73828125,ok,False,,,,,,,outputs_revision/sensitivity_synth/temp_end/runs.csv,temp_end,0.01,0.1,True
sens_synth__synthetic_n200_d100_fixedseed3101__temp_end__seed5__divi,run_divi_sensitivity_synth.py,2026-03-25T13:25:50Z,unknown,x86_64,cpu,x86_64,synthetic,synthetic_n200_d100_fixedseed3101,sens_temp_end,200,100,3,0.1,0.9,3.0,3101.0,5,divi,1.0,divi,200.0,1.0,80.0,auto_entropy,141.89385332046726,1.0,0.01,1.0,0.01,300.0,300.0,4,3,80.0,240.0,"[80, 160, 240]",0.8719372920321685,0.9062146470278732,0.6896551724137931,0.85,19.0,0.19,0.3532465994358063,0.297452449798584,36181.70703125,33747.3125,2434.39453125,35733.7109375,2.2399742603302,1.2211056129999631,0.1181585089980217,1.0977777270018123,0.0033574180015421,0.0045605880004586,0.003659259090006,451.7421875,ok,False,,,,,,,outputs_revision/sensitivity_synth/temp_end/runs.csv,temp_end,0.01,0.1,True
sens_synth__synthetic_n200_d100_fixedseed3101__temp_end__seed6__divi,run_divi_sensitivity_synth.py,2026-03-25T13:25:51Z,unknown,x86_64,cpu,x86_64,synthetic,synthetic_n200_d100_fixedseed3101,sens_temp_end,200,100,3,0.1,0.9,3.0,3101.0,6,divi,1.0,divi,200.0,1.0,80.0,auto_entropy,141.89385332046726,1.0,0.01,1.0,0.01,300.0,300.0,4,3,80.0,240.0,"[80, 160, 240]",0.8709470684613785,0.9057611001961952,0.6666666666666666,0.84,20.0,0.2,0.3424713611602783,0.2589170932769775,36253.14453125,34221.98046875,2031.1640625,35885.3671875,1.8388792276382449,1.3762998460006202,0.1732751839990669,1.2000107940002636,0.0034741999988909,0.0022863159974804,0.0040000359800008,451.74609375,ok,False,,,,,,,outputs_revision/sensitivity_synth/temp_end/runs.csv,temp_end,0.01,0.1,True
sens_synth__synthetic_n200_d100_fixedseed3101__temp_end__seed7__divi,run_divi_sensitivity_synth.py,2026-03-25T13:25:52Z,unknown,x86_64,cpu,x86_64,synthetic,synthetic_n200_d100_fixedseed3101,sens_temp_end,200,100,3,0.1,0.9,3.0,3101.0,7,divi,1.0,divi,200.0,1.0,80.0,auto_entropy,141.89385332046726,1.0,0.01,1.0,0.01,300.0,300.0,4,3,80.0,240.0,"[80, 160, 240]",0.8709470684613785,0.9057611001961952,0.6896551724137931,0.84,19.0,0.19,0.3549958765506744,0.2914841473102569,36187.109375,34167.640625,2019.46875,35710.359375,2.383752584457397,1.0868325749979704,0.1878562910023902,0.8952758919986081,0.0027655919984681,0.0029159989971958,0.0029842529733286,452.36328125,ok,False,,,,,,,outputs_revision/sensitivity_synth/temp_end/runs.csv,temp_end,0.01,0.1,True
sens_synth__synthetic_n200_d100_fixedseed3101__temp_end__seed8__divi,run_divi_sensitivity_synth.py,2026-03-25T13:25:53Z,unknown,x86_64,cpu,x86_64,synthetic,synthetic_n200_d100_fixedseed3101,sens_temp_end,200,100,3,0.1,0.9,3.0,3101.0,8,divi,1.0,divi,200.0,1.0,80.0,auto_entropy,141.89385332046726,1.0,0.01,1.0,0.01,300.0,300.0,4,3,80.0,240.0,"[80, 160, 240]",0.8768788468816415,0.9085063091968448,0.6451612903225806,0.87,21.0,0.21,0.3546416163444519,0.3008199334144592,36209.08984375,33667.79296875,2541.296875,35720.0390625,2.445245742797852,0.996165975000622,0.1212709259998519,0.8725122700016072,0.0025196110000251,0.0018317579997528,0.0029083742333386,451.44921875,ok,False,,,,,,,outputs_revision/sensitivity_synth/temp_end/runs.csv,temp_end,0.01,0.1,True
sens_synth__synthetic_n200_d100_fixedseed3101__temp_end__seed9__divi,run_divi_sensitivity_synth.py,2026-03-25T13:25:54Z,unknown,x86_64,cpu,x86_64,synthetic,synthetic_n200_d100_fixedseed3101,sens_temp_end,200,100,3,0.1,0.9,3.0,3101.0,9,divi,1.0,divi,200.0,1.0,80.0,auto_entropy,141.89385332046726,1.0,0.01,1.0,0.01,300.0,300.0,4,3,80.0,240.0,"[80, 160, 240]",0.8709470684613785,0.9057611001961952,0.6666666666666666,0.84,20.0,0.2,0.3526720404624939,0.2976959943771362,36204.28515625,33610.609375,2593.67578125,35744.078125,2.3010292053222656,0.967403253998782,0.1257708410012128,0.8378181350017258,0.0024283599959744,0.0032213770027738,0.0027927271166724,452.4453125,ok,False,,,,,,,outputs_revision/sensitivity_synth/temp_end/runs.csv,temp_end,0.01,0.1,True
sens_synth__synthetic_n200_d100_fixedseed3101__temp_end__seed0__divi,run_divi_sensitivity_synth.py,2026-03-25T13:25:55Z,unknown,x86_64,cpu,x86_64,synthetic,synthetic_n200_d100_fixedseed3101,sens_temp_end,200,100,3,0.1,0.9,3.0,3101.0,0,divi,1.0,divi,200.0,1.0,80.0,auto_entropy,141.89385332046726,1.0,0.01,1.0,0.05,300.0,300.0,4,3,80.0,240.0,"[80, 160, 240]",0.8768788468816415,0.9085063091968448,0.5555555555555556,0.87,26.0,0.26,0.3950119316577911,0.3375943303108215,36112.51953125,33875.171875,2237.34765625,35182.0390625,4.652406692504883,0.9249807979977048,0.1242468860000372,0.7982652509999753,0.0024152930018317,0.001851496999734,0.0026608841699999,451.76953125,ok,False,,,,,,,outputs_revision/sensitivity_synth/temp_end/runs.csv,temp_end,0.05,0.1,True
sens_synth__synthetic_n200_d100_fixedseed3101__temp_end__seed1__divi,run_divi_sensitivity_synth.py,2026-03-25T13:25:56Z,unknown,x86_64,cpu,x86_64,synthetic,synthetic_n200_d100_fixedseed3101,sens_temp_end,200,100,3,0.1,0.9,3.0,3101.0,1,divi,1.0,divi,200.0,1.0,80.0,auto_entropy,141.89385332046726,1.0,0.01,1.0,0.05,300.0,300.0,4,3,80.0,240.0,"[80, 160, 240]",0.8728032139844207,0.9066127929577492,0.5555555555555556,0.855,26.0,0.26,0.3918009996414184,0.3296688199043274,36105.55078125,33414.0390625,2691.51171875,35226.3125,4.39619255065918,0.8864231709994783,0.1312425569994957,0.7527690619972418,0.0023779479997756,0.0018190350019722,0.0025092302066574,452.23046875,ok,False,,,,,,,outputs_revision/sensitivity_synth/temp_end/runs.csv,temp_end,0.05,0.1,True
sens_synth__synthetic_n200_d100_fixedseed3101__temp_end__seed2__divi,run_divi_sensitivity_synth.py,2026-03-25T13:25:57Z,unknown,x86_64,cpu,x86_64,synthetic,synthetic_n200_d100_fixedseed3101,sens_temp_end,200,100,3,0.1,0.9,3.0,3101.0,2,divi,1.0,divi,200.0,1.0,80.0,auto_entropy,141.89385332046726,1.0,0.01,1.0,0.05,300.0,300.0,4,3,80.0,240.0,"[80, 160, 240]",0.8728032139844207,0.9066127929577492,0.5555555555555556,0.855,26.0,0.26,0.3971256613731384,0.3601480722427368,36110.91015625,33979.49609375,2131.4140625,35140.65625,4.851263999938965,0.8252355289987463,0.1162583299992547,0.7065901610003493,0.0025576139996701,0.0018119030028174,0.0023553005366678,451.9375,ok,False,,,,,,,outputs_revision/sensitivity_synth/temp_end/runs.csv,temp_end,0.05,0.1,True
sens_synth__synthetic_n200_d100_fixedseed3101__temp_end__seed3__divi,run_divi_sensitivity_synth.py,2026-03-25T13:25:58Z,unknown,x86_64,cpu,x86_64,synthetic,synthetic_n200_d100_fixedseed3101,sens_temp_end,200,100,3,0.1,0.9,3.0,3101.0,3,divi,1.0,divi,200.0,1.0,80.0,auto_entropy,141.89385332046726,1.0,0.01,1.0,0.05,300.0,300.0,4,3,80.0,240.0,"[80, 160, 240]",0.8709470684613785,0.9057611001961952,0.5555555555555556,0.84,26.0,0.26,0.3896974623203277,0.3429728746414184,36107.2578125,33356.05859375,2751.19921875,35243.32421875,4.319663047790527,0.8925521050005045,0.1179922139999689,0.7720618329985882,0.0027742509992094,0.0019335439974383,0.0025735394433286,452.39453125,ok,False,,,,,,,outputs_revision/sensitivity_synth/temp_end/runs.csv,temp_end,0.05,0.1,True
sens_synth__synthetic_n200_d100_fixedseed3101__temp_end__seed4__divi,run_divi_sensitivity_synth.py,2026-03-25T13:25:59Z,unknown,x86_64,cpu,x86_64,synthetic,synthetic_n200_d100_fixedseed3101,sens_temp_end,200,100,3,0.1,0.9,3.0,3101.0,4,divi,1.0,divi,200.0,1.0,80.0,auto_entropy,141.89385332046726,1.0,0.01,1.0,0.05,300.0,300.0,4,3,80.0,240.0,"[80, 160, 240]",0.8713184771469268,0.9059309964406864,0.5882352941176471,0.845,24.0,0.24,0.3894769251346588,0.3331383168697357,36110.30078125,34129.703125,1980.59765625,35246.078125,4.32111406326294,0.9048406000001704,0.1203645370005688,0.781835534999118,0.0025516880014038,0.0020378529989102,0.002606118449997,448.5546875,ok,False,,,,,,,outputs_revision/sensitivity_synth/temp_end/runs.csv,temp_end,0.05,0.1,True
sens_synth__synthetic_n200_d100_fixedseed3101__temp_end__seed5__divi,run_divi_sensitivity_synth.py,2026-03-25T13:26:00Z,unknown,x86_64,cpu,x86_64,synthetic,synthetic_n200_d100_fixedseed3101,sens_temp_end,200,100,3,0.1,0.9,3.0,3101.0,5,divi,1.0,divi,200.0,1.0,80.0,auto_entropy,141.89385332046726,1.0,0.01,1.0,0.05,300.0,300.0,4,3,80.0,240.0,"[80, 160, 240]",0.8713184771469268,0.9059309964406864,0.5714285714285714,0.845,25.0,0.25,0.393766313791275,0.342393159866333,36098.30859375,33725.96875,2372.33984375,35190.30078125,4.540036201477051,0.8782744750023994,0.1176814540012856,0.7582029380027961,0.0023309899988817,0.0017809569981181,0.0025273431266759,450.57421875,ok,False,,,,,,,outputs_revision/sensitivity_synth/temp_end/runs.csv,temp_end,0.05,0.1,True
sens_synth__synthetic_n200_d100_fixedseed3101__temp_end__seed6__divi,run_divi_sensitivity_synth.py,2026-03-25T13:26:01Z,unknown,x86_64,cpu,x86_64,synthetic,synthetic_n200_d100_fixedseed3101,sens_temp_end,200,100,3,0.1,0.9,3.0,3101.0,6,divi,1.0,divi,200.0,1.0,80.0,auto_entropy,141.89385332046726,1.0,0.01,1.0,0.05,300.0,300.0,4,3,80.0,240.0,"[80, 160, 240]",0.8709470684613785,0.9057611001961952,0.6060606060606061,0.84,23.0,0.23,0.3886931538581848,0.3286653459072113,36121.13671875,34087.98046875,2033.15625,35265.0078125,4.280645370483398,0.8986978640023153,0.1198343819996807,0.7764598679968913,0.0024682010007381,0.0018516100026317,0.0025881995599896,452.41015625,ok,False,,,,,,,outputs_revision/sensitivity_synth/temp_end/runs.csv,temp_end,0.05,0.1,True
sens_synth__synthetic_n200_d100_fixedseed3101__temp_end__seed7__divi,run_divi_sensitivity_synth.py,2026-03-25T13:26:02Z,unknown,x86_64,cpu,x86_64,synthetic,synthetic_n200_d100_fixedseed3101,sens_temp_end,200,100,3,0.1,0.9,3.0,3101.0,7,divi,1.0,divi,200.0,1.0,80.0,auto_entropy,141.89385332046726,1.0,0.01,1.0,0.05,300.0,300.0,4,3,80.0,240.0,"[80, 160, 240]",0.8713184771469268,0.9059309964406864,0.625,0.845,22.0,0.22,0.3890534937381744,0.3353981375694275,36099.42578125,34049.015625,2050.41015625,35250.828125,4.242986679077148,0.8636019679979654,0.120114850000391,0.7409321220002312,0.0026390139973955,0.0019641130020318,0.0024697737400007,451.80078125,ok,False,,,,,,,outputs_revision/sensitivity_synth/temp_end/runs.csv,temp_end,0.05,0.1,True
sens_synth__synthetic_n200_d100_fixedseed3101__temp_end__seed8__divi,run_divi_sensitivity_synth.py,2026-03-25T13:26:03Z,unknown,x86_64,cpu,x86_64,synthetic,synthetic_n200_d100_fixedseed3101,sens_temp_end,200,100,3,0.1,0.9,3.0,3101.0,8,divi,1.0,divi,200.0,1.0,80.0,auto_entropy,141.89385332046726,1.0,0.01,1.0,0.05,300.0,300.0,4,3,80.0,240.0,"[80, 160, 240]",0.8787278312572997,0.9093762115748876,0.5555555555555556,0.875,26.0,0.26,0.3952126204967499,0.3472484350204468,36120.70703125,33453.24609375,2667.4609375,35174.4375,4.731356620788574,1.2397553939990755,0.1327516230012406,1.1036311629977718,0.0033790380002756,0.0024575839997851,0.0036787705433259,451.80859375,ok,False,,,,,,,outputs_revision/sensitivity_synth/temp_end/runs.csv,temp_end,0.05,0.1,True
sens_synth__synthetic_n200_d100_fixedseed3101__temp_end__seed9__divi,run_divi_sensitivity_synth.py,2026-03-25T13:26:04Z,unknown,x86_64,cpu,x86_64,synthetic,synthetic_n200_d100_fixedseed3101,sens_temp_end,200,100,3,0.1,0.9,3.0,3101.0,9,divi,1.0,divi,200.0,1.0,80.0,auto_entropy,141.89385332046726,1.0,0.01,1.0,0.05,300.0,300.0,4,3,80.0,240.0,"[80, 160, 240]",0.8713184771469268,0.9059309964406864,0.5555555555555556,0.845,26.0,0.26,0.3902230560779571,0.3296427428722381,36114.1796875,33661.30078125,2452.87890625,35241.01953125,4.365801334381104,1.2378329150014906,0.1661466990008193,1.067089110998495,0.0033824689962784,0.0038546289979422,0.0035569637033283,452.65234375,ok,False,,,,,,,outputs_revision/sensitivity_synth/temp_end/runs.csv,temp_end,0.05,0.1,True
sens_synth__synthetic_n200_d100_fixedseed3101__temp_end__seed0__divi,run_divi_sensitivity_synth.py,2026-03-25T13:26:05Z,unknown,x86_64,cpu,x86_64,synthetic,synthetic_n200_d100_fixedseed3101,sens_temp_end,200,100,3,0.1,0.9,3.0,3101.0,0,divi,1.0,divi,200.0,1.0,80.0,auto_entropy,141.89385332046726,1.0,0.01,1.0,0.1,300.0,300.0,4,3,80.0,240.0,"[80, 160, 240]",0.8768788468816415,0.9085063091968448,0.5555555555555556,0.87,26.0,0.26,0.4033045470714569,0.3418942093849182,36114.3671875,33926.39453125,2187.97265625,35069.875,5.222455978393555,1.011407796999265,0.1827195220030262,0.8262518430019554,0.002565324997704,0.0016892120002012,0.0027541728100065,448.58203125,ok,False,,,,,,,outputs_revision/sensitivity_synth/temp_end/runs.csv,temp_end,0.1,0.1,True
sens_synth__synthetic_n200_d100_fixedseed3101__temp_end__seed1__divi,run_divi_sensitivity_synth.py,2026-03-25T13:26:06Z,unknown,x86_64,cpu,x86_64,synthetic,synthetic_n200_d100_fixedseed3101,sens_temp_end,200,100,3,0.1,0.9,3.0,3101.0,1,divi,1.0,divi,200.0,1.0,80.0,auto_entropy,141.89385332046726,1.0,0.01,1.0,0.1,300.0,300.0,4,3,80.0,240.0,"[80, 160, 240]",0.8752745873288594,0.907757086966724,0.5555555555555556,0.865,26.0,0.26,0.4020082950592041,0.3353838920593261,36108.59765625,33454.0859375,2654.51171875,35087.42578125,5.105858325958252,0.8733259680011543,0.1180757700021786,0.7527449359986349,0.0024693119994481,0.0019431489999988,0.0025091497866621,452.3515625,ok,False,,,,,,,outputs_revision/sensitivity_synth/temp_end/runs.csv,temp_end,0.1,0.1,True
sens_synth__synthetic_n200_d100_fixedseed3101__temp_end__seed2__divi,run_divi_sensitivity_synth.py,2026-03-25T13:26:07Z,unknown,x86_64,cpu,x86_64,synthetic,synthetic_n200_d100_fixedseed3101,sens_temp_end,200,100,3,0.1,0.9,3.0,3101.0,2,divi,1.0,divi,200.0,1.0,80.0,auto_entropy,141.89385332046726,1.0,0.01,1.0,0.1,300.0,300.0,4,3,80.0,240.0,"[80, 160, 240]",0.8728032139844207,0.9066127929577492,0.5405405405405406,0.855,27.0,0.27,0.4066000878810882,0.369909405708313,36112.85546875,34019.36328125,2093.4921875,35013.38671875,5.497335910797119,1.0399744200003624,0.1162809790002938,0.9205583980001392,0.0035469239956,0.002550697998231,0.0030685279933337,452.05078125,ok,False,,,,,,,outputs_revision/sensitivity_synth/temp_end/runs.csv,temp_end,0.1,0.1,True
sens_synth__synthetic_n200_d100_fixedseed3101__temp_end__seed3__divi,run_divi_sensitivity_synth.py,2026-03-25T13:26:08Z,unknown,x86_64,cpu,x86_64,synthetic,synthetic_n200_d100_fixedseed3101,sens_temp_end,200,100,3,0.1,0.9,3.0,3101.0,3,divi,1.0,divi,200.0,1.0,80.0,auto_entropy,141.89385332046726,1.0,0.01,1.0,0.1,300.0,300.0,4,3,80.0,240.0,"[80, 160, 240]",0.8719372920321685,0.9062146470278732,0.5555555555555556,0.85,26.0,0.26,0.4026415348052978,0.3604307770729065,36106.2578125,33544.24609375,2562.01171875,35068.640625,5.188094139099121,1.2094033310022496,0.1194048179968376,1.0875049069982197,0.0036169680024613,0.0018356449982093,0.0036250163566607,452.81640625,ok,False,,,,,,,outputs_revision/sensitivity_synth/temp_end/runs.csv,temp_end,0.1,0.1,True
sens_synth__synthetic_n200_d100_fixedseed3101__temp_end__seed4__divi,run_divi_sensitivity_synth.py,2026-03-25T13:26:09Z,unknown,x86_64,cpu,x86_64,synthetic,synthetic_n200_d100_fixedseed3101,sens_temp_end,200,100,3,0.1,0.9,3.0,3101.0,4,divi,1.0,divi,200.0,1.0,80.0,auto_entropy,141.89385332046726,1.0,0.01,1.0,0.1,300.0,300.0,4,3,80.0,240.0,"[80, 160, 240]",0.8719372920321685,0.9062146470278732,0.5555555555555556,0.85,26.0,0.26,0.40158212184906,0.3524704575538635,36102.453125,34084.38671875,2018.06640625,35083.82421875,5.093147277832031,1.2211054660001537,0.1293783050023194,1.0893396610008494,0.0026194870006293,0.0018253929993079,0.0036311322033361,452.74609375,ok,False,,,,,,,outputs_revision/sensitivity_synth/temp_end/runs.csv,temp_end,0.1,0.1,True
sens_synth__synthetic_n200_d100_fixedseed3101__temp_end__seed5__divi,run_divi_sensitivity_synth.py,2026-03-25T13:26:11Z,unknown,x86_64,cpu,x86_64,synthetic,synthetic_n200_d100_fixedseed3101,sens_temp_end,200,100,3,0.1,0.9,3.0,3101.0,5,divi,1.0,divi,200.0,1.0,80.0,auto_entropy,141.89385332046726,1.0,0.01,1.0,0.1,300.0,300.0,4,3,80.0,240.0,"[80, 160, 240]",0.8713184771469268,0.9059309964406864,0.5555555555555556,0.845,26.0,0.26,0.4033753275871277,0.3542932868003845,36103.28515625,33705.17578125,2398.109375,35061.23828125,5.210243701934815,1.1373062760030734,0.1941298279998591,0.9407400119998784,0.002475911998772,0.0017714310015435,0.0031358000399995,448.6015625,ok,False,,,,,,,outputs_revision/sensitivity_synth/temp_end/runs.csv,temp_end,0.1,0.1,True
sens_synth__synthetic_n200_d100_fixedseed3101__temp_end__seed6__divi,run_divi_sensitivity_synth.py,2026-03-25T13:26:12Z,unknown,x86_64,cpu,x86_64,synthetic,synthetic_n200_d100_fixedseed3101,sens_temp_end,200,100,3,0.1,0.9,3.0,3101.0,6,divi,1.0,divi,200.0,1.0,80.0,auto_entropy,141.89385332046726,1.0,0.01,1.0,0.1,300.0,300.0,4,3,80.0,240.0,"[80, 160, 240]",0.8708232455998861,0.905704516970206,0.5555555555555556,0.835,26.0,0.26,0.4005756676197052,0.3377535939216614,36116.6484375,34031.90625,2084.7421875,35105.15234375,5.057473659515381,1.2491545360026066,0.1570525569986784,1.089617551999254,0.0051515849991119,0.0017158859991468,0.0036320585066641,450.6171875,ok,False,,,,,,,outputs_revision/sensitivity_synth/temp_end/runs.csv,temp_end,0.1,0.1,True
sens_synth__synthetic_n200_d100_fixedseed3101__temp_end__seed7__divi,run_divi_sensitivity_synth.py,2026-03-25T13:26:13Z,unknown,x86_64,cpu,x86_64,synthetic,synthetic_n200_d100_fixedseed3101,sens_temp_end,200,100,3,0.1,0.9,3.0,3101.0,7,divi,1.0,divi,200.0,1.0,80.0,auto_entropy,141.89385332046726,1.0,0.01,1.0,0.1,300.0,300.0,4,3,80.0,240.0,"[80, 160, 240]",0.8713184771469268,0.9059309964406864,0.5882352941176471,0.845,24.0,0.24,0.399139404296875,0.3401920199394226,36101.66796875,34154.51953125,1947.1484375,35115.4296875,4.931188583374023,1.0492612319976615,0.12301645199841,0.9236352249972696,0.0033035400047083,0.0020368269979371,0.0030787840833242,451.84375,ok,False,,,,,,,outputs_revision/sensitivity_synth/temp_end/runs.csv,temp_end,0.1,0.1,True
sens_synth__synthetic_n200_d100_fixedseed3101__temp_end__seed8__divi,run_divi_sensitivity_synth.py,2026-03-25T13:26:14Z,unknown,x86_64,cpu,x86_64,synthetic,synthetic_n200_d100_fixedseed3101,sens_temp_end,200,100,3,0.1,0.9,3.0,3101.0,8,divi,1.0,divi,200.0,1.0,80.0,auto_entropy,141.89385332046726,1.0,0.01,1.0,0.1,300.0,300.0,4,3,80.0,240.0,"[80, 160, 240]",0.8768788468816415,0.9085063091968448,0.5555555555555556,0.87,26.0,0.26,0.4040842056274414,0.3573754429817199,36119.81640625,33540.44140625,2579.375,35054.96875,5.324247360229492,0.8842667459975928,0.1203327829971385,0.7614353799981473,0.0024626049998914,0.001893143999041,0.0025381179333271,451.84375,ok,False,,,,,,,outputs_revision/sensitivity_synth/temp_end/runs.csv,temp_end,0.1,0.1,True
sens_synth__synthetic_n200_d100_fixedseed3101__temp_end__seed9__divi,run_divi_sensitivity_synth.py,2026-03-25T13:26:15Z,unknown,x86_64,cpu,x86_64,synthetic,synthetic_n200_d100_fixedseed3101,sens_temp_end,200,100,3,0.1,0.9,3.0,3101.0,9,divi,1.0,divi,200.0,1.0,80.0,auto_entropy,141.89385332046726,1.0,0.01,1.0,0.1,300.0,300.0,4,3,80.0,240.0,"[80, 160, 240]",0.8709470684613785,0.9057611001961952,0.5405405405405406,0.84,27.0,0.27,0.4004178941249847,0.3452681303024292,36113.828125,33727.671875,2386.15625,35103.734375,5.050462245941162,0.9970882119996533,0.1178347290006058,0.8762508479994722,0.0040711549991101,0.0024063460004981,0.0029208361599982,452.15234375,ok,False,,,,,,,outputs_revision/sensitivity_synth/temp_end/runs.csv,temp_end,0.1,0.1,True
sens_synth__synthetic_n200_d100_fixedseed3101__temp_end__seed0__divi,run_divi_sensitivity_synth.py,2026-03-25T13:26:16Z,unknown,x86_64,cpu,x86_64,synthetic,synthetic_n200_d100_fixedseed3101,sens_temp_end,200,100,3,0.1,0.9,3.0,3101.0,0,divi,1.0,divi,200.0,1.0,80.0,auto_entropy,141.89385332046726,1.0,0.01,1.0,0.2,300.0,300.0,4,3,80.0,240.0,"[80, 160, 240]",0.8752745873288594,0.907757086966724,0.5714285714285714,0.865,25.0,0.25,0.4080296456813812,0.3513619303703308,36109.765625,34011.0390625,2098.7265625,35004.046875,5.528599739074707,1.279869198002416,0.1662471929994353,1.1106156189998728,0.0034524130023783,0.0022675449981761,0.0037020520633329,453.37890625,ok,False,,,,,,,outputs_revision/sensitivity_synth/temp_end/runs.csv,temp_end,0.2,0.1,True
sens_synth__synthetic_n200_d100_fixedseed3101__temp_end__seed1__divi,run_divi_sensitivity_synth.py,2026-03-25T13:26:17Z,unknown,x86_64,cpu,x86_64,synthetic,synthetic_n200_d100_fixedseed3101,sens_temp_end,200,100,3,0.1,0.9,3.0,3101.0,1,divi,1.0,divi,200.0,1.0,80.0,auto_entropy,141.89385332046726,1.0,0.01,1.0,0.2,300.0,300.0,4,3,80.0,240.0,"[80, 160, 240]",0.8752745873288594,0.907757086966724,0.5714285714285714,0.865,25.0,0.25,0.4065106511116028,0.3418202400207519,36110.328125,33549.2109375,2561.1171875,35026.4375,5.419458389282227,1.3150054340003408,0.1910819389995595,1.1211794830014696,0.0039923870026541,0.0019900810002582,0.0037372649433382,452.3125,ok,False,,,,,,,outputs_revision/sensitivity_synth/temp_end/runs.csv,temp_end,0.2,0.1,True
sens_synth__synthetic_n200_d100_fixedseed3101__temp_end__seed2__divi,run_divi_sensitivity_synth.py,2026-03-25T13:26:18Z,unknown,x86_64,cpu,x86_64,synthetic,synthetic_n200_d100_fixedseed3101,sens_temp_end,200,100,3,0.1,0.9,3.0,3101.0,2,divi,1.0,divi,200.0,1.0,80.0,auto_entropy,141.89385332046726,1.0,0.01,1.0,0.2,300.0,300.0,4,3,80.0,240.0,"[80, 160, 240]",0.8728032139844207,0.9066127929577492,0.5714285714285714,0.855,25.0,0.25,0.4098178148269653,0.3709732294082641,36103.03515625,34043.87109375,2059.1640625,34968.765625,5.671346664428711,0.8888675449998118,0.1366266390032251,0.7498313690011855,0.0024029760024859,0.0017955990006157,0.0024994378966706,453.3828125,ok,False,,,,,,,outputs_revision/sensitivity_synth/temp_end/runs.csv,temp_end,0.2,0.1,True
sens_synth__synthetic_n200_d100_fixedseed3101__temp_end__seed3__divi,run_divi_sensitivity_synth.py,2026-03-25T13:26:19Z,unknown,x86_64,cpu,x86_64,synthetic,synthetic_n200_d100_fixedseed3101,sens_temp_end,200,100,3,0.1,0.9,3.0,3101.0,3,divi,1.0,divi,200.0,1.0,80.0,auto_entropy,141.89385332046726,1.0,0.01,1.0,0.2,300.0,300.0,4,3,80.0,240.0,"[80, 160, 240]",0.8719372920321685,0.9062146470278732,0.5405405405405406,0.85,27.0,0.27,0.4093143939971924,0.3594510555267334,36105.921875,33746.56640625,2359.35546875,34977.0,5.644608974456787,1.0357747140005813,0.1211145660017791,0.9121787959993526,0.0031198939977912,0.0018858469993574,0.0030405959866645,451.859375,ok,False,,,,,,,outputs_revision/sensitivity_synth/temp_end/runs.csv,temp_end,0.2,0.1,True
sens_synth__synthetic_n200_d100_fixedseed3101__temp_end__seed4__divi,run_divi_sensitivity_synth.py,2026-03-25T13:26:21Z,unknown,x86_64,cpu,x86_64,synthetic,synthetic_n200_d100_fixedseed3101,sens_temp_end,200,100,3,0.1,0.9,3.0,3101.0,4,divi,1.0,divi,200.0,1.0,80.0,auto_entropy,141.89385332046726,1.0,0.01,1.0,0.2,300.0,300.0,4,3,80.0,240.0,"[80, 160, 240]",0.8719372920321685,0.9062146470278732,0.5714285714285714,0.85,25.0,0.25,0.4065249562263489,0.3537483215332031,36098.16796875,34035.66796875,2062.5,35016.09375,5.410366535186768,1.1219710309997026,0.1344517090001318,0.9847148420012672,0.0025414780029677,0.0019317500009492,0.0032823828066708,451.86328125,ok,False,,,,,,,outputs_revision/sensitivity_synth/temp_end/runs.csv,temp_end,0.2,0.1,True
sens_synth__synthetic_n200_d100_fixedseed3101__temp_end__seed5__divi,run_divi_sensitivity_synth.py,2026-03-25T13:26:21Z,unknown,x86_64,cpu,x86_64,synthetic,synthetic_n200_d100_fixedseed3101,sens_temp_end,200,100,3,0.1,0.9,3.0,3101.0,5,divi,1.0,divi,200.0,1.0,80.0,auto_entropy,141.89385332046726,1.0,0.01,1.0,0.2,300.0,300.0,4,3,80.0,240.0,"[80, 160, 240]",0.8713184771469268,0.9059309964406864,0.5714285714285714,0.845,25.0,0.25,0.4083602428436279,0.3548347949981689,36102.4140625,33698.703125,2403.7109375,34992.92578125,5.5474371910095215,0.9398159419979492,0.1388423710013739,0.7978588359983405,0.0024523549982404,0.0025009640012285,0.0026595294533278,452.93359375,ok,False,,,,,,,outputs_revision/sensitivity_synth/temp_end/runs.csv,temp_end,0.2,0.1,True
sens_synth__synthetic_n200_d100_fixedseed3101__temp_end__seed6__divi,run_divi_sensitivity_synth.py,2026-03-25T13:26:23Z,unknown,x86_64,cpu,x86_64,synthetic,synthetic_n200_d100_fixedseed3101,sens_temp_end,200,100,3,0.1,0.9,3.0,3101.0,6,divi,1.0,divi,200.0,1.0,80.0,auto_entropy,141.89385332046726,1.0,0.01,1.0,0.2,300.0,300.0,4,3,80.0,240.0,"[80, 160, 240]",0.8709470684613785,0.9057611001961952,0.5714285714285714,0.84,25.0,0.25,0.4057736694812774,0.3344800472259521,36111.34375,34038.7109375,2072.6328125,35034.390625,5.38477087020874,1.0512373760029732,0.2936306810006499,0.7552204269995855,0.0025350119976792,0.0017528610005683,0.0025174014233319,452.17578125,ok,False,,,,,,,outputs_revision/sensitivity_synth/temp_end/runs.csv,temp_end,0.2,0.1,True
sens_synth__synthetic_n200_d100_fixedseed3101__temp_end__seed7__divi,run_divi_sensitivity_synth.py,2026-03-25T13:26:23Z,unknown,x86_64,cpu,x86_64,synthetic,synthetic_n200_d100_fixedseed3101,sens_temp_end,200,100,3,0.1,0.9,3.0,3101.0,7,divi,1.0,divi,200.0,1.0,80.0,auto_entropy,141.89385332046726,1.0,0.01,1.0,0.2,300.0,300.0,4,3,80.0,240.0,"[80, 160, 240]",0.8708232455998861,0.905704516970206,0.5714285714285714,0.835,25.0,0.25,0.4051174521446228,0.3527106642723083,36100.17578125,34180.421875,1919.75390625,35034.546875,5.328153610229492,0.9168154879989744,0.1295125130018277,0.7847117419987626,0.0026585969972074,0.0018559900017862,0.0026157058066625,448.9453125,ok,False,,,,,,,outputs_revision/sensitivity_synth/temp_end/runs.csv,temp_end,0.2,0.1,True
sens_synth__synthetic_n200_d100_fixedseed3101__temp_end__seed8__divi,run_divi_sensitivity_synth.py,2026-03-25T13:26:24Z,unknown,x86_64,cpu,x86_64,synthetic,synthetic_n200_d100_fixedseed3101,sens_temp_end,200,100,3,0.1,0.9,3.0,3101.0,8,divi,1.0,divi,200.0,1.0,80.0,auto_entropy,141.89385332046726,1.0,0.01,1.0,0.2,300.0,300.0,4,3,80.0,240.0,"[80, 160, 240]",0.8752745873288594,0.907757086966724,0.5714285714285714,0.865,25.0,0.25,0.4076018631458282,0.3633783459663391,36110.53125,33634.76171875,2475.76953125,35006.265625,5.521324634552002,0.9850651970009494,0.1201901780004846,0.8617352319997735,0.0029933510049886,0.0025960679995478,0.0028724507733325,452.5625,ok,False,,,,,,,outputs_revision/sensitivity_synth/temp_end/runs.csv,temp_end,0.2,0.1,True
sens_synth__synthetic_n200_d100_fixedseed3101__temp_end__seed9__divi,run_divi_sensitivity_synth.py,2026-03-25T13:26:25Z,unknown,x86_64,cpu,x86_64,synthetic,synthetic_n200_d100_fixedseed3101,sens_temp_end,200,100,3,0.1,0.9,3.0,3101.0,9,divi,1.0,divi,200.0,1.0,80.0,auto_entropy,141.89385332046726,1.0,0.01,1.0,0.2,300.0,300.0,4,3,80.0,240.0,"[80, 160, 240]",0.8719372920321685,0.9062146470278732,0.5714285714285714,0.85,25.0,0.25,0.4061949253082275,0.3591823577880859,36106.3125,33827.59765625,2278.71484375,35024.82421875,5.4074482917785645,0.8867811050004093,0.121622318001755,0.7627846100003808,0.0024064690041996,0.0017885199995362,0.0025426153666679,452.94921875,ok,False,,,,,,,outputs_revision/sensitivity_synth/temp_end/runs.csv,temp_end,0.2,0.1,True
sens_synth__synthetic_n1000_d100_fixedseed3102__temp_end__seed0__divi,run_divi_sensitivity_synth.py,2026-03-25T13:26:28Z,unknown,x86_64,cpu,x86_64,synthetic,synthetic_n1000_d100_fixedseed3102,sens_temp_end,1000,100,3,0.1,0.9,3.0,3102.0,0,divi,1.0,divi,1000.0,1.0,80.0,auto_entropy,141.89385332046726,1.0,0.01,1.0,0.01,300.0,300.0,4,3,80.0,240.0,"[80, 160, 240]",0.8937632708361408,0.916568675479536,1.0,0.904,10.0,0.1,0.2156286239624023,0.1290175020694732,188880.203125,182381.03125,6499.171875,188158.828125,0.7213720679283142,2.799113723998744,0.1609101949979958,2.6311685590007983,0.0057576410035835,0.0063425970001844,0.0087705618633359,464.29296875,ok,False,,,,,,,outputs_revision/sensitivity_synth/temp_end/runs.csv,temp_end,0.01,0.1,True
sens_synth__synthetic_n1000_d100_fixedseed3102__temp_end__seed1__divi,run_divi_sensitivity_synth.py,2026-03-25T13:26:31Z,unknown,x86_64,cpu,x86_64,synthetic,synthetic_n1000_d100_fixedseed3102,sens_temp_end,1000,100,3,0.1,0.9,3.0,3102.0,1,divi,1.0,divi,1000.0,1.0,80.0,auto_entropy,141.89385332046726,1.0,0.01,1.0,0.01,300.0,300.0,4,3,80.0,240.0,"[80, 160, 240]",0.8972890535030658,0.9183705594701248,1.0,0.909,10.0,0.1,0.2183417677879333,0.1335133910179138,188809.953125,179057.625,9752.328125,187971.8125,0.8381330370903015,3.314501034998102,0.2192016650005825,3.0886464360009995,0.0071263080026255,0.0057590780015743,0.0102954881200033,467.73828125,ok,False,,,,,,,outputs_revision/sensitivity_synth/temp_end/runs.csv,temp_end,0.01,0.1,True
sens_synth__synthetic_n1000_d100_fixedseed3102__temp_end__seed2__divi,run_divi_sensitivity_synth.py,2026-03-25T13:26:34Z,unknown,x86_64,cpu,x86_64,synthetic,synthetic_n1000_d100_fixedseed3102,sens_temp_end,1000,100,3,0.1,0.9,3.0,3102.0,2,divi,1.0,divi,1000.0,1.0,80.0,auto_entropy,141.89385332046726,1.0,0.01,1.0,0.01,300.0,300.0,4,3,80.0,240.0,"[80, 160, 240]",0.8722521894181782,0.906178535702022,1.0,0.857,10.0,0.1,0.2126736640930175,0.1156727075576782,188933.859375,180560.46875,8373.390625,188332.6875,0.6011687517166138,2.632891994999227,0.1533799749995523,2.472667445999832,0.0059361919993534,0.0061647859984077,0.0082422248199994,472.19140625,ok,False,,,,,,,outputs_revision/sensitivity_synth/temp_end/runs.csv,temp_end,0.01,0.1,True
sens_synth__synthetic_n1000_d100_fixedseed3102__temp_end__seed3__divi,run_divi_sensitivity_synth.py,2026-03-25T13:26:37Z,unknown,x86_64,cpu,x86_64,synthetic,synthetic_n1000_d100_fixedseed3102,sens_temp_end,1000,100,3,0.1,0.9,3.0,3102.0,3,divi,1.0,divi,1000.0,1.0,80.0,auto_entropy,141.89385332046726,1.0,0.01,1.0,0.01,300.0,300.0,4,3,80.0,240.0,"[80, 160, 240]",0.8707217606954198,0.9054753989363094,1.0,0.849,10.0,0.1,0.2159219533205032,0.1217603534460067,188836.6875,180852.359375,7984.328125,188136.328125,0.700360894203186,2.6734872209999594,0.1707201760000316,2.495224069996766,0.0057807150042208,0.0068361240009835,0.0083174135666558,470.03125,ok,False,,,,,,,outputs_revision/sensitivity_synth/temp_end/runs.csv,temp_end,0.01,0.1,True
sens_synth__synthetic_n1000_d100_fixedseed3102__temp_end__seed4__divi,run_divi_sensitivity_synth.py,2026-03-25T13:26:39Z,unknown,x86_64,cpu,x86_64,synthetic,synthetic_n1000_d100_fixedseed3102,sens_temp_end,1000,100,3,0.1,0.9,3.0,3102.0,4,divi,1.0,divi,1000.0,1.0,80.0,auto_entropy,141.89385332046726,1.0,0.01,1.0,0.01,300.0,300.0,4,3,80.0,240.0,"[80, 160, 240]",0.8695729521546443,0.9049505015402716,1.0,0.836,10.0,0.1,0.2157511115074157,0.1331494003534317,188854.015625,179804.328125,9049.6875,188141.65625,0.7123584151268005,2.6449134560025414,0.1543522259999008,2.4803842600013013,0.0061554710009659,0.009418129997357,0.0082679475333376,463.92578125,ok,False,,,,,,,outputs_revision/sensitivity_synth/temp_end/runs.csv,temp_end,0.01,0.1,True
sens_synth__synthetic_n1000_d100_fixedseed3102__temp_end__seed5__divi,run_divi_sensitivity_synth.py,2026-03-25T13:26:42Z,unknown,x86_64,cpu,x86_64,synthetic,synthetic_n1000_d100_fixedseed3102,sens_temp_end,1000,100,3,0.1,0.9,3.0,3102.0,5,divi,1.0,divi,1000.0,1.0,80.0,auto_entropy,141.89385332046726,1.0,0.01,1.0,0.01,300.0,300.0,4,3,80.0,240.0,"[80, 160, 240]",0.8700836382453218,0.9051835311333336,1.0,0.844,10.0,0.1,0.2137340009212494,0.126151293516159,188928.828125,181036.828125,7892.0,188275.875,0.6529576182365417,2.889841971998976,0.1570895759978157,2.724940891002916,0.0067467560002114,0.0070003220025682,0.009083136303343,469.91015625,ok,False,,,,,,,outputs_revision/sensitivity_synth/temp_end/runs.csv,temp_end,0.01,0.1,True
sens_synth__synthetic_n1000_d100_fixedseed3102__temp_end__seed6__divi,run_divi_sensitivity_synth.py,2026-03-25T13:26:45Z,unknown,x86_64,cpu,x86_64,synthetic,synthetic_n1000_d100_fixedseed3102,sens_temp_end,1000,100,3,0.1,0.9,3.0,3102.0,6,divi,1.0,divi,1000.0,1.0,80.0,auto_entropy,141.89385332046726,1.0,0.01,1.0,0.01,300.0,300.0,4,3,80.0,240.0,"[80, 160, 240]",0.8840622540230114,0.911760477669322,1.0,0.888,10.0,0.1,0.2201220095157623,0.1250005960464477,188780.0625,181856.8125,6923.25,187861.890625,0.9181711077690125,2.904250867999508,0.2507295089999388,2.6444945219991496,0.0062006650005059,0.0080516809975961,0.0088149817399971,471.56640625,ok,False,,,,,,,outputs_revision/sensitivity_synth/temp_end/runs.csv,temp_end,0.01,0.1,True
sens_synth__synthetic_n1000_d100_fixedseed3102__temp_end__seed7__divi,run_divi_sensitivity_synth.py,2026-03-25T13:26:48Z,unknown,x86_64,cpu,x86_64,synthetic,synthetic_n1000_d100_fixedseed3102,sens_temp_end,1000,100,3,0.1,0.9,3.0,3102.0,7,divi,1.0,divi,1000.0,1.0,80.0,auto_entropy,141.89385332046726,1.0,0.01,1.0,0.01,300.0,300.0,4,3,80.0,240.0,"[80, 160, 240]",0.869985442372117,0.9051386857434202,1.0,0.843,10.0,0.1,0.2145178765058517,0.1181375384330749,188949.125,183383.609375,5565.515625,188215.453125,0.7336739301681519,2.651549915000942,0.1548338840002543,2.488084021002578,0.0063046230025065,0.007851741000195,0.0082936134033419,465.4609375,ok,False,,,,,,,outputs_revision/sensitivity_synth/temp_end/runs.csv,temp_end,0.01,0.1,True
sens_synth__synthetic_n1000_d100_fixedseed3102__temp_end__seed8__divi,run_divi_sensitivity_synth.py,2026-03-25T13:26:51Z,unknown,x86_64,cpu,x86_64,synthetic,synthetic_n1000_d100_fixedseed3102,sens_temp_end,1000,100,3,0.1,0.9,3.0,3102.0,8,divi,1.0,divi,1000.0,1.0,80.0,auto_entropy,141.89385332046726,1.0,0.01,1.0,0.01,300.0,300.0,4,3,80.0,240.0,"[80, 160, 240]",0.8727325909213094,0.9064001721832442,1.0,0.859,10.0,0.1,0.2119374722242355,0.127126008272171,189014.078125,183252.390625,5761.6875,188399.546875,0.614525556564331,2.729975674999878,0.1486457780010823,2.5709592670027632,0.0065702869978849,0.0096099889997276,0.0085698642233425,464.703125,ok,False,,,,,,,outputs_revision/sensitivity_synth/temp_end/runs.csv,temp_end,0.01,0.1,True
sens_synth__synthetic_n1000_d100_fixedseed3102__temp_end__seed9__divi,run_divi_sensitivity_synth.py,2026-03-25T13:26:54Z,unknown,x86_64,cpu,x86_64,synthetic,synthetic_n1000_d100_fixedseed3102,sens_temp_end,1000,100,3,0.1,0.9,3.0,3102.0,9,divi,1.0,divi,1000.0,1.0,80.0,auto_entropy,141.89385332046726,1.0,0.01,1.0,0.01,300.0,300.0,4,3,80.0,240.0,"[80, 160, 240]",0.8937632708361408,0.916568675479536,1.0,0.904,10.0,0.1,0.2144708186388015,0.1270700097084045,188897.84375,180317.703125,8580.140625,188229.234375,0.6686108708381653,2.786739115999808,0.150354908000736,2.629256731001078,0.0068915510055376,0.0064200580018223,0.0087641891033369,459.6171875,ok,False,,,,,,,outputs_revision/sensitivity_synth/temp_end/runs.csv,temp_end,0.01,0.1,True
sens_synth__synthetic_n1000_d100_fixedseed3102__temp_end__seed0__divi,run_divi_sensitivity_synth.py,2026-03-25T13:26:56Z,unknown,x86_64,cpu,x86_64,synthetic,synthetic_n1000_d100_fixedseed3102,sens_temp_end,1000,100,3,0.1,0.9,3.0,3102.0,0,divi,1.0,divi,1000.0,1.0,80.0,auto_entropy,141.89385332046726,1.0,0.01,1.0,0.05,300.0,300.0,4,3,80.0,240.0,"[80, 160, 240]",0.9010474596731054,0.9203253008666656,1.0,0.914,10.0,0.1,0.2500528991222381,0.1715919077396392,188163.734375,181975.609375,6188.125,185892.640625,2.2710869312286377,2.952370524999424,0.2178479610010981,2.7208532040021964,0.0069545899968943,0.0128573719994165,0.0090695106800073,462.67578125,ok,False,,,,,,,outputs_revision/sensitivity_synth/temp_end/runs.csv,temp_end,0.05,0.1,True
sens_synth__synthetic_n1000_d100_fixedseed3102__temp_end__seed1__divi,run_divi_sensitivity_synth.py,2026-03-25T13:26:59Z,unknown,x86_64,cpu,x86_64,synthetic,synthetic_n1000_d100_fixedseed3102,sens_temp_end,1000,100,3,0.1,0.9,3.0,3102.0,1,divi,1.0,divi,1000.0,1.0,80.0,auto_entropy,141.89385332046726,1.0,0.01,1.0,0.05,300.0,300.0,4,3,80.0,240.0,"[80, 160, 240]",0.891111228574592,0.915232912249438,1.0,0.9,10.0,0.1,0.251634418964386,0.1744809746742248,188155.09375,179249.703125,8905.390625,185780.71875,2.3743696212768555,2.516347859000234,0.1530810799995379,2.3554846170009114,0.0062534440039598,0.0070373089984059,0.007851615390003,452.12109375,ok,False,,,,,,,outputs_revision/sensitivity_synth/temp_end/runs.csv,temp_end,0.05,0.1,True
sens_synth__synthetic_n1000_d100_fixedseed3102__temp_end__seed2__divi,run_divi_sensitivity_synth.py,2026-03-25T13:27:02Z,unknown,x86_64,cpu,x86_64,synthetic,synthetic_n1000_d100_fixedseed3102,sens_temp_end,1000,100,3,0.1,0.9,3.0,3102.0,2,divi,1.0,divi,1000.0,1.0,80.0,auto_entropy,141.89385332046726,1.0,0.01,1.0,0.05,300.0,300.0,4,3,80.0,240.0,"[80, 160, 240]",0.8712222585481156,0.9057048569349366,1.0,0.852,10.0,0.1,0.2453063130378723,0.1595507264137268,188164.5625,180478.03125,7686.53125,186183.0625,1.9815011024475095,2.5387984640001378,0.1543247410008916,2.376091307000024,0.0070938690005277,0.0076596059989242,0.0079203043566667,460.7734375,ok,False,,,,,,,outputs_revision/sensitivity_synth/temp_end/runs.csv,temp_end,0.05,0.1,True
sens_synth__synthetic_n1000_d100_fixedseed3102__temp_end__seed3__divi,run_divi_sensitivity_synth.py,2026-03-25T13:27:04Z,unknown,x86_64,cpu,x86_64,synthetic,synthetic_n1000_d100_fixedseed3102,sens_temp_end,1000,100,3,0.1,0.9,3.0,3102.0,3,divi,1.0,divi,1000.0,1.0,80.0,auto_entropy,141.89385332046726,1.0,0.01,1.0,0.05,300.0,300.0,4,3,80.0,240.0,"[80, 160, 240]",0.8710456305995662,0.905623826041484,1.0,0.851,10.0,0.1,0.244437962770462,0.1551572680473327,188218.140625,179359.46875,8858.671875,186259.71875,1.9584202766418457,2.2789868139989267,0.1561149869994551,2.115897321000375,0.0053738740025437,0.0061332720033533,0.0070529910700012,465.3515625,ok,False,,,,,,,outputs_revision/sensitivity_synth/temp_end/runs.csv,temp_end,0.05,0.1,True
sens_synth__synthetic_n1000_d100_fixedseed3102__temp_end__seed4__divi,run_divi_sensitivity_synth.py,2026-03-25T13:27:06Z,unknown,x86_64,cpu,x86_64,synthetic,synthetic_n1000_d100_fixedseed3102,sens_temp_end,1000,100,3,0.1,0.9,3.0,3102.0,4,divi,1.0,divi,1000.0,1.0,80.0,auto_entropy,141.89385332046726,1.0,0.01,1.0,0.05,300.0,300.0,4,3,80.0,240.0,"[80, 160, 240]",0.8698184951921494,0.9050624835845652,1.0,0.841,10.0,0.1,0.2453134655952453,0.1650702208280563,188184.34375,178968.75,9215.59375,186196.40625,1.987943649291992,2.440735973999836,0.1520813230017665,2.281432833999133,0.0058026530023198,0.0065050230004999,0.0076047761133304,460.140625,ok,False,,,,,,,outputs_revision/sensitivity_synth/temp_end/runs.csv,temp_end,0.05,0.1,True
sens_synth__synthetic_n1000_d100_fixedseed3102__temp_end__seed5__divi,run_divi_sensitivity_synth.py,2026-03-25T13:27:09Z,unknown,x86_64,cpu,x86_64,synthetic,synthetic_n1000_d100_fixedseed3102,sens_temp_end,1000,100,3,0.1,0.9,3.0,3102.0,5,divi,1.0,divi,1000.0,1.0,80.0,auto_entropy,141.89385332046726,1.0,0.01,1.0,0.05,300.0,300.0,4,3,80.0,240.0,"[80, 160, 240]",0.8708787969324527,0.9055473426801351,1.0,0.85,10.0,0.1,0.2461594343185424,0.162248283624649,188181.296875,180203.515625,7977.78125,186139.71875,2.0415799617767334,3.05135503999918,0.2185151880003104,2.8241106089990358,0.0066566169953148,0.0079017079988261,0.0094137020299967,458.6171875,ok,False,,,,,,,outputs_revision/sensitivity_synth/temp_end/runs.csv,temp_end,0.05,0.1,True
sens_synth__synthetic_n1000_d100_fixedseed3102__temp_end__seed6__divi,run_divi_sensitivity_synth.py,2026-03-25T13:27:12Z,unknown,x86_64,cpu,x86_64,synthetic,synthetic_n1000_d100_fixedseed3102,sens_temp_end,1000,100,3,0.1,0.9,3.0,3102.0,6,divi,1.0,divi,1000.0,1.0,80.0,auto_entropy,141.89385332046726,1.0,0.01,1.0,0.05,300.0,300.0,4,3,80.0,240.0,"[80, 160, 240]",0.8845973904454957,0.9120202475420424,1.0,0.889,10.0,0.1,0.2481340020895004,0.167646437883377,188222.5,181032.421875,7190.078125,186015.546875,2.206947565078736,2.5502758309994533,0.1484704709982907,2.3951720999975805,0.0056894869958341,0.0059130269983143,0.0079839069999919,476.4296875,ok,False,,,,,,,outputs_revision/sensitivity_synth/temp_end/runs.csv,temp_end,0.05,0.1,True
sens_synth__synthetic_n1000_d100_fixedseed3102__temp_end__seed7__divi,run_divi_sensitivity_synth.py,2026-03-25T13:27:15Z,unknown,x86_64,cpu,x86_64,synthetic,synthetic_n1000_d100_fixedseed3102,sens_temp_end,1000,100,3,0.1,0.9,3.0,3102.0,7,divi,1.0,divi,1000.0,1.0,80.0,auto_entropy,141.89385332046726,1.0,0.01,1.0,0.05,300.0,300.0,4,3,80.0,240.0,"[80, 160, 240]",0.869985442372117,0.9051386857434202,1.0,0.843,10.0,0.1,0.2471370100975036,0.1645633280277252,188220.4375,181667.71875,6552.71875,186067.484375,2.152958869934082,2.607611391998944,0.1679243860016868,2.432878879997588,0.0061802029958926,0.0060353379994921,0.0081095962666586,473.76171875,ok,False,,,,,,,outputs_revision/sensitivity_synth/temp_end/runs.csv,temp_end,0.05,0.1,True
sens_synth__synthetic_n1000_d100_fixedseed3102__temp_end__seed8__divi,run_divi_sensitivity_synth.py,2026-03-25T13:27:17Z,unknown,x86_64,cpu,x86_64,synthetic,synthetic_n1000_d100_fixedseed3102,sens_temp_end,1000,100,3,0.1,0.9,3.0,3102.0,8,divi,1.0,divi,1000.0,1.0,80.0,auto_entropy,141.89385332046726,1.0,0.01,1.0,0.05,300.0,300.0,4,3,80.0,240.0,"[80, 160, 240]",0.8707217606954198,0.9054753989363094,1.0,0.849,10.0,0.1,0.2449196577072143,0.1605021953582763,188234.875,182389.375,5845.5,186228.71875,2.0061538219451904,2.511138183002913,0.155344344999321,2.349070002001099,0.0069240929988154,0.0059177910006837,0.0078302333400036,460.15625,ok,False,,,,,,,outputs_revision/sensitivity_synth/temp_end/runs.csv,temp_end,0.05,0.1,True
sens_synth__synthetic_n1000_d100_fixedseed3102__temp_end__seed9__divi,run_divi_sensitivity_synth.py,2026-03-25T13:27:20Z,unknown,x86_64,cpu,x86_64,synthetic,synthetic_n1000_d100_fixedseed3102,sens_temp_end,1000,100,3,0.1,0.9,3.0,3102.0,9,divi,1.0,divi,1000.0,1.0,80.0,auto_entropy,141.89385332046726,1.0,0.01,1.0,0.05,300.0,300.0,4,3,80.0,240.0,"[80, 160, 240]",0.8924184596233072,0.9158892655397226,1.0,0.902,10.0,0.1,0.2485648691654205,0.1698775291442871,188196.78125,179326.9375,8869.84375,185984.3125,2.2124712467193604,2.675687253999058,0.1708800490014255,2.490134758001659,0.0060510829971462,0.0139650950004579,0.0083004491933388,452.15234375,ok,False,,,,,,,outputs_revision/sensitivity_synth/temp_end/runs.csv,temp_end,0.05,0.1,True
sens_synth__synthetic_n1000_d100_fixedseed3102__temp_end__seed0__divi,run_divi_sensitivity_synth.py,2026-03-25T13:27:22Z,unknown,x86_64,cpu,x86_64,synthetic,synthetic_n1000_d100_fixedseed3102,sens_temp_end,1000,100,3,0.1,0.9,3.0,3102.0,0,divi,1.0,divi,1000.0,1.0,80.0,auto_entropy,141.89385332046726,1.0,0.01,1.0,0.1,300.0,300.0,4,3,80.0,240.0,"[80, 160, 240]",0.9050367640593462,0.9224401943462928,1.0,0.919,10.0,0.1,0.261843740940094,0.1868165135383606,188118.390625,181730.328125,6388.0625,185113.75,3.004643440246582,2.6884902120000334,0.2212764940013585,2.46056149099968,0.0072453069988114,0.0058047750026162,0.0082018716366656,468.5546875,ok,False,,,,,,,outputs_revision/sensitivity_synth/temp_end/runs.csv,temp_end,0.1,0.1,True
sens_synth__synthetic_n1000_d100_fixedseed3102__temp_end__seed1__divi,run_divi_sensitivity_synth.py,2026-03-25T13:27:25Z,unknown,x86_64,cpu,x86_64,synthetic,synthetic_n1000_d100_fixedseed3102,sens_temp_end,1000,100,3,0.1,0.9,3.0,3102.0,1,divi,1.0,divi,1000.0,1.0,80.0,auto_entropy,141.89385332046726,1.0,0.01,1.0,0.1,300.0,300.0,4,3,80.0,240.0,"[80, 160, 240]",0.8880081922989718,0.9136906351009464,1.0,0.895,10.0,0.1,0.2617155909538269,0.1800341010093689,188104.46875,179295.5625,8808.90625,185116.03125,2.9884297847747803,2.4141881659998035,0.1681953870029247,2.239306352003041,0.0063355579986819,0.0058823140025197,0.0074643545066768,462.8359375,ok,False,,,,,,,outputs_revision/sensitivity_synth/temp_end/runs.csv,temp_end,0.1,0.1,True
sens_synth__synthetic_n1000_d100_fixedseed3102__temp_end__seed2__divi,run_divi_sensitivity_synth.py,2026-03-25T13:27:27Z,unknown,x86_64,cpu,x86_64,synthetic,synthetic_n1000_d100_fixedseed3102,sens_temp_end,1000,100,3,0.1,0.9,3.0,3102.0,2,divi,1.0,divi,1000.0,1.0,80.0,auto_entropy,141.89385332046726,1.0,0.01,1.0,0.1,300.0,300.0,4,3,80.0,240.0,"[80, 160, 240]",0.871408677445161,0.9057904437620784,1.0,0.853,10.0,0.1,0.2578036785125732,0.1772044450044632,188072.5625,179973.09375,8099.46875,185360.109375,2.712459087371826,2.460838319002505,0.1503643530013505,2.302585473000363,0.0055494750013167,0.0071323020019917,0.0076752849100012,462.07421875,ok,False,,,,,,,outputs_revision/sensitivity_synth/temp_end/runs.csv,temp_end,0.1,0.1,True
sens_synth__synthetic_n1000_d100_fixedseed3102__temp_end__seed3__divi,run_divi_sensitivity_synth.py,2026-03-25T13:27:30Z,unknown,x86_64,cpu,x86_64,synthetic,synthetic_n1000_d100_fixedseed3102,sens_temp_end,1000,100,3,0.1,0.9,3.0,3102.0,3,divi,1.0,divi,1000.0,1.0,80.0,auto_entropy,141.89385332046726,1.0,0.01,1.0,0.1,300.0,300.0,4,3,80.0,240.0,"[80, 160, 240]",0.8710456305995662,0.905623826041484,1.0,0.851,10.0,0.1,0.2571823596954345,0.1691636890172958,188104.953125,179621.640625,8483.3125,185419.75,2.6851956844329834,2.3519996819995868,0.1547895660005451,2.1893110970013367,0.00606286099719,0.0071951479985727,0.0072977036566711,470.34375,ok,False,,,,,,,outputs_revision/sensitivity_synth/temp_end/runs.csv,temp_end,0.1,0.1,True
sens_synth__synthetic_n1000_d100_fixedseed3102__temp_end__seed4__divi,run_divi_sensitivity_synth.py,2026-03-25T13:27:33Z,unknown,x86_64,cpu,x86_64,synthetic,synthetic_n1000_d100_fixedseed3102,sens_temp_end,1000,100,3,0.1,0.9,3.0,3102.0,4,divi,1.0,divi,1000.0,1.0,80.0,auto_entropy,141.89385332046726,1.0,0.01,1.0,0.1,300.0,300.0,4,3,80.0,240.0,"[80, 160, 240]",0.8696908176385139,0.90500424105296,1.0,0.839,10.0,0.1,0.2572711706161499,0.169757455587387,188090.921875,178831.546875,9259.375,185409.234375,2.681694507598877,2.886063759000536,0.1661204939991876,2.706749340002716,0.0062902519966883,0.0124442759988596,0.009022497800009,457.87890625,ok,False,,,,,,,outputs_revision/sensitivity_synth/temp_end/runs.csv,temp_end,0.1,0.1,True
sens_synth__synthetic_n1000_d100_fixedseed3102__temp_end__seed5__divi,run_divi_sensitivity_synth.py,2026-03-25T13:27:36Z,unknown,x86_64,cpu,x86_64,synthetic,synthetic_n1000_d100_fixedseed3102,sens_temp_end,1000,100,3,0.1,0.9,3.0,3102.0,5,divi,1.0,divi,1000.0,1.0,80.0,auto_entropy,141.89385332046726,1.0,0.01,1.0,0.1,300.0,300.0,4,3,80.0,240.0,"[80, 160, 240]",0.8712222585481156,0.9057048569349366,1.0,0.852,10.0,0.1,0.2590311765670776,0.1766994893550872,188100.96875,180206.765625,7894.203125,185291.953125,2.809010505676269,2.871201319001557,0.2119372989982366,2.65113697200286,0.0075300839998817,0.0072601630017743,0.0088371232400095,461.19140625,ok,False,,,,,,,outputs_revision/sensitivity_synth/temp_end/runs.csv,temp_end,0.1,0.1,True
sens_synth__synthetic_n1000_d100_fixedseed3102__temp_end__seed6__divi,run_divi_sensitivity_synth.py,2026-03-25T13:27:38Z,unknown,x86_64,cpu,x86_64,synthetic,synthetic_n1000_d100_fixedseed3102,sens_temp_end,1000,100,3,0.1,0.9,3.0,3102.0,6,divi,1.0,divi,1000.0,1.0,80.0,auto_entropy,141.89385332046726,1.0,0.01,1.0,0.1,300.0,300.0,4,3,80.0,240.0,"[80, 160, 240]",0.8845973904454957,0.9120202475420424,1.0,0.889,10.0,0.1,0.2601928412914276,0.1774344146251678,188132.359375,180989.0625,7143.296875,185221.5625,2.910790205001831,2.4123231780031347,0.1531262270000297,2.251326754998445,0.0057329530027345,0.0071871000000101,0.0075044225166614,463.22265625,ok,False,,,,,,,outputs_revision/sensitivity_synth/temp_end/runs.csv,temp_end,0.1,0.1,True
sens_synth__synthetic_n1000_d100_fixedseed3102__temp_end__seed7__divi,run_divi_sensitivity_synth.py,2026-03-25T13:27:40Z,unknown,x86_64,cpu,x86_64,synthetic,synthetic_n1000_d100_fixedseed3102,sens_temp_end,1000,100,3,0.1,0.9,3.0,3102.0,7,divi,1.0,divi,1000.0,1.0,80.0,auto_entropy,141.89385332046726,1.0,0.01,1.0,0.1,300.0,300.0,4,3,80.0,240.0,"[80, 160, 240]",0.8701916465625515,0.9052328786980448,1.0,0.845,10.0,0.1,0.2592122852802276,0.181307315826416,188139.203125,180854.640625,7284.5625,185272.4375,2.866772413253784,2.2705335979990195,0.150561173002643,2.1125948900007643,0.0067470900030457,0.0065581829985603,0.0070419829666692,465.515625,ok,False,,,,,,,outputs_revision/sensitivity_synth/temp_end/runs.csv,temp_end,0.1,0.1,True
sens_synth__synthetic_n1000_d100_fixedseed3102__temp_end__seed8__divi,run_divi_sensitivity_synth.py,2026-03-25T13:27:43Z,unknown,x86_64,cpu,x86_64,synthetic,synthetic_n1000_d100_fixedseed3102,sens_temp_end,1000,100,3,0.1,0.9,3.0,3102.0,8,divi,1.0,divi,1000.0,1.0,80.0,auto_entropy,141.89385332046726,1.0,0.01,1.0,0.1,300.0,300.0,4,3,80.0,240.0,"[80, 160, 240]",0.8705745248526675,0.9054079873788928,1.0,0.848,10.0,0.1,0.259381890296936,0.1778667867183685,188104.6875,182211.25,5893.4375,185276.1875,2.82849383354187,2.4974105799992685,0.1652696929995727,2.3209125270004733,0.0060918380040675,0.0105100230030075,0.0077363750900015,452.1640625,ok,False,,,,,,,outputs_revision/sensitivity_synth/temp_end/runs.csv,temp_end,0.1,0.1,True
sens_synth__synthetic_n1000_d100_fixedseed3102__temp_end__seed9__divi,run_divi_sensitivity_synth.py,2026-03-25T13:27:45Z,unknown,x86_64,cpu,x86_64,synthetic,synthetic_n1000_d100_fixedseed3102,sens_temp_end,1000,100,3,0.1,0.9,3.0,3102.0,9,divi,1.0,divi,1000.0,1.0,80.0,auto_entropy,141.89385332046726,1.0,0.01,1.0,0.1,300.0,300.0,4,3,80.0,240.0,"[80, 160, 240]",0.8868332359052344,0.913112323275832,1.0,0.893,10.0,0.1,0.2592481672763824,0.184630662202835,188153.5625,178901.96875,9251.59375,185279.90625,2.8736491203308105,2.67131123499712,0.1517064850013412,2.509893630998704,0.0076611209988186,0.0088954200000443,0.008366312103329,465.13671875,ok,False,,,,,,,outputs_revision/sensitivity_synth/temp_end/runs.csv,temp_end,0.1,0.1,True
sens_synth__synthetic_n1000_d100_fixedseed3102__temp_end__seed0__divi,run_divi_sensitivity_synth.py,2026-03-25T13:27:48Z,unknown,x86_64,cpu,x86_64,synthetic,synthetic_n1000_d100_fixedseed3102,sens_temp_end,1000,100,3,0.1,0.9,3.0,3102.0,0,divi,1.0,divi,1000.0,1.0,80.0,auto_entropy,141.89385332046726,1.0,0.01,1.0,0.2,300.0,300.0,4,3,80.0,240.0,"[80, 160, 240]",0.9110062071166172,0.9256862703354451,1.0,0.926,10.0,0.1,0.2707985043525696,0.2007973790168762,188134.765625,181272.921875,6861.84375,184517.875,3.616884708404541,2.7271520129979763,0.2300798300020687,2.487716485000419,0.0069244839978637,0.0082924119997187,0.0082923882833347,475.3125,ok,False,,,,,,,outputs_revision/sensitivity_synth/temp_end/runs.csv,temp_end,0.2,0.1,True
sens_synth__synthetic_n1000_d100_fixedseed3102__temp_end__seed1__divi,run_divi_sensitivity_synth.py,2026-03-25T13:27:51Z,unknown,x86_64,cpu,x86_64,synthetic,synthetic_n1000_d100_fixedseed3102,sens_temp_end,1000,100,3,0.1,0.9,3.0,3102.0,1,divi,1.0,divi,1000.0,1.0,80.0,auto_entropy,141.89385332046726,1.0,0.01,1.0,0.2,300.0,300.0,4,3,80.0,240.0,"[80, 160, 240]",0.8886098911660266,0.9139879850656342,1.0,0.896,10.0,0.1,0.2690118551254272,0.1897044777870178,188104.625,179149.375,8955.25,184630.3125,3.4743194580078125,2.452533884999866,0.1526579340024909,2.29019620300096,0.0064343869962613,0.00893909899969,0.0076339873433365,475.6953125,ok,False,,,,,,,outputs_revision/sensitivity_synth/temp_end/runs.csv,temp_end,0.2,0.1,True
sens_synth__synthetic_n1000_d100_fixedseed3102__temp_end__seed2__divi,run_divi_sensitivity_synth.py,2026-03-25T13:27:53Z,unknown,x86_64,cpu,x86_64,synthetic,synthetic_n1000_d100_fixedseed3102,sens_temp_end,1000,100,3,0.1,0.9,3.0,3102.0,2,divi,1.0,divi,1000.0,1.0,80.0,auto_entropy,141.89385332046726,1.0,0.01,1.0,0.2,300.0,300.0,4,3,80.0,240.0,"[80, 160, 240]",0.8710456305995662,0.905623826041484,1.0,0.851,10.0,0.1,0.2685651779174804,0.1929112374782562,188098.21875,179755.8125,8342.40625,184648.984375,3.4492337703704834,2.415863790000003,0.1517344259991659,2.257396024000627,0.0056763799984764,0.0059027410025009,0.0075246534133354,481.421875,ok,False,,,,,,,outputs_revision/sensitivity_synth/temp_end/runs.csv,temp_end,0.2,0.1,True
sens_synth__synthetic_n1000_d100_fixedseed3102__temp_end__seed3__divi,run_divi_sensitivity_synth.py,2026-03-25T13:27:55Z,unknown,x86_64,cpu,x86_64,synthetic,synthetic_n1000_d100_fixedseed3102,sens_temp_end,1000,100,3,0.1,0.9,3.0,3102.0,3,divi,1.0,divi,1000.0,1.0,80.0,auto_entropy,141.89385332046726,1.0,0.01,1.0,0.2,300.0,300.0,4,3,80.0,240.0,"[80, 160, 240]",0.8710456305995662,0.905623826041484,1.0,0.851,10.0,0.1,0.2679463624954223,0.1834066361188888,188100.09375,177919.890625,10180.203125,184702.171875,3.3979239463806152,2.3163509289988724,0.1554132880010001,2.154149952999433,0.005630060997646,0.0061031229997752,0.0071804998433314,472.6484375,ok,False,,,,,,,outputs_revision/sensitivity_synth/temp_end/runs.csv,temp_end,0.2,0.1,True
sens_synth__synthetic_n1000_d100_fixedseed3102__temp_end__seed4__divi,run_divi_sensitivity_synth.py,2026-03-25T13:27:58Z,unknown,x86_64,cpu,x86_64,synthetic,synthetic_n1000_d100_fixedseed3102,sens_temp_end,1000,100,3,0.1,0.9,3.0,3102.0,4,divi,1.0,divi,1000.0,1.0,80.0,auto_entropy,141.89385332046726,1.0,0.01,1.0,0.2,300.0,300.0,4,3,80.0,240.0,"[80, 160, 240]",0.8696024193609158,0.9049639343655744,1.0,0.837,10.0,0.1,0.2669235169887543,0.1818296611309051,188090.640625,178700.359375,9390.28125,184767.421875,3.3232123851776123,2.7178815790030058,0.1506626209993555,2.5511931920009374,0.0102583680018142,0.0152613320024102,0.0085039773066697,452.171875,ok,False,,,,,,,outputs_revision/sensitivity_synth/temp_end/runs.csv,temp_end,0.2,0.1,True
sens_synth__synthetic_n1000_d100_fixedseed3102__temp_end__seed5__divi,run_divi_sensitivity_synth.py,2026-03-25T13:28:01Z,unknown,x86_64,cpu,x86_64,synthetic,synthetic_n1000_d100_fixedseed3102,sens_temp_end,1000,100,3,0.1,0.9,3.0,3102.0,5,divi,1.0,divi,1000.0,1.0,80.0,auto_entropy,141.89385332046726,1.0,0.01,1.0,0.2,300.0,300.0,4,3,80.0,240.0,"[80, 160, 240]",0.8724875066247227,0.9062870455436096,1.0,0.858,10.0,0.1,0.2696375548839569,0.1925222873687744,188111.640625,179651.359375,8460.28125,184587.53125,3.524109363555908,2.6527115190001496,0.2332455130017479,2.4108456979993207,0.0073190180009987,0.0077718979991914,0.0080361523266644,462.7265625,ok,False,,,,,,,outputs_revision/sensitivity_synth/temp_end/runs.csv,temp_end,0.2,0.1,True
sens_synth__synthetic_n1000_d100_fixedseed3102__temp_end__seed6__divi,run_divi_sensitivity_synth.py,2026-03-25T13:28:03Z,unknown,x86_64,cpu,x86_64,synthetic,synthetic_n1000_d100_fixedseed3102,sens_temp_end,1000,100,3,0.1,0.9,3.0,3102.0,6,divi,1.0,divi,1000.0,1.0,80.0,auto_entropy,141.89385332046726,1.0,0.01,1.0,0.2,300.0,300.0,4,3,80.0,240.0,"[80, 160, 240]",0.8845973904454957,0.9120202475420424,1.0,0.889,10.0,0.1,0.2697247564792633,0.1914379596710205,188130.1875,180556.984375,7573.203125,184590.828125,3.539360284805298,2.5267451079998864,0.1547679269970103,2.365018292999593,0.0062016599986236,0.0061494069996115,0.0078833943099986,461.96875,ok,False,,,,,,,outputs_revision/sensitivity_synth/temp_end/runs.csv,temp_end,0.2,0.1,True
sens_synth__synthetic_n1000_d100_fixedseed3102__temp_end__seed7__divi,run_divi_sensitivity_synth.py,2026-03-25T13:28:06Z,unknown,x86_64,cpu,x86_64,synthetic,synthetic_n1000_d100_fixedseed3102,sens_temp_end,1000,100,3,0.1,0.9,3.0,3102.0,7,divi,1.0,divi,1000.0,1.0,80.0,auto_entropy,141.89385332046726,1.0,0.01,1.0,0.2,300.0,300.0,4,3,80.0,240.0,"[80, 160, 240]",0.8705745248526675,0.9054079873788928,1.0,0.848,10.0,0.1,0.2690487504005432,0.194665253162384,188140.109375,180171.375,7968.734375,184622.796875,3.5173158645629883,2.415726971001277,0.1637858690010034,2.245180841000547,0.0056691089994274,0.0060332200009725,0.0074839361366684,472.26953125,ok,False,,,,,,,outputs_revision/sensitivity_synth/temp_end/runs.csv,temp_end,0.2,0.1,True
sens_synth__synthetic_n1000_d100_fixedseed3102__temp_end__seed8__divi,run_divi_sensitivity_synth.py,2026-03-25T13:28:08Z,unknown,x86_64,cpu,x86_64,synthetic,synthetic_n1000_d100_fixedseed3102,sens_temp_end,1000,100,3,0.1,0.9,3.0,3102.0,8,divi,1.0,divi,1000.0,1.0,80.0,auto_entropy,141.89385332046726,1.0,0.01,1.0,0.2,300.0,300.0,4,3,80.0,240.0,"[80, 160, 240]",0.8705745248526675,0.9054079873788928,1.0,0.848,10.0,0.1,0.2696235477924347,0.1914504319429397,188122.328125,181158.6875,6963.640625,184597.046875,3.5252761840820312,2.47421315199972,0.1502513949999411,2.316319792000286,0.0057981529971584,0.00692463499945,0.0077210659733342,482.1875,ok,False,,,,,,,outputs_revision/sensitivity_synth/temp_end/runs.csv,temp_end,0.2,0.1,True
sens_synth__synthetic_n1000_d100_fixedseed3102__temp_end__seed9__divi,run_divi_sensitivity_synth.py,2026-03-25T13:28:11Z,unknown,x86_64,cpu,x86_64,synthetic,synthetic_n1000_d100_fixedseed3102,sens_temp_end,1000,100,3,0.1,0.9,3.0,3102.0,9,divi,1.0,divi,1000.0,1.0,80.0,auto_entropy,141.89385332046726,1.0,0.01,1.0,0.2,300.0,300.0,4,3,80.0,240.0,"[80, 160, 240]",0.8862600002033278,0.9128312882442232,1.0,0.892,10.0,0.1,0.2682181894779205,0.1969718039035797,188136.90625,178789.0625,9347.84375,184684.359375,3.4525508880615234,2.5246583570005896,0.1508005689975107,2.3662861289994908,0.0067422440006339,0.0068370869994396,0.0078876204299983,457.0078125,ok,False,,,,,,,outputs_revision/sensitivity_synth/temp_end/runs.csv,temp_end,0.2,0.1,True
