experiment_id,script_name,timestamp,git_commit,hostname,device_type,device_name,dataset,dataset_variant,split_name,N,D,K_true,informative_ratio,noise_ratio,noise_sigma,data_seed,run_seed,method,prior_mode,baseline_name,beta,beta_mult,Tsplit,tau_mode,tau,tau_mult,lr,temp_start,temp_end,max_epochs,epochs_completed,final_K,split_count,first_split_epoch,last_split_epoch,split_epochs_json,ari,nmi,f1_feature,acc,selected_dims_count,selected_dims_ratio,mean_phi,median_phi,objective_final,objective_best,objective_gap,nll_final,kl_final,wallclock_total_sec,wallclock_stepA_sec,wallclock_train_sec,wallclock_split_diag_sec,wallclock_post_sec,time_per_epoch_sec,peak_memory_mb,status,timeout_flag,error_message,artifact_dir,runtime_axis,runtime_value,baseline_timeout_sec,baseline_converged_flag
runtime_synth__synthetic_n1000_d100_noise3.0__runtime_dscale__seed0__divi,run_divi_runtime_synth.py,2026-03-25T08:15:50Z,unknown,x86_64,cpu,x86_64,synthetic,synthetic_n1000_d100_noise3.0,runtime_dscale,1000,100,3,0.1,0.9,3.0,20260425,0,divi,1,divi,1000.0,1.0,80,auto_entropy,141.89385332046726,1.0,0.01,1.0,0.1,300,300,4,3,80,240,"[80, 160, 240]",0.8790863947577888,0.9094849103554182,nan,0.879,10,0.1,0.28480473160743713,0.20451822876930237,187202.46875,179704.53125,7497.9375,183629.0625,3.573408365249634,8.700206663000245,0.2665009780002947,2.851336994999656,0.018312069000785414,0.007673202999285422,0.009504456649998853,485.96484375,ok,False,,,D,100,nan,True
runtime_synth__synthetic_n1000_d100_noise3.0__runtime_dscale__seed0__kmeans_oracle,run_divi_runtime_synth.py,2026-03-25T08:15:50Z,unknown,x86_64,cpu,x86_64,synthetic,synthetic_n1000_d100_noise3.0,runtime_dscale,1000,100,3,0.1,0.9,3.0,20260425,0,kmeans_oracle,nan,kmeans_oracle,nan,nan,nan,,nan,nan,nan,nan,nan,nan,nan,3,0,nan,nan,[],1.0,1.0,nan,1.0,nan,nan,nan,nan,nan,nan,nan,nan,nan,0.063302,nan,0.063302,nan,nan,nan,486.1796875,ok,False,,,D,100,nan,True
runtime_synth__synthetic_n1000_d100_noise3.0__runtime_dscale__seed0__gmm_oracle,run_divi_runtime_synth.py,2026-03-25T08:15:50Z,unknown,x86_64,cpu,x86_64,synthetic,synthetic_n1000_d100_noise3.0,runtime_dscale,1000,100,3,0.1,0.9,3.0,20260425,0,gmm_oracle,nan,gmm_oracle,nan,nan,nan,,nan,nan,nan,nan,nan,nan,nan,3,0,nan,nan,[],1.0,1.0,nan,1.0,nan,nan,nan,nan,nan,nan,nan,nan,nan,0.217052,nan,0.217052,nan,nan,nan,487.828125,ok,False,,,D,100,nan,True
runtime_synth__synthetic_n1000_d100_noise3.0__runtime_dscale__seed0__spkm,run_divi_runtime_synth.py,2026-03-25T08:15:50Z,unknown,x86_64,cpu,x86_64,synthetic,synthetic_n1000_d100_noise3.0,runtime_dscale,1000,100,3,0.1,0.9,3.0,20260425,0,spkm,nan,spkm,nan,nan,nan,,nan,nan,nan,nan,nan,nan,nan,3,0,nan,nan,[],1.0,1.0,nan,1.0,95,0.95,nan,nan,nan,nan,nan,nan,nan,0.149814,nan,0.149814,nan,nan,nan,488.296875,ok,False,,,D,100,nan,True
runtime_synth__synthetic_n1000_d100_noise3.0__runtime_dscale__seed1__divi,run_divi_runtime_synth.py,2026-03-25T08:15:53Z,unknown,x86_64,cpu,x86_64,synthetic,synthetic_n1000_d100_noise3.0,runtime_dscale,1000,100,3,0.1,0.9,3.0,20260425,1,divi,1,divi,1000.0,1.0,80,auto_entropy,141.89385332046726,1.0,0.01,1.0,0.1,300,300,4,3,80,240,"[80, 160, 240]",0.8717912569048336,0.906079716572033,nan,0.858,10,0.1,0.2808740437030792,0.20185920596122742,187168.109375,177899.140625,9268.96875,183878.390625,3.2897229194641113,2.533242997999878,0.24499712900069426,2.2795493290004742,0.005984637000437942,0.007820009000170103,0.0075984977633349144,494.2734375,ok,False,,,D,100,nan,True
runtime_synth__synthetic_n1000_d100_noise3.0__runtime_dscale__seed1__kmeans_oracle,run_divi_runtime_synth.py,2026-03-25T08:15:53Z,unknown,x86_64,cpu,x86_64,synthetic,synthetic_n1000_d100_noise3.0,runtime_dscale,1000,100,3,0.1,0.9,3.0,20260425,1,kmeans_oracle,nan,kmeans_oracle,nan,nan,nan,,nan,nan,nan,nan,nan,nan,nan,3,0,nan,nan,[],1.0,1.0,nan,1.0,nan,nan,nan,nan,nan,nan,nan,nan,nan,0.044574,nan,0.044574,nan,nan,nan,494.2734375,ok,False,,,D,100,nan,True
runtime_synth__synthetic_n1000_d100_noise3.0__runtime_dscale__seed1__gmm_oracle,run_divi_runtime_synth.py,2026-03-25T08:15:53Z,unknown,x86_64,cpu,x86_64,synthetic,synthetic_n1000_d100_noise3.0,runtime_dscale,1000,100,3,0.1,0.9,3.0,20260425,1,gmm_oracle,nan,gmm_oracle,nan,nan,nan,,nan,nan,nan,nan,nan,nan,nan,3,0,nan,nan,[],0.9970015045323003,0.9938029489046497,nan,0.999,nan,nan,nan,nan,nan,nan,nan,nan,nan,0.097223,nan,0.097223,nan,nan,nan,494.2734375,ok,False,,,D,100,nan,True
runtime_synth__synthetic_n1000_d100_noise3.0__runtime_dscale__seed1__spkm,run_divi_runtime_synth.py,2026-03-25T08:15:53Z,unknown,x86_64,cpu,x86_64,synthetic,synthetic_n1000_d100_noise3.0,runtime_dscale,1000,100,3,0.1,0.9,3.0,20260425,1,spkm,nan,spkm,nan,nan,nan,,nan,nan,nan,nan,nan,nan,nan,3,0,nan,nan,[],1.0,1.0,nan,1.0,95,0.95,nan,nan,nan,nan,nan,nan,nan,0.128949,nan,0.128949,nan,nan,nan,494.2734375,ok,False,,,D,100,nan,True
runtime_synth__synthetic_n1000_d100_noise3.0__runtime_dscale__seed2__divi,run_divi_runtime_synth.py,2026-03-25T08:15:55Z,unknown,x86_64,cpu,x86_64,synthetic,synthetic_n1000_d100_noise3.0,runtime_dscale,1000,100,3,0.1,0.9,3.0,20260425,2,divi,1,divi,1000.0,1.0,80,auto_entropy,141.89385332046726,1.0,0.01,1.0,0.1,300,300,4,3,80,240,"[80, 160, 240]",0.8829865582560039,0.911349518786087,nan,0.887,10,0.1,0.2850266396999359,0.2068149298429489,187234.5,178575.171875,8659.328125,183602.8125,3.631682872772217,2.270528199999717,0.15563522100001137,2.1081941339998593,0.00575793000007252,0.005996378999952867,0.007027313779999531,488.296875,ok,False,,,D,100,nan,True
runtime_synth__synthetic_n1000_d100_noise3.0__runtime_dscale__seed2__kmeans_oracle,run_divi_runtime_synth.py,2026-03-25T08:15:55Z,unknown,x86_64,cpu,x86_64,synthetic,synthetic_n1000_d100_noise3.0,runtime_dscale,1000,100,3,0.1,0.9,3.0,20260425,2,kmeans_oracle,nan,kmeans_oracle,nan,nan,nan,,nan,nan,nan,nan,nan,nan,nan,3,0,nan,nan,[],1.0,1.0,nan,1.0,nan,nan,nan,nan,nan,nan,nan,nan,nan,0.037573,nan,0.037573,nan,nan,nan,488.296875,ok,False,,,D,100,nan,True
runtime_synth__synthetic_n1000_d100_noise3.0__runtime_dscale__seed2__gmm_oracle,run_divi_runtime_synth.py,2026-03-25T08:15:55Z,unknown,x86_64,cpu,x86_64,synthetic,synthetic_n1000_d100_noise3.0,runtime_dscale,1000,100,3,0.1,0.9,3.0,20260425,2,gmm_oracle,nan,gmm_oracle,nan,nan,nan,,nan,nan,nan,nan,nan,nan,nan,3,0,nan,nan,[],1.0,1.0,nan,1.0,nan,nan,nan,nan,nan,nan,nan,nan,nan,0.068568,nan,0.068568,nan,nan,nan,488.296875,ok,False,,,D,100,nan,True
runtime_synth__synthetic_n1000_d100_noise3.0__runtime_dscale__seed2__spkm,run_divi_runtime_synth.py,2026-03-25T08:15:55Z,unknown,x86_64,cpu,x86_64,synthetic,synthetic_n1000_d100_noise3.0,runtime_dscale,1000,100,3,0.1,0.9,3.0,20260425,2,spkm,nan,spkm,nan,nan,nan,,nan,nan,nan,nan,nan,nan,nan,3,0,nan,nan,[],1.0,1.0,nan,1.0,95,0.95,nan,nan,nan,nan,nan,nan,nan,0.085148,nan,0.085148,nan,nan,nan,488.296875,ok,False,,,D,100,nan,True
runtime_synth__synthetic_n1000_d100_noise3.0__runtime_dscale__seed3__divi,run_divi_runtime_synth.py,2026-03-25T08:15:58Z,unknown,x86_64,cpu,x86_64,synthetic,synthetic_n1000_d100_noise3.0,runtime_dscale,1000,100,3,0.1,0.9,3.0,20260425,3,divi,1,divi,1000.0,1.0,80,auto_entropy,141.89385332046726,1.0,0.01,1.0,0.1,300,300,4,3,80,240,"[80, 160, 240]",0.869828316109374,0.9051810602393668,nan,0.848,10,0.1,0.28012406826019287,0.20178955793380737,187181.796875,175497.203125,11684.59375,183925.59375,3.2562038898468018,2.3916147059999275,0.17627654900024936,2.208085506000316,0.00660367800082895,0.006567168999936257,0.007360285020001053,495.80078125,ok,False,,,D,100,nan,True
runtime_synth__synthetic_n1000_d100_noise3.0__runtime_dscale__seed3__kmeans_oracle,run_divi_runtime_synth.py,2026-03-25T08:15:58Z,unknown,x86_64,cpu,x86_64,synthetic,synthetic_n1000_d100_noise3.0,runtime_dscale,1000,100,3,0.1,0.9,3.0,20260425,3,kmeans_oracle,nan,kmeans_oracle,nan,nan,nan,,nan,nan,nan,nan,nan,nan,nan,3,0,nan,nan,[],1.0,1.0,nan,1.0,nan,nan,nan,nan,nan,nan,nan,nan,nan,0.0473,nan,0.0473,nan,nan,nan,495.80078125,ok,False,,,D,100,nan,True
runtime_synth__synthetic_n1000_d100_noise3.0__runtime_dscale__seed3__gmm_oracle,run_divi_runtime_synth.py,2026-03-25T08:15:58Z,unknown,x86_64,cpu,x86_64,synthetic,synthetic_n1000_d100_noise3.0,runtime_dscale,1000,100,3,0.1,0.9,3.0,20260425,3,gmm_oracle,nan,gmm_oracle,nan,nan,nan,,nan,nan,nan,nan,nan,nan,nan,3,0,nan,nan,[],1.0,1.0,nan,1.0,nan,nan,nan,nan,nan,nan,nan,nan,nan,0.093005,nan,0.093005,nan,nan,nan,495.80078125,ok,False,,,D,100,nan,True
runtime_synth__synthetic_n1000_d100_noise3.0__runtime_dscale__seed3__spkm,run_divi_runtime_synth.py,2026-03-25T08:15:58Z,unknown,x86_64,cpu,x86_64,synthetic,synthetic_n1000_d100_noise3.0,runtime_dscale,1000,100,3,0.1,0.9,3.0,20260425,3,spkm,nan,spkm,nan,nan,nan,,nan,nan,nan,nan,nan,nan,nan,3,0,nan,nan,[],1.0,1.0,nan,1.0,95,0.95,nan,nan,nan,nan,nan,nan,nan,0.125386,nan,0.125386,nan,nan,nan,495.80078125,ok,False,,,D,100,nan,True
runtime_synth__synthetic_n1000_d100_noise3.0__runtime_dscale__seed4__divi,run_divi_runtime_synth.py,2026-03-25T08:16:00Z,unknown,x86_64,cpu,x86_64,synthetic,synthetic_n1000_d100_noise3.0,runtime_dscale,1000,100,3,0.1,0.9,3.0,20260425,4,divi,1,divi,1000.0,1.0,80,auto_entropy,141.89385332046726,1.0,0.01,1.0,0.1,300,300,4,3,80,240,"[80, 160, 240]",0.86968590675457,0.9051161454734877,nan,0.847,10,0.1,0.28146541118621826,0.19316202402114868,187226.015625,178759.140625,8466.875,183830.328125,3.3956851959228516,2.2946810680005,0.15824932200030162,2.1290754940000625,0.005981209999845305,0.006653247999565792,0.007096918313333541,489.8203125,ok,False,,,D,100,nan,True
runtime_synth__synthetic_n1000_d100_noise3.0__runtime_dscale__seed4__kmeans_oracle,run_divi_runtime_synth.py,2026-03-25T08:16:00Z,unknown,x86_64,cpu,x86_64,synthetic,synthetic_n1000_d100_noise3.0,runtime_dscale,1000,100,3,0.1,0.9,3.0,20260425,4,kmeans_oracle,nan,kmeans_oracle,nan,nan,nan,,nan,nan,nan,nan,nan,nan,nan,3,0,nan,nan,[],1.0,1.0,nan,1.0,nan,nan,nan,nan,nan,nan,nan,nan,nan,0.049078,nan,0.049078,nan,nan,nan,489.8203125,ok,False,,,D,100,nan,True
runtime_synth__synthetic_n1000_d100_noise3.0__runtime_dscale__seed4__gmm_oracle,run_divi_runtime_synth.py,2026-03-25T08:16:01Z,unknown,x86_64,cpu,x86_64,synthetic,synthetic_n1000_d100_noise3.0,runtime_dscale,1000,100,3,0.1,0.9,3.0,20260425,4,gmm_oracle,nan,gmm_oracle,nan,nan,nan,,nan,nan,nan,nan,nan,nan,nan,3,0,nan,nan,[],0.9970015045323003,0.9938029489046497,nan,0.999,nan,nan,nan,nan,nan,nan,nan,nan,nan,0.105738,nan,0.105738,nan,nan,nan,489.8203125,ok,False,,,D,100,nan,True
runtime_synth__synthetic_n1000_d100_noise3.0__runtime_dscale__seed4__spkm,run_divi_runtime_synth.py,2026-03-25T08:16:01Z,unknown,x86_64,cpu,x86_64,synthetic,synthetic_n1000_d100_noise3.0,runtime_dscale,1000,100,3,0.1,0.9,3.0,20260425,4,spkm,nan,spkm,nan,nan,nan,,nan,nan,nan,nan,nan,nan,nan,3,0,nan,nan,[],1.0,1.0,nan,1.0,95,0.95,nan,nan,nan,nan,nan,nan,nan,0.127462,nan,0.127462,nan,nan,nan,489.8203125,ok,False,,,D,100,nan,True
runtime_synth__synthetic_n1000_d500_noise3.0__runtime_dscale__seed0__divi,run_divi_runtime_synth.py,2026-03-25T08:16:14Z,unknown,x86_64,cpu,x86_64,synthetic,synthetic_n1000_d500_noise3.0,runtime_dscale,1000,500,3,0.02,0.98,3.0,20260825,0,divi,1,divi,1000.0,1.0,80,auto_entropy,709.4692666023363,1.0,0.01,1.0,0.1,300,300,4,3,80,240,"[80, 160, 240]",0.8678246112931919,0.8998556849854175,nan,0.844,15,0.03,0.24478524923324585,0.21513396501541138,971687.8125,940874.3125,30813.5,951060.5,20.627304077148438,12.995860845000607,1.412768842999867,11.544055382999431,0.029322908998437924,0.03730797300067934,0.03848018460999811,571.4375,ok,False,,,D,500,nan,True
runtime_synth__synthetic_n1000_d500_noise3.0__runtime_dscale__seed0__kmeans_oracle,run_divi_runtime_synth.py,2026-03-25T08:16:14Z,unknown,x86_64,cpu,x86_64,synthetic,synthetic_n1000_d500_noise3.0,runtime_dscale,1000,500,3,0.02,0.98,3.0,20260825,0,kmeans_oracle,nan,kmeans_oracle,nan,nan,nan,,nan,nan,nan,nan,nan,nan,nan,3,0,nan,nan,[],0.709732882357319,0.6855525018315312,nan,0.888,nan,nan,nan,nan,nan,nan,nan,nan,nan,0.448495,nan,0.448495,nan,nan,nan,571.4375,ok,False,,,D,500,nan,True
runtime_synth__synthetic_n1000_d500_noise3.0__runtime_dscale__seed0__gmm_oracle,run_divi_runtime_synth.py,2026-03-25T08:16:16Z,unknown,x86_64,cpu,x86_64,synthetic,synthetic_n1000_d500_noise3.0,runtime_dscale,1000,500,3,0.02,0.98,3.0,20260825,0,gmm_oracle,nan,gmm_oracle,nan,nan,nan,,nan,nan,nan,nan,nan,nan,nan,3,0,nan,nan,[],0.45309172759958166,0.4928627179348216,nan,0.701,nan,nan,nan,nan,nan,nan,nan,nan,nan,1.6977790000000001,nan,1.6977790000000001,nan,nan,nan,574.4375,ok,False,,,D,500,nan,True
runtime_synth__synthetic_n1000_d500_noise3.0__runtime_dscale__seed0__spkm,run_divi_runtime_synth.py,2026-03-25T08:16:17Z,unknown,x86_64,cpu,x86_64,synthetic,synthetic_n1000_d500_noise3.0,runtime_dscale,1000,500,3,0.02,0.98,3.0,20260825,0,spkm,nan,spkm,nan,nan,nan,,nan,nan,nan,nan,nan,nan,nan,3,0,nan,nan,[],0.9940030000150241,0.9876059147486771,nan,0.998,448,0.896,nan,nan,nan,nan,nan,nan,nan,1.033426,nan,1.033426,nan,nan,nan,574.4375,ok,False,,,D,500,nan,True
runtime_synth__synthetic_n1000_d500_noise3.0__runtime_dscale__seed1__divi,run_divi_runtime_synth.py,2026-03-25T08:16:28Z,unknown,x86_64,cpu,x86_64,synthetic,synthetic_n1000_d500_noise3.0,runtime_dscale,1000,500,3,0.02,0.98,3.0,20260825,1,divi,1,divi,1000.0,1.0,80,auto_entropy,709.4692666023363,1.0,0.01,1.0,0.1,300,300,4,3,80,240,"[80, 160, 240]",0.8640508301215161,0.8940427467024771,nan,0.834,15,0.03,0.24413393437862396,0.21167153120040894,971630.375,937627.5,34002.875,951244.3125,20.386056900024414,11.203668083000593,1.1545739749999484,10.016178529000172,0.027263732999927015,0.031360629000118934,0.033387261763333904,526.62890625,ok,False,,,D,500,nan,True
runtime_synth__synthetic_n1000_d500_noise3.0__runtime_dscale__seed1__kmeans_oracle,run_divi_runtime_synth.py,2026-03-25T08:16:29Z,unknown,x86_64,cpu,x86_64,synthetic,synthetic_n1000_d500_noise3.0,runtime_dscale,1000,500,3,0.02,0.98,3.0,20260825,1,kmeans_oracle,nan,kmeans_oracle,nan,nan,nan,,nan,nan,nan,nan,nan,nan,nan,3,0,nan,nan,[],0.87160084933864,0.8320242909069556,nan,0.955,nan,nan,nan,nan,nan,nan,nan,nan,nan,0.667845,nan,0.667845,nan,nan,nan,503.8671875,ok,False,,,D,500,nan,True
runtime_synth__synthetic_n1000_d500_noise3.0__runtime_dscale__seed1__gmm_oracle,run_divi_runtime_synth.py,2026-03-25T08:16:31Z,unknown,x86_64,cpu,x86_64,synthetic,synthetic_n1000_d500_noise3.0,runtime_dscale,1000,500,3,0.02,0.98,3.0,20260825,1,gmm_oracle,nan,gmm_oracle,nan,nan,nan,,nan,nan,nan,nan,nan,nan,nan,3,0,nan,nan,[],0.6824291541779783,0.664785091492741,nan,0.875,nan,nan,nan,nan,nan,nan,nan,nan,nan,1.637364,nan,1.637364,nan,nan,nan,517.09375,ok,False,,,D,500,nan,True
runtime_synth__synthetic_n1000_d500_noise3.0__runtime_dscale__seed1__spkm,run_divi_runtime_synth.py,2026-03-25T08:16:31Z,unknown,x86_64,cpu,x86_64,synthetic,synthetic_n1000_d500_noise3.0,runtime_dscale,1000,500,3,0.02,0.98,3.0,20260825,1,spkm,nan,spkm,nan,nan,nan,,nan,nan,nan,nan,nan,nan,nan,3,0,nan,nan,[],0.9940030000150241,0.9876059147486771,nan,0.998,448,0.896,nan,nan,nan,nan,nan,nan,nan,0.713562,nan,0.713562,nan,nan,nan,517.09375,ok,False,,,D,500,nan,True
runtime_synth__synthetic_n1000_d500_noise3.0__runtime_dscale__seed2__divi,run_divi_runtime_synth.py,2026-03-25T08:16:43Z,unknown,x86_64,cpu,x86_64,synthetic,synthetic_n1000_d500_noise3.0,runtime_dscale,1000,500,3,0.02,0.98,3.0,20260825,2,divi,1,divi,1000.0,1.0,80,auto_entropy,709.4692666023363,1.0,0.01,1.0,0.1,300,300,4,3,80,240,"[80, 160, 240]",0.8666411491860637,0.8952024365215505,nan,0.855,15,0.03,0.24427887797355652,0.21011172235012054,971719.0,946149.5625,25569.4375,951210.0,20.50899314880371,11.528920545000801,0.8970553279996238,10.595613643999968,0.029918681000708602,0.03462200200010557,0.03531871214666656,606.7421875,ok,False,,,D,500,nan,True
runtime_synth__synthetic_n1000_d500_noise3.0__runtime_dscale__seed2__kmeans_oracle,run_divi_runtime_synth.py,2026-03-25T08:16:43Z,unknown,x86_64,cpu,x86_64,synthetic,synthetic_n1000_d500_noise3.0,runtime_dscale,1000,500,3,0.02,0.98,3.0,20260825,2,kmeans_oracle,nan,kmeans_oracle,nan,nan,nan,,nan,nan,nan,nan,nan,nan,nan,3,0,nan,nan,[],0.8401601748262775,0.8009242838736389,nan,0.943,nan,nan,nan,nan,nan,nan,nan,nan,nan,0.467502,nan,0.467502,nan,nan,nan,606.7421875,ok,False,,,D,500,nan,True
runtime_synth__synthetic_n1000_d500_noise3.0__runtime_dscale__seed2__gmm_oracle,run_divi_runtime_synth.py,2026-03-25T08:16:44Z,unknown,x86_64,cpu,x86_64,synthetic,synthetic_n1000_d500_noise3.0,runtime_dscale,1000,500,3,0.02,0.98,3.0,20260825,2,gmm_oracle,nan,gmm_oracle,nan,nan,nan,,nan,nan,nan,nan,nan,nan,nan,3,0,nan,nan,[],0.7754519385661254,0.7359457908829382,nan,0.918,nan,nan,nan,nan,nan,nan,nan,nan,nan,1.173246,nan,1.173246,nan,nan,nan,606.7421875,ok,False,,,D,500,nan,True
runtime_synth__synthetic_n1000_d500_noise3.0__runtime_dscale__seed2__spkm,run_divi_runtime_synth.py,2026-03-25T08:16:45Z,unknown,x86_64,cpu,x86_64,synthetic,synthetic_n1000_d500_noise3.0,runtime_dscale,1000,500,3,0.02,0.98,3.0,20260825,2,spkm,nan,spkm,nan,nan,nan,,nan,nan,nan,nan,nan,nan,nan,3,0,nan,nan,[],0.9940030000150241,0.9876059147486771,nan,0.998,448,0.896,nan,nan,nan,nan,nan,nan,nan,0.448186,nan,0.448186,nan,nan,nan,606.7421875,ok,False,,,D,500,nan,True
runtime_synth__synthetic_n1000_d500_noise3.0__runtime_dscale__seed3__divi,run_divi_runtime_synth.py,2026-03-25T08:16:56Z,unknown,x86_64,cpu,x86_64,synthetic,synthetic_n1000_d500_noise3.0,runtime_dscale,1000,500,3,0.02,0.98,3.0,20260825,3,divi,1,divi,1000.0,1.0,80,auto_entropy,709.4692666023363,1.0,0.01,1.0,0.1,300,300,4,3,80,240,"[80, 160, 240]",0.8640508301215161,0.8940427467024771,nan,0.834,16,0.032,0.2449761927127838,0.21096959710121155,971703.0,942154.8125,29548.1875,950982.625,20.720388412475586,10.93854705800004,0.8915698369992242,10.011376876999748,0.025085670999942522,0.034148069999901054,0.03337125625666582,614.49609375,ok,False,,,D,500,nan,True
runtime_synth__synthetic_n1000_d500_noise3.0__runtime_dscale__seed3__kmeans_oracle,run_divi_runtime_synth.py,2026-03-25T08:16:56Z,unknown,x86_64,cpu,x86_64,synthetic,synthetic_n1000_d500_noise3.0,runtime_dscale,1000,500,3,0.02,0.98,3.0,20260825,3,kmeans_oracle,nan,kmeans_oracle,nan,nan,nan,,nan,nan,nan,nan,nan,nan,nan,3,0,nan,nan,[],0.767384186643999,0.7252442174390693,nan,0.914,nan,nan,nan,nan,nan,nan,nan,nan,nan,0.382233,nan,0.382233,nan,nan,nan,614.49609375,ok,False,,,D,500,nan,True
runtime_synth__synthetic_n1000_d500_noise3.0__runtime_dscale__seed3__gmm_oracle,run_divi_runtime_synth.py,2026-03-25T08:16:57Z,unknown,x86_64,cpu,x86_64,synthetic,synthetic_n1000_d500_noise3.0,runtime_dscale,1000,500,3,0.02,0.98,3.0,20260825,3,gmm_oracle,nan,gmm_oracle,nan,nan,nan,,nan,nan,nan,nan,nan,nan,nan,3,0,nan,nan,[],0.3877544359835218,0.4521799527962504,nan,0.629,nan,nan,nan,nan,nan,nan,nan,nan,nan,1.028783,nan,1.028783,nan,nan,nan,614.49609375,ok,False,,,D,500,nan,True
runtime_synth__synthetic_n1000_d500_noise3.0__runtime_dscale__seed3__spkm,run_divi_runtime_synth.py,2026-03-25T08:16:58Z,unknown,x86_64,cpu,x86_64,synthetic,synthetic_n1000_d500_noise3.0,runtime_dscale,1000,500,3,0.02,0.98,3.0,20260825,3,spkm,nan,spkm,nan,nan,nan,,nan,nan,nan,nan,nan,nan,nan,3,0,nan,nan,[],0.9940030000150241,0.9876059147486771,nan,0.998,448,0.896,nan,nan,nan,nan,nan,nan,nan,0.461632,nan,0.461632,nan,nan,nan,614.49609375,ok,False,,,D,500,nan,True
runtime_synth__synthetic_n1000_d500_noise3.0__runtime_dscale__seed4__divi,run_divi_runtime_synth.py,2026-03-25T08:17:08Z,unknown,x86_64,cpu,x86_64,synthetic,synthetic_n1000_d500_noise3.0,runtime_dscale,1000,500,3,0.02,0.98,3.0,20260825,4,divi,1,divi,1000.0,1.0,80,auto_entropy,709.4692666023363,1.0,0.01,1.0,0.1,300,300,4,3,80,240,"[80, 160, 240]",0.8739464360437226,0.8986307205353946,nan,0.876,14,0.028,0.24453788995742798,0.21264813840389252,971616.875,939961.75,31655.125,951114.75,20.50212287902832,10.428244866000568,0.9052951680005208,9.492661899000268,0.02564331000121456,0.028820024999731686,0.031642206330000894,576.34765625,ok,False,,,D,500,nan,True
runtime_synth__synthetic_n1000_d500_noise3.0__runtime_dscale__seed4__kmeans_oracle,run_divi_runtime_synth.py,2026-03-25T08:17:09Z,unknown,x86_64,cpu,x86_64,synthetic,synthetic_n1000_d500_noise3.0,runtime_dscale,1000,500,3,0.02,0.98,3.0,20260825,4,kmeans_oracle,nan,kmeans_oracle,nan,nan,nan,,nan,nan,nan,nan,nan,nan,nan,3,0,nan,nan,[],0.8530602557638053,0.812302608112427,nan,0.948,nan,nan,nan,nan,nan,nan,nan,nan,nan,0.56709,nan,0.56709,nan,nan,nan,576.34765625,ok,False,,,D,500,nan,True
runtime_synth__synthetic_n1000_d500_noise3.0__runtime_dscale__seed4__gmm_oracle,run_divi_runtime_synth.py,2026-03-25T08:17:10Z,unknown,x86_64,cpu,x86_64,synthetic,synthetic_n1000_d500_noise3.0,runtime_dscale,1000,500,3,0.02,0.98,3.0,20260825,4,gmm_oracle,nan,gmm_oracle,nan,nan,nan,,nan,nan,nan,nan,nan,nan,nan,3,0,nan,nan,[],0.7848791119385957,0.7483009946979001,nan,0.921,nan,nan,nan,nan,nan,nan,nan,nan,nan,1.354659,nan,1.354659,nan,nan,nan,576.34765625,ok,False,,,D,500,nan,True
runtime_synth__synthetic_n1000_d500_noise3.0__runtime_dscale__seed4__spkm,run_divi_runtime_synth.py,2026-03-25T08:17:11Z,unknown,x86_64,cpu,x86_64,synthetic,synthetic_n1000_d500_noise3.0,runtime_dscale,1000,500,3,0.02,0.98,3.0,20260825,4,spkm,nan,spkm,nan,nan,nan,,nan,nan,nan,nan,nan,nan,nan,3,0,nan,nan,[],0.9940030000150241,0.9876059147486771,nan,0.998,448,0.896,nan,nan,nan,nan,nan,nan,nan,0.507666,nan,0.507666,nan,nan,nan,576.34765625,ok,False,,,D,500,nan,True
runtime_synth__synthetic_n1000_d1000_noise3.0__runtime_dscale__seed0__divi,run_divi_runtime_synth.py,2026-03-25T08:17:33Z,unknown,x86_64,cpu,x86_64,synthetic,synthetic_n1000_d1000_noise3.0,runtime_dscale,1000,1000,3,0.01,0.99,3.0,20261325,0,divi,1,divi,1000.0,1.0,80,auto_entropy,1418.9385332046727,1.0,0.01,1.0,0.1,300,300,4,3,80,240,"[80, 160, 240]",0.8654356393371855,0.8946463063862121,nan,0.843,40,0.04,0.25405898690223694,0.22810330986976624,1945402.125,1894089.875,51312.25,1901187.375,44.2147331237793,21.869299310000315,1.6087045129997932,20.183385811000335,0.05045945799975016,0.07495979000032094,0.06727795270333445,805.2734375,ok,False,,,D,1000,nan,True
runtime_synth__synthetic_n1000_d1000_noise3.0__runtime_dscale__seed0__kmeans_oracle,run_divi_runtime_synth.py,2026-03-25T08:17:33Z,unknown,x86_64,cpu,x86_64,synthetic,synthetic_n1000_d1000_noise3.0,runtime_dscale,1000,1000,3,0.01,0.99,3.0,20261325,0,kmeans_oracle,nan,kmeans_oracle,nan,nan,nan,,nan,nan,nan,nan,nan,nan,nan,3,0,nan,nan,[],0.44524753983739007,0.45403498505795215,nan,0.74,nan,nan,nan,nan,nan,nan,nan,nan,nan,0.519289,nan,0.519289,nan,nan,nan,805.2734375,ok,False,,,D,1000,nan,True
runtime_synth__synthetic_n1000_d1000_noise3.0__runtime_dscale__seed0__gmm_oracle,run_divi_runtime_synth.py,2026-03-25T08:17:37Z,unknown,x86_64,cpu,x86_64,synthetic,synthetic_n1000_d1000_noise3.0,runtime_dscale,1000,1000,3,0.01,0.99,3.0,20261325,0,gmm_oracle,nan,gmm_oracle,nan,nan,nan,,nan,nan,nan,nan,nan,nan,nan,3,0,nan,nan,[],0.3716063556371758,0.44723570154113695,nan,0.601,nan,nan,nan,nan,nan,nan,nan,nan,nan,4.1504,nan,4.1504,nan,nan,nan,807.7109375,ok,False,,,D,1000,nan,True
runtime_synth__synthetic_n1000_d1000_noise3.0__runtime_dscale__seed0__spkm,run_divi_runtime_synth.py,2026-03-25T08:17:38Z,unknown,x86_64,cpu,x86_64,synthetic,synthetic_n1000_d1000_noise3.0,runtime_dscale,1000,1000,3,0.01,0.99,3.0,20261325,0,spkm,nan,spkm,nan,nan,nan,,nan,nan,nan,nan,nan,nan,nan,3,0,nan,nan,[],0.9970015045323003,0.9938029489046497,nan,0.999,873,0.873,nan,nan,nan,nan,nan,nan,nan,0.871928,nan,0.871928,nan,nan,nan,807.7109375,ok,False,,,D,1000,nan,True
runtime_synth__synthetic_n1000_d1000_noise3.0__runtime_dscale__seed1__divi,run_divi_runtime_synth.py,2026-03-25T08:17:59Z,unknown,x86_64,cpu,x86_64,synthetic,synthetic_n1000_d1000_noise3.0,runtime_dscale,1000,1000,3,0.01,0.99,3.0,20261325,1,divi,1,divi,1000.0,1.0,80,auto_entropy,1418.9385332046727,1.0,0.01,1.0,0.1,300,300,4,3,80,240,"[80, 160, 240]",0.8630788936315316,0.890395272811926,nan,0.843,41,0.041,0.25450849533081055,0.22942954301834106,1945371.25,1892377.375,52993.875,1900914.5,44.45669174194336,20.780657481000162,1.6209384060002776,19.089201785000114,0.053198118999716826,0.06817460099955497,0.06363067261666705,838.2265625,ok,False,,,D,1000,nan,True
runtime_synth__synthetic_n1000_d1000_noise3.0__runtime_dscale__seed1__kmeans_oracle,run_divi_runtime_synth.py,2026-03-25T08:17:59Z,unknown,x86_64,cpu,x86_64,synthetic,synthetic_n1000_d1000_noise3.0,runtime_dscale,1000,1000,3,0.01,0.99,3.0,20261325,1,kmeans_oracle,nan,kmeans_oracle,nan,nan,nan,,nan,nan,nan,nan,nan,nan,nan,3,0,nan,nan,[],0.45525929293501605,0.4964204170726029,nan,0.678,nan,nan,nan,nan,nan,nan,nan,nan,nan,0.414422,nan,0.414422,nan,nan,nan,838.2265625,ok,False,,,D,1000,nan,True
runtime_synth__synthetic_n1000_d1000_noise3.0__runtime_dscale__seed1__gmm_oracle,run_divi_runtime_synth.py,2026-03-25T08:18:04Z,unknown,x86_64,cpu,x86_64,synthetic,synthetic_n1000_d1000_noise3.0,runtime_dscale,1000,1000,3,0.01,0.99,3.0,20261325,1,gmm_oracle,nan,gmm_oracle,nan,nan,nan,,nan,nan,nan,nan,nan,nan,nan,3,0,nan,nan,[],0.4462430264204144,0.4978516497120865,nan,0.664,nan,nan,nan,nan,nan,nan,nan,nan,nan,4.582896,nan,4.582896,nan,nan,nan,838.2265625,ok,False,,,D,1000,nan,True
runtime_synth__synthetic_n1000_d1000_noise3.0__runtime_dscale__seed1__spkm,run_divi_runtime_synth.py,2026-03-25T08:18:05Z,unknown,x86_64,cpu,x86_64,synthetic,synthetic_n1000_d1000_noise3.0,runtime_dscale,1000,1000,3,0.01,0.99,3.0,20261325,1,spkm,nan,spkm,nan,nan,nan,,nan,nan,nan,nan,nan,nan,nan,3,0,nan,nan,[],0.9970015045323003,0.9938029489046497,nan,0.999,873,0.873,nan,nan,nan,nan,nan,nan,nan,1.006308,nan,1.006308,nan,nan,nan,838.2265625,ok,False,,,D,1000,nan,True
runtime_synth__synthetic_n1000_d1000_noise3.0__runtime_dscale__seed2__divi,run_divi_runtime_synth.py,2026-03-25T08:18:27Z,unknown,x86_64,cpu,x86_64,synthetic,synthetic_n1000_d1000_noise3.0,runtime_dscale,1000,1000,3,0.01,0.99,3.0,20261325,2,divi,1,divi,1000.0,1.0,80,auto_entropy,1418.9385332046727,1.0,0.01,1.0,0.1,300,300,4,3,80,240,"[80, 160, 240]",0.8632480773418789,0.8892660408344389,nan,0.843,37,0.037,0.25237444043159485,0.22806325554847717,1945203.75,1889422.75,55781.0,1902286.375,42.917396545410156,21.57656729700011,1.8516325659993527,19.66480700200009,0.05769738400067581,0.05762959999992745,0.06554935667333363,822.96875,ok,False,,,D,1000,nan,True
runtime_synth__synthetic_n1000_d1000_noise3.0__runtime_dscale__seed2__kmeans_oracle,run_divi_runtime_synth.py,2026-03-25T08:18:27Z,unknown,x86_64,cpu,x86_64,synthetic,synthetic_n1000_d1000_noise3.0,runtime_dscale,1000,1000,3,0.01,0.99,3.0,20261325,2,kmeans_oracle,nan,kmeans_oracle,nan,nan,nan,,nan,nan,nan,nan,nan,nan,nan,3,0,nan,nan,[],0.41050369754460747,0.44387835585477253,nan,0.698,nan,nan,nan,nan,nan,nan,nan,nan,nan,0.504064,nan,0.504064,nan,nan,nan,822.96875,ok,False,,,D,1000,nan,True
runtime_synth__synthetic_n1000_d1000_noise3.0__runtime_dscale__seed2__gmm_oracle,run_divi_runtime_synth.py,2026-03-25T08:18:31Z,unknown,x86_64,cpu,x86_64,synthetic,synthetic_n1000_d1000_noise3.0,runtime_dscale,1000,1000,3,0.01,0.99,3.0,20261325,2,gmm_oracle,nan,gmm_oracle,nan,nan,nan,,nan,nan,nan,nan,nan,nan,nan,3,0,nan,nan,[],0.40051136792412545,0.4461571061524615,nan,0.652,nan,nan,nan,nan,nan,nan,nan,nan,nan,4.071938,nan,4.071938,nan,nan,nan,822.96875,ok,False,,,D,1000,nan,True
runtime_synth__synthetic_n1000_d1000_noise3.0__runtime_dscale__seed2__spkm,run_divi_runtime_synth.py,2026-03-25T08:18:32Z,unknown,x86_64,cpu,x86_64,synthetic,synthetic_n1000_d1000_noise3.0,runtime_dscale,1000,1000,3,0.01,0.99,3.0,20261325,2,spkm,nan,spkm,nan,nan,nan,,nan,nan,nan,nan,nan,nan,nan,3,0,nan,nan,[],0.9970015045323003,0.9938029489046497,nan,0.999,873,0.873,nan,nan,nan,nan,nan,nan,nan,0.813942,nan,0.813942,nan,nan,nan,822.96875,ok,False,,,D,1000,nan,True
runtime_synth__synthetic_n1000_d1000_noise3.0__runtime_dscale__seed3__divi,run_divi_runtime_synth.py,2026-03-25T08:18:51Z,unknown,x86_64,cpu,x86_64,synthetic,synthetic_n1000_d1000_noise3.0,runtime_dscale,1000,1000,3,0.01,0.99,3.0,20261325,3,divi,1,divi,1000.0,1.0,80,auto_entropy,1418.9385332046727,1.0,0.01,1.0,0.1,300,300,4,3,80,240,"[80, 160, 240]",0.8661373299770324,0.8847893035866942,nan,0.871,39,0.039,0.2534260153770447,0.225983664393425,1945535.875,1894870.0,50665.875,1901808.0,43.72792053222656,18.958784563000336,1.6092162220002137,17.290272819000165,0.05175943899939739,0.05689490199983993,0.05763424273000055,815.33984375,ok,False,,,D,1000,nan,True
runtime_synth__synthetic_n1000_d1000_noise3.0__runtime_dscale__seed3__kmeans_oracle,run_divi_runtime_synth.py,2026-03-25T08:18:51Z,unknown,x86_64,cpu,x86_64,synthetic,synthetic_n1000_d1000_noise3.0,runtime_dscale,1000,1000,3,0.01,0.99,3.0,20261325,3,kmeans_oracle,nan,kmeans_oracle,nan,nan,nan,,nan,nan,nan,nan,nan,nan,nan,3,0,nan,nan,[],0.4282686561963897,0.4608724480029592,nan,0.694,nan,nan,nan,nan,nan,nan,nan,nan,nan,0.380354,nan,0.380354,nan,nan,nan,815.33984375,ok,False,,,D,1000,nan,True
runtime_synth__synthetic_n1000_d1000_noise3.0__runtime_dscale__seed3__gmm_oracle,run_divi_runtime_synth.py,2026-03-25T08:18:54Z,unknown,x86_64,cpu,x86_64,synthetic,synthetic_n1000_d1000_noise3.0,runtime_dscale,1000,1000,3,0.01,0.99,3.0,20261325,3,gmm_oracle,nan,gmm_oracle,nan,nan,nan,,nan,nan,nan,nan,nan,nan,nan,3,0,nan,nan,[],0.4321396868574484,0.4629086004925288,nan,0.671,nan,nan,nan,nan,nan,nan,nan,nan,nan,2.792646,nan,2.792646,nan,nan,nan,815.33984375,ok,False,,,D,1000,nan,True
runtime_synth__synthetic_n1000_d1000_noise3.0__runtime_dscale__seed3__spkm,run_divi_runtime_synth.py,2026-03-25T08:18:56Z,unknown,x86_64,cpu,x86_64,synthetic,synthetic_n1000_d1000_noise3.0,runtime_dscale,1000,1000,3,0.01,0.99,3.0,20261325,3,spkm,nan,spkm,nan,nan,nan,,nan,nan,nan,nan,nan,nan,nan,3,0,nan,nan,[],0.9970015045323003,0.9938029489046497,nan,0.999,873,0.873,nan,nan,nan,nan,nan,nan,nan,2.235939,nan,2.235939,nan,nan,nan,815.33984375,ok,False,,,D,1000,nan,True
runtime_synth__synthetic_n1000_d1000_noise3.0__runtime_dscale__seed4__divi,run_divi_runtime_synth.py,2026-03-25T08:19:18Z,unknown,x86_64,cpu,x86_64,synthetic,synthetic_n1000_d1000_noise3.0,runtime_dscale,1000,1000,3,0.01,0.99,3.0,20261325,4,divi,1,divi,1000.0,1.0,80,auto_entropy,1418.9385332046727,1.0,0.01,1.0,0.1,300,300,4,3,80,240,"[80, 160, 240]",0.8421748747196006,0.8635504915132793,nan,0.83,38,0.038,0.2543398141860962,0.22538085281848907,1945678.375,1891616.625,54061.75,1901311.125,44.367244720458984,21.147680438999487,2.1639091090000875,18.912711183000283,0.05189543100004812,0.06706027899963374,0.06304237061000094,857.17578125,ok,False,,,D,1000,nan,True
runtime_synth__synthetic_n1000_d1000_noise3.0__runtime_dscale__seed4__kmeans_oracle,run_divi_runtime_synth.py,2026-03-25T08:19:18Z,unknown,x86_64,cpu,x86_64,synthetic,synthetic_n1000_d1000_noise3.0,runtime_dscale,1000,1000,3,0.01,0.99,3.0,20261325,4,kmeans_oracle,nan,kmeans_oracle,nan,nan,nan,,nan,nan,nan,nan,nan,nan,nan,3,0,nan,nan,[],0.4369131472345216,0.4808987767564827,nan,0.643,nan,nan,nan,nan,nan,nan,nan,nan,nan,0.369236,nan,0.369236,nan,nan,nan,857.17578125,ok,False,,,D,1000,nan,True
runtime_synth__synthetic_n1000_d1000_noise3.0__runtime_dscale__seed4__gmm_oracle,run_divi_runtime_synth.py,2026-03-25T08:19:20Z,unknown,x86_64,cpu,x86_64,synthetic,synthetic_n1000_d1000_noise3.0,runtime_dscale,1000,1000,3,0.01,0.99,3.0,20261325,4,gmm_oracle,nan,gmm_oracle,nan,nan,nan,,nan,nan,nan,nan,nan,nan,nan,3,0,nan,nan,[],0.3677442788379523,0.4407994556695497,nan,0.616,nan,nan,nan,nan,nan,nan,nan,nan,nan,2.384388,nan,2.384388,nan,nan,nan,761.93359375,ok,False,,,D,1000,nan,True
runtime_synth__synthetic_n1000_d1000_noise3.0__runtime_dscale__seed4__spkm,run_divi_runtime_synth.py,2026-03-25T08:19:22Z,unknown,x86_64,cpu,x86_64,synthetic,synthetic_n1000_d1000_noise3.0,runtime_dscale,1000,1000,3,0.01,0.99,3.0,20261325,4,spkm,nan,spkm,nan,nan,nan,,nan,nan,nan,nan,nan,nan,nan,3,0,nan,nan,[],0.9970015045323003,0.9938029489046497,nan,0.999,873,0.873,nan,nan,nan,nan,nan,nan,nan,1.57118,nan,1.57118,nan,nan,nan,761.93359375,ok,False,,,D,1000,nan,True
runtime_synth__synthetic_n1000_d2000_noise3.0__runtime_dscale__seed0__divi,run_divi_runtime_synth.py,2026-03-25T08:20:06Z,unknown,x86_64,cpu,x86_64,synthetic,synthetic_n1000_d2000_noise3.0,runtime_dscale,1000,2000,3,0.005,0.995,3.0,20262325,0,divi,1,divi,1000.0,1.0,80,auto_entropy,2837.8770664093454,1.0,0.01,1.0,0.1,300,300,4,3,80,240,"[80, 160, 240]",0.3648834606410615,0.48060152682381607,nan,0.558,70,0.035,0.2501315474510193,0.22470779716968536,3903484.25,3807885.25,95599.0,3814278.75,89.20550537109375,43.36347345000013,4.358072528999401,38.855897841000115,0.10273181599950476,0.14556711000022915,0.12951965947000038,990.81640625,ok,False,,,D,2000,nan,True
runtime_synth__synthetic_n1000_d2000_noise3.0__runtime_dscale__seed0__kmeans_oracle,run_divi_runtime_synth.py,2026-03-25T08:20:07Z,unknown,x86_64,cpu,x86_64,synthetic,synthetic_n1000_d2000_noise3.0,runtime_dscale,1000,2000,3,0.005,0.995,3.0,20262325,0,kmeans_oracle,nan,kmeans_oracle,nan,nan,nan,,nan,nan,nan,nan,nan,nan,nan,3,0,nan,nan,[],0.3780248232240663,0.4168475391886709,nan,0.654,nan,nan,nan,nan,nan,nan,nan,nan,nan,1.109868,nan,1.109868,nan,nan,nan,990.8671875,ok,False,,,D,2000,nan,True
runtime_synth__synthetic_n1000_d2000_noise3.0__runtime_dscale__seed0__gmm_oracle,run_divi_runtime_synth.py,2026-03-25T08:20:20Z,unknown,x86_64,cpu,x86_64,synthetic,synthetic_n1000_d2000_noise3.0,runtime_dscale,1000,2000,3,0.005,0.995,3.0,20262325,0,gmm_oracle,nan,gmm_oracle,nan,nan,nan,,nan,nan,nan,nan,nan,nan,nan,3,0,nan,nan,[],0.3780248232240663,0.4168475391886709,nan,0.654,nan,nan,nan,nan,nan,nan,nan,nan,nan,12.952377,nan,12.952377,nan,nan,nan,995.60546875,ok,False,,,D,2000,nan,True
runtime_synth__synthetic_n1000_d2000_noise3.0__runtime_dscale__seed0__spkm,run_divi_runtime_synth.py,2026-03-25T08:20:21Z,unknown,x86_64,cpu,x86_64,synthetic,synthetic_n1000_d2000_noise3.0,runtime_dscale,1000,2000,3,0.005,0.995,3.0,20262325,0,spkm,nan,spkm,nan,nan,nan,,nan,nan,nan,nan,nan,nan,nan,3,0,nan,nan,[],0.9970015045323003,0.9938029489046497,nan,0.999,834,0.417,nan,nan,nan,nan,nan,nan,nan,1.805496,nan,1.805496,nan,nan,nan,995.60546875,ok,False,,,D,2000,nan,True
runtime_synth__synthetic_n1000_d2000_noise3.0__runtime_dscale__seed1__divi,run_divi_runtime_synth.py,2026-03-25T08:21:00Z,unknown,x86_64,cpu,x86_64,synthetic,synthetic_n1000_d2000_noise3.0,runtime_dscale,1000,2000,3,0.005,0.995,3.0,20262325,1,divi,1,divi,1000.0,1.0,80,auto_entropy,2837.8770664093454,1.0,0.01,1.0,0.1,300,300,4,3,80,240,"[80, 160, 240]",0.4319023182340527,0.5110443015114278,nan,0.663,67,0.0335,0.2501847445964813,0.22317099571228027,3903697.5,3806022.75,97674.75,3814310.0,89.38756561279297,38.48106600400024,3.50361076199988,34.855904065000686,0.09317175599971961,0.11691241900007299,0.11618634688333562,995.60546875,ok,False,,,D,2000,nan,True
runtime_synth__synthetic_n1000_d2000_noise3.0__runtime_dscale__seed1__kmeans_oracle,run_divi_runtime_synth.py,2026-03-25T08:21:01Z,unknown,x86_64,cpu,x86_64,synthetic,synthetic_n1000_d2000_noise3.0,runtime_dscale,1000,2000,3,0.005,0.995,3.0,20262325,1,kmeans_oracle,nan,kmeans_oracle,nan,nan,nan,,nan,nan,nan,nan,nan,nan,nan,3,0,nan,nan,[],0.3540902077465151,0.3643754008759563,nan,0.62,nan,nan,nan,nan,nan,nan,nan,nan,nan,1.19782,nan,1.19782,nan,nan,nan,858.4609375,ok,False,,,D,2000,nan,True
runtime_synth__synthetic_n1000_d2000_noise3.0__runtime_dscale__seed1__gmm_oracle,run_divi_runtime_synth.py,2026-03-25T08:21:13Z,unknown,x86_64,cpu,x86_64,synthetic,synthetic_n1000_d2000_noise3.0,runtime_dscale,1000,2000,3,0.005,0.995,3.0,20262325,1,gmm_oracle,nan,gmm_oracle,nan,nan,nan,,nan,nan,nan,nan,nan,nan,nan,3,0,nan,nan,[],0.3357626803367899,0.3560759490402342,nan,0.619,nan,nan,nan,nan,nan,nan,nan,nan,nan,11.695888,nan,11.695888,nan,nan,nan,858.4609375,ok,False,,,D,2000,nan,True
runtime_synth__synthetic_n1000_d2000_noise3.0__runtime_dscale__seed1__spkm,run_divi_runtime_synth.py,2026-03-25T08:21:15Z,unknown,x86_64,cpu,x86_64,synthetic,synthetic_n1000_d2000_noise3.0,runtime_dscale,1000,2000,3,0.005,0.995,3.0,20262325,1,spkm,nan,spkm,nan,nan,nan,,nan,nan,nan,nan,nan,nan,nan,3,0,nan,nan,[],0.9970015045323003,0.9938029489046497,nan,0.999,834,0.417,nan,nan,nan,nan,nan,nan,nan,1.664041,nan,1.664041,nan,nan,nan,858.4609375,ok,False,,,D,2000,nan,True
runtime_synth__synthetic_n1000_d2000_noise3.0__runtime_dscale__seed2__divi,run_divi_runtime_synth.py,2026-03-25T08:21:55Z,unknown,x86_64,cpu,x86_64,synthetic,synthetic_n1000_d2000_noise3.0,runtime_dscale,1000,2000,3,0.005,0.995,3.0,20262325,2,divi,1,divi,1000.0,1.0,80,auto_entropy,2837.8770664093454,1.0,0.01,1.0,0.1,300,300,4,3,80,240,"[80, 160, 240]",0.8208883276796728,0.8413515068234446,nan,0.833,65,0.0325,0.24927319586277008,0.22388215363025665,3901789.75,3811422.0,90367.75,3813859.0,87.9306869506836,40.524189732000195,3.3043831639997734,37.034303900999475,0.09668527899975743,0.18146375800006354,0.12344767966999826,950.015625,ok,False,,,D,2000,nan,True
runtime_synth__synthetic_n1000_d2000_noise3.0__runtime_dscale__seed2__kmeans_oracle,run_divi_runtime_synth.py,2026-03-25T08:21:56Z,unknown,x86_64,cpu,x86_64,synthetic,synthetic_n1000_d2000_noise3.0,runtime_dscale,1000,2000,3,0.005,0.995,3.0,20262325,2,kmeans_oracle,nan,kmeans_oracle,nan,nan,nan,,nan,nan,nan,nan,nan,nan,nan,3,0,nan,nan,[],0.3418697982799202,0.40108764785784035,nan,0.557,nan,nan,nan,nan,nan,nan,nan,nan,nan,0.927885,nan,0.927885,nan,nan,nan,950.015625,ok,False,,,D,2000,nan,True
runtime_synth__synthetic_n1000_d2000_noise3.0__runtime_dscale__seed2__gmm_oracle,run_divi_runtime_synth.py,2026-03-25T08:22:08Z,unknown,x86_64,cpu,x86_64,synthetic,synthetic_n1000_d2000_noise3.0,runtime_dscale,1000,2000,3,0.005,0.995,3.0,20262325,2,gmm_oracle,nan,gmm_oracle,nan,nan,nan,,nan,nan,nan,nan,nan,nan,nan,3,0,nan,nan,[],0.38572977971716715,0.40187123948476755,nan,0.628,nan,nan,nan,nan,nan,nan,nan,nan,nan,11.741676,nan,11.741676,nan,nan,nan,980.40625,ok,False,,,D,2000,nan,True
runtime_synth__synthetic_n1000_d2000_noise3.0__runtime_dscale__seed2__spkm,run_divi_runtime_synth.py,2026-03-25T08:22:10Z,unknown,x86_64,cpu,x86_64,synthetic,synthetic_n1000_d2000_noise3.0,runtime_dscale,1000,2000,3,0.005,0.995,3.0,20262325,2,spkm,nan,spkm,nan,nan,nan,,nan,nan,nan,nan,nan,nan,nan,3,0,nan,nan,[],0.9970015045323003,0.9938029489046497,nan,0.999,834,0.417,nan,nan,nan,nan,nan,nan,nan,1.668099,nan,1.668099,nan,nan,nan,980.40625,ok,False,,,D,2000,nan,True
runtime_synth__synthetic_n1000_d2000_noise3.0__runtime_dscale__seed3__divi,run_divi_runtime_synth.py,2026-03-25T08:22:49Z,unknown,x86_64,cpu,x86_64,synthetic,synthetic_n1000_d2000_noise3.0,runtime_dscale,1000,2000,3,0.005,0.995,3.0,20262325,3,divi,1,divi,1000.0,1.0,80,auto_entropy,2837.8770664093454,1.0,0.01,1.0,0.1,300,300,4,3,80,240,"[80, 160, 240]",0.7180697634709182,0.7513691348201769,nan,0.798,68,0.034,0.24978536367416382,0.22403758764266968,3902396.0,3809719.75,92676.25,3813686.0,88.71007537841797,39.81390040899987,3.3649859859997377,36.335969671000385,0.10758517500016751,0.10878913000033208,0.12111989890333462,1132.99609375,ok,False,,,D,2000,nan,True
runtime_synth__synthetic_n1000_d2000_noise3.0__runtime_dscale__seed3__kmeans_oracle,run_divi_runtime_synth.py,2026-03-25T08:22:50Z,unknown,x86_64,cpu,x86_64,synthetic,synthetic_n1000_d2000_noise3.0,runtime_dscale,1000,2000,3,0.005,0.995,3.0,20262325,3,kmeans_oracle,nan,kmeans_oracle,nan,nan,nan,,nan,nan,nan,nan,nan,nan,nan,3,0,nan,nan,[],0.36888592252060387,0.39675507330892945,nan,0.654,nan,nan,nan,nan,nan,nan,nan,nan,nan,0.912915,nan,0.912915,nan,nan,nan,1132.99609375,ok,False,,,D,2000,nan,True
runtime_synth__synthetic_n1000_d2000_noise3.0__runtime_dscale__seed3__gmm_oracle,run_divi_runtime_synth.py,2026-03-25T08:23:02Z,unknown,x86_64,cpu,x86_64,synthetic,synthetic_n1000_d2000_noise3.0,runtime_dscale,1000,2000,3,0.005,0.995,3.0,20262325,3,gmm_oracle,nan,gmm_oracle,nan,nan,nan,,nan,nan,nan,nan,nan,nan,nan,3,0,nan,nan,[],0.4084505172440754,0.42628945822931724,nan,0.658,nan,nan,nan,nan,nan,nan,nan,nan,nan,11.449558,nan,11.449558,nan,nan,nan,1132.99609375,ok,False,,,D,2000,nan,True
runtime_synth__synthetic_n1000_d2000_noise3.0__runtime_dscale__seed3__spkm,run_divi_runtime_synth.py,2026-03-25T08:23:03Z,unknown,x86_64,cpu,x86_64,synthetic,synthetic_n1000_d2000_noise3.0,runtime_dscale,1000,2000,3,0.005,0.995,3.0,20262325,3,spkm,nan,spkm,nan,nan,nan,,nan,nan,nan,nan,nan,nan,nan,3,0,nan,nan,[],0.9970015045323003,0.9938029489046497,nan,0.999,834,0.417,nan,nan,nan,nan,nan,nan,nan,1.634357,nan,1.634357,nan,nan,nan,1132.99609375,ok,False,,,D,2000,nan,True
runtime_synth__synthetic_n1000_d2000_noise3.0__runtime_dscale__seed4__divi,run_divi_runtime_synth.py,2026-03-25T08:23:40Z,unknown,x86_64,cpu,x86_64,synthetic,synthetic_n1000_d2000_noise3.0,runtime_dscale,1000,2000,3,0.005,0.995,3.0,20262325,4,divi,1,divi,1000.0,1.0,80,auto_entropy,2837.8770664093454,1.0,0.01,1.0,0.1,300,300,4,3,80,240,"[80, 160, 240]",0.7362133427013928,0.7712202544971435,nan,0.799,73,0.0365,0.24900293350219727,0.22318178415298462,3902125.75,3807545.5,94580.25,3814451.75,87.67388153076172,36.17209742199975,3.4275080429997615,32.63371928300057,0.09356839900101477,0.10552688000007038,0.10877906427666857,759.65625,ok,False,,,D,2000,nan,True
runtime_synth__synthetic_n1000_d2000_noise3.0__runtime_dscale__seed4__kmeans_oracle,run_divi_runtime_synth.py,2026-03-25T08:23:41Z,unknown,x86_64,cpu,x86_64,synthetic,synthetic_n1000_d2000_noise3.0,runtime_dscale,1000,2000,3,0.005,0.995,3.0,20262325,4,kmeans_oracle,nan,kmeans_oracle,nan,nan,nan,,nan,nan,nan,nan,nan,nan,nan,3,0,nan,nan,[],0.3470959120370289,0.401287002512242,nan,0.584,nan,nan,nan,nan,nan,nan,nan,nan,nan,1.007147,nan,1.007147,nan,nan,nan,759.65625,ok,False,,,D,2000,nan,True
runtime_synth__synthetic_n1000_d2000_noise3.0__runtime_dscale__seed4__gmm_oracle,run_divi_runtime_synth.py,2026-03-25T08:23:56Z,unknown,x86_64,cpu,x86_64,synthetic,synthetic_n1000_d2000_noise3.0,runtime_dscale,1000,2000,3,0.005,0.995,3.0,20262325,4,gmm_oracle,nan,gmm_oracle,nan,nan,nan,,nan,nan,nan,nan,nan,nan,nan,3,0,nan,nan,[],0.3470959120370289,0.401287002512242,nan,0.584,nan,nan,nan,nan,nan,nan,nan,nan,nan,15.713281,nan,15.713281,nan,nan,nan,759.65625,ok,False,,,D,2000,nan,True
runtime_synth__synthetic_n1000_d2000_noise3.0__runtime_dscale__seed4__spkm,run_divi_runtime_synth.py,2026-03-25T08:23:58Z,unknown,x86_64,cpu,x86_64,synthetic,synthetic_n1000_d2000_noise3.0,runtime_dscale,1000,2000,3,0.005,0.995,3.0,20262325,4,spkm,nan,spkm,nan,nan,nan,,nan,nan,nan,nan,nan,nan,nan,3,0,nan,nan,[],0.9970015045323003,0.9938029489046497,nan,0.999,834,0.417,nan,nan,nan,nan,nan,nan,nan,1.635159,nan,1.635159,nan,nan,nan,759.65625,ok,False,,,D,2000,nan,True
runtime_synth__synthetic_n1000_d5000_noise3.0__runtime_dscale__seed0__divi,run_divi_runtime_synth.py,2026-03-25T08:27:02Z,unknown,x86_64,cpu,x86_64,synthetic,synthetic_n1000_d5000_noise3.0,runtime_dscale,1000,5000,3,0.002,0.998,3.0,20265325,0,divi,1,divi,1000.0,1.0,80,auto_entropy,7094.692666023363,1.0,0.01,1.0,0.1,300,300,4,3,80,240,"[80, 160, 240]",0.0036793023344123123,0.0066141956819774665,nan,0.366,2345,0.469,0.46997880935668945,0.47993582487106323,9103683.0,8678853.0,424830.0,8822110.0,281.57257080078125,183.3182890400003,8.2529532869994,174.36492785799965,0.4468584540009033,0.6895483819998844,0.5812164261933321,1064.7109375,ok,False,,,D,5000,nan,True
runtime_synth__synthetic_n1000_d5000_noise3.0__runtime_dscale__seed0__kmeans_oracle,run_divi_runtime_synth.py,2026-03-25T08:27:04Z,unknown,x86_64,cpu,x86_64,synthetic,synthetic_n1000_d5000_noise3.0,runtime_dscale,1000,5000,3,0.002,0.998,3.0,20265325,0,kmeans_oracle,nan,kmeans_oracle,nan,nan,nan,,nan,nan,nan,nan,nan,nan,nan,3,0,nan,nan,[],0.022537814664677948,0.01982923115430939,nan,0.404,nan,nan,nan,nan,nan,nan,nan,nan,nan,2.311472,nan,2.311472,nan,nan,nan,1064.7109375,ok,False,,,D,5000,nan,True
runtime_synth__synthetic_n1000_d5000_noise3.0__runtime_dscale__seed0__gmm_oracle,run_divi_runtime_synth.py,2026-03-25T08:28:45Z,unknown,x86_64,cpu,x86_64,synthetic,synthetic_n1000_d5000_noise3.0,runtime_dscale,1000,5000,3,0.002,0.998,3.0,20265325,0,gmm_oracle,nan,gmm_oracle,nan,nan,nan,,nan,nan,nan,nan,nan,nan,nan,3,0,nan,nan,[],0.00027606501617159025,0.0035358839653075328,nan,0.348,nan,nan,nan,nan,nan,nan,nan,nan,nan,100.198709,nan,100.198709,nan,nan,nan,1078.85546875,ok,False,,,D,5000,nan,True
runtime_synth__synthetic_n1000_d5000_noise3.0__runtime_dscale__seed0__spkm,run_divi_runtime_synth.py,2026-03-25T08:28:49Z,unknown,x86_64,cpu,x86_64,synthetic,synthetic_n1000_d5000_noise3.0,runtime_dscale,1000,5000,3,0.002,0.998,3.0,20265325,0,spkm,nan,spkm,nan,nan,nan,,nan,nan,nan,nan,nan,nan,nan,3,0,nan,nan,[],0.9940120180601143,0.9876086482064032,nan,0.998,884,0.1768,nan,nan,nan,nan,nan,nan,nan,4.192139,nan,4.192139,nan,nan,nan,1078.85546875,ok,False,,,D,5000,nan,True
runtime_synth__synthetic_n1000_d5000_noise3.0__runtime_dscale__seed1__divi,run_divi_runtime_synth.py,2026-03-25T08:31:37Z,unknown,x86_64,cpu,x86_64,synthetic,synthetic_n1000_d5000_noise3.0,runtime_dscale,1000,5000,3,0.002,0.998,3.0,20265325,1,divi,1,divi,1000.0,1.0,80,auto_entropy,7094.692666023363,1.0,0.01,1.0,0.1,300,300,4,3,80,240,"[80, 160, 240]",0.020362236620813472,0.02076934892525102,nan,0.403,2338,0.4676,0.4700702130794525,0.4810125231742859,9103835.0,8692556.0,411279.0,8821728.0,282.10711669921875,167.93453606999992,7.872220998000557,159.4543314170005,0.5284903080000731,0.5983837470002982,0.5315144380566683,945.46484375,ok,False,,,D,5000,nan,True
runtime_synth__synthetic_n1000_d5000_noise3.0__runtime_dscale__seed1__kmeans_oracle,run_divi_runtime_synth.py,2026-03-25T08:31:38Z,unknown,x86_64,cpu,x86_64,synthetic,synthetic_n1000_d5000_noise3.0,runtime_dscale,1000,5000,3,0.002,0.998,3.0,20265325,1,kmeans_oracle,nan,kmeans_oracle,nan,nan,nan,,nan,nan,nan,nan,nan,nan,nan,3,0,nan,nan,[],0.007132929092924909,0.007758604169586278,nan,0.385,nan,nan,nan,nan,nan,nan,nan,nan,nan,0.857365,nan,0.857365,nan,nan,nan,945.46484375,ok,False,,,D,5000,nan,True
runtime_synth__synthetic_n1000_d5000_noise3.0__runtime_dscale__seed1__gmm_oracle,run_divi_runtime_synth.py,2026-03-25T08:33:16Z,unknown,x86_64,cpu,x86_64,synthetic,synthetic_n1000_d5000_noise3.0,runtime_dscale,1000,5000,3,0.002,0.998,3.0,20265325,1,gmm_oracle,nan,gmm_oracle,nan,nan,nan,,nan,nan,nan,nan,nan,nan,nan,3,0,nan,nan,[],0.001529830892235221,0.0034876840507061745,nan,0.367,nan,nan,nan,nan,nan,nan,nan,nan,nan,98.669246,nan,98.669246,nan,nan,nan,945.46484375,ok,False,,,D,5000,nan,True
runtime_synth__synthetic_n1000_d5000_noise3.0__runtime_dscale__seed1__spkm,run_divi_runtime_synth.py,2026-03-25T08:33:21Z,unknown,x86_64,cpu,x86_64,synthetic,synthetic_n1000_d5000_noise3.0,runtime_dscale,1000,5000,3,0.002,0.998,3.0,20265325,1,spkm,nan,spkm,nan,nan,nan,,nan,nan,nan,nan,nan,nan,nan,3,0,nan,nan,[],0.9940120180601143,0.9876086482064032,nan,0.998,884,0.1768,nan,nan,nan,nan,nan,nan,nan,4.811203,nan,4.811203,nan,nan,nan,945.46484375,ok,False,,,D,5000,nan,True
runtime_synth__synthetic_n1000_d5000_noise3.0__runtime_dscale__seed2__divi,run_divi_runtime_synth.py,2026-03-25T08:35:39Z,unknown,x86_64,cpu,x86_64,synthetic,synthetic_n1000_d5000_noise3.0,runtime_dscale,1000,5000,3,0.002,0.998,3.0,20265325,2,divi,1,divi,1000.0,1.0,80,auto_entropy,7094.692666023363,1.0,0.01,1.0,0.1,300,300,4,3,80,240,"[80, 160, 240]",0.05412348913104425,0.05065836905022097,nan,0.448,2330,0.466,0.4696812629699707,0.47714123129844666,9103380.0,8688861.0,414519.0,8822572.0,280.80755615234375,137.10460372100079,6.831956271000308,129.88886150599956,0.2643929069990918,0.37440076300026703,0.4329628716866652,689.75390625,ok,False,,,D,5000,nan,True
runtime_synth__synthetic_n1000_d5000_noise3.0__runtime_dscale__seed2__kmeans_oracle,run_divi_runtime_synth.py,2026-03-25T08:35:40Z,unknown,x86_64,cpu,x86_64,synthetic,synthetic_n1000_d5000_noise3.0,runtime_dscale,1000,5000,3,0.002,0.998,3.0,20265325,2,kmeans_oracle,nan,kmeans_oracle,nan,nan,nan,,nan,nan,nan,nan,nan,nan,nan,3,0,nan,nan,[],0.006841812090670341,0.00730961905300185,nan,0.376,nan,nan,nan,nan,nan,nan,nan,nan,nan,1.037114,nan,1.037114,nan,nan,nan,689.75390625,ok,False,,,D,5000,nan,True
runtime_synth__synthetic_n1000_d5000_noise3.0__runtime_dscale__seed2__gmm_oracle,run_divi_runtime_synth.py,2026-03-25T08:37:23Z,unknown,x86_64,cpu,x86_64,synthetic,synthetic_n1000_d5000_noise3.0,runtime_dscale,1000,5000,3,0.002,0.998,3.0,20265325,2,gmm_oracle,nan,gmm_oracle,nan,nan,nan,,nan,nan,nan,nan,nan,nan,nan,3,0,nan,nan,[],0.004217187145219214,0.008781190423340416,nan,0.367,nan,nan,nan,nan,nan,nan,nan,nan,nan,103.443264,nan,103.443264,nan,nan,nan,689.75390625,ok,False,,,D,5000,nan,True
runtime_synth__synthetic_n1000_d5000_noise3.0__runtime_dscale__seed2__spkm,run_divi_runtime_synth.py,2026-03-25T08:37:27Z,unknown,x86_64,cpu,x86_64,synthetic,synthetic_n1000_d5000_noise3.0,runtime_dscale,1000,5000,3,0.002,0.998,3.0,20265325,2,spkm,nan,spkm,nan,nan,nan,,nan,nan,nan,nan,nan,nan,nan,3,0,nan,nan,[],0.9940120180601143,0.9876086482064032,nan,0.998,884,0.1768,nan,nan,nan,nan,nan,nan,nan,4.117771,nan,4.117771,nan,nan,nan,689.75390625,ok,False,,,D,5000,nan,True
runtime_synth__synthetic_n1000_d5000_noise3.0__runtime_dscale__seed3__divi,run_divi_runtime_synth.py,2026-03-25T08:40:39Z,unknown,x86_64,cpu,x86_64,synthetic,synthetic_n1000_d5000_noise3.0,runtime_dscale,1000,5000,3,0.002,0.998,3.0,20265325,3,divi,1,divi,1000.0,1.0,80,auto_entropy,7094.692666023363,1.0,0.01,1.0,0.1,300,300,4,3,80,240,"[80, 160, 240]",0.02124550128718852,0.021339516330273645,nan,0.405,2340,0.468,0.4696703255176544,0.4789872169494629,9103636.0,8698838.0,404798.0,8822986.0,280.6501770019531,190.7819204309999,7.865131585000199,182.13420850999955,0.46213138199982495,0.7732767279994732,0.6071140283666652,708.82421875,ok,False,,,D,5000,nan,True
runtime_synth__synthetic_n1000_d5000_noise3.0__runtime_dscale__seed3__kmeans_oracle,run_divi_runtime_synth.py,2026-03-25T08:40:39Z,unknown,x86_64,cpu,x86_64,synthetic,synthetic_n1000_d5000_noise3.0,runtime_dscale,1000,5000,3,0.002,0.998,3.0,20265325,3,kmeans_oracle,nan,kmeans_oracle,nan,nan,nan,,nan,nan,nan,nan,nan,nan,nan,3,0,nan,nan,[],0.0029950130901122743,0.004509094459238595,nan,0.356,nan,nan,nan,nan,nan,nan,nan,nan,nan,0.899156,nan,0.899156,nan,nan,nan,708.82421875,ok,False,,,D,5000,nan,True
runtime_synth__synthetic_n1000_d5000_noise3.0__runtime_dscale__seed3__gmm_oracle,run_divi_runtime_synth.py,2026-03-25T08:42:24Z,unknown,x86_64,cpu,x86_64,synthetic,synthetic_n1000_d5000_noise3.0,runtime_dscale,1000,5000,3,0.002,0.998,3.0,20265325,3,gmm_oracle,nan,gmm_oracle,nan,nan,nan,,nan,nan,nan,nan,nan,nan,nan,3,0,nan,nan,[],0.0029950130901122743,0.004509094459238595,nan,0.356,nan,nan,nan,nan,nan,nan,nan,nan,nan,104.570182,nan,104.570182,nan,nan,nan,708.82421875,ok,False,,,D,5000,nan,True
runtime_synth__synthetic_n1000_d5000_noise3.0__runtime_dscale__seed3__spkm,run_divi_runtime_synth.py,2026-03-25T08:42:28Z,unknown,x86_64,cpu,x86_64,synthetic,synthetic_n1000_d5000_noise3.0,runtime_dscale,1000,5000,3,0.002,0.998,3.0,20265325,3,spkm,nan,spkm,nan,nan,nan,,nan,nan,nan,nan,nan,nan,nan,3,0,nan,nan,[],0.9940120180601143,0.9876086482064032,nan,0.998,884,0.1768,nan,nan,nan,nan,nan,nan,nan,4.081447,nan,4.081447,nan,nan,nan,708.82421875,ok,False,,,D,5000,nan,True
runtime_synth__synthetic_n1000_d5000_noise3.0__runtime_dscale__seed4__divi,run_divi_runtime_synth.py,2026-03-25T08:45:05Z,unknown,x86_64,cpu,x86_64,synthetic,synthetic_n1000_d5000_noise3.0,runtime_dscale,1000,5000,3,0.002,0.998,3.0,20265325,4,divi,1,divi,1000.0,1.0,80,auto_entropy,7094.692666023363,1.0,0.01,1.0,0.1,300,300,4,3,80,240,"[80, 160, 240]",0.01329224011203568,0.017871296274499345,nan,0.387,2340,0.468,0.46942001581192017,0.4778343737125397,9102845.0,8693689.0,409156.0,8823334.0,279.5105285644531,156.39081519999945,7.8085860609999145,148.18457266899986,0.3215804070005106,0.3884653300001446,0.4939485755633329,1033.078125,ok,False,,,D,5000,nan,True
runtime_synth__synthetic_n1000_d5000_noise3.0__runtime_dscale__seed4__kmeans_oracle,run_divi_runtime_synth.py,2026-03-25T08:45:06Z,unknown,x86_64,cpu,x86_64,synthetic,synthetic_n1000_d5000_noise3.0,runtime_dscale,1000,5000,3,0.002,0.998,3.0,20265325,4,kmeans_oracle,nan,kmeans_oracle,nan,nan,nan,,nan,nan,nan,nan,nan,nan,nan,3,0,nan,nan,[],0.000765374082282936,0.0025895080022521745,nan,0.365,nan,nan,nan,nan,nan,nan,nan,nan,nan,0.943215,nan,0.943215,nan,nan,nan,1033.078125,ok,False,,,D,5000,nan,True
runtime_synth__synthetic_n1000_d5000_noise3.0__runtime_dscale__seed4__gmm_oracle,run_divi_runtime_synth.py,2026-03-25T08:46:55Z,unknown,x86_64,cpu,x86_64,synthetic,synthetic_n1000_d5000_noise3.0,runtime_dscale,1000,5000,3,0.002,0.998,3.0,20265325,4,gmm_oracle,nan,gmm_oracle,nan,nan,nan,,nan,nan,nan,nan,nan,nan,nan,3,0,nan,nan,[],0.00986907166067666,0.011429078825718711,nan,0.384,nan,nan,nan,nan,nan,nan,nan,nan,nan,109.291701,nan,109.291701,nan,nan,nan,1033.078125,ok,False,,,D,5000,nan,True
runtime_synth__synthetic_n1000_d5000_noise3.0__runtime_dscale__seed4__spkm,run_divi_runtime_synth.py,2026-03-25T08:46:59Z,unknown,x86_64,cpu,x86_64,synthetic,synthetic_n1000_d5000_noise3.0,runtime_dscale,1000,5000,3,0.002,0.998,3.0,20265325,4,spkm,nan,spkm,nan,nan,nan,,nan,nan,nan,nan,nan,nan,nan,3,0,nan,nan,[],0.9940120180601143,0.9876086482064032,nan,0.998,884,0.1768,nan,nan,nan,nan,nan,nan,nan,4.189408,nan,4.189408,nan,nan,nan,1033.078125,ok,False,,,D,5000,nan,True
runtime_synth__synthetic_n200_d1000_noise3.0__runtime_nscale__seed0__divi,run_divi_runtime_synth.py,2026-03-25T08:47:04Z,unknown,x86_64,cpu,x86_64,synthetic,synthetic_n200_d1000_noise3.0,runtime_nscale,200,1000,3,0.01,0.99,3.0,20260526,0,divi,1,divi,200.0,1.0,80,auto_entropy,1418.9385332046727,1.0,0.01,1.0,0.1,300,300,4,3,80,240,"[80, 160, 240]",0.29925306327593976,0.41448745514554064,nan,0.525,355,0.355,0.4174216389656067,0.4019424319267273,369460.0625,352503.0625,16957.0,358216.8125,56.2163200378418,5.058560197000588,1.1115292000004047,3.9339701139997487,0.012080632000106561,0.01203892299963627,0.013113233713332496,856.20703125,ok,False,,,N,200,nan,True
runtime_synth__synthetic_n200_d1000_noise3.0__runtime_nscale__seed0__kmeans_oracle,run_divi_runtime_synth.py,2026-03-25T08:47:04Z,unknown,x86_64,cpu,x86_64,synthetic,synthetic_n200_d1000_noise3.0,runtime_nscale,200,1000,3,0.01,0.99,3.0,20260526,0,kmeans_oracle,nan,kmeans_oracle,nan,nan,nan,,nan,nan,nan,nan,nan,nan,nan,3,0,nan,nan,[],0.058649819394922746,0.06526403978642574,nan,0.46,nan,nan,nan,nan,nan,nan,nan,nan,nan,0.038922,nan,0.038922,nan,nan,nan,856.20703125,ok,False,,,N,200,nan,True
runtime_synth__synthetic_n200_d1000_noise3.0__runtime_nscale__seed0__gmm_oracle,run_divi_runtime_synth.py,2026-03-25T08:47:06Z,unknown,x86_64,cpu,x86_64,synthetic,synthetic_n200_d1000_noise3.0,runtime_nscale,200,1000,3,0.01,0.99,3.0,20260526,0,gmm_oracle,nan,gmm_oracle,nan,nan,nan,,nan,nan,nan,nan,nan,nan,nan,3,0,nan,nan,[],0.030541457355857914,0.04299012015892254,nan,0.445,nan,nan,nan,nan,nan,nan,nan,nan,nan,1.385529,nan,1.385529,nan,nan,nan,856.2109375,ok,False,,,N,200,nan,True
runtime_synth__synthetic_n200_d1000_noise3.0__runtime_nscale__seed0__spkm,run_divi_runtime_synth.py,2026-03-25T08:47:06Z,unknown,x86_64,cpu,x86_64,synthetic,synthetic_n200_d1000_noise3.0,runtime_nscale,200,1000,3,0.01,0.99,3.0,20260526,0,spkm,nan,spkm,nan,nan,nan,,nan,nan,nan,nan,nan,nan,nan,3,0,nan,nan,[],1.0,1.0,nan,1.0,208,0.208,nan,nan,nan,nan,nan,nan,nan,0.143013,nan,0.143013,nan,nan,nan,856.2109375,ok,False,,,N,200,nan,True
runtime_synth__synthetic_n200_d1000_noise3.0__runtime_nscale__seed1__divi,run_divi_runtime_synth.py,2026-03-25T08:47:10Z,unknown,x86_64,cpu,x86_64,synthetic,synthetic_n200_d1000_noise3.0,runtime_nscale,200,1000,3,0.01,0.99,3.0,20260526,1,divi,1,divi,200.0,1.0,80,auto_entropy,1418.9385332046727,1.0,0.01,1.0,0.1,300,300,4,3,80,240,"[80, 160, 240]",0.2706912640259752,0.38175910715158007,nan,0.475,357,0.357,0.4170151352882385,0.3966495096683502,369473.6875,351830.5,17643.1875,358278.375,55.976585388183594,4.665363269000409,1.1090068089997658,3.544162631999825,0.010996347999935097,0.011327545000312966,0.011813875439999417,856.2109375,ok,False,,,N,200,nan,True
runtime_synth__synthetic_n200_d1000_noise3.0__runtime_nscale__seed1__kmeans_oracle,run_divi_runtime_synth.py,2026-03-25T08:47:10Z,unknown,x86_64,cpu,x86_64,synthetic,synthetic_n200_d1000_noise3.0,runtime_nscale,200,1000,3,0.01,0.99,3.0,20260526,1,kmeans_oracle,nan,kmeans_oracle,nan,nan,nan,,nan,nan,nan,nan,nan,nan,nan,3,0,nan,nan,[],0.036712351509806826,0.03572162304823266,nan,0.445,nan,nan,nan,nan,nan,nan,nan,nan,nan,0.039347,nan,0.039347,nan,nan,nan,856.2109375,ok,False,,,N,200,nan,True
runtime_synth__synthetic_n200_d1000_noise3.0__runtime_nscale__seed1__gmm_oracle,run_divi_runtime_synth.py,2026-03-25T08:47:12Z,unknown,x86_64,cpu,x86_64,synthetic,synthetic_n200_d1000_noise3.0,runtime_nscale,200,1000,3,0.01,0.99,3.0,20260526,1,gmm_oracle,nan,gmm_oracle,nan,nan,nan,,nan,nan,nan,nan,nan,nan,nan,3,0,nan,nan,[],0.011191831137742896,0.021975147727091176,nan,0.395,nan,nan,nan,nan,nan,nan,nan,nan,nan,1.355759,nan,1.355759,nan,nan,nan,856.2109375,ok,False,,,N,200,nan,True
runtime_synth__synthetic_n200_d1000_noise3.0__runtime_nscale__seed1__spkm,run_divi_runtime_synth.py,2026-03-25T08:47:12Z,unknown,x86_64,cpu,x86_64,synthetic,synthetic_n200_d1000_noise3.0,runtime_nscale,200,1000,3,0.01,0.99,3.0,20260526,1,spkm,nan,spkm,nan,nan,nan,,nan,nan,nan,nan,nan,nan,nan,3,0,nan,nan,[],1.0,1.0,nan,1.0,208,0.208,nan,nan,nan,nan,nan,nan,nan,0.140749,nan,0.140749,nan,nan,nan,856.2109375,ok,False,,,N,200,nan,True
runtime_synth__synthetic_n200_d1000_noise3.0__runtime_nscale__seed2__divi,run_divi_runtime_synth.py,2026-03-25T08:47:17Z,unknown,x86_64,cpu,x86_64,synthetic,synthetic_n200_d1000_noise3.0,runtime_nscale,200,1000,3,0.01,0.99,3.0,20260526,2,divi,1,divi,200.0,1.0,80,auto_entropy,1418.9385332046727,1.0,0.01,1.0,0.1,300,300,4,3,80,240,"[80, 160, 240]",0.339286775480786,0.44297805843437,nan,0.58,354,0.354,0.4158817529678345,0.39456236362457275,369424.84375,353151.875,16272.96875,358415.0625,55.04893112182617,5.07268854799986,1.1111918380001953,3.9504802510000445,0.010571408999567211,0.010073707000628929,0.013168267503333482,856.2109375,ok,False,,,N,200,nan,True
runtime_synth__synthetic_n200_d1000_noise3.0__runtime_nscale__seed2__kmeans_oracle,run_divi_runtime_synth.py,2026-03-25T08:47:17Z,unknown,x86_64,cpu,x86_64,synthetic,synthetic_n200_d1000_noise3.0,runtime_nscale,200,1000,3,0.01,0.99,3.0,20260526,2,kmeans_oracle,nan,kmeans_oracle,nan,nan,nan,,nan,nan,nan,nan,nan,nan,nan,3,0,nan,nan,[],0.03869483324588005,0.054661275556140365,nan,0.46,nan,nan,nan,nan,nan,nan,nan,nan,nan,0.034297,nan,0.034297,nan,nan,nan,856.2109375,ok,False,,,N,200,nan,True
runtime_synth__synthetic_n200_d1000_noise3.0__runtime_nscale__seed2__gmm_oracle,run_divi_runtime_synth.py,2026-03-25T08:47:19Z,unknown,x86_64,cpu,x86_64,synthetic,synthetic_n200_d1000_noise3.0,runtime_nscale,200,1000,3,0.01,0.99,3.0,20260526,2,gmm_oracle,nan,gmm_oracle,nan,nan,nan,,nan,nan,nan,nan,nan,nan,nan,3,0,nan,nan,[],0.021779398478164517,0.04309828501431109,nan,0.415,nan,nan,nan,nan,nan,nan,nan,nan,nan,1.387743,nan,1.387743,nan,nan,nan,856.2109375,ok,False,,,N,200,nan,True
runtime_synth__synthetic_n200_d1000_noise3.0__runtime_nscale__seed2__spkm,run_divi_runtime_synth.py,2026-03-25T08:47:19Z,unknown,x86_64,cpu,x86_64,synthetic,synthetic_n200_d1000_noise3.0,runtime_nscale,200,1000,3,0.01,0.99,3.0,20260526,2,spkm,nan,spkm,nan,nan,nan,,nan,nan,nan,nan,nan,nan,nan,3,0,nan,nan,[],1.0,1.0,nan,1.0,208,0.208,nan,nan,nan,nan,nan,nan,nan,0.132689,nan,0.132689,nan,nan,nan,856.2109375,ok,False,,,N,200,nan,True
runtime_synth__synthetic_n200_d1000_noise3.0__runtime_nscale__seed3__divi,run_divi_runtime_synth.py,2026-03-25T08:47:23Z,unknown,x86_64,cpu,x86_64,synthetic,synthetic_n200_d1000_noise3.0,runtime_nscale,200,1000,3,0.01,0.99,3.0,20260526,3,divi,1,divi,200.0,1.0,80,auto_entropy,1418.9385332046727,1.0,0.01,1.0,0.1,300,300,4,3,80,240,"[80, 160, 240]",0.2758464938710653,0.38705769948999197,nan,0.475,348,0.348,0.41608119010925293,0.39210277795791626,369432.75,352427.25,17005.5,358399.3125,55.16716003417969,4.475385067999923,1.0937419769998087,3.369554118999986,0.009852818999206647,0.011190601999260252,0.011231847063333286,603.3125,ok,False,,,N,200,nan,True
runtime_synth__synthetic_n200_d1000_noise3.0__runtime_nscale__seed3__kmeans_oracle,run_divi_runtime_synth.py,2026-03-25T08:47:23Z,unknown,x86_64,cpu,x86_64,synthetic,synthetic_n200_d1000_noise3.0,runtime_nscale,200,1000,3,0.01,0.99,3.0,20260526,3,kmeans_oracle,nan,kmeans_oracle,nan,nan,nan,,nan,nan,nan,nan,nan,nan,nan,3,0,nan,nan,[],0.11453822587903327,0.1186262427771677,nan,0.51,nan,nan,nan,nan,nan,nan,nan,nan,nan,0.041633,nan,0.041633,nan,nan,nan,603.3125,ok,False,,,N,200,nan,True
runtime_synth__synthetic_n200_d1000_noise3.0__runtime_nscale__seed3__gmm_oracle,run_divi_runtime_synth.py,2026-03-25T08:47:25Z,unknown,x86_64,cpu,x86_64,synthetic,synthetic_n200_d1000_noise3.0,runtime_nscale,200,1000,3,0.01,0.99,3.0,20260526,3,gmm_oracle,nan,gmm_oracle,nan,nan,nan,,nan,nan,nan,nan,nan,nan,nan,3,0,nan,nan,[],0.11453822587903327,0.1186262427771677,nan,0.51,nan,nan,nan,nan,nan,nan,nan,nan,nan,1.365601,nan,1.365601,nan,nan,nan,582.078125,ok,False,,,N,200,nan,True
runtime_synth__synthetic_n200_d1000_noise3.0__runtime_nscale__seed3__spkm,run_divi_runtime_synth.py,2026-03-25T08:47:25Z,unknown,x86_64,cpu,x86_64,synthetic,synthetic_n200_d1000_noise3.0,runtime_nscale,200,1000,3,0.01,0.99,3.0,20260526,3,spkm,nan,spkm,nan,nan,nan,,nan,nan,nan,nan,nan,nan,nan,3,0,nan,nan,[],1.0,1.0,nan,1.0,208,0.208,nan,nan,nan,nan,nan,nan,nan,0.130284,nan,0.130284,nan,nan,nan,582.078125,ok,False,,,N,200,nan,True
runtime_synth__synthetic_n200_d1000_noise3.0__runtime_nscale__seed4__divi,run_divi_runtime_synth.py,2026-03-25T08:47:30Z,unknown,x86_64,cpu,x86_64,synthetic,synthetic_n200_d1000_noise3.0,runtime_nscale,200,1000,3,0.01,0.99,3.0,20260526,4,divi,1,divi,200.0,1.0,80,auto_entropy,1418.9385332046727,1.0,0.01,1.0,0.1,300,300,4,3,80,240,"[80, 160, 240]",0.2782328674864159,0.3911969637108858,nan,0.495,359,0.359,0.41702887415885925,0.39234477281570435,369502.28125,353047.96875,16454.3125,358307.78125,55.972511291503906,4.874080479999975,1.0973430839994762,3.7649987669992697,0.010451193999870156,0.010851607999939006,0.012549995889997567,597.2109375,ok,False,,,N,200,nan,True
runtime_synth__synthetic_n200_d1000_noise3.0__runtime_nscale__seed4__kmeans_oracle,run_divi_runtime_synth.py,2026-03-25T08:47:30Z,unknown,x86_64,cpu,x86_64,synthetic,synthetic_n200_d1000_noise3.0,runtime_nscale,200,1000,3,0.01,0.99,3.0,20260526,4,kmeans_oracle,nan,kmeans_oracle,nan,nan,nan,,nan,nan,nan,nan,nan,nan,nan,3,0,nan,nan,[],0.00941384910980735,0.02722045300283129,nan,0.395,nan,nan,nan,nan,nan,nan,nan,nan,nan,0.036287,nan,0.036287,nan,nan,nan,597.2109375,ok,False,,,N,200,nan,True
runtime_synth__synthetic_n200_d1000_noise3.0__runtime_nscale__seed4__gmm_oracle,run_divi_runtime_synth.py,2026-03-25T08:47:31Z,unknown,x86_64,cpu,x86_64,synthetic,synthetic_n200_d1000_noise3.0,runtime_nscale,200,1000,3,0.01,0.99,3.0,20260526,4,gmm_oracle,nan,gmm_oracle,nan,nan,nan,,nan,nan,nan,nan,nan,nan,nan,3,0,nan,nan,[],0.01216091228527487,0.018269400352069583,nan,0.4,nan,nan,nan,nan,nan,nan,nan,nan,nan,1.378648,nan,1.378648,nan,nan,nan,588.1796875,ok,False,,,N,200,nan,True
runtime_synth__synthetic_n200_d1000_noise3.0__runtime_nscale__seed4__spkm,run_divi_runtime_synth.py,2026-03-25T08:47:31Z,unknown,x86_64,cpu,x86_64,synthetic,synthetic_n200_d1000_noise3.0,runtime_nscale,200,1000,3,0.01,0.99,3.0,20260526,4,spkm,nan,spkm,nan,nan,nan,,nan,nan,nan,nan,nan,nan,nan,3,0,nan,nan,[],1.0,1.0,nan,1.0,208,0.208,nan,nan,nan,nan,nan,nan,nan,0.127433,nan,0.127433,nan,nan,nan,588.1796875,ok,False,,,N,200,nan,True
runtime_synth__synthetic_n500_d1000_noise3.0__runtime_nscale__seed0__divi,run_divi_runtime_synth.py,2026-03-25T08:47:42Z,unknown,x86_64,cpu,x86_64,synthetic,synthetic_n500_d1000_noise3.0,runtime_nscale,500,1000,3,0.01,0.99,3.0,20260826,0,divi,1,divi,500.0,1.0,80,auto_entropy,1418.9385332046727,1.0,0.01,1.0,0.1,300,300,4,3,80,240,"[80, 160, 240]",0.7414338815172202,0.7699525626176648,nan,0.816,72,0.072,0.2805953621864319,0.2539852559566498,965723.5,938021.5625,27701.9375,941639.375,48.16828918457031,10.601143412000056,1.3133199710000554,9.247713755000404,0.024273308000374527,0.03888553900014813,0.030825712516668016,712.03515625,ok,False,,,N,500,nan,True
runtime_synth__synthetic_n500_d1000_noise3.0__runtime_nscale__seed0__kmeans_oracle,run_divi_runtime_synth.py,2026-03-25T08:47:42Z,unknown,x86_64,cpu,x86_64,synthetic,synthetic_n500_d1000_noise3.0,runtime_nscale,500,1000,3,0.01,0.99,3.0,20260826,0,kmeans_oracle,nan,kmeans_oracle,nan,nan,nan,,nan,nan,nan,nan,nan,nan,nan,3,0,nan,nan,[],0.3651290846767301,0.39496436909441685,nan,0.612,nan,nan,nan,nan,nan,nan,nan,nan,nan,0.395113,nan,0.395113,nan,nan,nan,712.03515625,ok,False,,,N,500,nan,True
runtime_synth__synthetic_n500_d1000_noise3.0__runtime_nscale__seed0__gmm_oracle,run_divi_runtime_synth.py,2026-03-25T08:47:44Z,unknown,x86_64,cpu,x86_64,synthetic,synthetic_n500_d1000_noise3.0,runtime_nscale,500,1000,3,0.01,0.99,3.0,20260826,0,gmm_oracle,nan,gmm_oracle,nan,nan,nan,,nan,nan,nan,nan,nan,nan,nan,3,0,nan,nan,[],0.4157804916216244,0.440532974979848,nan,0.648,nan,nan,nan,nan,nan,nan,nan,nan,nan,2.010276,nan,2.010276,nan,nan,nan,712.03515625,ok,False,,,N,500,nan,True
runtime_synth__synthetic_n500_d1000_noise3.0__runtime_nscale__seed0__spkm,run_divi_runtime_synth.py,2026-03-25T08:47:45Z,unknown,x86_64,cpu,x86_64,synthetic,synthetic_n500_d1000_noise3.0,runtime_nscale,500,1000,3,0.01,0.99,3.0,20260826,0,spkm,nan,spkm,nan,nan,nan,,nan,nan,nan,nan,nan,nan,nan,3,0,nan,nan,[],1.0,1.0,nan,1.0,471,0.471,nan,nan,nan,nan,nan,nan,nan,0.395144,nan,0.395144,nan,nan,nan,612.9765625,ok,False,,,N,500,nan,True
runtime_synth__synthetic_n500_d1000_noise3.0__runtime_nscale__seed1__divi,run_divi_runtime_synth.py,2026-03-25T08:47:55Z,unknown,x86_64,cpu,x86_64,synthetic,synthetic_n500_d1000_noise3.0,runtime_nscale,500,1000,3,0.01,0.99,3.0,20260826,1,divi,1,divi,500.0,1.0,80,auto_entropy,1418.9385332046727,1.0,0.01,1.0,0.1,300,300,4,3,80,240,"[80, 160, 240]",0.6791095829688009,0.7081717597300375,nan,0.762,77,0.077,0.2815124988555908,0.2546587586402893,965940.4375,936005.9375,29934.5,941532.75,48.81538772583008,10.279494344999875,1.2968240320005862,8.949102292000134,0.02438060299937206,0.03210619800029235,0.029830340973333782,704.40625,ok,False,,,N,500,nan,True
runtime_synth__synthetic_n500_d1000_noise3.0__runtime_nscale__seed1__kmeans_oracle,run_divi_runtime_synth.py,2026-03-25T08:47:55Z,unknown,x86_64,cpu,x86_64,synthetic,synthetic_n500_d1000_noise3.0,runtime_nscale,500,1000,3,0.01,0.99,3.0,20260826,1,kmeans_oracle,nan,kmeans_oracle,nan,nan,nan,,nan,nan,nan,nan,nan,nan,nan,3,0,nan,nan,[],0.34919400958281,0.37646401500712917,nan,0.598,nan,nan,nan,nan,nan,nan,nan,nan,nan,0.297008,nan,0.297008,nan,nan,nan,704.40625,ok,False,,,N,500,nan,True
runtime_synth__synthetic_n500_d1000_noise3.0__runtime_nscale__seed1__gmm_oracle,run_divi_runtime_synth.py,2026-03-25T08:47:57Z,unknown,x86_64,cpu,x86_64,synthetic,synthetic_n500_d1000_noise3.0,runtime_nscale,500,1000,3,0.01,0.99,3.0,20260826,1,gmm_oracle,nan,gmm_oracle,nan,nan,nan,,nan,nan,nan,nan,nan,nan,nan,3,0,nan,nan,[],0.3416733068068764,0.3616955762945346,nan,0.634,nan,nan,nan,nan,nan,nan,nan,nan,nan,1.901218,nan,1.901218,nan,nan,nan,704.40625,ok,False,,,N,500,nan,True
runtime_synth__synthetic_n500_d1000_noise3.0__runtime_nscale__seed1__spkm,run_divi_runtime_synth.py,2026-03-25T08:47:57Z,unknown,x86_64,cpu,x86_64,synthetic,synthetic_n500_d1000_noise3.0,runtime_nscale,500,1000,3,0.01,0.99,3.0,20260826,1,spkm,nan,spkm,nan,nan,nan,,nan,nan,nan,nan,nan,nan,nan,3,0,nan,nan,[],1.0,1.0,nan,1.0,471,0.471,nan,nan,nan,nan,nan,nan,nan,0.364936,nan,0.364936,nan,nan,nan,704.40625,ok,False,,,N,500,nan,True
runtime_synth__synthetic_n500_d1000_noise3.0__runtime_nscale__seed2__divi,run_divi_runtime_synth.py,2026-03-25T08:48:08Z,unknown,x86_64,cpu,x86_64,synthetic,synthetic_n500_d1000_noise3.0,runtime_nscale,500,1000,3,0.01,0.99,3.0,20260826,2,divi,1,divi,500.0,1.0,80,auto_entropy,1418.9385332046727,1.0,0.01,1.0,0.1,300,300,4,3,80,240,"[80, 160, 240]",0.7059485071173027,0.7456583610126141,nan,0.792,69,0.069,0.28050941228866577,0.24946770071983337,965743.375,938272.3125,27471.0625,941705.125,48.07646560668945,10.2718867829999,1.3104088999998567,8.921347067999704,0.024975760000415903,0.03869389000010415,0.029737823559999016,704.40625,ok,False,,,N,500,nan,True
runtime_synth__synthetic_n500_d1000_noise3.0__runtime_nscale__seed2__kmeans_oracle,run_divi_runtime_synth.py,2026-03-25T08:48:08Z,unknown,x86_64,cpu,x86_64,synthetic,synthetic_n500_d1000_noise3.0,runtime_nscale,500,1000,3,0.01,0.99,3.0,20260826,2,kmeans_oracle,nan,kmeans_oracle,nan,nan,nan,,nan,nan,nan,nan,nan,nan,nan,3,0,nan,nan,[],0.4022235364493603,0.42560733013972984,nan,0.644,nan,nan,nan,nan,nan,nan,nan,nan,nan,0.363214,nan,0.363214,nan,nan,nan,704.40625,ok,False,,,N,500,nan,True
runtime_synth__synthetic_n500_d1000_noise3.0__runtime_nscale__seed2__gmm_oracle,run_divi_runtime_synth.py,2026-03-25T08:48:10Z,unknown,x86_64,cpu,x86_64,synthetic,synthetic_n500_d1000_noise3.0,runtime_nscale,500,1000,3,0.01,0.99,3.0,20260826,2,gmm_oracle,nan,gmm_oracle,nan,nan,nan,,nan,nan,nan,nan,nan,nan,nan,3,0,nan,nan,[],0.3818278650225678,0.3986623445647697,nan,0.636,nan,nan,nan,nan,nan,nan,nan,nan,nan,1.929138,nan,1.929138,nan,nan,nan,704.40625,ok,False,,,N,500,nan,True
runtime_synth__synthetic_n500_d1000_noise3.0__runtime_nscale__seed2__spkm,run_divi_runtime_synth.py,2026-03-25T08:48:10Z,unknown,x86_64,cpu,x86_64,synthetic,synthetic_n500_d1000_noise3.0,runtime_nscale,500,1000,3,0.01,0.99,3.0,20260826,2,spkm,nan,spkm,nan,nan,nan,,nan,nan,nan,nan,nan,nan,nan,3,0,nan,nan,[],1.0,1.0,nan,1.0,471,0.471,nan,nan,nan,nan,nan,nan,nan,0.371724,nan,0.371724,nan,nan,nan,704.40625,ok,False,,,N,500,nan,True
runtime_synth__synthetic_n500_d1000_noise3.0__runtime_nscale__seed3__divi,run_divi_runtime_synth.py,2026-03-25T08:48:21Z,unknown,x86_64,cpu,x86_64,synthetic,synthetic_n500_d1000_noise3.0,runtime_nscale,500,1000,3,0.01,0.99,3.0,20260826,3,divi,1,divi,500.0,1.0,80,auto_entropy,1418.9385332046727,1.0,0.01,1.0,0.1,300,300,4,3,80,240,"[80, 160, 240]",0.6482742645445949,0.6967100644818497,nan,0.742,73,0.073,0.2806745767593384,0.24960410594940186,965888.125,936634.9375,29253.1875,941804.75,48.16676330566406,10.179379382999286,1.3421197039997423,8.803771910999785,0.02408089199980168,0.032090548999804014,0.029345906369999283,704.40625,ok,False,,,N,500,nan,True
runtime_synth__synthetic_n500_d1000_noise3.0__runtime_nscale__seed3__kmeans_oracle,run_divi_runtime_synth.py,2026-03-25T08:48:21Z,unknown,x86_64,cpu,x86_64,synthetic,synthetic_n500_d1000_noise3.0,runtime_nscale,500,1000,3,0.01,0.99,3.0,20260826,3,kmeans_oracle,nan,kmeans_oracle,nan,nan,nan,,nan,nan,nan,nan,nan,nan,nan,3,0,nan,nan,[],0.35946807991960905,0.4206258578144751,nan,0.608,nan,nan,nan,nan,nan,nan,nan,nan,nan,0.363464,nan,0.363464,nan,nan,nan,704.40625,ok,False,,,N,500,nan,True
runtime_synth__synthetic_n500_d1000_noise3.0__runtime_nscale__seed3__gmm_oracle,run_divi_runtime_synth.py,2026-03-25T08:48:23Z,unknown,x86_64,cpu,x86_64,synthetic,synthetic_n500_d1000_noise3.0,runtime_nscale,500,1000,3,0.01,0.99,3.0,20260826,3,gmm_oracle,nan,gmm_oracle,nan,nan,nan,,nan,nan,nan,nan,nan,nan,nan,3,0,nan,nan,[],0.3568041983441514,0.4057127914634659,nan,0.606,nan,nan,nan,nan,nan,nan,nan,nan,nan,2.075813,nan,2.075813,nan,nan,nan,704.40625,ok,False,,,N,500,nan,True
runtime_synth__synthetic_n500_d1000_noise3.0__runtime_nscale__seed3__spkm,run_divi_runtime_synth.py,2026-03-25T08:48:24Z,unknown,x86_64,cpu,x86_64,synthetic,synthetic_n500_d1000_noise3.0,runtime_nscale,500,1000,3,0.01,0.99,3.0,20260826,3,spkm,nan,spkm,nan,nan,nan,,nan,nan,nan,nan,nan,nan,nan,3,0,nan,nan,[],1.0,1.0,nan,1.0,471,0.471,nan,nan,nan,nan,nan,nan,nan,0.389648,nan,0.389648,nan,nan,nan,704.40625,ok,False,,,N,500,nan,True
runtime_synth__synthetic_n500_d1000_noise3.0__runtime_nscale__seed4__divi,run_divi_runtime_synth.py,2026-03-25T08:48:33Z,unknown,x86_64,cpu,x86_64,synthetic,synthetic_n500_d1000_noise3.0,runtime_nscale,500,1000,3,0.01,0.99,3.0,20260826,4,divi,1,divi,500.0,1.0,80,auto_entropy,1418.9385332046727,1.0,0.01,1.0,0.1,300,300,4,3,80,240,"[80, 160, 240]",0.7229713123746909,0.7619800033890214,nan,0.796,75,0.075,0.2815297245979309,0.25372281670570374,965740.6875,936855.0,28885.6875,941355.375,48.77058410644531,9.945990951999192,1.3081863040006283,8.602190280999821,0.02382498600127292,0.03409996300069906,0.028673967603332736,704.40625,ok,False,,,N,500,nan,True
runtime_synth__synthetic_n500_d1000_noise3.0__runtime_nscale__seed4__kmeans_oracle,run_divi_runtime_synth.py,2026-03-25T08:48:34Z,unknown,x86_64,cpu,x86_64,synthetic,synthetic_n500_d1000_noise3.0,runtime_nscale,500,1000,3,0.01,0.99,3.0,20260826,4,kmeans_oracle,nan,kmeans_oracle,nan,nan,nan,,nan,nan,nan,nan,nan,nan,nan,3,0,nan,nan,[],0.33560717378726174,0.35023062456312387,nan,0.604,nan,nan,nan,nan,nan,nan,nan,nan,nan,0.285001,nan,0.285001,nan,nan,nan,704.40625,ok,False,,,N,500,nan,True
runtime_synth__synthetic_n500_d1000_noise3.0__runtime_nscale__seed4__gmm_oracle,run_divi_runtime_synth.py,2026-03-25T08:48:36Z,unknown,x86_64,cpu,x86_64,synthetic,synthetic_n500_d1000_noise3.0,runtime_nscale,500,1000,3,0.01,0.99,3.0,20260826,4,gmm_oracle,nan,gmm_oracle,nan,nan,nan,,nan,nan,nan,nan,nan,nan,nan,3,0,nan,nan,[],0.33560717378726174,0.35023062456312387,nan,0.604,nan,nan,nan,nan,nan,nan,nan,nan,nan,2.223412,nan,2.223412,nan,nan,nan,704.40625,ok,False,,,N,500,nan,True
runtime_synth__synthetic_n500_d1000_noise3.0__runtime_nscale__seed4__spkm,run_divi_runtime_synth.py,2026-03-25T08:48:36Z,unknown,x86_64,cpu,x86_64,synthetic,synthetic_n500_d1000_noise3.0,runtime_nscale,500,1000,3,0.01,0.99,3.0,20260826,4,spkm,nan,spkm,nan,nan,nan,,nan,nan,nan,nan,nan,nan,nan,3,0,nan,nan,[],1.0,1.0,nan,1.0,471,0.471,nan,nan,nan,nan,nan,nan,nan,0.357701,nan,0.357701,nan,nan,nan,704.40625,ok,False,,,N,500,nan,True
runtime_synth__synthetic_n1000_d1000_noise3.0__runtime_nscale__seed0__divi,run_divi_runtime_synth.py,2026-03-25T08:48:56Z,unknown,x86_64,cpu,x86_64,synthetic,synthetic_n1000_d1000_noise3.0,runtime_nscale,1000,1000,3,0.01,0.99,3.0,20261326,0,divi,1,divi,1000.0,1.0,80,auto_entropy,1418.9385332046727,1.0,0.01,1.0,0.1,300,300,4,3,80,240,"[80, 160, 240]",0.8716462322294324,0.90161019952655,nan,0.863,26,0.026,0.2464456856250763,0.21817323565483093,1948626.0,1895962.5,52663.5,1906229.375,42.39667510986328,20.03353375200004,1.6665361920004216,18.30634050900062,0.05506366800000251,0.05850212099994678,0.06102113503000207,883.31640625,ok,False,,,N,1000,nan,True
runtime_synth__synthetic_n1000_d1000_noise3.0__runtime_nscale__seed0__kmeans_oracle,run_divi_runtime_synth.py,2026-03-25T08:48:57Z,unknown,x86_64,cpu,x86_64,synthetic,synthetic_n1000_d1000_noise3.0,runtime_nscale,1000,1000,3,0.01,0.99,3.0,20261326,0,kmeans_oracle,nan,kmeans_oracle,nan,nan,nan,,nan,nan,nan,nan,nan,nan,nan,3,0,nan,nan,[],0.5047385502161924,0.5067625964579401,nan,0.782,nan,nan,nan,nan,nan,nan,nan,nan,nan,0.374789,nan,0.374789,nan,nan,nan,883.31640625,ok,False,,,N,1000,nan,True
runtime_synth__synthetic_n1000_d1000_noise3.0__runtime_nscale__seed0__gmm_oracle,run_divi_runtime_synth.py,2026-03-25T08:49:00Z,unknown,x86_64,cpu,x86_64,synthetic,synthetic_n1000_d1000_noise3.0,runtime_nscale,1000,1000,3,0.01,0.99,3.0,20261326,0,gmm_oracle,nan,gmm_oracle,nan,nan,nan,,nan,nan,nan,nan,nan,nan,nan,3,0,nan,nan,[],0.5030198105093872,0.5807226216894823,nan,0.665,nan,nan,nan,nan,nan,nan,nan,nan,nan,3.436594,nan,3.436594,nan,nan,nan,883.31640625,ok,False,,,N,1000,nan,True
runtime_synth__synthetic_n1000_d1000_noise3.0__runtime_nscale__seed0__spkm,run_divi_runtime_synth.py,2026-03-25T08:49:02Z,unknown,x86_64,cpu,x86_64,synthetic,synthetic_n1000_d1000_noise3.0,runtime_nscale,1000,1000,3,0.01,0.99,3.0,20261326,0,spkm,nan,spkm,nan,nan,nan,,nan,nan,nan,nan,nan,nan,nan,3,0,nan,nan,[],0.9970015045323003,0.9938029489046497,nan,0.999,871,0.871,nan,nan,nan,nan,nan,nan,nan,1.499,nan,1.499,nan,nan,nan,883.31640625,ok,False,,,N,1000,nan,True
runtime_synth__synthetic_n1000_d1000_noise3.0__runtime_nscale__seed1__divi,run_divi_runtime_synth.py,2026-03-25T08:49:21Z,unknown,x86_64,cpu,x86_64,synthetic,synthetic_n1000_d1000_noise3.0,runtime_nscale,1000,1000,3,0.01,0.99,3.0,20261326,1,divi,1,divi,1000.0,1.0,80,auto_entropy,1418.9385332046727,1.0,0.01,1.0,0.1,300,300,4,3,80,240,"[80, 160, 240]",0.8685738772560065,0.9002961256072078,nan,0.849,28,0.028,0.2477620542049408,0.22118377685546875,1948754.75,1900294.5,48460.25,1905255.625,43.49918746948242,19.524848080000083,1.6496360239998467,17.811021147000247,0.05115445099909266,0.06190941400018346,0.05937007049000082,974.87109375,ok,False,,,N,1000,nan,True
runtime_synth__synthetic_n1000_d1000_noise3.0__runtime_nscale__seed1__kmeans_oracle,run_divi_runtime_synth.py,2026-03-25T08:49:22Z,unknown,x86_64,cpu,x86_64,synthetic,synthetic_n1000_d1000_noise3.0,runtime_nscale,1000,1000,3,0.01,0.99,3.0,20261326,1,kmeans_oracle,nan,kmeans_oracle,nan,nan,nan,,nan,nan,nan,nan,nan,nan,nan,3,0,nan,nan,[],0.5392122916434462,0.6106245133205501,nan,0.745,nan,nan,nan,nan,nan,nan,nan,nan,nan,0.313268,nan,0.313268,nan,nan,nan,974.87109375,ok,False,,,N,1000,nan,True
runtime_synth__synthetic_n1000_d1000_noise3.0__runtime_nscale__seed1__gmm_oracle,run_divi_runtime_synth.py,2026-03-25T08:49:24Z,unknown,x86_64,cpu,x86_64,synthetic,synthetic_n1000_d1000_noise3.0,runtime_nscale,1000,1000,3,0.01,0.99,3.0,20261326,1,gmm_oracle,nan,gmm_oracle,nan,nan,nan,,nan,nan,nan,nan,nan,nan,nan,3,0,nan,nan,[],0.36521384937122703,0.4375822988777034,nan,0.609,nan,nan,nan,nan,nan,nan,nan,nan,nan,2.3958909999999998,nan,2.3958909999999998,nan,nan,nan,974.87109375,ok,False,,,N,1000,nan,True
runtime_synth__synthetic_n1000_d1000_noise3.0__runtime_nscale__seed1__spkm,run_divi_runtime_synth.py,2026-03-25T08:49:25Z,unknown,x86_64,cpu,x86_64,synthetic,synthetic_n1000_d1000_noise3.0,runtime_nscale,1000,1000,3,0.01,0.99,3.0,20261326,1,spkm,nan,spkm,nan,nan,nan,,nan,nan,nan,nan,nan,nan,nan,3,0,nan,nan,[],0.9970015045323003,0.9938029489046497,nan,0.999,871,0.871,nan,nan,nan,nan,nan,nan,nan,1.237181,nan,1.237181,nan,nan,nan,974.87109375,ok,False,,,N,1000,nan,True
runtime_synth__synthetic_n1000_d1000_noise3.0__runtime_nscale__seed2__divi,run_divi_runtime_synth.py,2026-03-25T08:49:46Z,unknown,x86_64,cpu,x86_64,synthetic,synthetic_n1000_d1000_noise3.0,runtime_nscale,1000,1000,3,0.01,0.99,3.0,20261326,2,divi,1,divi,1000.0,1.0,80,auto_entropy,1418.9385332046727,1.0,0.01,1.0,0.1,300,300,4,3,80,240,"[80, 160, 240]",0.8803194108139746,0.8730971786967476,nan,0.917,29,0.029,0.2466016262769699,0.2193429172039032,1948689.0,1901924.5,46764.5,1906158.0,42.53105163574219,20.44429665899952,2.8045211099997687,17.57835737499954,0.05636736300039047,0.057078019000073255,0.0585945245833318,822.40625,ok,False,,,N,1000,nan,True
runtime_synth__synthetic_n1000_d1000_noise3.0__runtime_nscale__seed2__kmeans_oracle,run_divi_runtime_synth.py,2026-03-25T08:49:46Z,unknown,x86_64,cpu,x86_64,synthetic,synthetic_n1000_d1000_noise3.0,runtime_nscale,1000,1000,3,0.01,0.99,3.0,20261326,2,kmeans_oracle,nan,kmeans_oracle,nan,nan,nan,,nan,nan,nan,nan,nan,nan,nan,3,0,nan,nan,[],0.5492108536270206,0.5892692603622637,nan,0.782,nan,nan,nan,nan,nan,nan,nan,nan,nan,0.378344,nan,0.378344,nan,nan,nan,822.40625,ok,False,,,N,1000,nan,True
runtime_synth__synthetic_n1000_d1000_noise3.0__runtime_nscale__seed2__gmm_oracle,run_divi_runtime_synth.py,2026-03-25T08:49:49Z,unknown,x86_64,cpu,x86_64,synthetic,synthetic_n1000_d1000_noise3.0,runtime_nscale,1000,1000,3,0.01,0.99,3.0,20261326,2,gmm_oracle,nan,gmm_oracle,nan,nan,nan,,nan,nan,nan,nan,nan,nan,nan,3,0,nan,nan,[],0.5492108536270206,0.5892692603622637,nan,0.782,nan,nan,nan,nan,nan,nan,nan,nan,nan,2.456642,nan,2.456642,nan,nan,nan,822.40625,ok,False,,,N,1000,nan,True
runtime_synth__synthetic_n1000_d1000_noise3.0__runtime_nscale__seed2__spkm,run_divi_runtime_synth.py,2026-03-25T08:49:50Z,unknown,x86_64,cpu,x86_64,synthetic,synthetic_n1000_d1000_noise3.0,runtime_nscale,1000,1000,3,0.01,0.99,3.0,20261326,2,spkm,nan,spkm,nan,nan,nan,,nan,nan,nan,nan,nan,nan,nan,3,0,nan,nan,[],0.9970015045323003,0.9938029489046497,nan,0.999,871,0.871,nan,nan,nan,nan,nan,nan,nan,0.841051,nan,0.841051,nan,nan,nan,822.40625,ok,False,,,N,1000,nan,True
runtime_synth__synthetic_n1000_d1000_noise3.0__runtime_nscale__seed3__divi,run_divi_runtime_synth.py,2026-03-25T08:50:10Z,unknown,x86_64,cpu,x86_64,synthetic,synthetic_n1000_d1000_noise3.0,runtime_nscale,1000,1000,3,0.01,0.99,3.0,20261326,3,divi,1,divi,1000.0,1.0,80,auto_entropy,1418.9385332046727,1.0,0.01,1.0,0.1,300,300,4,3,80,240,"[80, 160, 240]",0.8581563973334415,0.8569111968417074,nan,0.901,27,0.027,0.24727214872837067,0.2196149230003357,1948957.125,1897350.375,51606.75,1905812.25,43.144866943359375,20.323753561000558,2.0185936899997614,18.23807556400061,0.051192857999922126,0.06453590599994641,0.06079358521333537,913.8359375,ok,False,,,N,1000,nan,True
runtime_synth__synthetic_n1000_d1000_noise3.0__runtime_nscale__seed3__kmeans_oracle,run_divi_runtime_synth.py,2026-03-25T08:50:10Z,unknown,x86_64,cpu,x86_64,synthetic,synthetic_n1000_d1000_noise3.0,runtime_nscale,1000,1000,3,0.01,0.99,3.0,20261326,3,kmeans_oracle,nan,kmeans_oracle,nan,nan,nan,,nan,nan,nan,nan,nan,nan,nan,3,0,nan,nan,[],0.4559902703571759,0.4583881690958237,nan,0.742,nan,nan,nan,nan,nan,nan,nan,nan,nan,0.386943,nan,0.386943,nan,nan,nan,913.8359375,ok,False,,,N,1000,nan,True
runtime_synth__synthetic_n1000_d1000_noise3.0__runtime_nscale__seed3__gmm_oracle,run_divi_runtime_synth.py,2026-03-25T08:50:13Z,unknown,x86_64,cpu,x86_64,synthetic,synthetic_n1000_d1000_noise3.0,runtime_nscale,1000,1000,3,0.01,0.99,3.0,20261326,3,gmm_oracle,nan,gmm_oracle,nan,nan,nan,,nan,nan,nan,nan,nan,nan,nan,3,0,nan,nan,[],0.4559902703571759,0.4583881690958237,nan,0.742,nan,nan,nan,nan,nan,nan,nan,nan,nan,2.451194,nan,2.451194,nan,nan,nan,913.8359375,ok,False,,,N,1000,nan,True
runtime_synth__synthetic_n1000_d1000_noise3.0__runtime_nscale__seed3__spkm,run_divi_runtime_synth.py,2026-03-25T08:50:14Z,unknown,x86_64,cpu,x86_64,synthetic,synthetic_n1000_d1000_noise3.0,runtime_nscale,1000,1000,3,0.01,0.99,3.0,20261326,3,spkm,nan,spkm,nan,nan,nan,,nan,nan,nan,nan,nan,nan,nan,3,0,nan,nan,[],0.9970015045323003,0.9938029489046497,nan,0.999,871,0.871,nan,nan,nan,nan,nan,nan,nan,0.835629,nan,0.835629,nan,nan,nan,913.8359375,ok,False,,,N,1000,nan,True
runtime_synth__synthetic_n1000_d1000_noise3.0__runtime_nscale__seed4__divi,run_divi_runtime_synth.py,2026-03-25T08:50:34Z,unknown,x86_64,cpu,x86_64,synthetic,synthetic_n1000_d1000_noise3.0,runtime_nscale,1000,1000,3,0.01,0.99,3.0,20261326,4,divi,1,divi,1000.0,1.0,80,auto_entropy,1418.9385332046727,1.0,0.01,1.0,0.1,300,300,4,3,80,240,"[80, 160, 240]",0.8565063513483918,0.8760055174629092,nan,0.865,30,0.03,0.24721437692642212,0.222298726439476,1948837.375,1897731.75,51105.625,1905849.875,42.9875602722168,19.96965948200068,1.6483810350000567,18.25610228700043,0.05272624099961831,0.06272000999979355,0.060853674290001436,929.09375,ok,False,,,N,1000,nan,True
runtime_synth__synthetic_n1000_d1000_noise3.0__runtime_nscale__seed4__kmeans_oracle,run_divi_runtime_synth.py,2026-03-25T08:50:34Z,unknown,x86_64,cpu,x86_64,synthetic,synthetic_n1000_d1000_noise3.0,runtime_nscale,1000,1000,3,0.01,0.99,3.0,20261326,4,kmeans_oracle,nan,kmeans_oracle,nan,nan,nan,,nan,nan,nan,nan,nan,nan,nan,3,0,nan,nan,[],0.474799623771041,0.5155519936685274,nan,0.676,nan,nan,nan,nan,nan,nan,nan,nan,nan,0.365343,nan,0.365343,nan,nan,nan,929.09375,ok,False,,,N,1000,nan,True
runtime_synth__synthetic_n1000_d1000_noise3.0__runtime_nscale__seed4__gmm_oracle,run_divi_runtime_synth.py,2026-03-25T08:50:36Z,unknown,x86_64,cpu,x86_64,synthetic,synthetic_n1000_d1000_noise3.0,runtime_nscale,1000,1000,3,0.01,0.99,3.0,20261326,4,gmm_oracle,nan,gmm_oracle,nan,nan,nan,,nan,nan,nan,nan,nan,nan,nan,3,0,nan,nan,[],0.411155095147203,0.4475083335028572,nan,0.635,nan,nan,nan,nan,nan,nan,nan,nan,nan,2.507709,nan,2.507709,nan,nan,nan,929.09375,ok,False,,,N,1000,nan,True
runtime_synth__synthetic_n1000_d1000_noise3.0__runtime_nscale__seed4__spkm,run_divi_runtime_synth.py,2026-03-25T08:50:37Z,unknown,x86_64,cpu,x86_64,synthetic,synthetic_n1000_d1000_noise3.0,runtime_nscale,1000,1000,3,0.01,0.99,3.0,20261326,4,spkm,nan,spkm,nan,nan,nan,,nan,nan,nan,nan,nan,nan,nan,3,0,nan,nan,[],0.9970015045323003,0.9938029489046497,nan,0.999,871,0.871,nan,nan,nan,nan,nan,nan,nan,0.869321,nan,0.869321,nan,nan,nan,929.09375,ok,False,,,N,1000,nan,True
runtime_synth__synthetic_n2000_d1000_noise3.0__runtime_nscale__seed0__divi,run_divi_runtime_synth.py,2026-03-25T08:51:19Z,unknown,x86_64,cpu,x86_64,synthetic,synthetic_n2000_d1000_noise3.0,runtime_nscale,2000,1000,3,0.01,0.99,3.0,20262326,0,divi,1,divi,2000.0,1.0,80,auto_entropy,1418.9385332046727,1.0,0.01,1.0,0.1,300,300,4,3,80,240,"[80, 160, 240]",0.8677734689592312,0.8997648710669712,nan,0.842,12,0.012,0.2102818638086319,0.18652194738388062,3931752.0,3847521.0,84231.0,3860535.25,35.60838317871094,41.53380319600001,2.7322358480005278,38.68299150300027,0.106929522999053,0.1141161479999937,0.1289433050100009,997.8828125,ok,False,,,N,2000,nan,True
runtime_synth__synthetic_n2000_d1000_noise3.0__runtime_nscale__seed0__kmeans_oracle,run_divi_runtime_synth.py,2026-03-25T08:51:20Z,unknown,x86_64,cpu,x86_64,synthetic,synthetic_n2000_d1000_noise3.0,runtime_nscale,2000,1000,3,0.01,0.99,3.0,20262326,0,kmeans_oracle,nan,kmeans_oracle,nan,nan,nan,,nan,nan,nan,nan,nan,nan,nan,3,0,nan,nan,[],0.7774628273783075,0.740752134390262,nan,0.918,nan,nan,nan,nan,nan,nan,nan,nan,nan,1.323667,nan,1.323667,nan,nan,nan,997.8828125,ok,False,,,N,2000,nan,True
runtime_synth__synthetic_n2000_d1000_noise3.0__runtime_nscale__seed0__gmm_oracle,run_divi_runtime_synth.py,2026-03-25T08:51:26Z,unknown,x86_64,cpu,x86_64,synthetic,synthetic_n2000_d1000_noise3.0,runtime_nscale,2000,1000,3,0.01,0.99,3.0,20262326,0,gmm_oracle,nan,gmm_oracle,nan,nan,nan,,nan,nan,nan,nan,nan,nan,nan,3,0,nan,nan,[],0.4015317914641378,0.45398275263716126,nan,0.6405,nan,nan,nan,nan,nan,nan,nan,nan,nan,5.576741,nan,5.576741,nan,nan,nan,997.8828125,ok,False,,,N,2000,nan,True
runtime_synth__synthetic_n2000_d1000_noise3.0__runtime_nscale__seed0__spkm,run_divi_runtime_synth.py,2026-03-25T08:51:28Z,unknown,x86_64,cpu,x86_64,synthetic,synthetic_n2000_d1000_noise3.0,runtime_nscale,2000,1000,3,0.01,0.99,3.0,20262326,0,spkm,nan,spkm,nan,nan,nan,,nan,nan,nan,nan,nan,nan,nan,3,0,nan,nan,[],0.998498874063205,0.9965853313238789,nan,0.9995,783,0.783,nan,nan,nan,nan,nan,nan,nan,1.919232,nan,1.919232,nan,nan,nan,997.8828125,ok,False,,,N,2000,nan,True
runtime_synth__synthetic_n2000_d1000_noise3.0__runtime_nscale__seed1__divi,run_divi_runtime_synth.py,2026-03-25T08:52:10Z,unknown,x86_64,cpu,x86_64,synthetic,synthetic_n2000_d1000_noise3.0,runtime_nscale,2000,1000,3,0.01,0.99,3.0,20262326,1,divi,1,divi,2000.0,1.0,80,auto_entropy,1418.9385332046727,1.0,0.01,1.0,0.1,300,300,4,3,80,240,"[80, 160, 240]",0.8674753872776316,0.8996291258956634,nan,0.8375,12,0.012,0.210932195186615,0.1870117485523224,3931948.75,3843375.25,88573.5,3859646.25,36.151309967041016,42.22637498599943,2.7016945229997873,39.39755556900036,0.10927252199962822,0.12256877500021801,0.1313251852300012,990.25390625,ok,False,,,N,2000,nan,True
runtime_synth__synthetic_n2000_d1000_noise3.0__runtime_nscale__seed1__kmeans_oracle,run_divi_runtime_synth.py,2026-03-25T08:52:11Z,unknown,x86_64,cpu,x86_64,synthetic,synthetic_n2000_d1000_noise3.0,runtime_nscale,2000,1000,3,0.01,0.99,3.0,20262326,1,kmeans_oracle,nan,kmeans_oracle,nan,nan,nan,,nan,nan,nan,nan,nan,nan,nan,3,0,nan,nan,[],0.8147045982477955,0.7673946172949966,nan,0.9335,nan,nan,nan,nan,nan,nan,nan,nan,nan,1.163425,nan,1.163425,nan,nan,nan,990.25390625,ok,False,,,N,2000,nan,True
runtime_synth__synthetic_n2000_d1000_noise3.0__runtime_nscale__seed1__gmm_oracle,run_divi_runtime_synth.py,2026-03-25T08:52:17Z,unknown,x86_64,cpu,x86_64,synthetic,synthetic_n2000_d1000_noise3.0,runtime_nscale,2000,1000,3,0.01,0.99,3.0,20262326,1,gmm_oracle,nan,gmm_oracle,nan,nan,nan,,nan,nan,nan,nan,nan,nan,nan,3,0,nan,nan,[],0.4861645265029315,0.5342664587950774,nan,0.711,nan,nan,nan,nan,nan,nan,nan,nan,nan,5.393285,nan,5.393285,nan,nan,nan,990.25390625,ok,False,,,N,2000,nan,True
runtime_synth__synthetic_n2000_d1000_noise3.0__runtime_nscale__seed1__spkm,run_divi_runtime_synth.py,2026-03-25T08:52:19Z,unknown,x86_64,cpu,x86_64,synthetic,synthetic_n2000_d1000_noise3.0,runtime_nscale,2000,1000,3,0.01,0.99,3.0,20262326,1,spkm,nan,spkm,nan,nan,nan,,nan,nan,nan,nan,nan,nan,nan,3,0,nan,nan,[],0.998498874063205,0.9965853313238789,nan,0.9995,783,0.783,nan,nan,nan,nan,nan,nan,nan,2.11084,nan,2.11084,nan,nan,nan,990.25390625,ok,False,,,N,2000,nan,True
runtime_synth__synthetic_n2000_d1000_noise3.0__runtime_nscale__seed2__divi,run_divi_runtime_synth.py,2026-03-25T08:53:00Z,unknown,x86_64,cpu,x86_64,synthetic,synthetic_n2000_d1000_noise3.0,runtime_nscale,2000,1000,3,0.01,0.99,3.0,20262326,2,divi,1,divi,2000.0,1.0,80,auto_entropy,1418.9385332046727,1.0,0.01,1.0,0.1,300,300,4,3,80,240,"[80, 160, 240]",0.8674627090445379,0.8990991390242099,nan,0.8375,10,0.01,0.21006035804748535,0.18858709931373596,3931576.75,3840801.0,90775.75,3860786.0,35.39532470703125,41.050155548000475,2.6840986369998063,38.196487579999484,0.1030194670011042,0.16537155599962716,0.12732162526666493,1051.2890625,ok,False,,,N,2000,nan,True
runtime_synth__synthetic_n2000_d1000_noise3.0__runtime_nscale__seed2__kmeans_oracle,run_divi_runtime_synth.py,2026-03-25T08:53:01Z,unknown,x86_64,cpu,x86_64,synthetic,synthetic_n2000_d1000_noise3.0,runtime_nscale,2000,1000,3,0.01,0.99,3.0,20262326,2,kmeans_oracle,nan,kmeans_oracle,nan,nan,nan,,nan,nan,nan,nan,nan,nan,nan,3,0,nan,nan,[],0.8730884133466918,0.8323260000876456,nan,0.9555,nan,nan,nan,nan,nan,nan,nan,nan,nan,1.247411,nan,1.247411,nan,nan,nan,1051.2890625,ok,False,,,N,2000,nan,True
runtime_synth__synthetic_n2000_d1000_noise3.0__runtime_nscale__seed2__gmm_oracle,run_divi_runtime_synth.py,2026-03-25T08:53:05Z,unknown,x86_64,cpu,x86_64,synthetic,synthetic_n2000_d1000_noise3.0,runtime_nscale,2000,1000,3,0.01,0.99,3.0,20262326,2,gmm_oracle,nan,gmm_oracle,nan,nan,nan,,nan,nan,nan,nan,nan,nan,nan,3,0,nan,nan,[],0.6694621933546656,0.6394405665244767,nan,0.871,nan,nan,nan,nan,nan,nan,nan,nan,nan,3.87439,nan,3.87439,nan,nan,nan,1051.2890625,ok,False,,,N,2000,nan,True
runtime_synth__synthetic_n2000_d1000_noise3.0__runtime_nscale__seed2__spkm,run_divi_runtime_synth.py,2026-03-25T08:53:08Z,unknown,x86_64,cpu,x86_64,synthetic,synthetic_n2000_d1000_noise3.0,runtime_nscale,2000,1000,3,0.01,0.99,3.0,20262326,2,spkm,nan,spkm,nan,nan,nan,,nan,nan,nan,nan,nan,nan,nan,3,0,nan,nan,[],0.998498874063205,0.9965853313238789,nan,0.9995,783,0.783,nan,nan,nan,nan,nan,nan,nan,2.967277,nan,2.967277,nan,nan,nan,1051.2890625,ok,False,,,N,2000,nan,True
runtime_synth__synthetic_n2000_d1000_noise3.0__runtime_nscale__seed3__divi,run_divi_runtime_synth.py,2026-03-25T08:53:49Z,unknown,x86_64,cpu,x86_64,synthetic,synthetic_n2000_d1000_noise3.0,runtime_nscale,2000,1000,3,0.01,0.99,3.0,20262326,3,divi,1,divi,2000.0,1.0,80,auto_entropy,1418.9385332046727,1.0,0.01,1.0,0.1,300,300,4,3,80,240,"[80, 160, 240]",0.8667376180283305,0.8968565031180705,nan,0.843,10,0.01,0.20945638418197632,0.1859322339296341,3931735.75,3850844.5,80891.25,3861659.25,35.038299560546875,41.115060783000445,3.1595793239994237,37.82184848700035,0.1259651970003688,0.12935905599988473,0.1260728282900012,1234.39453125,ok,False,,,N,2000,nan,True
runtime_synth__synthetic_n2000_d1000_noise3.0__runtime_nscale__seed3__kmeans_oracle,run_divi_runtime_synth.py,2026-03-25T08:53:50Z,unknown,x86_64,cpu,x86_64,synthetic,synthetic_n2000_d1000_noise3.0,runtime_nscale,2000,1000,3,0.01,0.99,3.0,20262326,3,kmeans_oracle,nan,kmeans_oracle,nan,nan,nan,,nan,nan,nan,nan,nan,nan,nan,3,0,nan,nan,[],0.8027641588005743,0.7701338207621181,nan,0.9285,nan,nan,nan,nan,nan,nan,nan,nan,nan,1.180657,nan,1.180657,nan,nan,nan,1234.39453125,ok,False,,,N,2000,nan,True
runtime_synth__synthetic_n2000_d1000_noise3.0__runtime_nscale__seed3__gmm_oracle,run_divi_runtime_synth.py,2026-03-25T08:53:54Z,unknown,x86_64,cpu,x86_64,synthetic,synthetic_n2000_d1000_noise3.0,runtime_nscale,2000,1000,3,0.01,0.99,3.0,20262326,3,gmm_oracle,nan,gmm_oracle,nan,nan,nan,,nan,nan,nan,nan,nan,nan,nan,3,0,nan,nan,[],0.4301080481909995,0.47144906591924224,nan,0.689,nan,nan,nan,nan,nan,nan,nan,nan,nan,3.872599,nan,3.872599,nan,nan,nan,1234.39453125,ok,False,,,N,2000,nan,True
runtime_synth__synthetic_n2000_d1000_noise3.0__runtime_nscale__seed3__spkm,run_divi_runtime_synth.py,2026-03-25T08:53:56Z,unknown,x86_64,cpu,x86_64,synthetic,synthetic_n2000_d1000_noise3.0,runtime_nscale,2000,1000,3,0.01,0.99,3.0,20262326,3,spkm,nan,spkm,nan,nan,nan,,nan,nan,nan,nan,nan,nan,nan,3,0,nan,nan,[],0.998498874063205,0.9965853313238789,nan,0.9995,783,0.783,nan,nan,nan,nan,nan,nan,nan,1.856047,nan,1.856047,nan,nan,nan,1234.39453125,ok,False,,,N,2000,nan,True
runtime_synth__synthetic_n2000_d1000_noise3.0__runtime_nscale__seed4__divi,run_divi_runtime_synth.py,2026-03-25T08:54:39Z,unknown,x86_64,cpu,x86_64,synthetic,synthetic_n2000_d1000_noise3.0,runtime_nscale,2000,1000,3,0.01,0.99,3.0,20262326,4,divi,1,divi,2000.0,1.0,80,auto_entropy,1418.9385332046727,1.0,0.01,1.0,0.1,300,300,4,3,80,240,"[80, 160, 240]",0.8744463820769158,0.9028482883692924,nan,0.871,10,0.01,0.21024905145168304,0.1894998550415039,3931514.5,3838533.5,92981.0,3860514.0,35.50029754638672,42.763812144999974,2.927988292000009,39.71579922299952,0.12331462599922816,0.11527937299979385,0.1323859974099984,1165.73046875,ok,False,,,N,2000,nan,True
runtime_synth__synthetic_n2000_d1000_noise3.0__runtime_nscale__seed4__kmeans_oracle,run_divi_runtime_synth.py,2026-03-25T08:54:41Z,unknown,x86_64,cpu,x86_64,synthetic,synthetic_n2000_d1000_noise3.0,runtime_nscale,2000,1000,3,0.01,0.99,3.0,20262326,4,kmeans_oracle,nan,kmeans_oracle,nan,nan,nan,,nan,nan,nan,nan,nan,nan,nan,3,0,nan,nan,[],0.734111038551505,0.7034659113485042,nan,0.8995,nan,nan,nan,nan,nan,nan,nan,nan,nan,1.490292,nan,1.490292,nan,nan,nan,1165.73046875,ok,False,,,N,2000,nan,True
runtime_synth__synthetic_n2000_d1000_noise3.0__runtime_nscale__seed4__gmm_oracle,run_divi_runtime_synth.py,2026-03-25T08:54:46Z,unknown,x86_64,cpu,x86_64,synthetic,synthetic_n2000_d1000_noise3.0,runtime_nscale,2000,1000,3,0.01,0.99,3.0,20262326,4,gmm_oracle,nan,gmm_oracle,nan,nan,nan,,nan,nan,nan,nan,nan,nan,nan,3,0,nan,nan,[],0.44655853248201083,0.4931315934393226,nan,0.664,nan,nan,nan,nan,nan,nan,nan,nan,nan,5.121399,nan,5.121399,nan,nan,nan,1165.73046875,ok,False,,,N,2000,nan,True
runtime_synth__synthetic_n2000_d1000_noise3.0__runtime_nscale__seed4__spkm,run_divi_runtime_synth.py,2026-03-25T08:54:48Z,unknown,x86_64,cpu,x86_64,synthetic,synthetic_n2000_d1000_noise3.0,runtime_nscale,2000,1000,3,0.01,0.99,3.0,20262326,4,spkm,nan,spkm,nan,nan,nan,,nan,nan,nan,nan,nan,nan,nan,3,0,nan,nan,[],0.998498874063205,0.9965853313238789,nan,0.9995,783,0.783,nan,nan,nan,nan,nan,nan,nan,2.018634,nan,2.018634,nan,nan,nan,1165.73046875,ok,False,,,N,2000,nan,True
runtime_synth__synthetic_n5000_d1000_noise3.0__runtime_nscale__seed0__divi,run_divi_runtime_synth.py,2026-03-25T08:57:40Z,unknown,x86_64,cpu,x86_64,synthetic,synthetic_n5000_d1000_noise3.0,runtime_nscale,5000,1000,3,0.01,0.99,3.0,20265326,0,divi,1,divi,5000.0,1.0,80,auto_entropy,1418.9385332046727,1.0,0.01,1.0,0.1,300,300,4,3,80,240,"[80, 160, 240]",0.8781776262821925,0.8994354527293633,nan,0.8842,10,0.01,0.1801842302083969,0.16267095506191254,9897041.0,9710338.0,186703.0,9751314.0,29.14548110961914,172.29211574800047,6.526286612999684,165.17544111999996,0.35594691300048,0.5803288879997126,0.5505848037333332,1165.73046875,ok,False,,,N,5000,nan,True
runtime_synth__synthetic_n5000_d1000_noise3.0__runtime_nscale__seed0__kmeans_oracle,run_divi_runtime_synth.py,2026-03-25T08:57:44Z,unknown,x86_64,cpu,x86_64,synthetic,synthetic_n5000_d1000_noise3.0,runtime_nscale,5000,1000,3,0.01,0.99,3.0,20265326,0,kmeans_oracle,nan,kmeans_oracle,nan,nan,nan,,nan,nan,nan,nan,nan,nan,nan,3,0,nan,nan,[],0.9773847107525755,0.9584443252453424,nan,0.9924,nan,nan,nan,nan,nan,nan,nan,nan,nan,3.485901,nan,3.485901,nan,nan,nan,1097.06640625,ok,False,,,N,5000,nan,True
runtime_synth__synthetic_n5000_d1000_noise3.0__runtime_nscale__seed0__gmm_oracle,run_divi_runtime_synth.py,2026-03-25T08:58:06Z,unknown,x86_64,cpu,x86_64,synthetic,synthetic_n5000_d1000_noise3.0,runtime_nscale,5000,1000,3,0.01,0.99,3.0,20265326,0,gmm_oracle,nan,gmm_oracle,nan,nan,nan,,nan,nan,nan,nan,nan,nan,nan,3,0,nan,nan,[],0.981519238915484,0.9648069572588794,nan,0.9938,nan,nan,nan,nan,nan,nan,nan,nan,nan,21.651285,nan,21.651285,nan,nan,nan,1097.06640625,ok,False,,,N,5000,nan,True
runtime_synth__synthetic_n5000_d1000_noise3.0__runtime_nscale__seed0__spkm,run_divi_runtime_synth.py,2026-03-25T08:58:12Z,unknown,x86_64,cpu,x86_64,synthetic,synthetic_n5000_d1000_noise3.0,runtime_nscale,5000,1000,3,0.01,0.99,3.0,20265326,0,spkm,nan,spkm,nan,nan,nan,,nan,nan,nan,nan,nan,nan,nan,3,0,nan,nan,[],0.9946081072363442,0.9878178584818714,nan,0.9982,571,0.571,nan,nan,nan,nan,nan,nan,nan,6.713697,nan,6.713697,nan,nan,nan,1097.06640625,ok,False,,,N,5000,nan,True
runtime_synth__synthetic_n5000_d1000_noise3.0__runtime_nscale__seed1__divi,run_divi_runtime_synth.py,2026-03-25T09:00:54Z,unknown,x86_64,cpu,x86_64,synthetic,synthetic_n5000_d1000_noise3.0,runtime_nscale,5000,1000,3,0.01,0.99,3.0,20265326,1,divi,1,divi,5000.0,1.0,80,auto_entropy,1418.9385332046727,1.0,0.01,1.0,0.1,300,300,4,3,80,240,"[80, 160, 240]",0.867654765692908,0.8970385233763651,nan,0.8536,10,0.01,0.18075086176395416,0.16288837790489197,9895796.0,9684350.0,211446.0,9748726.0,29.413986206054688,161.1452971509998,5.631478044999312,154.82310822599993,0.39176848999977665,0.6814020009996966,0.5160770274199997,1154.16015625,ok,False,,,N,5000,nan,True
runtime_synth__synthetic_n5000_d1000_noise3.0__runtime_nscale__seed1__kmeans_oracle,run_divi_runtime_synth.py,2026-03-25T09:00:58Z,unknown,x86_64,cpu,x86_64,synthetic,synthetic_n5000_d1000_noise3.0,runtime_nscale,5000,1000,3,0.01,0.99,3.0,20265326,1,kmeans_oracle,nan,kmeans_oracle,nan,nan,nan,,nan,nan,nan,nan,nan,nan,nan,3,0,nan,nan,[],0.980335094067997,0.9628417387815745,nan,0.9934,nan,nan,nan,nan,nan,nan,nan,nan,nan,3.904439,nan,3.904439,nan,nan,nan,1154.16015625,ok,False,,,N,5000,nan,True
runtime_synth__synthetic_n5000_d1000_noise3.0__runtime_nscale__seed1__gmm_oracle,run_divi_runtime_synth.py,2026-03-25T09:01:20Z,unknown,x86_64,cpu,x86_64,synthetic,synthetic_n5000_d1000_noise3.0,runtime_nscale,5000,1000,3,0.01,0.99,3.0,20265326,1,gmm_oracle,nan,gmm_oracle,nan,nan,nan,,nan,nan,nan,nan,nan,nan,nan,3,0,nan,nan,[],0.9756101360386173,0.9557765889178278,nan,0.9918,nan,nan,nan,nan,nan,nan,nan,nan,nan,22.5042,nan,22.5042,nan,nan,nan,1154.16015625,ok,False,,,N,5000,nan,True
runtime_synth__synthetic_n5000_d1000_noise3.0__runtime_nscale__seed1__spkm,run_divi_runtime_synth.py,2026-03-25T09:01:27Z,unknown,x86_64,cpu,x86_64,synthetic,synthetic_n5000_d1000_noise3.0,runtime_nscale,5000,1000,3,0.01,0.99,3.0,20265326,1,spkm,nan,spkm,nan,nan,nan,,nan,nan,nan,nan,nan,nan,nan,3,0,nan,nan,[],0.9946081072363442,0.9878178584818714,nan,0.9982,571,0.571,nan,nan,nan,nan,nan,nan,nan,6.764529,nan,6.764529,nan,nan,nan,1154.16015625,ok,False,,,N,5000,nan,True
runtime_synth__synthetic_n5000_d1000_noise3.0__runtime_nscale__seed2__divi,run_divi_runtime_synth.py,2026-03-25T09:04:11Z,unknown,x86_64,cpu,x86_64,synthetic,synthetic_n5000_d1000_noise3.0,runtime_nscale,5000,1000,3,0.01,0.99,3.0,20265326,2,divi,1,divi,5000.0,1.0,80,auto_entropy,1418.9385332046727,1.0,0.01,1.0,0.1,300,300,4,3,80,240,"[80, 160, 240]",0.8681422916534189,0.8972606389764849,nan,0.8558,10,0.01,0.17987844347953796,0.16101044416427612,9895956.0,9704108.0,191848.0,9751583.0,28.87469482421875,164.15680496200002,5.743161997999778,157.75165759100037,0.4527846090004459,0.6516453009999168,0.5258388586366679,1173.234375,ok,False,,,N,5000,nan,True
runtime_synth__synthetic_n5000_d1000_noise3.0__runtime_nscale__seed2__kmeans_oracle,run_divi_runtime_synth.py,2026-03-25T09:04:14Z,unknown,x86_64,cpu,x86_64,synthetic,synthetic_n5000_d1000_noise3.0,runtime_nscale,5000,1000,3,0.01,0.99,3.0,20265326,2,kmeans_oracle,nan,kmeans_oracle,nan,nan,nan,,nan,nan,nan,nan,nan,nan,nan,3,0,nan,nan,[],0.9821096399855207,0.9656983530175969,nan,0.994,nan,nan,nan,nan,nan,nan,nan,nan,nan,2.5070069999999998,nan,2.5070069999999998,nan,nan,nan,1173.234375,ok,False,,,N,5000,nan,True
runtime_synth__synthetic_n5000_d1000_noise3.0__runtime_nscale__seed2__gmm_oracle,run_divi_runtime_synth.py,2026-03-25T09:04:37Z,unknown,x86_64,cpu,x86_64,synthetic,synthetic_n5000_d1000_noise3.0,runtime_nscale,5000,1000,3,0.01,0.99,3.0,20265326,2,gmm_oracle,nan,gmm_oracle,nan,nan,nan,,nan,nan,nan,nan,nan,nan,nan,3,0,nan,nan,[],0.9756168966525669,0.9554767104601586,nan,0.9918,nan,nan,nan,nan,nan,nan,nan,nan,nan,23.648461,nan,23.648461,nan,nan,nan,1173.234375,ok,False,,,N,5000,nan,True
runtime_synth__synthetic_n5000_d1000_noise3.0__runtime_nscale__seed2__spkm,run_divi_runtime_synth.py,2026-03-25T09:04:43Z,unknown,x86_64,cpu,x86_64,synthetic,synthetic_n5000_d1000_noise3.0,runtime_nscale,5000,1000,3,0.01,0.99,3.0,20265326,2,spkm,nan,spkm,nan,nan,nan,,nan,nan,nan,nan,nan,nan,nan,3,0,nan,nan,[],0.9946081072363442,0.9878178584818714,nan,0.9982,571,0.571,nan,nan,nan,nan,nan,nan,nan,5.753115,nan,5.753115,nan,nan,nan,1173.234375,ok,False,,,N,5000,nan,True
runtime_synth__synthetic_n5000_d1000_noise3.0__runtime_nscale__seed3__divi,run_divi_runtime_synth.py,2026-03-25T09:07:31Z,unknown,x86_64,cpu,x86_64,synthetic,synthetic_n5000_d1000_noise3.0,runtime_nscale,5000,1000,3,0.01,0.99,3.0,20265326,3,divi,1,divi,5000.0,1.0,80,auto_entropy,1418.9385332046727,1.0,0.01,1.0,0.1,300,300,4,3,80,240,"[80, 160, 240]",0.8639999186678575,0.8926021448832319,nan,0.8344,10,0.01,0.17999835312366486,0.1594143658876419,9895810.0,9720845.0,174965.0,9751536.0,28.85470199584961,167.5961472480003,6.169548193000082,160.72295597099946,0.4988630079997165,0.6923913680002443,0.5357431865699982,1135.2109375,ok,False,,,N,5000,nan,True
runtime_synth__synthetic_n5000_d1000_noise3.0__runtime_nscale__seed3__kmeans_oracle,run_divi_runtime_synth.py,2026-03-25T09:07:33Z,unknown,x86_64,cpu,x86_64,synthetic,synthetic_n5000_d1000_noise3.0,runtime_nscale,5000,1000,3,0.01,0.99,3.0,20265326,3,kmeans_oracle,nan,kmeans_oracle,nan,nan,nan,,nan,nan,nan,nan,nan,nan,nan,3,0,nan,nan,[],0.9815236715844934,0.9653005389871075,nan,0.9938,nan,nan,nan,nan,nan,nan,nan,nan,nan,2.198784,nan,2.198784,nan,nan,nan,1135.2109375,ok,False,,,N,5000,nan,True
runtime_synth__synthetic_n5000_d1000_noise3.0__runtime_nscale__seed3__gmm_oracle,run_divi_runtime_synth.py,2026-03-25T09:07:57Z,unknown,x86_64,cpu,x86_64,synthetic,synthetic_n5000_d1000_noise3.0,runtime_nscale,5000,1000,3,0.01,0.99,3.0,20265326,3,gmm_oracle,nan,gmm_oracle,nan,nan,nan,,nan,nan,nan,nan,nan,nan,nan,3,0,nan,nan,[],0.9762108976597886,0.9570363910935543,nan,0.992,nan,nan,nan,nan,nan,nan,nan,nan,nan,23.836325,nan,23.836325,nan,nan,nan,1135.2109375,ok,False,,,N,5000,nan,True
runtime_synth__synthetic_n5000_d1000_noise3.0__runtime_nscale__seed3__spkm,run_divi_runtime_synth.py,2026-03-25T09:08:04Z,unknown,x86_64,cpu,x86_64,synthetic,synthetic_n5000_d1000_noise3.0,runtime_nscale,5000,1000,3,0.01,0.99,3.0,20265326,3,spkm,nan,spkm,nan,nan,nan,,nan,nan,nan,nan,nan,nan,nan,3,0,nan,nan,[],0.9946081072363442,0.9878178584818714,nan,0.9982,571,0.571,nan,nan,nan,nan,nan,nan,nan,6.789692,nan,6.789692,nan,nan,nan,1135.2109375,ok,False,,,N,5000,nan,True
runtime_synth__synthetic_n5000_d1000_noise3.0__runtime_nscale__seed4__divi,run_divi_runtime_synth.py,2026-03-25T09:10:43Z,unknown,x86_64,cpu,x86_64,synthetic,synthetic_n5000_d1000_noise3.0,runtime_nscale,5000,1000,3,0.01,0.99,3.0,20265326,4,divi,1,divi,5000.0,1.0,80,auto_entropy,1418.9385332046727,1.0,0.01,1.0,0.1,300,300,4,3,80,240,"[80, 160, 240]",0.9285634117468117,0.9142102125462194,nan,0.9506,10,0.01,0.18037743866443634,0.16186219453811646,9896898.0,9716531.0,180367.0,9751061.0,29.167449951171875,158.5703981380002,6.172439029000088,151.72381948099974,0.30261170100129675,0.6625584990006246,0.5057460649366657,941.2265625,ok,False,,,N,5000,nan,True
runtime_synth__synthetic_n5000_d1000_noise3.0__runtime_nscale__seed4__kmeans_oracle,run_divi_runtime_synth.py,2026-03-25T09:10:45Z,unknown,x86_64,cpu,x86_64,synthetic,synthetic_n5000_d1000_noise3.0,runtime_nscale,5000,1000,3,0.01,0.99,3.0,20265326,4,kmeans_oracle,nan,kmeans_oracle,nan,nan,nan,,nan,nan,nan,nan,nan,nan,nan,3,0,nan,nan,[],0.9809305636142881,0.9643814906249447,nan,0.9936,nan,nan,nan,nan,nan,nan,nan,nan,nan,2.20277,nan,2.20277,nan,nan,nan,941.2265625,ok,False,,,N,5000,nan,True
runtime_synth__synthetic_n5000_d1000_noise3.0__runtime_nscale__seed4__gmm_oracle,run_divi_runtime_synth.py,2026-03-25T09:11:09Z,unknown,x86_64,cpu,x86_64,synthetic,synthetic_n5000_d1000_noise3.0,runtime_nscale,5000,1000,3,0.01,0.99,3.0,20265326,4,gmm_oracle,nan,gmm_oracle,nan,nan,nan,,nan,nan,nan,nan,nan,nan,nan,3,0,nan,nan,[],0.9809261894450538,0.9640379094052256,nan,0.9936,nan,nan,nan,nan,nan,nan,nan,nan,nan,23.808794,nan,23.808794,nan,nan,nan,941.2265625,ok,False,,,N,5000,nan,True
runtime_synth__synthetic_n5000_d1000_noise3.0__runtime_nscale__seed4__spkm,run_divi_runtime_synth.py,2026-03-25T09:11:15Z,unknown,x86_64,cpu,x86_64,synthetic,synthetic_n5000_d1000_noise3.0,runtime_nscale,5000,1000,3,0.01,0.99,3.0,20265326,4,spkm,nan,spkm,nan,nan,nan,,nan,nan,nan,nan,nan,nan,nan,3,0,nan,nan,[],0.9946081072363442,0.9878178584818714,nan,0.9982,571,0.571,nan,nan,nan,nan,nan,nan,nan,6.080091,nan,6.080091,nan,nan,nan,941.2265625,ok,False,,,N,5000,nan,True
runtime_synth__synthetic_n1000_d100_noise3.0__runtime_dscale__seed0__divi,run_divi_runtime_synth.py,2026-03-25T09:32:53Z,unknown,x86_64,cpu,x86_64,synthetic,synthetic_n1000_d100_noise3.0,runtime_dscale,1000,100,3,0.1,0.9,3.0,20260425,0,divi,1,divi,1000.0,1.0,80,auto_entropy,141.89385332046726,1.0,0.01,1.0,0.1,300,300,4,3,80,240,"[80, 160, 240]",0.8790863947577888,0.9094849103554182,nan,0.879,10,0.1,0.28480473160743713,0.20451822876930237,187202.46875,179704.53125,7497.9375,183629.0625,3.573408365249634,3.832860349000839,0.1871559030005301,2.496771013999023,0.0068808130017714575,0.01035378300002776,0.00832257004666341,462.03515625,ok,False,,,D,100,nan,True
runtime_synth__synthetic_n1000_d100_noise3.0__runtime_dscale__seed0__kmeans_oracle,run_divi_runtime_synth.py,2026-03-25T09:32:53Z,unknown,x86_64,cpu,x86_64,synthetic,synthetic_n1000_d100_noise3.0,runtime_dscale,1000,100,3,0.1,0.9,3.0,20260425,0,kmeans_oracle,nan,kmeans_oracle,nan,nan,nan,,nan,nan,nan,nan,nan,nan,nan,3,0,nan,nan,[],1.0,1.0,nan,1.0,nan,nan,nan,nan,nan,nan,nan,nan,nan,0.055017,nan,0.055017,nan,nan,nan,462.37109375,ok,False,,,D,100,nan,True
runtime_synth__synthetic_n1000_d100_noise3.0__runtime_dscale__seed0__gmm_oracle,run_divi_runtime_synth.py,2026-03-25T09:32:54Z,unknown,x86_64,cpu,x86_64,synthetic,synthetic_n1000_d100_noise3.0,runtime_dscale,1000,100,3,0.1,0.9,3.0,20260425,0,gmm_oracle,nan,gmm_oracle,nan,nan,nan,,nan,nan,nan,nan,nan,nan,nan,3,0,nan,nan,[],1.0,1.0,nan,1.0,nan,nan,nan,nan,nan,nan,nan,nan,nan,0.463043,nan,0.463043,nan,nan,nan,464.15625,ok,False,,,D,100,nan,True
runtime_synth__synthetic_n1000_d100_noise3.0__runtime_dscale__seed0__spkm,run_divi_runtime_synth.py,2026-03-25T09:32:54Z,unknown,x86_64,cpu,x86_64,synthetic,synthetic_n1000_d100_noise3.0,runtime_dscale,1000,100,3,0.1,0.9,3.0,20260425,0,spkm,nan,spkm,nan,nan,nan,,nan,nan,nan,nan,nan,nan,nan,3,0,nan,nan,[],1.0,1.0,nan,1.0,95,0.95,nan,nan,nan,nan,nan,nan,nan,0.144248,nan,0.144248,nan,nan,nan,464.53125,ok,False,,,D,100,nan,True
runtime_synth__synthetic_n1000_d100_noise3.0__runtime_dscale__seed1__divi,run_divi_runtime_synth.py,2026-03-25T09:32:57Z,unknown,x86_64,cpu,x86_64,synthetic,synthetic_n1000_d100_noise3.0,runtime_dscale,1000,100,3,0.1,0.9,3.0,20260425,1,divi,1,divi,1000.0,1.0,80,auto_entropy,141.89385332046726,1.0,0.01,1.0,0.1,300,300,4,3,80,240,"[80, 160, 240]",0.8717912569048336,0.906079716572033,nan,0.858,10,0.1,0.2808740437030792,0.20185920596122742,187168.109375,177899.140625,9268.96875,183878.390625,3.2897229194641113,3.158796910000092,0.24354946600033145,2.9053169599992543,0.007470372998795938,0.008950483999797143,0.009684389866664181,464.93359375,ok,False,,,D,100,nan,True
runtime_synth__synthetic_n1000_d100_noise3.0__runtime_dscale__seed1__kmeans_oracle,run_divi_runtime_synth.py,2026-03-25T09:32:57Z,unknown,x86_64,cpu,x86_64,synthetic,synthetic_n1000_d100_noise3.0,runtime_dscale,1000,100,3,0.1,0.9,3.0,20260425,1,kmeans_oracle,nan,kmeans_oracle,nan,nan,nan,,nan,nan,nan,nan,nan,nan,nan,3,0,nan,nan,[],1.0,1.0,nan,1.0,nan,nan,nan,nan,nan,nan,nan,nan,nan,0.040014,nan,0.040014,nan,nan,nan,464.93359375,ok,False,,,D,100,nan,True
runtime_synth__synthetic_n1000_d100_noise3.0__runtime_dscale__seed1__gmm_oracle,run_divi_runtime_synth.py,2026-03-25T09:32:57Z,unknown,x86_64,cpu,x86_64,synthetic,synthetic_n1000_d100_noise3.0,runtime_dscale,1000,100,3,0.1,0.9,3.0,20260425,1,gmm_oracle,nan,gmm_oracle,nan,nan,nan,,nan,nan,nan,nan,nan,nan,nan,3,0,nan,nan,[],0.9970015045323003,0.9938029489046497,nan,0.999,nan,nan,nan,nan,nan,nan,nan,nan,nan,0.096445,nan,0.096445,nan,nan,nan,464.9375,ok,False,,,D,100,nan,True
runtime_synth__synthetic_n1000_d100_noise3.0__runtime_dscale__seed1__spkm,run_divi_runtime_synth.py,2026-03-25T09:32:58Z,unknown,x86_64,cpu,x86_64,synthetic,synthetic_n1000_d100_noise3.0,runtime_dscale,1000,100,3,0.1,0.9,3.0,20260425,1,spkm,nan,spkm,nan,nan,nan,,nan,nan,nan,nan,nan,nan,nan,3,0,nan,nan,[],1.0,1.0,nan,1.0,95,0.95,nan,nan,nan,nan,nan,nan,nan,0.115598,nan,0.115598,nan,nan,nan,464.9375,ok,False,,,D,100,nan,True
runtime_synth__synthetic_n1000_d100_noise3.0__runtime_dscale__seed2__divi,run_divi_runtime_synth.py,2026-03-25T09:33:00Z,unknown,x86_64,cpu,x86_64,synthetic,synthetic_n1000_d100_noise3.0,runtime_dscale,1000,100,3,0.1,0.9,3.0,20260425,2,divi,1,divi,1000.0,1.0,80,auto_entropy,141.89385332046726,1.0,0.01,1.0,0.1,300,300,4,3,80,240,"[80, 160, 240]",0.8829865582560039,0.911349518786087,nan,0.887,10,0.1,0.2850266396999359,0.2068149298429489,187234.5,178575.171875,8659.328125,183602.8125,3.631682872772217,2.61632020199977,0.16691588499998034,2.4419008439999743,0.006255176998820389,0.00666811900009634,0.008139669479999915,475.26953125,ok,False,,,D,100,nan,True
runtime_synth__synthetic_n1000_d100_noise3.0__runtime_dscale__seed2__kmeans_oracle,run_divi_runtime_synth.py,2026-03-25T09:33:00Z,unknown,x86_64,cpu,x86_64,synthetic,synthetic_n1000_d100_noise3.0,runtime_dscale,1000,100,3,0.1,0.9,3.0,20260425,2,kmeans_oracle,nan,kmeans_oracle,nan,nan,nan,,nan,nan,nan,nan,nan,nan,nan,3,0,nan,nan,[],1.0,1.0,nan,1.0,nan,nan,nan,nan,nan,nan,nan,nan,nan,0.044045,nan,0.044045,nan,nan,nan,475.2734375,ok,False,,,D,100,nan,True
runtime_synth__synthetic_n1000_d100_noise3.0__runtime_dscale__seed2__gmm_oracle,run_divi_runtime_synth.py,2026-03-25T09:33:00Z,unknown,x86_64,cpu,x86_64,synthetic,synthetic_n1000_d100_noise3.0,runtime_dscale,1000,100,3,0.1,0.9,3.0,20260425,2,gmm_oracle,nan,gmm_oracle,nan,nan,nan,,nan,nan,nan,nan,nan,nan,nan,3,0,nan,nan,[],1.0,1.0,nan,1.0,nan,nan,nan,nan,nan,nan,nan,nan,nan,0.098796,nan,0.098796,nan,nan,nan,475.2734375,ok,False,,,D,100,nan,True
runtime_synth__synthetic_n1000_d100_noise3.0__runtime_dscale__seed2__spkm,run_divi_runtime_synth.py,2026-03-25T09:33:00Z,unknown,x86_64,cpu,x86_64,synthetic,synthetic_n1000_d100_noise3.0,runtime_dscale,1000,100,3,0.1,0.9,3.0,20260425,2,spkm,nan,spkm,nan,nan,nan,,nan,nan,nan,nan,nan,nan,nan,3,0,nan,nan,[],1.0,1.0,nan,1.0,95,0.95,nan,nan,nan,nan,nan,nan,nan,0.1296,nan,0.1296,nan,nan,nan,475.2734375,ok,False,,,D,100,nan,True
runtime_synth__synthetic_n1000_d100_noise3.0__runtime_dscale__seed3__divi,run_divi_runtime_synth.py,2026-03-25T09:33:03Z,unknown,x86_64,cpu,x86_64,synthetic,synthetic_n1000_d100_noise3.0,runtime_dscale,1000,100,3,0.1,0.9,3.0,20260425,3,divi,1,divi,1000.0,1.0,80,auto_entropy,141.89385332046726,1.0,0.01,1.0,0.1,300,300,4,3,80,240,"[80, 160, 240]",0.869828316109374,0.9051810602393668,nan,0.848,10,0.1,0.28012406826019287,0.20178955793380737,187181.796875,175497.203125,11684.59375,183925.59375,3.2562038898468018,2.561743962000037,0.17422104500110436,2.3781059720004123,0.006230381000932539,0.00865544899897941,0.007927019906668041,478.21484375,ok,False,,,D,100,nan,True
runtime_synth__synthetic_n1000_d100_noise3.0__runtime_dscale__seed3__kmeans_oracle,run_divi_runtime_synth.py,2026-03-25T09:33:03Z,unknown,x86_64,cpu,x86_64,synthetic,synthetic_n1000_d100_noise3.0,runtime_dscale,1000,100,3,0.1,0.9,3.0,20260425,3,kmeans_oracle,nan,kmeans_oracle,nan,nan,nan,,nan,nan,nan,nan,nan,nan,nan,3,0,nan,nan,[],1.0,1.0,nan,1.0,nan,nan,nan,nan,nan,nan,nan,nan,nan,0.03483,nan,0.03483,nan,nan,nan,478.21484375,ok,False,,,D,100,nan,True
runtime_synth__synthetic_n1000_d100_noise3.0__runtime_dscale__seed3__gmm_oracle,run_divi_runtime_synth.py,2026-03-25T09:33:03Z,unknown,x86_64,cpu,x86_64,synthetic,synthetic_n1000_d100_noise3.0,runtime_dscale,1000,100,3,0.1,0.9,3.0,20260425,3,gmm_oracle,nan,gmm_oracle,nan,nan,nan,,nan,nan,nan,nan,nan,nan,nan,3,0,nan,nan,[],1.0,1.0,nan,1.0,nan,nan,nan,nan,nan,nan,nan,nan,nan,0.0613,nan,0.0613,nan,nan,nan,478.21484375,ok,False,,,D,100,nan,True
runtime_synth__synthetic_n1000_d100_noise3.0__runtime_dscale__seed3__spkm,run_divi_runtime_synth.py,2026-03-25T09:33:03Z,unknown,x86_64,cpu,x86_64,synthetic,synthetic_n1000_d100_noise3.0,runtime_dscale,1000,100,3,0.1,0.9,3.0,20260425,3,spkm,nan,spkm,nan,nan,nan,,nan,nan,nan,nan,nan,nan,nan,3,0,nan,nan,[],1.0,1.0,nan,1.0,95,0.95,nan,nan,nan,nan,nan,nan,nan,0.118022,nan,0.118022,nan,nan,nan,478.21484375,ok,False,,,D,100,nan,True
runtime_synth__synthetic_n1000_d100_noise3.0__runtime_dscale__seed4__divi,run_divi_runtime_synth.py,2026-03-25T09:33:06Z,unknown,x86_64,cpu,x86_64,synthetic,synthetic_n1000_d100_noise3.0,runtime_dscale,1000,100,3,0.1,0.9,3.0,20260425,4,divi,1,divi,1000.0,1.0,80,auto_entropy,141.89385332046726,1.0,0.01,1.0,0.1,300,300,4,3,80,240,"[80, 160, 240]",0.86968590675457,0.9051161454734877,nan,0.847,10,0.1,0.28146541118621826,0.19316202402114868,187226.015625,178759.140625,8466.875,183830.328125,3.3956851959228516,2.4372553039993363,0.15946423500099627,2.270447052998861,0.006552325998200104,0.00657240700093098,0.007568156843329538,475.29296875,ok,False,,,D,100,nan,True
runtime_synth__synthetic_n1000_d100_noise3.0__runtime_dscale__seed4__kmeans_oracle,run_divi_runtime_synth.py,2026-03-25T09:33:06Z,unknown,x86_64,cpu,x86_64,synthetic,synthetic_n1000_d100_noise3.0,runtime_dscale,1000,100,3,0.1,0.9,3.0,20260425,4,kmeans_oracle,nan,kmeans_oracle,nan,nan,nan,,nan,nan,nan,nan,nan,nan,nan,3,0,nan,nan,[],1.0,1.0,nan,1.0,nan,nan,nan,nan,nan,nan,nan,nan,nan,0.053665,nan,0.053665,nan,nan,nan,475.29296875,ok,False,,,D,100,nan,True
runtime_synth__synthetic_n1000_d100_noise3.0__runtime_dscale__seed4__gmm_oracle,run_divi_runtime_synth.py,2026-03-25T09:33:06Z,unknown,x86_64,cpu,x86_64,synthetic,synthetic_n1000_d100_noise3.0,runtime_dscale,1000,100,3,0.1,0.9,3.0,20260425,4,gmm_oracle,nan,gmm_oracle,nan,nan,nan,,nan,nan,nan,nan,nan,nan,nan,3,0,nan,nan,[],0.9970015045323003,0.9938029489046497,nan,0.999,nan,nan,nan,nan,nan,nan,nan,nan,nan,0.105463,nan,0.105463,nan,nan,nan,475.29296875,ok,False,,,D,100,nan,True
runtime_synth__synthetic_n1000_d100_noise3.0__runtime_dscale__seed4__spkm,run_divi_runtime_synth.py,2026-03-25T09:33:06Z,unknown,x86_64,cpu,x86_64,synthetic,synthetic_n1000_d100_noise3.0,runtime_dscale,1000,100,3,0.1,0.9,3.0,20260425,4,spkm,nan,spkm,nan,nan,nan,,nan,nan,nan,nan,nan,nan,nan,3,0,nan,nan,[],1.0,1.0,nan,1.0,95,0.95,nan,nan,nan,nan,nan,nan,nan,0.16256,nan,0.16256,nan,nan,nan,475.29296875,ok,False,,,D,100,nan,True
runtime_synth__synthetic_n1000_d500_noise3.0__runtime_dscale__seed0__divi,run_divi_runtime_synth.py,2026-03-25T09:33:19Z,unknown,x86_64,cpu,x86_64,synthetic,synthetic_n1000_d500_noise3.0,runtime_dscale,1000,500,3,0.02,0.98,3.0,20260825,0,divi,1,divi,1000.0,1.0,80,auto_entropy,709.4692666023363,1.0,0.01,1.0,0.1,300,300,4,3,80,240,"[80, 160, 240]",0.8678246112931919,0.8998556849854175,nan,0.844,15,0.03,0.24478524923324585,0.21513396501541138,971687.8125,940874.3125,30813.5,951060.5,20.627304077148438,12.662092803000633,1.4752698140000575,11.149695358999452,0.02785872100139386,0.035320719000083045,0.03716565119666484,556.9765625,ok,False,,,D,500,nan,True
runtime_synth__synthetic_n1000_d500_noise3.0__runtime_dscale__seed0__kmeans_oracle,run_divi_runtime_synth.py,2026-03-25T09:33:19Z,unknown,x86_64,cpu,x86_64,synthetic,synthetic_n1000_d500_noise3.0,runtime_dscale,1000,500,3,0.02,0.98,3.0,20260825,0,kmeans_oracle,nan,kmeans_oracle,nan,nan,nan,,nan,nan,nan,nan,nan,nan,nan,3,0,nan,nan,[],0.709732882357319,0.6855525018315312,nan,0.888,nan,nan,nan,nan,nan,nan,nan,nan,nan,0.377958,nan,0.377958,nan,nan,nan,556.984375,ok,False,,,D,500,nan,True
runtime_synth__synthetic_n1000_d500_noise3.0__runtime_dscale__seed0__gmm_oracle,run_divi_runtime_synth.py,2026-03-25T09:33:21Z,unknown,x86_64,cpu,x86_64,synthetic,synthetic_n1000_d500_noise3.0,runtime_dscale,1000,500,3,0.02,0.98,3.0,20260825,0,gmm_oracle,nan,gmm_oracle,nan,nan,nan,,nan,nan,nan,nan,nan,nan,nan,3,0,nan,nan,[],0.45309172759958166,0.4928627179348216,nan,0.701,nan,nan,nan,nan,nan,nan,nan,nan,nan,2.014883,nan,2.014883,nan,nan,nan,560.04296875,ok,False,,,D,500,nan,True
runtime_synth__synthetic_n1000_d500_noise3.0__runtime_dscale__seed0__spkm,run_divi_runtime_synth.py,2026-03-25T09:33:22Z,unknown,x86_64,cpu,x86_64,synthetic,synthetic_n1000_d500_noise3.0,runtime_dscale,1000,500,3,0.02,0.98,3.0,20260825,0,spkm,nan,spkm,nan,nan,nan,,nan,nan,nan,nan,nan,nan,nan,3,0,nan,nan,[],0.9940030000150241,0.9876059147486771,nan,0.998,448,0.896,nan,nan,nan,nan,nan,nan,nan,0.967027,nan,0.967027,nan,nan,nan,560.04296875,ok,False,,,D,500,nan,True
runtime_synth__synthetic_n1000_d500_noise3.0__runtime_dscale__seed1__divi,run_divi_runtime_synth.py,2026-03-25T09:33:34Z,unknown,x86_64,cpu,x86_64,synthetic,synthetic_n1000_d500_noise3.0,runtime_dscale,1000,500,3,0.02,0.98,3.0,20260825,1,divi,1,divi,1000.0,1.0,80,auto_entropy,709.4692666023363,1.0,0.01,1.0,0.1,300,300,4,3,80,240,"[80, 160, 240]",0.8640508301215161,0.8940427467024771,nan,0.834,15,0.03,0.24413393437862396,0.21167153120040894,971630.375,937627.5,34002.875,951244.3125,20.386056900024414,12.28903042300044,1.1320358639986807,11.117649023999547,0.02776188299867499,0.03761000799931935,0.03705883007999849,565.76953125,ok,False,,,D,500,nan,True
runtime_synth__synthetic_n1000_d500_noise3.0__runtime_dscale__seed1__kmeans_oracle,run_divi_runtime_synth.py,2026-03-25T09:33:35Z,unknown,x86_64,cpu,x86_64,synthetic,synthetic_n1000_d500_noise3.0,runtime_dscale,1000,500,3,0.02,0.98,3.0,20260825,1,kmeans_oracle,nan,kmeans_oracle,nan,nan,nan,,nan,nan,nan,nan,nan,nan,nan,3,0,nan,nan,[],0.87160084933864,0.8320242909069556,nan,0.955,nan,nan,nan,nan,nan,nan,nan,nan,nan,0.644973,nan,0.644973,nan,nan,nan,565.76953125,ok,False,,,D,500,nan,True
runtime_synth__synthetic_n1000_d500_noise3.0__runtime_dscale__seed1__gmm_oracle,run_divi_runtime_synth.py,2026-03-25T09:33:36Z,unknown,x86_64,cpu,x86_64,synthetic,synthetic_n1000_d500_noise3.0,runtime_dscale,1000,500,3,0.02,0.98,3.0,20260825,1,gmm_oracle,nan,gmm_oracle,nan,nan,nan,,nan,nan,nan,nan,nan,nan,nan,3,0,nan,nan,[],0.6824291541779783,0.664785091492741,nan,0.875,nan,nan,nan,nan,nan,nan,nan,nan,nan,1.107199,nan,1.107199,nan,nan,nan,565.7734375,ok,False,,,D,500,nan,True
runtime_synth__synthetic_n1000_d500_noise3.0__runtime_dscale__seed1__spkm,run_divi_runtime_synth.py,2026-03-25T09:33:37Z,unknown,x86_64,cpu,x86_64,synthetic,synthetic_n1000_d500_noise3.0,runtime_dscale,1000,500,3,0.02,0.98,3.0,20260825,1,spkm,nan,spkm,nan,nan,nan,,nan,nan,nan,nan,nan,nan,nan,3,0,nan,nan,[],0.9940030000150241,0.9876059147486771,nan,0.998,448,0.896,nan,nan,nan,nan,nan,nan,nan,0.47271,nan,0.47271,nan,nan,nan,565.7734375,ok,False,,,D,500,nan,True
runtime_synth__synthetic_n1000_d500_noise3.0__runtime_dscale__seed2__divi,run_divi_runtime_synth.py,2026-03-25T09:33:49Z,unknown,x86_64,cpu,x86_64,synthetic,synthetic_n1000_d500_noise3.0,runtime_dscale,1000,500,3,0.02,0.98,3.0,20260825,2,divi,1,divi,1000.0,1.0,80,auto_entropy,709.4692666023363,1.0,0.01,1.0,0.1,300,300,4,3,80,240,"[80, 160, 240]",0.8666411491860637,0.8952024365215505,nan,0.855,15,0.03,0.24427887797355652,0.21011172235012054,971719.0,946149.5625,25569.4375,951210.0,20.50899314880371,11.97179933299958,0.9678580029994919,10.96690111099997,0.029084629999488243,0.03539796400036721,0.03655633703666657,596.17578125,ok,False,,,D,500,nan,True
runtime_synth__synthetic_n1000_d500_noise3.0__runtime_dscale__seed2__kmeans_oracle,run_divi_runtime_synth.py,2026-03-25T09:33:49Z,unknown,x86_64,cpu,x86_64,synthetic,synthetic_n1000_d500_noise3.0,runtime_dscale,1000,500,3,0.02,0.98,3.0,20260825,2,kmeans_oracle,nan,kmeans_oracle,nan,nan,nan,,nan,nan,nan,nan,nan,nan,nan,3,0,nan,nan,[],0.8401601748262775,0.8009242838736389,nan,0.943,nan,nan,nan,nan,nan,nan,nan,nan,nan,0.267121,nan,0.267121,nan,nan,nan,596.17578125,ok,False,,,D,500,nan,True
runtime_synth__synthetic_n1000_d500_noise3.0__runtime_dscale__seed2__gmm_oracle,run_divi_runtime_synth.py,2026-03-25T09:33:50Z,unknown,x86_64,cpu,x86_64,synthetic,synthetic_n1000_d500_noise3.0,runtime_dscale,1000,500,3,0.02,0.98,3.0,20260825,2,gmm_oracle,nan,gmm_oracle,nan,nan,nan,,nan,nan,nan,nan,nan,nan,nan,3,0,nan,nan,[],0.7754519385661254,0.7359457908829382,nan,0.918,nan,nan,nan,nan,nan,nan,nan,nan,nan,0.875599,nan,0.875599,nan,nan,nan,596.1796875,ok,False,,,D,500,nan,True
runtime_synth__synthetic_n1000_d500_noise3.0__runtime_dscale__seed2__spkm,run_divi_runtime_synth.py,2026-03-25T09:33:50Z,unknown,x86_64,cpu,x86_64,synthetic,synthetic_n1000_d500_noise3.0,runtime_dscale,1000,500,3,0.02,0.98,3.0,20260825,2,spkm,nan,spkm,nan,nan,nan,,nan,nan,nan,nan,nan,nan,nan,3,0,nan,nan,[],0.9940030000150241,0.9876059147486771,nan,0.998,448,0.896,nan,nan,nan,nan,nan,nan,nan,0.492282,nan,0.492282,nan,nan,nan,596.1796875,ok,False,,,D,500,nan,True
runtime_synth__synthetic_n1000_d500_noise3.0__runtime_dscale__seed3__divi,run_divi_runtime_synth.py,2026-03-25T09:34:02Z,unknown,x86_64,cpu,x86_64,synthetic,synthetic_n1000_d500_noise3.0,runtime_dscale,1000,500,3,0.02,0.98,3.0,20260825,3,divi,1,divi,1000.0,1.0,80,auto_entropy,709.4692666023363,1.0,0.01,1.0,0.1,300,300,4,3,80,240,"[80, 160, 240]",0.8640508301215161,0.8940427467024771,nan,0.834,16,0.032,0.2449761927127838,0.21096959710121155,971703.0,942154.8125,29548.1875,950982.625,20.720388412475586,11.640493477998461,0.9530971570002293,10.65543400200113,0.03046075999918685,0.030384990001039114,0.035518113340003765,596.18359375,ok,False,,,D,500,nan,True
runtime_synth__synthetic_n1000_d500_noise3.0__runtime_dscale__seed3__kmeans_oracle,run_divi_runtime_synth.py,2026-03-25T09:34:02Z,unknown,x86_64,cpu,x86_64,synthetic,synthetic_n1000_d500_noise3.0,runtime_dscale,1000,500,3,0.02,0.98,3.0,20260825,3,kmeans_oracle,nan,kmeans_oracle,nan,nan,nan,,nan,nan,nan,nan,nan,nan,nan,3,0,nan,nan,[],0.767384186643999,0.7252442174390693,nan,0.914,nan,nan,nan,nan,nan,nan,nan,nan,nan,0.270743,nan,0.270743,nan,nan,nan,596.18359375,ok,False,,,D,500,nan,True
runtime_synth__synthetic_n1000_d500_noise3.0__runtime_dscale__seed3__gmm_oracle,run_divi_runtime_synth.py,2026-03-25T09:34:03Z,unknown,x86_64,cpu,x86_64,synthetic,synthetic_n1000_d500_noise3.0,runtime_dscale,1000,500,3,0.02,0.98,3.0,20260825,3,gmm_oracle,nan,gmm_oracle,nan,nan,nan,,nan,nan,nan,nan,nan,nan,nan,3,0,nan,nan,[],0.3877544359835218,0.4521799527962504,nan,0.629,nan,nan,nan,nan,nan,nan,nan,nan,nan,0.853523,nan,0.853523,nan,nan,nan,596.18359375,ok,False,,,D,500,nan,True
runtime_synth__synthetic_n1000_d500_noise3.0__runtime_dscale__seed3__spkm,run_divi_runtime_synth.py,2026-03-25T09:34:04Z,unknown,x86_64,cpu,x86_64,synthetic,synthetic_n1000_d500_noise3.0,runtime_dscale,1000,500,3,0.02,0.98,3.0,20260825,3,spkm,nan,spkm,nan,nan,nan,,nan,nan,nan,nan,nan,nan,nan,3,0,nan,nan,[],0.9940030000150241,0.9876059147486771,nan,0.998,448,0.896,nan,nan,nan,nan,nan,nan,nan,0.495622,nan,0.495622,nan,nan,nan,596.19140625,ok,False,,,D,500,nan,True
runtime_synth__synthetic_n1000_d500_noise3.0__runtime_dscale__seed4__divi,run_divi_runtime_synth.py,2026-03-25T09:34:15Z,unknown,x86_64,cpu,x86_64,synthetic,synthetic_n1000_d500_noise3.0,runtime_dscale,1000,500,3,0.02,0.98,3.0,20260825,4,divi,1,divi,1000.0,1.0,80,auto_entropy,709.4692666023363,1.0,0.01,1.0,0.1,300,300,4,3,80,240,"[80, 160, 240]",0.8739464360437226,0.8986307205353946,nan,0.876,14,0.028,0.24453788995742798,0.21264813840389252,971616.875,939961.75,31655.125,951114.75,20.50212287902832,11.467859403999682,0.9275365180001245,10.507933392998893,0.02726876899941999,0.030893175000528572,0.03502644464332964,574.1640625,ok,False,,,D,500,nan,True
runtime_synth__synthetic_n1000_d500_noise3.0__runtime_dscale__seed4__kmeans_oracle,run_divi_runtime_synth.py,2026-03-25T09:34:15Z,unknown,x86_64,cpu,x86_64,synthetic,synthetic_n1000_d500_noise3.0,runtime_dscale,1000,500,3,0.02,0.98,3.0,20260825,4,kmeans_oracle,nan,kmeans_oracle,nan,nan,nan,,nan,nan,nan,nan,nan,nan,nan,3,0,nan,nan,[],0.8530602557638053,0.812302608112427,nan,0.948,nan,nan,nan,nan,nan,nan,nan,nan,nan,0.228464,nan,0.228464,nan,nan,nan,574.1640625,ok,False,,,D,500,nan,True
runtime_synth__synthetic_n1000_d500_noise3.0__runtime_dscale__seed4__gmm_oracle,run_divi_runtime_synth.py,2026-03-25T09:34:16Z,unknown,x86_64,cpu,x86_64,synthetic,synthetic_n1000_d500_noise3.0,runtime_dscale,1000,500,3,0.02,0.98,3.0,20260825,4,gmm_oracle,nan,gmm_oracle,nan,nan,nan,,nan,nan,nan,nan,nan,nan,nan,3,0,nan,nan,[],0.7848791119385957,0.7483009946979001,nan,0.921,nan,nan,nan,nan,nan,nan,nan,nan,nan,1.035158,nan,1.035158,nan,nan,nan,574.1640625,ok,False,,,D,500,nan,True
runtime_synth__synthetic_n1000_d500_noise3.0__runtime_dscale__seed4__spkm,run_divi_runtime_synth.py,2026-03-25T09:34:17Z,unknown,x86_64,cpu,x86_64,synthetic,synthetic_n1000_d500_noise3.0,runtime_dscale,1000,500,3,0.02,0.98,3.0,20260825,4,spkm,nan,spkm,nan,nan,nan,,nan,nan,nan,nan,nan,nan,nan,3,0,nan,nan,[],0.9940030000150241,0.9876059147486771,nan,0.998,448,0.896,nan,nan,nan,nan,nan,nan,nan,0.501015,nan,0.501015,nan,nan,nan,574.1640625,ok,False,,,D,500,nan,True
runtime_synth__synthetic_n1000_d1000_noise3.0__runtime_dscale__seed0__divi,run_divi_runtime_synth.py,2026-03-25T09:34:41Z,unknown,x86_64,cpu,x86_64,synthetic,synthetic_n1000_d1000_noise3.0,runtime_dscale,1000,1000,3,0.01,0.99,3.0,20261325,0,divi,1,divi,1000.0,1.0,80,auto_entropy,1418.9385332046727,1.0,0.01,1.0,0.1,300,300,4,3,80,240,"[80, 160, 240]",0.8654356393371855,0.8946463063862121,nan,0.843,40,0.04,0.25405898690223694,0.22810330986976624,1945402.125,1894089.875,51312.25,1901187.375,44.2147331237793,24.341871863998676,1.722397618001196,22.501478881000367,0.06278425699929358,0.11572118699950806,0.07500492960333456,650.51953125,ok,False,,,D,1000,nan,True
runtime_synth__synthetic_n1000_d1000_noise3.0__runtime_dscale__seed0__kmeans_oracle,run_divi_runtime_synth.py,2026-03-25T09:34:42Z,unknown,x86_64,cpu,x86_64,synthetic,synthetic_n1000_d1000_noise3.0,runtime_dscale,1000,1000,3,0.01,0.99,3.0,20261325,0,kmeans_oracle,nan,kmeans_oracle,nan,nan,nan,,nan,nan,nan,nan,nan,nan,nan,3,0,nan,nan,[],0.44524753983739007,0.45403498505795215,nan,0.74,nan,nan,nan,nan,nan,nan,nan,nan,nan,0.39537,nan,0.39537,nan,nan,nan,650.51953125,ok,False,,,D,1000,nan,True
runtime_synth__synthetic_n1000_d1000_noise3.0__runtime_dscale__seed0__gmm_oracle,run_divi_runtime_synth.py,2026-03-25T09:34:44Z,unknown,x86_64,cpu,x86_64,synthetic,synthetic_n1000_d1000_noise3.0,runtime_dscale,1000,1000,3,0.01,0.99,3.0,20261325,0,gmm_oracle,nan,gmm_oracle,nan,nan,nan,,nan,nan,nan,nan,nan,nan,nan,3,0,nan,nan,[],0.3716063556371758,0.44723570154113695,nan,0.601,nan,nan,nan,nan,nan,nan,nan,nan,nan,2.551653,nan,2.551653,nan,nan,nan,652.95703125,ok,False,,,D,1000,nan,True
runtime_synth__synthetic_n1000_d1000_noise3.0__runtime_dscale__seed0__spkm,run_divi_runtime_synth.py,2026-03-25T09:34:45Z,unknown,x86_64,cpu,x86_64,synthetic,synthetic_n1000_d1000_noise3.0,runtime_dscale,1000,1000,3,0.01,0.99,3.0,20261325,0,spkm,nan,spkm,nan,nan,nan,,nan,nan,nan,nan,nan,nan,nan,3,0,nan,nan,[],0.9970015045323003,0.9938029489046497,nan,0.999,873,0.873,nan,nan,nan,nan,nan,nan,nan,0.82374,nan,0.82374,nan,nan,nan,652.95703125,ok,False,,,D,1000,nan,True
runtime_synth__synthetic_n1000_d1000_noise3.0__runtime_dscale__seed1__divi,run_divi_runtime_synth.py,2026-03-25T09:35:08Z,unknown,x86_64,cpu,x86_64,synthetic,synthetic_n1000_d1000_noise3.0,runtime_dscale,1000,1000,3,0.01,0.99,3.0,20261325,1,divi,1,divi,1000.0,1.0,80,auto_entropy,1418.9385332046727,1.0,0.01,1.0,0.1,300,300,4,3,80,240,"[80, 160, 240]",0.8630788936315316,0.890395272811926,nan,0.843,41,0.041,0.25450849533081055,0.22942954301834106,1945371.25,1892377.375,52993.875,1900914.5,44.45669174194336,22.836034023999673,1.7224618469990673,21.053804483999556,0.05163583799912885,0.057365769000170985,0.07017934827999853,805.41796875,ok,False,,,D,1000,nan,True
runtime_synth__synthetic_n1000_d1000_noise3.0__runtime_dscale__seed1__kmeans_oracle,run_divi_runtime_synth.py,2026-03-25T09:35:08Z,unknown,x86_64,cpu,x86_64,synthetic,synthetic_n1000_d1000_noise3.0,runtime_dscale,1000,1000,3,0.01,0.99,3.0,20261325,1,kmeans_oracle,nan,kmeans_oracle,nan,nan,nan,,nan,nan,nan,nan,nan,nan,nan,3,0,nan,nan,[],0.45525929293501605,0.4964204170726029,nan,0.678,nan,nan,nan,nan,nan,nan,nan,nan,nan,0.398588,nan,0.398588,nan,nan,nan,805.41796875,ok,False,,,D,1000,nan,True
runtime_synth__synthetic_n1000_d1000_noise3.0__runtime_dscale__seed1__gmm_oracle,run_divi_runtime_synth.py,2026-03-25T09:35:11Z,unknown,x86_64,cpu,x86_64,synthetic,synthetic_n1000_d1000_noise3.0,runtime_dscale,1000,1000,3,0.01,0.99,3.0,20261325,1,gmm_oracle,nan,gmm_oracle,nan,nan,nan,,nan,nan,nan,nan,nan,nan,nan,3,0,nan,nan,[],0.4462430264204144,0.4978516497120865,nan,0.664,nan,nan,nan,nan,nan,nan,nan,nan,nan,2.48075,nan,2.48075,nan,nan,nan,805.41796875,ok,False,,,D,1000,nan,True
runtime_synth__synthetic_n1000_d1000_noise3.0__runtime_dscale__seed1__spkm,run_divi_runtime_synth.py,2026-03-25T09:35:12Z,unknown,x86_64,cpu,x86_64,synthetic,synthetic_n1000_d1000_noise3.0,runtime_dscale,1000,1000,3,0.01,0.99,3.0,20261325,1,spkm,nan,spkm,nan,nan,nan,,nan,nan,nan,nan,nan,nan,nan,3,0,nan,nan,[],0.9970015045323003,0.9938029489046497,nan,0.999,873,0.873,nan,nan,nan,nan,nan,nan,nan,0.827927,nan,0.827927,nan,nan,nan,805.421875,ok,False,,,D,1000,nan,True
runtime_synth__synthetic_n1000_d1000_noise3.0__runtime_dscale__seed2__divi,run_divi_runtime_synth.py,2026-03-25T09:35:32Z,unknown,x86_64,cpu,x86_64,synthetic,synthetic_n1000_d1000_noise3.0,runtime_dscale,1000,1000,3,0.01,0.99,3.0,20261325,2,divi,1,divi,1000.0,1.0,80,auto_entropy,1418.9385332046727,1.0,0.01,1.0,0.1,300,300,4,3,80,240,"[80, 160, 240]",0.8632480773418789,0.8892660408344389,nan,0.843,37,0.037,0.25237444043159485,0.22806325554847717,1945203.75,1889422.75,55781.0,1902286.375,42.917396545410156,20.41563307799879,1.694534898000711,18.65312237299986,0.054795677000583964,0.0654568139998446,0.0621770745766662,771.2265625,ok,False,,,D,1000,nan,True
runtime_synth__synthetic_n1000_d1000_noise3.0__runtime_dscale__seed2__kmeans_oracle,run_divi_runtime_synth.py,2026-03-25T09:35:33Z,unknown,x86_64,cpu,x86_64,synthetic,synthetic_n1000_d1000_noise3.0,runtime_dscale,1000,1000,3,0.01,0.99,3.0,20261325,2,kmeans_oracle,nan,kmeans_oracle,nan,nan,nan,,nan,nan,nan,nan,nan,nan,nan,3,0,nan,nan,[],0.41050369754460747,0.44387835585477253,nan,0.698,nan,nan,nan,nan,nan,nan,nan,nan,nan,0.444115,nan,0.444115,nan,nan,nan,771.2265625,ok,False,,,D,1000,nan,True
runtime_synth__synthetic_n1000_d1000_noise3.0__runtime_dscale__seed2__gmm_oracle,run_divi_runtime_synth.py,2026-03-25T09:35:35Z,unknown,x86_64,cpu,x86_64,synthetic,synthetic_n1000_d1000_noise3.0,runtime_dscale,1000,1000,3,0.01,0.99,3.0,20261325,2,gmm_oracle,nan,gmm_oracle,nan,nan,nan,,nan,nan,nan,nan,nan,nan,nan,3,0,nan,nan,[],0.40051136792412545,0.4461571061524615,nan,0.652,nan,nan,nan,nan,nan,nan,nan,nan,nan,2.607302,nan,2.607302,nan,nan,nan,771.2265625,ok,False,,,D,1000,nan,True
runtime_synth__synthetic_n1000_d1000_noise3.0__runtime_dscale__seed2__spkm,run_divi_runtime_synth.py,2026-03-25T09:35:36Z,unknown,x86_64,cpu,x86_64,synthetic,synthetic_n1000_d1000_noise3.0,runtime_dscale,1000,1000,3,0.01,0.99,3.0,20261325,2,spkm,nan,spkm,nan,nan,nan,,nan,nan,nan,nan,nan,nan,nan,3,0,nan,nan,[],0.9970015045323003,0.9938029489046497,nan,0.999,873,0.873,nan,nan,nan,nan,nan,nan,nan,0.840724,nan,0.840724,nan,nan,nan,771.2265625,ok,False,,,D,1000,nan,True
runtime_synth__synthetic_n1000_d1000_noise3.0__runtime_dscale__seed3__divi,run_divi_runtime_synth.py,2026-03-25T09:35:57Z,unknown,x86_64,cpu,x86_64,synthetic,synthetic_n1000_d1000_noise3.0,runtime_dscale,1000,1000,3,0.01,0.99,3.0,20261325,3,divi,1,divi,1000.0,1.0,80,auto_entropy,1418.9385332046727,1.0,0.01,1.0,0.1,300,300,4,3,80,240,"[80, 160, 240]",0.8661373299770324,0.8847893035866942,nan,0.871,39,0.039,0.2534260153770447,0.225983664393425,1945535.875,1894870.0,50665.875,1901808.0,43.72792053222656,21.009836700999585,1.7630394309999247,19.1299066699994,0.05441861799954495,0.11419308699987596,0.06376635556666467,786.5,ok,False,,,D,1000,nan,True
runtime_synth__synthetic_n1000_d1000_noise3.0__runtime_dscale__seed3__kmeans_oracle,run_divi_runtime_synth.py,2026-03-25T09:35:58Z,unknown,x86_64,cpu,x86_64,synthetic,synthetic_n1000_d1000_noise3.0,runtime_dscale,1000,1000,3,0.01,0.99,3.0,20261325,3,kmeans_oracle,nan,kmeans_oracle,nan,nan,nan,,nan,nan,nan,nan,nan,nan,nan,3,0,nan,nan,[],0.4282686561963897,0.4608724480029592,nan,0.694,nan,nan,nan,nan,nan,nan,nan,nan,nan,0.448813,nan,0.448813,nan,nan,nan,786.5,ok,False,,,D,1000,nan,True
runtime_synth__synthetic_n1000_d1000_noise3.0__runtime_dscale__seed3__gmm_oracle,run_divi_runtime_synth.py,2026-03-25T09:36:00Z,unknown,x86_64,cpu,x86_64,synthetic,synthetic_n1000_d1000_noise3.0,runtime_dscale,1000,1000,3,0.01,0.99,3.0,20261325,3,gmm_oracle,nan,gmm_oracle,nan,nan,nan,,nan,nan,nan,nan,nan,nan,nan,3,0,nan,nan,[],0.4321396868574484,0.4629086004925288,nan,0.671,nan,nan,nan,nan,nan,nan,nan,nan,nan,2.61458,nan,2.61458,nan,nan,nan,786.5,ok,False,,,D,1000,nan,True
runtime_synth__synthetic_n1000_d1000_noise3.0__runtime_dscale__seed3__spkm,run_divi_runtime_synth.py,2026-03-25T09:36:01Z,unknown,x86_64,cpu,x86_64,synthetic,synthetic_n1000_d1000_noise3.0,runtime_dscale,1000,1000,3,0.01,0.99,3.0,20261325,3,spkm,nan,spkm,nan,nan,nan,,nan,nan,nan,nan,nan,nan,nan,3,0,nan,nan,[],0.9970015045323003,0.9938029489046497,nan,0.999,873,0.873,nan,nan,nan,nan,nan,nan,nan,0.918122,nan,0.918122,nan,nan,nan,786.5,ok,False,,,D,1000,nan,True
runtime_synth__synthetic_n1000_d1000_noise3.0__runtime_dscale__seed4__divi,run_divi_runtime_synth.py,2026-03-25T09:36:23Z,unknown,x86_64,cpu,x86_64,synthetic,synthetic_n1000_d1000_noise3.0,runtime_dscale,1000,1000,3,0.01,0.99,3.0,20261325,4,divi,1,divi,1000.0,1.0,80,auto_entropy,1418.9385332046727,1.0,0.01,1.0,0.1,300,300,4,3,80,240,"[80, 160, 240]",0.8421748747196006,0.8635504915132793,nan,0.83,38,0.038,0.2543398141860962,0.22538085281848907,1945678.375,1891616.625,54061.75,1901311.125,44.367244720458984,21.97795735499858,2.1912697709994973,19.720375703000173,0.05761974099914369,0.06376789299974917,0.06573458567666725,816.90234375,ok,False,,,D,1000,nan,True
runtime_synth__synthetic_n1000_d1000_noise3.0__runtime_dscale__seed4__kmeans_oracle,run_divi_runtime_synth.py,2026-03-25T09:36:24Z,unknown,x86_64,cpu,x86_64,synthetic,synthetic_n1000_d1000_noise3.0,runtime_dscale,1000,1000,3,0.01,0.99,3.0,20261325,4,kmeans_oracle,nan,kmeans_oracle,nan,nan,nan,,nan,nan,nan,nan,nan,nan,nan,3,0,nan,nan,[],0.4369131472345216,0.4808987767564827,nan,0.643,nan,nan,nan,nan,nan,nan,nan,nan,nan,0.389964,nan,0.389964,nan,nan,nan,816.90234375,ok,False,,,D,1000,nan,True
runtime_synth__synthetic_n1000_d1000_noise3.0__runtime_dscale__seed4__gmm_oracle,run_divi_runtime_synth.py,2026-03-25T09:36:26Z,unknown,x86_64,cpu,x86_64,synthetic,synthetic_n1000_d1000_noise3.0,runtime_dscale,1000,1000,3,0.01,0.99,3.0,20261325,4,gmm_oracle,nan,gmm_oracle,nan,nan,nan,,nan,nan,nan,nan,nan,nan,nan,3,0,nan,nan,[],0.3677442788379523,0.4407994556695497,nan,0.616,nan,nan,nan,nan,nan,nan,nan,nan,nan,2.428407,nan,2.428407,nan,nan,nan,816.90234375,ok,False,,,D,1000,nan,True
runtime_synth__synthetic_n1000_d1000_noise3.0__runtime_dscale__seed4__spkm,run_divi_runtime_synth.py,2026-03-25T09:36:27Z,unknown,x86_64,cpu,x86_64,synthetic,synthetic_n1000_d1000_noise3.0,runtime_dscale,1000,1000,3,0.01,0.99,3.0,20261325,4,spkm,nan,spkm,nan,nan,nan,,nan,nan,nan,nan,nan,nan,nan,3,0,nan,nan,[],0.9970015045323003,0.9938029489046497,nan,0.999,873,0.873,nan,nan,nan,nan,nan,nan,nan,0.923082,nan,0.923082,nan,nan,nan,816.90234375,ok,False,,,D,1000,nan,True
runtime_synth__synthetic_n1000_d2000_noise3.0__runtime_dscale__seed0__divi,run_divi_runtime_synth.py,2026-03-25T09:37:15Z,unknown,x86_64,cpu,x86_64,synthetic,synthetic_n1000_d2000_noise3.0,runtime_dscale,1000,2000,3,0.005,0.995,3.0,20262325,0,divi,1,divi,1000.0,1.0,80,auto_entropy,2837.8770664093454,1.0,0.01,1.0,0.1,300,300,4,3,80,240,"[80, 160, 240]",0.3648834606410615,0.48060152682381607,nan,0.558,70,0.035,0.2501315474510193,0.22470779716968536,3903484.25,3807885.25,95599.0,3814278.75,89.20550537109375,47.644613480999396,3.568975854999735,43.9364231189993,0.10291091100043559,0.13398381299884932,0.14645474372999767,992.5390625,ok,False,,,D,2000,nan,True
runtime_synth__synthetic_n1000_d2000_noise3.0__runtime_dscale__seed0__kmeans_oracle,run_divi_runtime_synth.py,2026-03-25T09:37:16Z,unknown,x86_64,cpu,x86_64,synthetic,synthetic_n1000_d2000_noise3.0,runtime_dscale,1000,2000,3,0.005,0.995,3.0,20262325,0,kmeans_oracle,nan,kmeans_oracle,nan,nan,nan,,nan,nan,nan,nan,nan,nan,nan,3,0,nan,nan,[],0.3780248232240663,0.4168475391886709,nan,0.654,nan,nan,nan,nan,nan,nan,nan,nan,nan,1.155637,nan,1.155637,nan,nan,nan,931.5234375,ok,False,,,D,2000,nan,True
runtime_synth__synthetic_n1000_d2000_noise3.0__runtime_dscale__seed0__gmm_oracle,run_divi_runtime_synth.py,2026-03-25T09:37:28Z,unknown,x86_64,cpu,x86_64,synthetic,synthetic_n1000_d2000_noise3.0,runtime_dscale,1000,2000,3,0.005,0.995,3.0,20262325,0,gmm_oracle,nan,gmm_oracle,nan,nan,nan,,nan,nan,nan,nan,nan,nan,nan,3,0,nan,nan,[],0.3780248232240663,0.4168475391886709,nan,0.654,nan,nan,nan,nan,nan,nan,nan,nan,nan,11.956057,nan,11.956057,nan,nan,nan,936.26953125,ok,False,,,D,2000,nan,True
runtime_synth__synthetic_n1000_d2000_noise3.0__runtime_dscale__seed0__spkm,run_divi_runtime_synth.py,2026-03-25T09:37:30Z,unknown,x86_64,cpu,x86_64,synthetic,synthetic_n1000_d2000_noise3.0,runtime_dscale,1000,2000,3,0.005,0.995,3.0,20262325,0,spkm,nan,spkm,nan,nan,nan,,nan,nan,nan,nan,nan,nan,nan,3,0,nan,nan,[],0.9970015045323003,0.9938029489046497,nan,0.999,834,0.417,nan,nan,nan,nan,nan,nan,nan,1.881839,nan,1.881839,nan,nan,nan,936.26953125,ok,False,,,D,2000,nan,True
runtime_synth__synthetic_n1000_d2000_noise3.0__runtime_dscale__seed1__divi,run_divi_runtime_synth.py,2026-03-25T09:38:10Z,unknown,x86_64,cpu,x86_64,synthetic,synthetic_n1000_d2000_noise3.0,runtime_dscale,1000,2000,3,0.005,0.995,3.0,20262325,1,divi,1,divi,1000.0,1.0,80,auto_entropy,2837.8770664093454,1.0,0.01,1.0,0.1,300,300,4,3,80,240,"[80, 160, 240]",0.4319023182340527,0.5110443015114278,nan,0.663,67,0.0335,0.2501847445964813,0.22317099571228027,3903697.5,3806022.75,97674.75,3814310.0,89.38756561279297,39.6768309379986,4.870825042000433,34.678659246999814,0.1087637380023807,0.12303434599925822,0.11559553082333271,837.08984375,ok,False,,,D,2000,nan,True
runtime_synth__synthetic_n1000_d2000_noise3.0__runtime_dscale__seed1__kmeans_oracle,run_divi_runtime_synth.py,2026-03-25T09:38:12Z,unknown,x86_64,cpu,x86_64,synthetic,synthetic_n1000_d2000_noise3.0,runtime_dscale,1000,2000,3,0.005,0.995,3.0,20262325,1,kmeans_oracle,nan,kmeans_oracle,nan,nan,nan,,nan,nan,nan,nan,nan,nan,nan,3,0,nan,nan,[],0.3540902077465151,0.3643754008759563,nan,0.62,nan,nan,nan,nan,nan,nan,nan,nan,nan,2.309448,nan,2.309448,nan,nan,nan,837.21484375,ok,False,,,D,2000,nan,True
runtime_synth__synthetic_n1000_d2000_noise3.0__runtime_dscale__seed1__gmm_oracle,run_divi_runtime_synth.py,2026-03-25T09:38:23Z,unknown,x86_64,cpu,x86_64,synthetic,synthetic_n1000_d2000_noise3.0,runtime_dscale,1000,2000,3,0.005,0.995,3.0,20262325,1,gmm_oracle,nan,gmm_oracle,nan,nan,nan,,nan,nan,nan,nan,nan,nan,nan,3,0,nan,nan,[],0.3357626803367899,0.3560759490402342,nan,0.619,nan,nan,nan,nan,nan,nan,nan,nan,nan,10.93624,nan,10.93624,nan,nan,nan,837.21484375,ok,False,,,D,2000,nan,True
runtime_synth__synthetic_n1000_d2000_noise3.0__runtime_dscale__seed1__spkm,run_divi_runtime_synth.py,2026-03-25T09:38:26Z,unknown,x86_64,cpu,x86_64,synthetic,synthetic_n1000_d2000_noise3.0,runtime_dscale,1000,2000,3,0.005,0.995,3.0,20262325,1,spkm,nan,spkm,nan,nan,nan,,nan,nan,nan,nan,nan,nan,nan,3,0,nan,nan,[],0.9970015045323003,0.9938029489046497,nan,0.999,834,0.417,nan,nan,nan,nan,nan,nan,nan,3.2506399999999998,nan,3.2506399999999998,nan,nan,nan,837.21484375,ok,False,,,D,2000,nan,True
runtime_synth__synthetic_n1000_d2000_noise3.0__runtime_dscale__seed2__divi,run_divi_runtime_synth.py,2026-03-25T09:39:08Z,unknown,x86_64,cpu,x86_64,synthetic,synthetic_n1000_d2000_noise3.0,runtime_dscale,1000,2000,3,0.005,0.995,3.0,20262325,2,divi,1,divi,1000.0,1.0,80,auto_entropy,2837.8770664093454,1.0,0.01,1.0,0.1,300,300,4,3,80,240,"[80, 160, 240]",0.8208883276796728,0.8413515068234446,nan,0.833,65,0.0325,0.24927319586277008,0.22388215363025665,3901789.75,3811422.0,90367.75,3813859.0,87.9306869506836,42.109784391001085,3.6595711709996976,38.27248637400044,0.10048622799877194,0.17341359199963335,0.12757495458000145,1096.6328125,ok,False,,,D,2000,nan,True
runtime_synth__synthetic_n1000_d2000_noise3.0__runtime_dscale__seed2__kmeans_oracle,run_divi_runtime_synth.py,2026-03-25T09:39:09Z,unknown,x86_64,cpu,x86_64,synthetic,synthetic_n1000_d2000_noise3.0,runtime_dscale,1000,2000,3,0.005,0.995,3.0,20262325,2,kmeans_oracle,nan,kmeans_oracle,nan,nan,nan,,nan,nan,nan,nan,nan,nan,nan,3,0,nan,nan,[],0.3418697982799202,0.40108764785784035,nan,0.557,nan,nan,nan,nan,nan,nan,nan,nan,nan,0.92279,nan,0.92279,nan,nan,nan,1096.6328125,ok,False,,,D,2000,nan,True
runtime_synth__synthetic_n1000_d2000_noise3.0__runtime_dscale__seed2__gmm_oracle,run_divi_runtime_synth.py,2026-03-25T09:39:21Z,unknown,x86_64,cpu,x86_64,synthetic,synthetic_n1000_d2000_noise3.0,runtime_dscale,1000,2000,3,0.005,0.995,3.0,20262325,2,gmm_oracle,nan,gmm_oracle,nan,nan,nan,,nan,nan,nan,nan,nan,nan,nan,3,0,nan,nan,[],0.38572977971716715,0.40187123948476755,nan,0.628,nan,nan,nan,nan,nan,nan,nan,nan,nan,12.125095,nan,12.125095,nan,nan,nan,1096.6328125,ok,False,,,D,2000,nan,True
runtime_synth__synthetic_n1000_d2000_noise3.0__runtime_dscale__seed2__spkm,run_divi_runtime_synth.py,2026-03-25T09:39:23Z,unknown,x86_64,cpu,x86_64,synthetic,synthetic_n1000_d2000_noise3.0,runtime_dscale,1000,2000,3,0.005,0.995,3.0,20262325,2,spkm,nan,spkm,nan,nan,nan,,nan,nan,nan,nan,nan,nan,nan,3,0,nan,nan,[],0.9970015045323003,0.9938029489046497,nan,0.999,834,0.417,nan,nan,nan,nan,nan,nan,nan,1.6994310000000001,nan,1.6994310000000001,nan,nan,nan,1096.6328125,ok,False,,,D,2000,nan,True
runtime_synth__synthetic_n1000_d2000_noise3.0__runtime_dscale__seed3__divi,run_divi_runtime_synth.py,2026-03-25T09:40:03Z,unknown,x86_64,cpu,x86_64,synthetic,synthetic_n1000_d2000_noise3.0,runtime_dscale,1000,2000,3,0.005,0.995,3.0,20262325,3,divi,1,divi,1000.0,1.0,80,auto_entropy,2837.8770664093454,1.0,0.01,1.0,0.1,300,300,4,3,80,240,"[80, 160, 240]",0.7180697634709182,0.7513691348201769,nan,0.798,68,0.034,0.24978536367416382,0.22403758764266968,3902396.0,3809719.75,92676.25,3813686.0,88.71007537841797,39.902347137000106,3.4748962829999073,36.2975685399997,0.10519716899761988,0.12521303900030034,0.12099189513333233,1127.03125,ok,False,,,D,2000,nan,True
runtime_synth__synthetic_n1000_d2000_noise3.0__runtime_dscale__seed3__kmeans_oracle,run_divi_runtime_synth.py,2026-03-25T09:40:04Z,unknown,x86_64,cpu,x86_64,synthetic,synthetic_n1000_d2000_noise3.0,runtime_dscale,1000,2000,3,0.005,0.995,3.0,20262325,3,kmeans_oracle,nan,kmeans_oracle,nan,nan,nan,,nan,nan,nan,nan,nan,nan,nan,3,0,nan,nan,[],0.36888592252060387,0.39675507330892945,nan,0.654,nan,nan,nan,nan,nan,nan,nan,nan,nan,0.952723,nan,0.952723,nan,nan,nan,1127.03125,ok,False,,,D,2000,nan,True
runtime_synth__synthetic_n1000_d2000_noise3.0__runtime_dscale__seed3__gmm_oracle,run_divi_runtime_synth.py,2026-03-25T09:40:16Z,unknown,x86_64,cpu,x86_64,synthetic,synthetic_n1000_d2000_noise3.0,runtime_dscale,1000,2000,3,0.005,0.995,3.0,20262325,3,gmm_oracle,nan,gmm_oracle,nan,nan,nan,,nan,nan,nan,nan,nan,nan,nan,3,0,nan,nan,[],0.4084505172440754,0.42628945822931724,nan,0.658,nan,nan,nan,nan,nan,nan,nan,nan,nan,12.325324,nan,12.325324,nan,nan,nan,1127.03125,ok,False,,,D,2000,nan,True
runtime_synth__synthetic_n1000_d2000_noise3.0__runtime_dscale__seed3__spkm,run_divi_runtime_synth.py,2026-03-25T09:40:18Z,unknown,x86_64,cpu,x86_64,synthetic,synthetic_n1000_d2000_noise3.0,runtime_dscale,1000,2000,3,0.005,0.995,3.0,20262325,3,spkm,nan,spkm,nan,nan,nan,,nan,nan,nan,nan,nan,nan,nan,3,0,nan,nan,[],0.9970015045323003,0.9938029489046497,nan,0.999,834,0.417,nan,nan,nan,nan,nan,nan,nan,1.704807,nan,1.704807,nan,nan,nan,1127.03125,ok,False,,,D,2000,nan,True
runtime_synth__synthetic_n1000_d2000_noise3.0__runtime_dscale__seed4__divi,run_divi_runtime_synth.py,2026-03-25T09:40:56Z,unknown,x86_64,cpu,x86_64,synthetic,synthetic_n1000_d2000_noise3.0,runtime_dscale,1000,2000,3,0.005,0.995,3.0,20262325,4,divi,1,divi,1000.0,1.0,80,auto_entropy,2837.8770664093454,1.0,0.01,1.0,0.1,300,300,4,3,80,240,"[80, 160, 240]",0.7362133427013928,0.7712202544971435,nan,0.799,73,0.0365,0.24900293350219727,0.22318178415298462,3902125.75,3807545.5,94580.25,3814451.75,87.67388153076172,37.80400381999971,3.6261151830003655,34.063070751999476,0.09906417499951203,0.11059170499902393,0.11354356917333158,1066.1171875,ok,False,,,D,2000,nan,True
runtime_synth__synthetic_n1000_d2000_noise3.0__runtime_dscale__seed4__kmeans_oracle,run_divi_runtime_synth.py,2026-03-25T09:40:57Z,unknown,x86_64,cpu,x86_64,synthetic,synthetic_n1000_d2000_noise3.0,runtime_dscale,1000,2000,3,0.005,0.995,3.0,20262325,4,kmeans_oracle,nan,kmeans_oracle,nan,nan,nan,,nan,nan,nan,nan,nan,nan,nan,3,0,nan,nan,[],0.3470959120370289,0.401287002512242,nan,0.584,nan,nan,nan,nan,nan,nan,nan,nan,nan,1.082222,nan,1.082222,nan,nan,nan,1066.12109375,ok,False,,,D,2000,nan,True
runtime_synth__synthetic_n1000_d2000_noise3.0__runtime_dscale__seed4__gmm_oracle,run_divi_runtime_synth.py,2026-03-25T09:41:09Z,unknown,x86_64,cpu,x86_64,synthetic,synthetic_n1000_d2000_noise3.0,runtime_dscale,1000,2000,3,0.005,0.995,3.0,20262325,4,gmm_oracle,nan,gmm_oracle,nan,nan,nan,,nan,nan,nan,nan,nan,nan,nan,3,0,nan,nan,[],0.3470959120370289,0.401287002512242,nan,0.584,nan,nan,nan,nan,nan,nan,nan,nan,nan,12.13904,nan,12.13904,nan,nan,nan,1066.12109375,ok,False,,,D,2000,nan,True
runtime_synth__synthetic_n1000_d2000_noise3.0__runtime_dscale__seed4__spkm,run_divi_runtime_synth.py,2026-03-25T09:41:11Z,unknown,x86_64,cpu,x86_64,synthetic,synthetic_n1000_d2000_noise3.0,runtime_dscale,1000,2000,3,0.005,0.995,3.0,20262325,4,spkm,nan,spkm,nan,nan,nan,,nan,nan,nan,nan,nan,nan,nan,3,0,nan,nan,[],0.9970015045323003,0.9938029489046497,nan,0.999,834,0.417,nan,nan,nan,nan,nan,nan,nan,1.761592,nan,1.761592,nan,nan,nan,1066.12109375,ok,False,,,D,2000,nan,True
runtime_synth__synthetic_n1000_d5000_noise3.0__runtime_dscale__seed0__divi,run_divi_runtime_synth.py,2026-03-25T09:43:58Z,unknown,x86_64,cpu,x86_64,synthetic,synthetic_n1000_d5000_noise3.0,runtime_dscale,1000,5000,3,0.002,0.998,3.0,20265325,0,divi,1,divi,1000.0,1.0,80,auto_entropy,7094.692666023363,1.0,0.01,1.0,0.1,300,300,4,3,80,240,"[80, 160, 240]",0.0036793023344123123,0.0066141956819774665,nan,0.366,2345,0.469,0.46997880935668945,0.47993582487106323,9103683.0,8678853.0,424830.0,8822110.0,281.57257080078125,166.69663883799876,8.384407794001163,157.8121843780009,0.4695754650001618,0.4909197059987491,0.5260406145933363,997.5625,ok,False,,,D,5000,nan,True
runtime_synth__synthetic_n1000_d5000_noise3.0__runtime_dscale__seed0__kmeans_oracle,run_divi_runtime_synth.py,2026-03-25T09:43:59Z,unknown,x86_64,cpu,x86_64,synthetic,synthetic_n1000_d5000_noise3.0,runtime_dscale,1000,5000,3,0.002,0.998,3.0,20265325,0,kmeans_oracle,nan,kmeans_oracle,nan,nan,nan,,nan,nan,nan,nan,nan,nan,nan,3,0,nan,nan,[],0.022537814664677948,0.01982923115430939,nan,0.404,nan,nan,nan,nan,nan,nan,nan,nan,nan,0.935939,nan,0.935939,nan,nan,nan,997.5625,ok,False,,,D,5000,nan,True
runtime_synth__synthetic_n1000_d5000_noise3.0__runtime_dscale__seed0__gmm_oracle,run_divi_runtime_synth.py,2026-03-25T09:45:45Z,unknown,x86_64,cpu,x86_64,synthetic,synthetic_n1000_d5000_noise3.0,runtime_dscale,1000,5000,3,0.002,0.998,3.0,20265325,0,gmm_oracle,nan,gmm_oracle,nan,nan,nan,,nan,nan,nan,nan,nan,nan,nan,3,0,nan,nan,[],0.00027606501617159025,0.0035358839653075328,nan,0.348,nan,nan,nan,nan,nan,nan,nan,nan,nan,106.482476,nan,106.482476,nan,nan,nan,1011.70703125,ok,False,,,D,5000,nan,True
runtime_synth__synthetic_n1000_d5000_noise3.0__runtime_dscale__seed0__spkm,run_divi_runtime_synth.py,2026-03-25T09:45:50Z,unknown,x86_64,cpu,x86_64,synthetic,synthetic_n1000_d5000_noise3.0,runtime_dscale,1000,5000,3,0.002,0.998,3.0,20265325,0,spkm,nan,spkm,nan,nan,nan,,nan,nan,nan,nan,nan,nan,nan,3,0,nan,nan,[],0.9940120180601143,0.9876086482064032,nan,0.998,884,0.1768,nan,nan,nan,nan,nan,nan,nan,4.241386,nan,4.241386,nan,nan,nan,1011.70703125,ok,False,,,D,5000,nan,True
runtime_synth__synthetic_n1000_d5000_noise3.0__runtime_dscale__seed1__divi,run_divi_runtime_synth.py,2026-03-25T09:48:35Z,unknown,x86_64,cpu,x86_64,synthetic,synthetic_n1000_d5000_noise3.0,runtime_dscale,1000,5000,3,0.002,0.998,3.0,20265325,1,divi,1,divi,1000.0,1.0,80,auto_entropy,7094.692666023363,1.0,0.01,1.0,0.1,300,300,4,3,80,240,"[80, 160, 240]",0.020362236620813472,0.02076934892525102,nan,0.403,2338,0.4676,0.4700702130794525,0.4810125231742859,9103835.0,8692556.0,411279.0,8821728.0,282.10711669921875,165.25424828099858,8.197243721000632,156.32709428499948,0.514037991000805,0.718117827000242,0.5210903142833316,1001.703125,ok,False,,,D,5000,nan,True
runtime_synth__synthetic_n1000_d5000_noise3.0__runtime_dscale__seed1__kmeans_oracle,run_divi_runtime_synth.py,2026-03-25T09:48:36Z,unknown,x86_64,cpu,x86_64,synthetic,synthetic_n1000_d5000_noise3.0,runtime_dscale,1000,5000,3,0.002,0.998,3.0,20265325,1,kmeans_oracle,nan,kmeans_oracle,nan,nan,nan,,nan,nan,nan,nan,nan,nan,nan,3,0,nan,nan,[],0.007132929092924909,0.007758604169586278,nan,0.385,nan,nan,nan,nan,nan,nan,nan,nan,nan,0.885944,nan,0.885944,nan,nan,nan,1001.703125,ok,False,,,D,5000,nan,True
runtime_synth__synthetic_n1000_d5000_noise3.0__runtime_dscale__seed1__gmm_oracle,run_divi_runtime_synth.py,2026-03-25T09:50:21Z,unknown,x86_64,cpu,x86_64,synthetic,synthetic_n1000_d5000_noise3.0,runtime_dscale,1000,5000,3,0.002,0.998,3.0,20265325,1,gmm_oracle,nan,gmm_oracle,nan,nan,nan,,nan,nan,nan,nan,nan,nan,nan,3,0,nan,nan,[],0.001529830892235221,0.0034876840507061745,nan,0.367,nan,nan,nan,nan,nan,nan,nan,nan,nan,105.029287,nan,105.029287,nan,nan,nan,1001.703125,ok,False,,,D,5000,nan,True
runtime_synth__synthetic_n1000_d5000_noise3.0__runtime_dscale__seed1__spkm,run_divi_runtime_synth.py,2026-03-25T09:50:25Z,unknown,x86_64,cpu,x86_64,synthetic,synthetic_n1000_d5000_noise3.0,runtime_dscale,1000,5000,3,0.002,0.998,3.0,20265325,1,spkm,nan,spkm,nan,nan,nan,,nan,nan,nan,nan,nan,nan,nan,3,0,nan,nan,[],0.9940120180601143,0.9876086482064032,nan,0.998,884,0.1768,nan,nan,nan,nan,nan,nan,nan,4.132038,nan,4.132038,nan,nan,nan,1001.70703125,ok,False,,,D,5000,nan,True
runtime_synth__synthetic_n1000_d5000_noise3.0__runtime_dscale__seed2__divi,run_divi_runtime_synth.py,2026-03-25T09:53:10Z,unknown,x86_64,cpu,x86_64,synthetic,synthetic_n1000_d5000_noise3.0,runtime_dscale,1000,5000,3,0.002,0.998,3.0,20265325,2,divi,1,divi,1000.0,1.0,80,auto_entropy,7094.692666023363,1.0,0.01,1.0,0.1,300,300,4,3,80,240,"[80, 160, 240]",0.05412348913104425,0.05065836905022097,nan,0.448,2330,0.466,0.4696812629699707,0.47714123129844666,9103380.0,8688861.0,414519.0,8822572.0,280.80755615234375,164.67536574100086,8.142071874999601,156.02143075299864,0.290392727998551,0.5009911010001815,0.5200714358433288,1039.7265625,ok,False,,,D,5000,nan,True
runtime_synth__synthetic_n1000_d5000_noise3.0__runtime_dscale__seed2__kmeans_oracle,run_divi_runtime_synth.py,2026-03-25T09:53:11Z,unknown,x86_64,cpu,x86_64,synthetic,synthetic_n1000_d5000_noise3.0,runtime_dscale,1000,5000,3,0.002,0.998,3.0,20265325,2,kmeans_oracle,nan,kmeans_oracle,nan,nan,nan,,nan,nan,nan,nan,nan,nan,nan,3,0,nan,nan,[],0.006841812090670341,0.00730961905300185,nan,0.376,nan,nan,nan,nan,nan,nan,nan,nan,nan,0.975188,nan,0.975188,nan,nan,nan,1039.7265625,ok,False,,,D,5000,nan,True
runtime_synth__synthetic_n1000_d5000_noise3.0__runtime_dscale__seed2__gmm_oracle,run_divi_runtime_synth.py,2026-03-25T09:54:54Z,unknown,x86_64,cpu,x86_64,synthetic,synthetic_n1000_d5000_noise3.0,runtime_dscale,1000,5000,3,0.002,0.998,3.0,20265325,2,gmm_oracle,nan,gmm_oracle,nan,nan,nan,,nan,nan,nan,nan,nan,nan,nan,3,0,nan,nan,[],0.004217187145219214,0.008781190423340416,nan,0.367,nan,nan,nan,nan,nan,nan,nan,nan,nan,102.568009,nan,102.568009,nan,nan,nan,1039.7265625,ok,False,,,D,5000,nan,True
runtime_synth__synthetic_n1000_d5000_noise3.0__runtime_dscale__seed2__spkm,run_divi_runtime_synth.py,2026-03-25T09:55:00Z,unknown,x86_64,cpu,x86_64,synthetic,synthetic_n1000_d5000_noise3.0,runtime_dscale,1000,5000,3,0.002,0.998,3.0,20265325,2,spkm,nan,spkm,nan,nan,nan,,nan,nan,nan,nan,nan,nan,nan,3,0,nan,nan,[],0.9940120180601143,0.9876086482064032,nan,0.998,884,0.1768,nan,nan,nan,nan,nan,nan,nan,5.868951,nan,5.868951,nan,nan,nan,1039.7265625,ok,False,,,D,5000,nan,True
runtime_synth__synthetic_n1000_d5000_noise3.0__runtime_dscale__seed3__divi,run_divi_runtime_synth.py,2026-03-25T09:57:56Z,unknown,x86_64,cpu,x86_64,synthetic,synthetic_n1000_d5000_noise3.0,runtime_dscale,1000,5000,3,0.002,0.998,3.0,20265325,3,divi,1,divi,1000.0,1.0,80,auto_entropy,7094.692666023363,1.0,0.01,1.0,0.1,300,300,4,3,80,240,"[80, 160, 240]",0.02124550128718852,0.021339516330273645,nan,0.405,2340,0.468,0.4696703255176544,0.4789872169494629,9103636.0,8698838.0,404798.0,8822986.0,280.6501770019531,176.35959127800015,7.46717488899958,168.16387970600044,0.47433314100089774,0.7175437959995179,0.5605462656866681,1039.6640625,ok,False,,,D,5000,nan,True
runtime_synth__synthetic_n1000_d5000_noise3.0__runtime_dscale__seed3__kmeans_oracle,run_divi_runtime_synth.py,2026-03-25T09:57:58Z,unknown,x86_64,cpu,x86_64,synthetic,synthetic_n1000_d5000_noise3.0,runtime_dscale,1000,5000,3,0.002,0.998,3.0,20265325,3,kmeans_oracle,nan,kmeans_oracle,nan,nan,nan,,nan,nan,nan,nan,nan,nan,nan,3,0,nan,nan,[],0.0029950130901122743,0.004509094459238595,nan,0.356,nan,nan,nan,nan,nan,nan,nan,nan,nan,1.6260270000000001,nan,1.6260270000000001,nan,nan,nan,1039.6640625,ok,False,,,D,5000,nan,True
runtime_synth__synthetic_n1000_d5000_noise3.0__runtime_dscale__seed3__gmm_oracle,run_divi_runtime_synth.py,2026-03-25T09:59:43Z,unknown,x86_64,cpu,x86_64,synthetic,synthetic_n1000_d5000_noise3.0,runtime_dscale,1000,5000,3,0.002,0.998,3.0,20265325,3,gmm_oracle,nan,gmm_oracle,nan,nan,nan,,nan,nan,nan,nan,nan,nan,nan,3,0,nan,nan,[],0.0029950130901122743,0.004509094459238595,nan,0.356,nan,nan,nan,nan,nan,nan,nan,nan,nan,105.3441,nan,105.3441,nan,nan,nan,1039.6640625,ok,False,,,D,5000,nan,True
runtime_synth__synthetic_n1000_d5000_noise3.0__runtime_dscale__seed3__spkm,run_divi_runtime_synth.py,2026-03-25T09:59:47Z,unknown,x86_64,cpu,x86_64,synthetic,synthetic_n1000_d5000_noise3.0,runtime_dscale,1000,5000,3,0.002,0.998,3.0,20265325,3,spkm,nan,spkm,nan,nan,nan,,nan,nan,nan,nan,nan,nan,nan,3,0,nan,nan,[],0.9940120180601143,0.9876086482064032,nan,0.998,884,0.1768,nan,nan,nan,nan,nan,nan,nan,4.156213,nan,4.156213,nan,nan,nan,1039.6640625,ok,False,,,D,5000,nan,True
runtime_synth__synthetic_n1000_d5000_noise3.0__runtime_dscale__seed4__divi,run_divi_runtime_synth.py,2026-03-25T10:02:25Z,unknown,x86_64,cpu,x86_64,synthetic,synthetic_n1000_d5000_noise3.0,runtime_dscale,1000,5000,3,0.002,0.998,3.0,20265325,4,divi,1,divi,1000.0,1.0,80,auto_entropy,7094.692666023363,1.0,0.01,1.0,0.1,300,300,4,3,80,240,"[80, 160, 240]",0.01329224011203568,0.017871296274499345,nan,0.387,2340,0.468,0.46942001581192017,0.4778343737125397,9102845.0,8693689.0,409156.0,8823334.0,279.5105285644531,157.61454437900102,8.38584244500089,148.43991035699946,0.35707616199943004,0.7791389919984795,0.4947997011899982,1001.51171875,ok,False,,,D,5000,nan,True
runtime_synth__synthetic_n1000_d5000_noise3.0__runtime_dscale__seed4__kmeans_oracle,run_divi_runtime_synth.py,2026-03-25T10:02:26Z,unknown,x86_64,cpu,x86_64,synthetic,synthetic_n1000_d5000_noise3.0,runtime_dscale,1000,5000,3,0.002,0.998,3.0,20265325,4,kmeans_oracle,nan,kmeans_oracle,nan,nan,nan,,nan,nan,nan,nan,nan,nan,nan,3,0,nan,nan,[],0.000765374082282936,0.0025895080022521745,nan,0.365,nan,nan,nan,nan,nan,nan,nan,nan,nan,0.892058,nan,0.892058,nan,nan,nan,1001.51171875,ok,False,,,D,5000,nan,True
runtime_synth__synthetic_n1000_d5000_noise3.0__runtime_dscale__seed4__gmm_oracle,run_divi_runtime_synth.py,2026-03-25T10:04:08Z,unknown,x86_64,cpu,x86_64,synthetic,synthetic_n1000_d5000_noise3.0,runtime_dscale,1000,5000,3,0.002,0.998,3.0,20265325,4,gmm_oracle,nan,gmm_oracle,nan,nan,nan,,nan,nan,nan,nan,nan,nan,nan,3,0,nan,nan,[],0.00986907166067666,0.011429078825718711,nan,0.384,nan,nan,nan,nan,nan,nan,nan,nan,nan,102.169444,nan,102.169444,nan,nan,nan,1001.51171875,ok,False,,,D,5000,nan,True
runtime_synth__synthetic_n1000_d5000_noise3.0__runtime_dscale__seed4__spkm,run_divi_runtime_synth.py,2026-03-25T10:04:13Z,unknown,x86_64,cpu,x86_64,synthetic,synthetic_n1000_d5000_noise3.0,runtime_dscale,1000,5000,3,0.002,0.998,3.0,20265325,4,spkm,nan,spkm,nan,nan,nan,,nan,nan,nan,nan,nan,nan,nan,3,0,nan,nan,[],0.9940120180601143,0.9876086482064032,nan,0.998,884,0.1768,nan,nan,nan,nan,nan,nan,nan,4.183301,nan,4.183301,nan,nan,nan,1001.51171875,ok,False,,,D,5000,nan,True
runtime_synth__synthetic_n200_d1000_noise3.0__runtime_nscale__seed0__divi,run_divi_runtime_synth.py,2026-03-25T10:04:18Z,unknown,x86_64,cpu,x86_64,synthetic,synthetic_n200_d1000_noise3.0,runtime_nscale,200,1000,3,0.01,0.99,3.0,20260526,0,divi,1,divi,200.0,1.0,80,auto_entropy,1418.9385332046727,1.0,0.01,1.0,0.1,300,300,4,3,80,240,"[80, 160, 240]",0.29925306327593976,0.41448745514554064,nan,0.525,355,0.355,0.4174216389656067,0.4019424319267273,369460.0625,352503.0625,16957.0,358216.8125,56.2163200378418,5.550777188998836,1.6928211100002954,3.844942550000269,0.011580596001294907,0.011889141000210657,0.012816475166667562,1001.51953125,ok,False,,,N,200,nan,True
runtime_synth__synthetic_n200_d1000_noise3.0__runtime_nscale__seed0__kmeans_oracle,run_divi_runtime_synth.py,2026-03-25T10:04:18Z,unknown,x86_64,cpu,x86_64,synthetic,synthetic_n200_d1000_noise3.0,runtime_nscale,200,1000,3,0.01,0.99,3.0,20260526,0,kmeans_oracle,nan,kmeans_oracle,nan,nan,nan,,nan,nan,nan,nan,nan,nan,nan,3,0,nan,nan,[],0.058649819394922746,0.06526403978642574,nan,0.46,nan,nan,nan,nan,nan,nan,nan,nan,nan,0.039094,nan,0.039094,nan,nan,nan,1001.51953125,ok,False,,,N,200,nan,True
runtime_synth__synthetic_n200_d1000_noise3.0__runtime_nscale__seed0__gmm_oracle,run_divi_runtime_synth.py,2026-03-25T10:04:20Z,unknown,x86_64,cpu,x86_64,synthetic,synthetic_n200_d1000_noise3.0,runtime_nscale,200,1000,3,0.01,0.99,3.0,20260526,0,gmm_oracle,nan,gmm_oracle,nan,nan,nan,,nan,nan,nan,nan,nan,nan,nan,3,0,nan,nan,[],0.030541457355857914,0.04299012015892254,nan,0.445,nan,nan,nan,nan,nan,nan,nan,nan,nan,1.3788070000000001,nan,1.3788070000000001,nan,nan,nan,1001.5234375,ok,False,,,N,200,nan,True
runtime_synth__synthetic_n200_d1000_noise3.0__runtime_nscale__seed0__spkm,run_divi_runtime_synth.py,2026-03-25T10:04:20Z,unknown,x86_64,cpu,x86_64,synthetic,synthetic_n200_d1000_noise3.0,runtime_nscale,200,1000,3,0.01,0.99,3.0,20260526,0,spkm,nan,spkm,nan,nan,nan,,nan,nan,nan,nan,nan,nan,nan,3,0,nan,nan,[],1.0,1.0,nan,1.0,208,0.208,nan,nan,nan,nan,nan,nan,nan,0.141912,nan,0.141912,nan,nan,nan,1001.5234375,ok,False,,,N,200,nan,True
runtime_synth__synthetic_n200_d1000_noise3.0__runtime_nscale__seed1__divi,run_divi_runtime_synth.py,2026-03-25T10:04:24Z,unknown,x86_64,cpu,x86_64,synthetic,synthetic_n200_d1000_noise3.0,runtime_nscale,200,1000,3,0.01,0.99,3.0,20260526,1,divi,1,divi,200.0,1.0,80,auto_entropy,1418.9385332046727,1.0,0.01,1.0,0.1,300,300,4,3,80,240,"[80, 160, 240]",0.2706912640259752,0.38175910715158007,nan,0.475,357,0.357,0.4170151352882385,0.3966495096683502,369473.6875,351830.5,17643.1875,358278.375,55.976585388183594,4.616799114000969,1.111446672999591,3.4922890849993564,0.010382617998402566,0.012099732000933727,0.011640963616664522,1001.5234375,ok,False,,,N,200,nan,True
runtime_synth__synthetic_n200_d1000_noise3.0__runtime_nscale__seed1__kmeans_oracle,run_divi_runtime_synth.py,2026-03-25T10:04:24Z,unknown,x86_64,cpu,x86_64,synthetic,synthetic_n200_d1000_noise3.0,runtime_nscale,200,1000,3,0.01,0.99,3.0,20260526,1,kmeans_oracle,nan,kmeans_oracle,nan,nan,nan,,nan,nan,nan,nan,nan,nan,nan,3,0,nan,nan,[],0.036712351509806826,0.03572162304823266,nan,0.445,nan,nan,nan,nan,nan,nan,nan,nan,nan,0.03911,nan,0.03911,nan,nan,nan,1001.5234375,ok,False,,,N,200,nan,True
runtime_synth__synthetic_n200_d1000_noise3.0__runtime_nscale__seed1__gmm_oracle,run_divi_runtime_synth.py,2026-03-25T10:04:26Z,unknown,x86_64,cpu,x86_64,synthetic,synthetic_n200_d1000_noise3.0,runtime_nscale,200,1000,3,0.01,0.99,3.0,20260526,1,gmm_oracle,nan,gmm_oracle,nan,nan,nan,,nan,nan,nan,nan,nan,nan,nan,3,0,nan,nan,[],0.011191831137742896,0.021975147727091176,nan,0.395,nan,nan,nan,nan,nan,nan,nan,nan,nan,1.7502659999999999,nan,1.7502659999999999,nan,nan,nan,1001.5234375,ok,False,,,N,200,nan,True
runtime_synth__synthetic_n200_d1000_noise3.0__runtime_nscale__seed1__spkm,run_divi_runtime_synth.py,2026-03-25T10:04:26Z,unknown,x86_64,cpu,x86_64,synthetic,synthetic_n200_d1000_noise3.0,runtime_nscale,200,1000,3,0.01,0.99,3.0,20260526,1,spkm,nan,spkm,nan,nan,nan,,nan,nan,nan,nan,nan,nan,nan,3,0,nan,nan,[],1.0,1.0,nan,1.0,208,0.208,nan,nan,nan,nan,nan,nan,nan,0.385184,nan,0.385184,nan,nan,nan,1001.5234375,ok,False,,,N,200,nan,True
runtime_synth__synthetic_n200_d1000_noise3.0__runtime_nscale__seed2__divi,run_divi_runtime_synth.py,2026-03-25T10:04:33Z,unknown,x86_64,cpu,x86_64,synthetic,synthetic_n200_d1000_noise3.0,runtime_nscale,200,1000,3,0.01,0.99,3.0,20260526,2,divi,1,divi,200.0,1.0,80,auto_entropy,1418.9385332046727,1.0,0.01,1.0,0.1,300,300,4,3,80,240,"[80, 160, 240]",0.339286775480786,0.44297805843437,nan,0.58,354,0.354,0.4158817529678345,0.39456236362457275,369424.84375,353151.875,16272.96875,358415.0625,55.04893112182617,6.051590424000096,1.9674452429990197,4.068136449999656,0.016041538001445588,0.012789267999323783,0.013560454833332188,1001.5234375,ok,False,,,N,200,nan,True
runtime_synth__synthetic_n200_d1000_noise3.0__runtime_nscale__seed2__kmeans_oracle,run_divi_runtime_synth.py,2026-03-25T10:04:33Z,unknown,x86_64,cpu,x86_64,synthetic,synthetic_n200_d1000_noise3.0,runtime_nscale,200,1000,3,0.01,0.99,3.0,20260526,2,kmeans_oracle,nan,kmeans_oracle,nan,nan,nan,,nan,nan,nan,nan,nan,nan,nan,3,0,nan,nan,[],0.03869483324588005,0.054661275556140365,nan,0.46,nan,nan,nan,nan,nan,nan,nan,nan,nan,0.037853,nan,0.037853,nan,nan,nan,1001.5234375,ok,False,,,N,200,nan,True
runtime_synth__synthetic_n200_d1000_noise3.0__runtime_nscale__seed2__gmm_oracle,run_divi_runtime_synth.py,2026-03-25T10:04:34Z,unknown,x86_64,cpu,x86_64,synthetic,synthetic_n200_d1000_noise3.0,runtime_nscale,200,1000,3,0.01,0.99,3.0,20260526,2,gmm_oracle,nan,gmm_oracle,nan,nan,nan,,nan,nan,nan,nan,nan,nan,nan,3,0,nan,nan,[],0.021779398478164517,0.04309828501431109,nan,0.415,nan,nan,nan,nan,nan,nan,nan,nan,nan,1.349289,nan,1.349289,nan,nan,nan,1001.5234375,ok,False,,,N,200,nan,True
runtime_synth__synthetic_n200_d1000_noise3.0__runtime_nscale__seed2__spkm,run_divi_runtime_synth.py,2026-03-25T10:04:34Z,unknown,x86_64,cpu,x86_64,synthetic,synthetic_n200_d1000_noise3.0,runtime_nscale,200,1000,3,0.01,0.99,3.0,20260526,2,spkm,nan,spkm,nan,nan,nan,,nan,nan,nan,nan,nan,nan,nan,3,0,nan,nan,[],1.0,1.0,nan,1.0,208,0.208,nan,nan,nan,nan,nan,nan,nan,0.140706,nan,0.140706,nan,nan,nan,1001.5234375,ok,False,,,N,200,nan,True
runtime_synth__synthetic_n200_d1000_noise3.0__runtime_nscale__seed3__divi,run_divi_runtime_synth.py,2026-03-25T10:04:39Z,unknown,x86_64,cpu,x86_64,synthetic,synthetic_n200_d1000_noise3.0,runtime_nscale,200,1000,3,0.01,0.99,3.0,20260526,3,divi,1,divi,200.0,1.0,80,auto_entropy,1418.9385332046727,1.0,0.01,1.0,0.1,300,300,4,3,80,240,"[80, 160, 240]",0.2758464938710653,0.38705769948999197,nan,0.475,348,0.348,0.41608119010925293,0.39210277795791626,369432.75,352427.25,17005.5,358399.3125,55.16716003417969,4.816586512999493,1.1466948070010403,3.657293579000907,0.012165544998424593,0.01162365799973486,0.01219097859666969,876.703125,ok,False,,,N,200,nan,True
runtime_synth__synthetic_n200_d1000_noise3.0__runtime_nscale__seed3__kmeans_oracle,run_divi_runtime_synth.py,2026-03-25T10:04:39Z,unknown,x86_64,cpu,x86_64,synthetic,synthetic_n200_d1000_noise3.0,runtime_nscale,200,1000,3,0.01,0.99,3.0,20260526,3,kmeans_oracle,nan,kmeans_oracle,nan,nan,nan,,nan,nan,nan,nan,nan,nan,nan,3,0,nan,nan,[],0.11453822587903327,0.1186262427771677,nan,0.51,nan,nan,nan,nan,nan,nan,nan,nan,nan,0.05833,nan,0.05833,nan,nan,nan,876.703125,ok,False,,,N,200,nan,True
runtime_synth__synthetic_n200_d1000_noise3.0__runtime_nscale__seed3__gmm_oracle,run_divi_runtime_synth.py,2026-03-25T10:04:42Z,unknown,x86_64,cpu,x86_64,synthetic,synthetic_n200_d1000_noise3.0,runtime_nscale,200,1000,3,0.01,0.99,3.0,20260526,3,gmm_oracle,nan,gmm_oracle,nan,nan,nan,,nan,nan,nan,nan,nan,nan,nan,3,0,nan,nan,[],0.11453822587903327,0.1186262427771677,nan,0.51,nan,nan,nan,nan,nan,nan,nan,nan,nan,3.115403,nan,3.115403,nan,nan,nan,876.703125,ok,False,,,N,200,nan,True
runtime_synth__synthetic_n200_d1000_noise3.0__runtime_nscale__seed3__spkm,run_divi_runtime_synth.py,2026-03-25T10:04:42Z,unknown,x86_64,cpu,x86_64,synthetic,synthetic_n200_d1000_noise3.0,runtime_nscale,200,1000,3,0.01,0.99,3.0,20260526,3,spkm,nan,spkm,nan,nan,nan,,nan,nan,nan,nan,nan,nan,nan,3,0,nan,nan,[],1.0,1.0,nan,1.0,208,0.208,nan,nan,nan,nan,nan,nan,nan,0.249485,nan,0.249485,nan,nan,nan,876.703125,ok,False,,,N,200,nan,True
runtime_synth__synthetic_n200_d1000_noise3.0__runtime_nscale__seed4__divi,run_divi_runtime_synth.py,2026-03-25T10:04:47Z,unknown,x86_64,cpu,x86_64,synthetic,synthetic_n200_d1000_noise3.0,runtime_nscale,200,1000,3,0.01,0.99,3.0,20260526,4,divi,1,divi,200.0,1.0,80,auto_entropy,1418.9385332046727,1.0,0.01,1.0,0.1,300,300,4,3,80,240,"[80, 160, 240]",0.2782328674864159,0.3911969637108858,nan,0.495,359,0.359,0.41702887415885925,0.39234477281570435,369502.28125,353047.96875,16454.3125,358307.78125,55.972511291503906,4.80834167499961,1.1427523889997246,3.651608223999574,0.010473607999301748,0.013021648999711033,0.012172027413331914,876.703125,ok,False,,,N,200,nan,True
runtime_synth__synthetic_n200_d1000_noise3.0__runtime_nscale__seed4__kmeans_oracle,run_divi_runtime_synth.py,2026-03-25T10:04:47Z,unknown,x86_64,cpu,x86_64,synthetic,synthetic_n200_d1000_noise3.0,runtime_nscale,200,1000,3,0.01,0.99,3.0,20260526,4,kmeans_oracle,nan,kmeans_oracle,nan,nan,nan,,nan,nan,nan,nan,nan,nan,nan,3,0,nan,nan,[],0.00941384910980735,0.02722045300283129,nan,0.395,nan,nan,nan,nan,nan,nan,nan,nan,nan,0.036782,nan,0.036782,nan,nan,nan,876.703125,ok,False,,,N,200,nan,True
runtime_synth__synthetic_n200_d1000_noise3.0__runtime_nscale__seed4__gmm_oracle,run_divi_runtime_synth.py,2026-03-25T10:04:49Z,unknown,x86_64,cpu,x86_64,synthetic,synthetic_n200_d1000_noise3.0,runtime_nscale,200,1000,3,0.01,0.99,3.0,20260526,4,gmm_oracle,nan,gmm_oracle,nan,nan,nan,,nan,nan,nan,nan,nan,nan,nan,3,0,nan,nan,[],0.01216091228527487,0.018269400352069583,nan,0.4,nan,nan,nan,nan,nan,nan,nan,nan,nan,1.388605,nan,1.388605,nan,nan,nan,876.703125,ok,False,,,N,200,nan,True
runtime_synth__synthetic_n200_d1000_noise3.0__runtime_nscale__seed4__spkm,run_divi_runtime_synth.py,2026-03-25T10:04:49Z,unknown,x86_64,cpu,x86_64,synthetic,synthetic_n200_d1000_noise3.0,runtime_nscale,200,1000,3,0.01,0.99,3.0,20260526,4,spkm,nan,spkm,nan,nan,nan,,nan,nan,nan,nan,nan,nan,nan,3,0,nan,nan,[],1.0,1.0,nan,1.0,208,0.208,nan,nan,nan,nan,nan,nan,nan,0.137675,nan,0.137675,nan,nan,nan,876.703125,ok,False,,,N,200,nan,True
runtime_synth__synthetic_n500_d1000_noise3.0__runtime_nscale__seed0__divi,run_divi_runtime_synth.py,2026-03-25T10:05:00Z,unknown,x86_64,cpu,x86_64,synthetic,synthetic_n500_d1000_noise3.0,runtime_nscale,500,1000,3,0.01,0.99,3.0,20260826,0,divi,1,divi,500.0,1.0,80,auto_entropy,1418.9385332046727,1.0,0.01,1.0,0.1,300,300,4,3,80,240,"[80, 160, 240]",0.7414338815172202,0.7699525626176648,nan,0.816,72,0.072,0.2805953621864319,0.2539852559566498,965723.5,938021.5625,27701.9375,941639.375,48.16828918457031,10.813405999000679,1.358893263999562,9.421522271999493,0.027411772000050405,0.03157070400084194,0.03140507423999831,876.703125,ok,False,,,N,500,nan,True
runtime_synth__synthetic_n500_d1000_noise3.0__runtime_nscale__seed0__kmeans_oracle,run_divi_runtime_synth.py,2026-03-25T10:05:00Z,unknown,x86_64,cpu,x86_64,synthetic,synthetic_n500_d1000_noise3.0,runtime_nscale,500,1000,3,0.01,0.99,3.0,20260826,0,kmeans_oracle,nan,kmeans_oracle,nan,nan,nan,,nan,nan,nan,nan,nan,nan,nan,3,0,nan,nan,[],0.3651290846767301,0.39496436909441685,nan,0.612,nan,nan,nan,nan,nan,nan,nan,nan,nan,0.22523,nan,0.22523,nan,nan,nan,876.703125,ok,False,,,N,500,nan,True
runtime_synth__synthetic_n500_d1000_noise3.0__runtime_nscale__seed0__gmm_oracle,run_divi_runtime_synth.py,2026-03-25T10:05:02Z,unknown,x86_64,cpu,x86_64,synthetic,synthetic_n500_d1000_noise3.0,runtime_nscale,500,1000,3,0.01,0.99,3.0,20260826,0,gmm_oracle,nan,gmm_oracle,nan,nan,nan,,nan,nan,nan,nan,nan,nan,nan,3,0,nan,nan,[],0.4157804916216244,0.440532974979848,nan,0.648,nan,nan,nan,nan,nan,nan,nan,nan,nan,1.759344,nan,1.759344,nan,nan,nan,876.703125,ok,False,,,N,500,nan,True
runtime_synth__synthetic_n500_d1000_noise3.0__runtime_nscale__seed0__spkm,run_divi_runtime_synth.py,2026-03-25T10:05:02Z,unknown,x86_64,cpu,x86_64,synthetic,synthetic_n500_d1000_noise3.0,runtime_nscale,500,1000,3,0.01,0.99,3.0,20260826,0,spkm,nan,spkm,nan,nan,nan,,nan,nan,nan,nan,nan,nan,nan,3,0,nan,nan,[],1.0,1.0,nan,1.0,471,0.471,nan,nan,nan,nan,nan,nan,nan,0.415238,nan,0.415238,nan,nan,nan,876.703125,ok,False,,,N,500,nan,True
runtime_synth__synthetic_n500_d1000_noise3.0__runtime_nscale__seed1__divi,run_divi_runtime_synth.py,2026-03-25T10:05:13Z,unknown,x86_64,cpu,x86_64,synthetic,synthetic_n500_d1000_noise3.0,runtime_nscale,500,1000,3,0.01,0.99,3.0,20260826,1,divi,1,divi,500.0,1.0,80,auto_entropy,1418.9385332046727,1.0,0.01,1.0,0.1,300,300,4,3,80,240,"[80, 160, 240]",0.6791095829688009,0.7081717597300375,nan,0.762,77,0.077,0.2815124988555908,0.2546587586402893,965940.4375,936005.9375,29934.5,941532.75,48.81538772583008,10.46698011800072,1.3569096669998544,9.078661436999028,0.02533216800111404,0.029892849001043942,0.03026220478999676,811.84375,ok,False,,,N,500,nan,True
runtime_synth__synthetic_n500_d1000_noise3.0__runtime_nscale__seed1__kmeans_oracle,run_divi_runtime_synth.py,2026-03-25T10:05:13Z,unknown,x86_64,cpu,x86_64,synthetic,synthetic_n500_d1000_noise3.0,runtime_nscale,500,1000,3,0.01,0.99,3.0,20260826,1,kmeans_oracle,nan,kmeans_oracle,nan,nan,nan,,nan,nan,nan,nan,nan,nan,nan,3,0,nan,nan,[],0.34919400958281,0.37646401500712917,nan,0.598,nan,nan,nan,nan,nan,nan,nan,nan,nan,0.167066,nan,0.167066,nan,nan,nan,811.84375,ok,False,,,N,500,nan,True
runtime_synth__synthetic_n500_d1000_noise3.0__runtime_nscale__seed1__gmm_oracle,run_divi_runtime_synth.py,2026-03-25T10:05:15Z,unknown,x86_64,cpu,x86_64,synthetic,synthetic_n500_d1000_noise3.0,runtime_nscale,500,1000,3,0.01,0.99,3.0,20260826,1,gmm_oracle,nan,gmm_oracle,nan,nan,nan,,nan,nan,nan,nan,nan,nan,nan,3,0,nan,nan,[],0.3416733068068764,0.3616955762945346,nan,0.634,nan,nan,nan,nan,nan,nan,nan,nan,nan,1.817469,nan,1.817469,nan,nan,nan,811.84375,ok,False,,,N,500,nan,True
runtime_synth__synthetic_n500_d1000_noise3.0__runtime_nscale__seed1__spkm,run_divi_runtime_synth.py,2026-03-25T10:05:15Z,unknown,x86_64,cpu,x86_64,synthetic,synthetic_n500_d1000_noise3.0,runtime_nscale,500,1000,3,0.01,0.99,3.0,20260826,1,spkm,nan,spkm,nan,nan,nan,,nan,nan,nan,nan,nan,nan,nan,3,0,nan,nan,[],1.0,1.0,nan,1.0,471,0.471,nan,nan,nan,nan,nan,nan,nan,0.369758,nan,0.369758,nan,nan,nan,811.84375,ok,False,,,N,500,nan,True
runtime_synth__synthetic_n500_d1000_noise3.0__runtime_nscale__seed2__divi,run_divi_runtime_synth.py,2026-03-25T10:05:25Z,unknown,x86_64,cpu,x86_64,synthetic,synthetic_n500_d1000_noise3.0,runtime_nscale,500,1000,3,0.01,0.99,3.0,20260826,2,divi,1,divi,500.0,1.0,80,auto_entropy,1418.9385332046727,1.0,0.01,1.0,0.1,300,300,4,3,80,240,"[80, 160, 240]",0.7059485071173027,0.7456583610126141,nan,0.792,69,0.069,0.28050941228866577,0.24946770071983337,965743.375,938272.3125,27471.0625,941705.125,48.07646560668945,10.40078850700047,1.3713681520002865,8.998189998999806,0.025161059997117263,0.02972792300170113,0.029993966663332684,811.84375,ok,False,,,N,500,nan,True
runtime_synth__synthetic_n500_d1000_noise3.0__runtime_nscale__seed2__kmeans_oracle,run_divi_runtime_synth.py,2026-03-25T10:05:26Z,unknown,x86_64,cpu,x86_64,synthetic,synthetic_n500_d1000_noise3.0,runtime_nscale,500,1000,3,0.01,0.99,3.0,20260826,2,kmeans_oracle,nan,kmeans_oracle,nan,nan,nan,,nan,nan,nan,nan,nan,nan,nan,3,0,nan,nan,[],0.4022235364493603,0.42560733013972984,nan,0.644,nan,nan,nan,nan,nan,nan,nan,nan,nan,0.226684,nan,0.226684,nan,nan,nan,811.84375,ok,False,,,N,500,nan,True
runtime_synth__synthetic_n500_d1000_noise3.0__runtime_nscale__seed2__gmm_oracle,run_divi_runtime_synth.py,2026-03-25T10:05:27Z,unknown,x86_64,cpu,x86_64,synthetic,synthetic_n500_d1000_noise3.0,runtime_nscale,500,1000,3,0.01,0.99,3.0,20260826,2,gmm_oracle,nan,gmm_oracle,nan,nan,nan,,nan,nan,nan,nan,nan,nan,nan,3,0,nan,nan,[],0.3818278650225678,0.3986623445647697,nan,0.636,nan,nan,nan,nan,nan,nan,nan,nan,nan,1.8278219999999998,nan,1.8278219999999998,nan,nan,nan,811.84375,ok,False,,,N,500,nan,True
runtime_synth__synthetic_n500_d1000_noise3.0__runtime_nscale__seed2__spkm,run_divi_runtime_synth.py,2026-03-25T10:05:28Z,unknown,x86_64,cpu,x86_64,synthetic,synthetic_n500_d1000_noise3.0,runtime_nscale,500,1000,3,0.01,0.99,3.0,20260826,2,spkm,nan,spkm,nan,nan,nan,,nan,nan,nan,nan,nan,nan,nan,3,0,nan,nan,[],1.0,1.0,nan,1.0,471,0.471,nan,nan,nan,nan,nan,nan,nan,0.376966,nan,0.376966,nan,nan,nan,811.84375,ok,False,,,N,500,nan,True
runtime_synth__synthetic_n500_d1000_noise3.0__runtime_nscale__seed3__divi,run_divi_runtime_synth.py,2026-03-25T10:05:38Z,unknown,x86_64,cpu,x86_64,synthetic,synthetic_n500_d1000_noise3.0,runtime_nscale,500,1000,3,0.01,0.99,3.0,20260826,3,divi,1,divi,500.0,1.0,80,auto_entropy,1418.9385332046727,1.0,0.01,1.0,0.1,300,300,4,3,80,240,"[80, 160, 240]",0.6482742645445949,0.6967100644818497,nan,0.742,73,0.073,0.2806745767593384,0.24960410594940186,965888.125,936634.9375,29253.1875,941804.75,48.16676330566406,10.601371089000168,1.3400368410002557,9.227792939998835,0.027704334999725688,0.032078842999908375,0.030759309799996117,811.84375,ok,False,,,N,500,nan,True
runtime_synth__synthetic_n500_d1000_noise3.0__runtime_nscale__seed3__kmeans_oracle,run_divi_runtime_synth.py,2026-03-25T10:05:39Z,unknown,x86_64,cpu,x86_64,synthetic,synthetic_n500_d1000_noise3.0,runtime_nscale,500,1000,3,0.01,0.99,3.0,20260826,3,kmeans_oracle,nan,kmeans_oracle,nan,nan,nan,,nan,nan,nan,nan,nan,nan,nan,3,0,nan,nan,[],0.35946807991960905,0.4206258578144751,nan,0.608,nan,nan,nan,nan,nan,nan,nan,nan,nan,0.213718,nan,0.213718,nan,nan,nan,811.84375,ok,False,,,N,500,nan,True
runtime_synth__synthetic_n500_d1000_noise3.0__runtime_nscale__seed3__gmm_oracle,run_divi_runtime_synth.py,2026-03-25T10:05:40Z,unknown,x86_64,cpu,x86_64,synthetic,synthetic_n500_d1000_noise3.0,runtime_nscale,500,1000,3,0.01,0.99,3.0,20260826,3,gmm_oracle,nan,gmm_oracle,nan,nan,nan,,nan,nan,nan,nan,nan,nan,nan,3,0,nan,nan,[],0.3568041983441514,0.4057127914634659,nan,0.606,nan,nan,nan,nan,nan,nan,nan,nan,nan,1.883643,nan,1.883643,nan,nan,nan,811.84375,ok,False,,,N,500,nan,True
runtime_synth__synthetic_n500_d1000_noise3.0__runtime_nscale__seed3__spkm,run_divi_runtime_synth.py,2026-03-25T10:05:41Z,unknown,x86_64,cpu,x86_64,synthetic,synthetic_n500_d1000_noise3.0,runtime_nscale,500,1000,3,0.01,0.99,3.0,20260826,3,spkm,nan,spkm,nan,nan,nan,,nan,nan,nan,nan,nan,nan,nan,3,0,nan,nan,[],1.0,1.0,nan,1.0,471,0.471,nan,nan,nan,nan,nan,nan,nan,0.398777,nan,0.398777,nan,nan,nan,811.84375,ok,False,,,N,500,nan,True
runtime_synth__synthetic_n500_d1000_noise3.0__runtime_nscale__seed4__divi,run_divi_runtime_synth.py,2026-03-25T10:05:52Z,unknown,x86_64,cpu,x86_64,synthetic,synthetic_n500_d1000_noise3.0,runtime_nscale,500,1000,3,0.01,0.99,3.0,20260826,4,divi,1,divi,500.0,1.0,80,auto_entropy,1418.9385332046727,1.0,0.01,1.0,0.1,300,300,4,3,80,240,"[80, 160, 240]",0.7229713123746909,0.7619800033890214,nan,0.796,75,0.075,0.2815297245979309,0.25372281670570374,965740.6875,936855.0,28885.6875,941355.375,48.77058410644531,10.64544673799901,1.364071337000496,9.249459848999322,0.026746794997961842,0.03038940700025705,0.030831532829997742,811.84375,ok,False,,,N,500,nan,True
runtime_synth__synthetic_n500_d1000_noise3.0__runtime_nscale__seed4__kmeans_oracle,run_divi_runtime_synth.py,2026-03-25T10:05:52Z,unknown,x86_64,cpu,x86_64,synthetic,synthetic_n500_d1000_noise3.0,runtime_nscale,500,1000,3,0.01,0.99,3.0,20260826,4,kmeans_oracle,nan,kmeans_oracle,nan,nan,nan,,nan,nan,nan,nan,nan,nan,nan,3,0,nan,nan,[],0.33560717378726174,0.35023062456312387,nan,0.604,nan,nan,nan,nan,nan,nan,nan,nan,nan,0.177126,nan,0.177126,nan,nan,nan,811.84375,ok,False,,,N,500,nan,True
runtime_synth__synthetic_n500_d1000_noise3.0__runtime_nscale__seed4__gmm_oracle,run_divi_runtime_synth.py,2026-03-25T10:05:54Z,unknown,x86_64,cpu,x86_64,synthetic,synthetic_n500_d1000_noise3.0,runtime_nscale,500,1000,3,0.01,0.99,3.0,20260826,4,gmm_oracle,nan,gmm_oracle,nan,nan,nan,,nan,nan,nan,nan,nan,nan,nan,3,0,nan,nan,[],0.33560717378726174,0.35023062456312387,nan,0.604,nan,nan,nan,nan,nan,nan,nan,nan,nan,1.814711,nan,1.814711,nan,nan,nan,811.84375,ok,False,,,N,500,nan,True
runtime_synth__synthetic_n500_d1000_noise3.0__runtime_nscale__seed4__spkm,run_divi_runtime_synth.py,2026-03-25T10:05:54Z,unknown,x86_64,cpu,x86_64,synthetic,synthetic_n500_d1000_noise3.0,runtime_nscale,500,1000,3,0.01,0.99,3.0,20260826,4,spkm,nan,spkm,nan,nan,nan,,nan,nan,nan,nan,nan,nan,nan,3,0,nan,nan,[],1.0,1.0,nan,1.0,471,0.471,nan,nan,nan,nan,nan,nan,nan,0.385839,nan,0.385839,nan,nan,nan,811.84375,ok,False,,,N,500,nan,True
runtime_synth__synthetic_n1000_d1000_noise3.0__runtime_nscale__seed0__divi,run_divi_runtime_synth.py,2026-03-25T10:06:15Z,unknown,x86_64,cpu,x86_64,synthetic,synthetic_n1000_d1000_noise3.0,runtime_nscale,1000,1000,3,0.01,0.99,3.0,20261326,0,divi,1,divi,1000.0,1.0,80,auto_entropy,1418.9385332046727,1.0,0.01,1.0,0.1,300,300,4,3,80,240,"[80, 160, 240]",0.8716462322294324,0.90161019952655,nan,0.863,26,0.026,0.2464456856250763,0.21817323565483093,1948626.0,1895962.5,52663.5,1906229.375,42.39667510986328,20.828084519000186,1.73063943499983,19.03089331999945,0.05630816200027766,0.06425683700035734,0.06343631106666484,765.68359375,ok,False,,,N,1000,nan,True
runtime_synth__synthetic_n1000_d1000_noise3.0__runtime_nscale__seed0__kmeans_oracle,run_divi_runtime_synth.py,2026-03-25T10:06:15Z,unknown,x86_64,cpu,x86_64,synthetic,synthetic_n1000_d1000_noise3.0,runtime_nscale,1000,1000,3,0.01,0.99,3.0,20261326,0,kmeans_oracle,nan,kmeans_oracle,nan,nan,nan,,nan,nan,nan,nan,nan,nan,nan,3,0,nan,nan,[],0.5047385502161924,0.5067625964579401,nan,0.782,nan,nan,nan,nan,nan,nan,nan,nan,nan,0.408102,nan,0.408102,nan,nan,nan,765.68359375,ok,False,,,N,1000,nan,True
runtime_synth__synthetic_n1000_d1000_noise3.0__runtime_nscale__seed0__gmm_oracle,run_divi_runtime_synth.py,2026-03-25T10:06:18Z,unknown,x86_64,cpu,x86_64,synthetic,synthetic_n1000_d1000_noise3.0,runtime_nscale,1000,1000,3,0.01,0.99,3.0,20261326,0,gmm_oracle,nan,gmm_oracle,nan,nan,nan,,nan,nan,nan,nan,nan,nan,nan,3,0,nan,nan,[],0.5030198105093872,0.5807226216894823,nan,0.665,nan,nan,nan,nan,nan,nan,nan,nan,nan,2.506433,nan,2.506433,nan,nan,nan,765.68359375,ok,False,,,N,1000,nan,True
runtime_synth__synthetic_n1000_d1000_noise3.0__runtime_nscale__seed0__spkm,run_divi_runtime_synth.py,2026-03-25T10:06:19Z,unknown,x86_64,cpu,x86_64,synthetic,synthetic_n1000_d1000_noise3.0,runtime_nscale,1000,1000,3,0.01,0.99,3.0,20261326,0,spkm,nan,spkm,nan,nan,nan,,nan,nan,nan,nan,nan,nan,nan,3,0,nan,nan,[],0.9970015045323003,0.9938029489046497,nan,0.999,871,0.871,nan,nan,nan,nan,nan,nan,nan,0.881682,nan,0.881682,nan,nan,nan,765.68359375,ok,False,,,N,1000,nan,True
runtime_synth__synthetic_n1000_d1000_noise3.0__runtime_nscale__seed1__divi,run_divi_runtime_synth.py,2026-03-25T10:06:40Z,unknown,x86_64,cpu,x86_64,synthetic,synthetic_n1000_d1000_noise3.0,runtime_nscale,1000,1000,3,0.01,0.99,3.0,20261326,1,divi,1,divi,1000.0,1.0,80,auto_entropy,1418.9385332046727,1.0,0.01,1.0,0.1,300,300,4,3,80,240,"[80, 160, 240]",0.8685738772560065,0.9002961256072078,nan,0.849,28,0.028,0.2477620542049408,0.22118377685546875,1948754.75,1900294.5,48460.25,1905255.625,43.49918746948242,20.931833290000213,1.7824777989990253,19.08770714000093,0.05309780099742056,0.05914565600141941,0.06362569046666977,811.3359375,ok,False,,,N,1000,nan,True
runtime_synth__synthetic_n1000_d1000_noise3.0__runtime_nscale__seed1__kmeans_oracle,run_divi_runtime_synth.py,2026-03-25T10:06:40Z,unknown,x86_64,cpu,x86_64,synthetic,synthetic_n1000_d1000_noise3.0,runtime_nscale,1000,1000,3,0.01,0.99,3.0,20261326,1,kmeans_oracle,nan,kmeans_oracle,nan,nan,nan,,nan,nan,nan,nan,nan,nan,nan,3,0,nan,nan,[],0.5392122916434462,0.6106245133205501,nan,0.745,nan,nan,nan,nan,nan,nan,nan,nan,nan,0.332932,nan,0.332932,nan,nan,nan,811.3359375,ok,False,,,N,1000,nan,True
runtime_synth__synthetic_n1000_d1000_noise3.0__runtime_nscale__seed1__gmm_oracle,run_divi_runtime_synth.py,2026-03-25T10:06:42Z,unknown,x86_64,cpu,x86_64,synthetic,synthetic_n1000_d1000_noise3.0,runtime_nscale,1000,1000,3,0.01,0.99,3.0,20261326,1,gmm_oracle,nan,gmm_oracle,nan,nan,nan,,nan,nan,nan,nan,nan,nan,nan,3,0,nan,nan,[],0.36521384937122703,0.4375822988777034,nan,0.609,nan,nan,nan,nan,nan,nan,nan,nan,nan,2.485039,nan,2.485039,nan,nan,nan,811.3359375,ok,False,,,N,1000,nan,True
runtime_synth__synthetic_n1000_d1000_noise3.0__runtime_nscale__seed1__spkm,run_divi_runtime_synth.py,2026-03-25T10:06:43Z,unknown,x86_64,cpu,x86_64,synthetic,synthetic_n1000_d1000_noise3.0,runtime_nscale,1000,1000,3,0.01,0.99,3.0,20261326,1,spkm,nan,spkm,nan,nan,nan,,nan,nan,nan,nan,nan,nan,nan,3,0,nan,nan,[],0.9970015045323003,0.9938029489046497,nan,0.999,871,0.871,nan,nan,nan,nan,nan,nan,nan,0.85894,nan,0.85894,nan,nan,nan,811.3359375,ok,False,,,N,1000,nan,True
runtime_synth__synthetic_n1000_d1000_noise3.0__runtime_nscale__seed2__divi,run_divi_runtime_synth.py,2026-03-25T10:07:03Z,unknown,x86_64,cpu,x86_64,synthetic,synthetic_n1000_d1000_noise3.0,runtime_nscale,1000,1000,3,0.01,0.99,3.0,20261326,2,divi,1,divi,1000.0,1.0,80,auto_entropy,1418.9385332046727,1.0,0.01,1.0,0.1,300,300,4,3,80,240,"[80, 160, 240]",0.8803194108139746,0.8730971786967476,nan,0.917,29,0.029,0.2466016262769699,0.2193429172039032,1948689.0,1901924.5,46764.5,1906158.0,42.53105163574219,19.888055452998742,1.7027367219998268,18.123816240999076,0.054202261999307666,0.05915587500021502,0.06041272080333025,811.3359375,ok,False,,,N,1000,nan,True
runtime_synth__synthetic_n1000_d1000_noise3.0__runtime_nscale__seed2__kmeans_oracle,run_divi_runtime_synth.py,2026-03-25T10:07:04Z,unknown,x86_64,cpu,x86_64,synthetic,synthetic_n1000_d1000_noise3.0,runtime_nscale,1000,1000,3,0.01,0.99,3.0,20261326,2,kmeans_oracle,nan,kmeans_oracle,nan,nan,nan,,nan,nan,nan,nan,nan,nan,nan,3,0,nan,nan,[],0.5492108536270206,0.5892692603622637,nan,0.782,nan,nan,nan,nan,nan,nan,nan,nan,nan,0.902603,nan,0.902603,nan,nan,nan,811.3359375,ok,False,,,N,1000,nan,True
runtime_synth__synthetic_n1000_d1000_noise3.0__runtime_nscale__seed2__gmm_oracle,run_divi_runtime_synth.py,2026-03-25T10:07:07Z,unknown,x86_64,cpu,x86_64,synthetic,synthetic_n1000_d1000_noise3.0,runtime_nscale,1000,1000,3,0.01,0.99,3.0,20261326,2,gmm_oracle,nan,gmm_oracle,nan,nan,nan,,nan,nan,nan,nan,nan,nan,nan,3,0,nan,nan,[],0.5492108536270206,0.5892692603622637,nan,0.782,nan,nan,nan,nan,nan,nan,nan,nan,nan,2.8143890000000003,nan,2.8143890000000003,nan,nan,nan,811.3359375,ok,False,,,N,1000,nan,True
runtime_synth__synthetic_n1000_d1000_noise3.0__runtime_nscale__seed2__spkm,run_divi_runtime_synth.py,2026-03-25T10:07:08Z,unknown,x86_64,cpu,x86_64,synthetic,synthetic_n1000_d1000_noise3.0,runtime_nscale,1000,1000,3,0.01,0.99,3.0,20261326,2,spkm,nan,spkm,nan,nan,nan,,nan,nan,nan,nan,nan,nan,nan,3,0,nan,nan,[],0.9970015045323003,0.9938029489046497,nan,0.999,871,0.871,nan,nan,nan,nan,nan,nan,nan,0.874335,nan,0.874335,nan,nan,nan,811.3359375,ok,False,,,N,1000,nan,True
runtime_synth__synthetic_n1000_d1000_noise3.0__runtime_nscale__seed3__divi,run_divi_runtime_synth.py,2026-03-25T10:07:29Z,unknown,x86_64,cpu,x86_64,synthetic,synthetic_n1000_d1000_noise3.0,runtime_nscale,1000,1000,3,0.01,0.99,3.0,20261326,3,divi,1,divi,1000.0,1.0,80,auto_entropy,1418.9385332046727,1.0,0.01,1.0,0.1,300,300,4,3,80,240,"[80, 160, 240]",0.8581563973334415,0.8569111968417074,nan,0.901,27,0.027,0.24727214872837067,0.2196149230003357,1948957.125,1897350.375,51606.75,1905812.25,43.144866943359375,21.157193630999245,1.7076371960010874,19.298263905999193,0.05118658499850426,0.14899078600137727,0.06432754635333064,765.68359375,ok,False,,,N,1000,nan,True
runtime_synth__synthetic_n1000_d1000_noise3.0__runtime_nscale__seed3__kmeans_oracle,run_divi_runtime_synth.py,2026-03-25T10:07:30Z,unknown,x86_64,cpu,x86_64,synthetic,synthetic_n1000_d1000_noise3.0,runtime_nscale,1000,1000,3,0.01,0.99,3.0,20261326,3,kmeans_oracle,nan,kmeans_oracle,nan,nan,nan,,nan,nan,nan,nan,nan,nan,nan,3,0,nan,nan,[],0.4559902703571759,0.4583881690958237,nan,0.742,nan,nan,nan,nan,nan,nan,nan,nan,nan,1.001604,nan,1.001604,nan,nan,nan,765.68359375,ok,False,,,N,1000,nan,True
runtime_synth__synthetic_n1000_d1000_noise3.0__runtime_nscale__seed3__gmm_oracle,run_divi_runtime_synth.py,2026-03-25T10:07:33Z,unknown,x86_64,cpu,x86_64,synthetic,synthetic_n1000_d1000_noise3.0,runtime_nscale,1000,1000,3,0.01,0.99,3.0,20261326,3,gmm_oracle,nan,gmm_oracle,nan,nan,nan,,nan,nan,nan,nan,nan,nan,nan,3,0,nan,nan,[],0.4559902703571759,0.4583881690958237,nan,0.742,nan,nan,nan,nan,nan,nan,nan,nan,nan,3.100114,nan,3.100114,nan,nan,nan,765.68359375,ok,False,,,N,1000,nan,True
runtime_synth__synthetic_n1000_d1000_noise3.0__runtime_nscale__seed3__spkm,run_divi_runtime_synth.py,2026-03-25T10:07:34Z,unknown,x86_64,cpu,x86_64,synthetic,synthetic_n1000_d1000_noise3.0,runtime_nscale,1000,1000,3,0.01,0.99,3.0,20261326,3,spkm,nan,spkm,nan,nan,nan,,nan,nan,nan,nan,nan,nan,nan,3,0,nan,nan,[],0.9970015045323003,0.9938029489046497,nan,0.999,871,0.871,nan,nan,nan,nan,nan,nan,nan,0.843744,nan,0.843744,nan,nan,nan,765.68359375,ok,False,,,N,1000,nan,True
runtime_synth__synthetic_n1000_d1000_noise3.0__runtime_nscale__seed4__divi,run_divi_runtime_synth.py,2026-03-25T10:07:55Z,unknown,x86_64,cpu,x86_64,synthetic,synthetic_n1000_d1000_noise3.0,runtime_nscale,1000,1000,3,0.01,0.99,3.0,20261326,4,divi,1,divi,1000.0,1.0,80,auto_entropy,1418.9385332046727,1.0,0.01,1.0,0.1,300,300,4,3,80,240,"[80, 160, 240]",0.8565063513483918,0.8760055174629092,nan,0.865,30,0.03,0.24721437692642212,0.222298726439476,1948837.375,1897731.75,51105.625,1905849.875,42.9875602722168,20.872465235999698,1.7528950750001968,19.028147985000032,0.05418555400319747,0.08910587700120232,0.0634271599500001,765.68359375,ok,False,,,N,1000,nan,True
runtime_synth__synthetic_n1000_d1000_noise3.0__runtime_nscale__seed4__kmeans_oracle,run_divi_runtime_synth.py,2026-03-25T10:07:56Z,unknown,x86_64,cpu,x86_64,synthetic,synthetic_n1000_d1000_noise3.0,runtime_nscale,1000,1000,3,0.01,0.99,3.0,20261326,4,kmeans_oracle,nan,kmeans_oracle,nan,nan,nan,,nan,nan,nan,nan,nan,nan,nan,3,0,nan,nan,[],0.474799623771041,0.5155519936685274,nan,0.676,nan,nan,nan,nan,nan,nan,nan,nan,nan,0.822479,nan,0.822479,nan,nan,nan,765.68359375,ok,False,,,N,1000,nan,True
runtime_synth__synthetic_n1000_d1000_noise3.0__runtime_nscale__seed4__gmm_oracle,run_divi_runtime_synth.py,2026-03-25T10:07:59Z,unknown,x86_64,cpu,x86_64,synthetic,synthetic_n1000_d1000_noise3.0,runtime_nscale,1000,1000,3,0.01,0.99,3.0,20261326,4,gmm_oracle,nan,gmm_oracle,nan,nan,nan,,nan,nan,nan,nan,nan,nan,nan,3,0,nan,nan,[],0.411155095147203,0.4475083335028572,nan,0.635,nan,nan,nan,nan,nan,nan,nan,nan,nan,3.462964,nan,3.462964,nan,nan,nan,765.68359375,ok,False,,,N,1000,nan,True
runtime_synth__synthetic_n1000_d1000_noise3.0__runtime_nscale__seed4__spkm,run_divi_runtime_synth.py,2026-03-25T10:08:00Z,unknown,x86_64,cpu,x86_64,synthetic,synthetic_n1000_d1000_noise3.0,runtime_nscale,1000,1000,3,0.01,0.99,3.0,20261326,4,spkm,nan,spkm,nan,nan,nan,,nan,nan,nan,nan,nan,nan,nan,3,0,nan,nan,[],0.9970015045323003,0.9938029489046497,nan,0.999,871,0.871,nan,nan,nan,nan,nan,nan,nan,0.880298,nan,0.880298,nan,nan,nan,765.68359375,ok,False,,,N,1000,nan,True
runtime_synth__synthetic_n2000_d1000_noise3.0__runtime_nscale__seed0__divi,run_divi_runtime_synth.py,2026-03-25T10:08:48Z,unknown,x86_64,cpu,x86_64,synthetic,synthetic_n2000_d1000_noise3.0,runtime_nscale,2000,1000,3,0.01,0.99,3.0,20262326,0,divi,1,divi,2000.0,1.0,80,auto_entropy,1418.9385332046727,1.0,0.01,1.0,0.1,300,300,4,3,80,240,"[80, 160, 240]",0.8677734689592312,0.8997648710669712,nan,0.842,12,0.012,0.2102818638086319,0.18652194738388062,3931752.0,3847521.0,84231.0,3860535.25,35.60838317871094,47.212016462000975,2.7315111110001453,44.321333898000375,0.10725597299824585,0.154933510999399,0.14773777966000126,1046.44140625,ok,False,,,N,2000,nan,True
runtime_synth__synthetic_n2000_d1000_noise3.0__runtime_nscale__seed0__kmeans_oracle,run_divi_runtime_synth.py,2026-03-25T10:08:50Z,unknown,x86_64,cpu,x86_64,synthetic,synthetic_n2000_d1000_noise3.0,runtime_nscale,2000,1000,3,0.01,0.99,3.0,20262326,0,kmeans_oracle,nan,kmeans_oracle,nan,nan,nan,,nan,nan,nan,nan,nan,nan,nan,3,0,nan,nan,[],0.7774628273783075,0.740752134390262,nan,0.918,nan,nan,nan,nan,nan,nan,nan,nan,nan,2.078803,nan,2.078803,nan,nan,nan,1046.44140625,ok,False,,,N,2000,nan,True
runtime_synth__synthetic_n2000_d1000_noise3.0__runtime_nscale__seed0__gmm_oracle,run_divi_runtime_synth.py,2026-03-25T10:08:54Z,unknown,x86_64,cpu,x86_64,synthetic,synthetic_n2000_d1000_noise3.0,runtime_nscale,2000,1000,3,0.01,0.99,3.0,20262326,0,gmm_oracle,nan,gmm_oracle,nan,nan,nan,,nan,nan,nan,nan,nan,nan,nan,3,0,nan,nan,[],0.4015317914641378,0.45398275263716126,nan,0.6405,nan,nan,nan,nan,nan,nan,nan,nan,nan,4.264283,nan,4.264283,nan,nan,nan,1046.44140625,ok,False,,,N,2000,nan,True
runtime_synth__synthetic_n2000_d1000_noise3.0__runtime_nscale__seed0__spkm,run_divi_runtime_synth.py,2026-03-25T10:08:56Z,unknown,x86_64,cpu,x86_64,synthetic,synthetic_n2000_d1000_noise3.0,runtime_nscale,2000,1000,3,0.01,0.99,3.0,20262326,0,spkm,nan,spkm,nan,nan,nan,,nan,nan,nan,nan,nan,nan,nan,3,0,nan,nan,[],0.998498874063205,0.9965853313238789,nan,0.9995,783,0.783,nan,nan,nan,nan,nan,nan,nan,1.940868,nan,1.940868,nan,nan,nan,1046.44140625,ok,False,,,N,2000,nan,True
runtime_synth__synthetic_n2000_d1000_noise3.0__runtime_nscale__seed1__divi,run_divi_runtime_synth.py,2026-03-25T10:09:36Z,unknown,x86_64,cpu,x86_64,synthetic,synthetic_n2000_d1000_noise3.0,runtime_nscale,2000,1000,3,0.01,0.99,3.0,20262326,1,divi,1,divi,2000.0,1.0,80,auto_entropy,1418.9385332046727,1.0,0.01,1.0,0.1,300,300,4,3,80,240,"[80, 160, 240]",0.8674753872776316,0.8996291258956634,nan,0.8375,12,0.012,0.210932195186615,0.1870117485523224,3931948.75,3843375.25,88573.5,3859646.25,36.151309967041016,39.84710755999913,2.6395272749996366,37.05128262100152,0.10520198300037009,0.1514401029999135,0.1235042754033384,1076.9609375,ok,False,,,N,2000,nan,True
runtime_synth__synthetic_n2000_d1000_noise3.0__runtime_nscale__seed1__kmeans_oracle,run_divi_runtime_synth.py,2026-03-25T10:09:37Z,unknown,x86_64,cpu,x86_64,synthetic,synthetic_n2000_d1000_noise3.0,runtime_nscale,2000,1000,3,0.01,0.99,3.0,20262326,1,kmeans_oracle,nan,kmeans_oracle,nan,nan,nan,,nan,nan,nan,nan,nan,nan,nan,3,0,nan,nan,[],0.8147045982477955,0.7673946172949966,nan,0.9335,nan,nan,nan,nan,nan,nan,nan,nan,nan,1.215083,nan,1.215083,nan,nan,nan,1076.9609375,ok,False,,,N,2000,nan,True
runtime_synth__synthetic_n2000_d1000_noise3.0__runtime_nscale__seed1__gmm_oracle,run_divi_runtime_synth.py,2026-03-25T10:09:42Z,unknown,x86_64,cpu,x86_64,synthetic,synthetic_n2000_d1000_noise3.0,runtime_nscale,2000,1000,3,0.01,0.99,3.0,20262326,1,gmm_oracle,nan,gmm_oracle,nan,nan,nan,,nan,nan,nan,nan,nan,nan,nan,3,0,nan,nan,[],0.4861645265029315,0.5342664587950774,nan,0.711,nan,nan,nan,nan,nan,nan,nan,nan,nan,4.937575,nan,4.937575,nan,nan,nan,1076.9609375,ok,False,,,N,2000,nan,True
runtime_synth__synthetic_n2000_d1000_noise3.0__runtime_nscale__seed1__spkm,run_divi_runtime_synth.py,2026-03-25T10:09:44Z,unknown,x86_64,cpu,x86_64,synthetic,synthetic_n2000_d1000_noise3.0,runtime_nscale,2000,1000,3,0.01,0.99,3.0,20262326,1,spkm,nan,spkm,nan,nan,nan,,nan,nan,nan,nan,nan,nan,nan,3,0,nan,nan,[],0.998498874063205,0.9965853313238789,nan,0.9995,783,0.783,nan,nan,nan,nan,nan,nan,nan,2.433936,nan,2.433936,nan,nan,nan,1076.9609375,ok,False,,,N,2000,nan,True
runtime_synth__synthetic_n2000_d1000_noise3.0__runtime_nscale__seed2__divi,run_divi_runtime_synth.py,2026-03-25T10:10:24Z,unknown,x86_64,cpu,x86_64,synthetic,synthetic_n2000_d1000_noise3.0,runtime_nscale,2000,1000,3,0.01,0.99,3.0,20262326,2,divi,1,divi,2000.0,1.0,80,auto_entropy,1418.9385332046727,1.0,0.01,1.0,0.1,300,300,4,3,80,240,"[80, 160, 240]",0.8674627090445379,0.8990991390242099,nan,0.8375,10,0.01,0.21006035804748535,0.18858709931373596,3931576.75,3840801.0,90775.75,3860786.0,35.39532470703125,40.03796516799957,2.6353953319994616,37.28366185400046,0.10450140400098462,0.11420776300110447,0.12427887284666819,1046.44140625,ok,False,,,N,2000,nan,True
runtime_synth__synthetic_n2000_d1000_noise3.0__runtime_nscale__seed2__kmeans_oracle,run_divi_runtime_synth.py,2026-03-25T10:10:26Z,unknown,x86_64,cpu,x86_64,synthetic,synthetic_n2000_d1000_noise3.0,runtime_nscale,2000,1000,3,0.01,0.99,3.0,20262326,2,kmeans_oracle,nan,kmeans_oracle,nan,nan,nan,,nan,nan,nan,nan,nan,nan,nan,3,0,nan,nan,[],0.8730884133466918,0.8323260000876456,nan,0.9555,nan,nan,nan,nan,nan,nan,nan,nan,nan,1.269036,nan,1.269036,nan,nan,nan,1046.44140625,ok,False,,,N,2000,nan,True
runtime_synth__synthetic_n2000_d1000_noise3.0__runtime_nscale__seed2__gmm_oracle,run_divi_runtime_synth.py,2026-03-25T10:10:30Z,unknown,x86_64,cpu,x86_64,synthetic,synthetic_n2000_d1000_noise3.0,runtime_nscale,2000,1000,3,0.01,0.99,3.0,20262326,2,gmm_oracle,nan,gmm_oracle,nan,nan,nan,,nan,nan,nan,nan,nan,nan,nan,3,0,nan,nan,[],0.6694621933546656,0.6394405665244767,nan,0.871,nan,nan,nan,nan,nan,nan,nan,nan,nan,3.90017,nan,3.90017,nan,nan,nan,1046.44140625,ok,False,,,N,2000,nan,True
runtime_synth__synthetic_n2000_d1000_noise3.0__runtime_nscale__seed2__spkm,run_divi_runtime_synth.py,2026-03-25T10:10:32Z,unknown,x86_64,cpu,x86_64,synthetic,synthetic_n2000_d1000_noise3.0,runtime_nscale,2000,1000,3,0.01,0.99,3.0,20262326,2,spkm,nan,spkm,nan,nan,nan,,nan,nan,nan,nan,nan,nan,nan,3,0,nan,nan,[],0.998498874063205,0.9965853313238789,nan,0.9995,783,0.783,nan,nan,nan,nan,nan,nan,nan,1.9674230000000001,nan,1.9674230000000001,nan,nan,nan,1046.44140625,ok,False,,,N,2000,nan,True
runtime_synth__synthetic_n2000_d1000_noise3.0__runtime_nscale__seed3__divi,run_divi_runtime_synth.py,2026-03-25T10:11:12Z,unknown,x86_64,cpu,x86_64,synthetic,synthetic_n2000_d1000_noise3.0,runtime_nscale,2000,1000,3,0.01,0.99,3.0,20262326,3,divi,1,divi,2000.0,1.0,80,auto_entropy,1418.9385332046727,1.0,0.01,1.0,0.1,300,300,4,3,80,240,"[80, 160, 240]",0.8667376180283305,0.8968565031180705,nan,0.843,10,0.01,0.20945638418197632,0.1859322339296341,3931735.75,3850844.5,80891.25,3861659.25,35.038299560546875,40.67436973599979,3.6852839949988265,36.866510723999454,0.10812169200107746,0.11822921499879158,0.12288836907999819,1259.94140625,ok,False,,,N,2000,nan,True
runtime_synth__synthetic_n2000_d1000_noise3.0__runtime_nscale__seed3__kmeans_oracle,run_divi_runtime_synth.py,2026-03-25T10:11:14Z,unknown,x86_64,cpu,x86_64,synthetic,synthetic_n2000_d1000_noise3.0,runtime_nscale,2000,1000,3,0.01,0.99,3.0,20262326,3,kmeans_oracle,nan,kmeans_oracle,nan,nan,nan,,nan,nan,nan,nan,nan,nan,nan,3,0,nan,nan,[],0.8027641588005743,0.7701338207621181,nan,0.9285,nan,nan,nan,nan,nan,nan,nan,nan,nan,1.927125,nan,1.927125,nan,nan,nan,1259.94140625,ok,False,,,N,2000,nan,True
runtime_synth__synthetic_n2000_d1000_noise3.0__runtime_nscale__seed3__gmm_oracle,run_divi_runtime_synth.py,2026-03-25T10:11:18Z,unknown,x86_64,cpu,x86_64,synthetic,synthetic_n2000_d1000_noise3.0,runtime_nscale,2000,1000,3,0.01,0.99,3.0,20262326,3,gmm_oracle,nan,gmm_oracle,nan,nan,nan,,nan,nan,nan,nan,nan,nan,nan,3,0,nan,nan,[],0.4301080481909995,0.47144906591924224,nan,0.689,nan,nan,nan,nan,nan,nan,nan,nan,nan,3.83501,nan,3.83501,nan,nan,nan,1259.94140625,ok,False,,,N,2000,nan,True
runtime_synth__synthetic_n2000_d1000_noise3.0__runtime_nscale__seed3__spkm,run_divi_runtime_synth.py,2026-03-25T10:11:20Z,unknown,x86_64,cpu,x86_64,synthetic,synthetic_n2000_d1000_noise3.0,runtime_nscale,2000,1000,3,0.01,0.99,3.0,20262326,3,spkm,nan,spkm,nan,nan,nan,,nan,nan,nan,nan,nan,nan,nan,3,0,nan,nan,[],0.998498874063205,0.9965853313238789,nan,0.9995,783,0.783,nan,nan,nan,nan,nan,nan,nan,1.9807869999999999,nan,1.9807869999999999,nan,nan,nan,1259.94140625,ok,False,,,N,2000,nan,True
runtime_synth__synthetic_n2000_d1000_noise3.0__runtime_nscale__seed4__divi,run_divi_runtime_synth.py,2026-03-25T10:11:59Z,unknown,x86_64,cpu,x86_64,synthetic,synthetic_n2000_d1000_noise3.0,runtime_nscale,2000,1000,3,0.01,0.99,3.0,20262326,4,divi,1,divi,2000.0,1.0,80,auto_entropy,1418.9385332046727,1.0,0.01,1.0,0.1,300,300,4,3,80,240,"[80, 160, 240]",0.8744463820769158,0.9028482883692924,nan,0.871,10,0.01,0.21024905145168304,0.1894998550415039,3931514.5,3838533.5,92981.0,3860514.0,35.50029754638672,38.39190310399863,2.7493002110004454,35.52085621900005,0.10691657200004556,0.1174359380001988,0.1184028540633335,1107.48046875,ok,False,,,N,2000,nan,True
runtime_synth__synthetic_n2000_d1000_noise3.0__runtime_nscale__seed4__kmeans_oracle,run_divi_runtime_synth.py,2026-03-25T10:12:00Z,unknown,x86_64,cpu,x86_64,synthetic,synthetic_n2000_d1000_noise3.0,runtime_nscale,2000,1000,3,0.01,0.99,3.0,20262326,4,kmeans_oracle,nan,kmeans_oracle,nan,nan,nan,,nan,nan,nan,nan,nan,nan,nan,3,0,nan,nan,[],0.734111038551505,0.7034659113485042,nan,0.8995,nan,nan,nan,nan,nan,nan,nan,nan,nan,1.012508,nan,1.012508,nan,nan,nan,1107.48046875,ok,False,,,N,2000,nan,True
runtime_synth__synthetic_n2000_d1000_noise3.0__runtime_nscale__seed4__gmm_oracle,run_divi_runtime_synth.py,2026-03-25T10:12:04Z,unknown,x86_64,cpu,x86_64,synthetic,synthetic_n2000_d1000_noise3.0,runtime_nscale,2000,1000,3,0.01,0.99,3.0,20262326,4,gmm_oracle,nan,gmm_oracle,nan,nan,nan,,nan,nan,nan,nan,nan,nan,nan,3,0,nan,nan,[],0.44655853248201083,0.4931315934393226,nan,0.664,nan,nan,nan,nan,nan,nan,nan,nan,nan,3.909751,nan,3.909751,nan,nan,nan,1107.48046875,ok,False,,,N,2000,nan,True
runtime_synth__synthetic_n2000_d1000_noise3.0__runtime_nscale__seed4__spkm,run_divi_runtime_synth.py,2026-03-25T10:12:07Z,unknown,x86_64,cpu,x86_64,synthetic,synthetic_n2000_d1000_noise3.0,runtime_nscale,2000,1000,3,0.01,0.99,3.0,20262326,4,spkm,nan,spkm,nan,nan,nan,,nan,nan,nan,nan,nan,nan,nan,3,0,nan,nan,[],0.998498874063205,0.9965853313238789,nan,0.9995,783,0.783,nan,nan,nan,nan,nan,nan,nan,3.216794,nan,3.216794,nan,nan,nan,1107.48046875,ok,False,,,N,2000,nan,True
runtime_synth__synthetic_n5000_d1000_noise3.0__runtime_nscale__seed0__divi,run_divi_runtime_synth.py,2026-03-25T10:14:57Z,unknown,x86_64,cpu,x86_64,synthetic,synthetic_n5000_d1000_noise3.0,runtime_nscale,5000,1000,3,0.01,0.99,3.0,20265326,0,divi,1,divi,5000.0,1.0,80,auto_entropy,1418.9385332046727,1.0,0.01,1.0,0.1,300,300,4,3,80,240,"[80, 160, 240]",0.8781776262821925,0.8994354527293633,nan,0.8842,10,0.01,0.1801842302083969,0.16267095506191254,9897041.0,9710338.0,186703.0,9751314.0,29.14548110961914,169.98723116100155,5.809441458000947,163.45458702399992,0.2707639719992585,0.7132638160001079,0.5448486234133331,970.1484375,ok,False,,,N,5000,nan,True
runtime_synth__synthetic_n5000_d1000_noise3.0__runtime_nscale__seed0__kmeans_oracle,run_divi_runtime_synth.py,2026-03-25T10:15:00Z,unknown,x86_64,cpu,x86_64,synthetic,synthetic_n5000_d1000_noise3.0,runtime_nscale,5000,1000,3,0.01,0.99,3.0,20265326,0,kmeans_oracle,nan,kmeans_oracle,nan,nan,nan,,nan,nan,nan,nan,nan,nan,nan,3,0,nan,nan,[],0.9773847107525755,0.9584443252453424,nan,0.9924,nan,nan,nan,nan,nan,nan,nan,nan,nan,2.680002,nan,2.680002,nan,nan,nan,970.1484375,ok,False,,,N,5000,nan,True
runtime_synth__synthetic_n5000_d1000_noise3.0__runtime_nscale__seed0__gmm_oracle,run_divi_runtime_synth.py,2026-03-25T10:15:23Z,unknown,x86_64,cpu,x86_64,synthetic,synthetic_n5000_d1000_noise3.0,runtime_nscale,5000,1000,3,0.01,0.99,3.0,20265326,0,gmm_oracle,nan,gmm_oracle,nan,nan,nan,,nan,nan,nan,nan,nan,nan,nan,3,0,nan,nan,[],0.981519238915484,0.9648069572588794,nan,0.9938,nan,nan,nan,nan,nan,nan,nan,nan,nan,23.061403,nan,23.061403,nan,nan,nan,970.1484375,ok,False,,,N,5000,nan,True
runtime_synth__synthetic_n5000_d1000_noise3.0__runtime_nscale__seed0__spkm,run_divi_runtime_synth.py,2026-03-25T10:15:29Z,unknown,x86_64,cpu,x86_64,synthetic,synthetic_n5000_d1000_noise3.0,runtime_nscale,5000,1000,3,0.01,0.99,3.0,20265326,0,spkm,nan,spkm,nan,nan,nan,,nan,nan,nan,nan,nan,nan,nan,3,0,nan,nan,[],0.9946081072363442,0.9878178584818714,nan,0.9982,571,0.571,nan,nan,nan,nan,nan,nan,nan,5.867291,nan,5.867291,nan,nan,nan,970.1484375,ok,False,,,N,5000,nan,True
runtime_synth__synthetic_n5000_d1000_noise3.0__runtime_nscale__seed1__divi,run_divi_runtime_synth.py,2026-03-25T10:18:28Z,unknown,x86_64,cpu,x86_64,synthetic,synthetic_n5000_d1000_noise3.0,runtime_nscale,5000,1000,3,0.01,0.99,3.0,20265326,1,divi,1,divi,5000.0,1.0,80,auto_entropy,1418.9385332046727,1.0,0.01,1.0,0.1,300,300,4,3,80,240,"[80, 160, 240]",0.867654765692908,0.8970385233763651,nan,0.8536,10,0.01,0.18075086176395416,0.16288837790489197,9895796.0,9684350.0,211446.0,9748726.0,29.413986206054688,178.77651495300051,6.204419509000218,171.8564314409996,0.5024495859979652,0.7050117750004574,0.5728547714699986,932.00390625,ok,False,,,N,5000,nan,True
runtime_synth__synthetic_n5000_d1000_noise3.0__runtime_nscale__seed1__kmeans_oracle,run_divi_runtime_synth.py,2026-03-25T10:18:31Z,unknown,x86_64,cpu,x86_64,synthetic,synthetic_n5000_d1000_noise3.0,runtime_nscale,5000,1000,3,0.01,0.99,3.0,20265326,1,kmeans_oracle,nan,kmeans_oracle,nan,nan,nan,,nan,nan,nan,nan,nan,nan,nan,3,0,nan,nan,[],0.980335094067997,0.9628417387815745,nan,0.9934,nan,nan,nan,nan,nan,nan,nan,nan,nan,2.845429,nan,2.845429,nan,nan,nan,932.00390625,ok,False,,,N,5000,nan,True
runtime_synth__synthetic_n5000_d1000_noise3.0__runtime_nscale__seed1__gmm_oracle,run_divi_runtime_synth.py,2026-03-25T10:18:55Z,unknown,x86_64,cpu,x86_64,synthetic,synthetic_n5000_d1000_noise3.0,runtime_nscale,5000,1000,3,0.01,0.99,3.0,20265326,1,gmm_oracle,nan,gmm_oracle,nan,nan,nan,,nan,nan,nan,nan,nan,nan,nan,3,0,nan,nan,[],0.9756101360386173,0.9557765889178278,nan,0.9918,nan,nan,nan,nan,nan,nan,nan,nan,nan,24.290571,nan,24.290571,nan,nan,nan,932.00390625,ok,False,,,N,5000,nan,True
runtime_synth__synthetic_n5000_d1000_noise3.0__runtime_nscale__seed1__spkm,run_divi_runtime_synth.py,2026-03-25T10:19:02Z,unknown,x86_64,cpu,x86_64,synthetic,synthetic_n5000_d1000_noise3.0,runtime_nscale,5000,1000,3,0.01,0.99,3.0,20265326,1,spkm,nan,spkm,nan,nan,nan,,nan,nan,nan,nan,nan,nan,nan,3,0,nan,nan,[],0.9946081072363442,0.9878178584818714,nan,0.9982,571,0.571,nan,nan,nan,nan,nan,nan,nan,6.578606,nan,6.578606,nan,nan,nan,932.00390625,ok,False,,,N,5000,nan,True
runtime_synth__synthetic_n5000_d1000_noise3.0__runtime_nscale__seed2__divi,run_divi_runtime_synth.py,2026-03-25T10:22:07Z,unknown,x86_64,cpu,x86_64,synthetic,synthetic_n5000_d1000_noise3.0,runtime_nscale,5000,1000,3,0.01,0.99,3.0,20265326,2,divi,1,divi,5000.0,1.0,80,auto_entropy,1418.9385332046727,1.0,0.01,1.0,0.1,300,300,4,3,80,240,"[80, 160, 240]",0.8681422916534189,0.8972606389764849,nan,0.8558,10,0.01,0.17987844347953796,0.16101044416427612,9895956.0,9704108.0,191848.0,9751583.0,28.87469482421875,184.61468208599945,6.027301792000799,177.84483333299977,0.4417425959982211,0.731636360000266,0.5928161111099992,703.48046875,ok,False,,,N,5000,nan,True
runtime_synth__synthetic_n5000_d1000_noise3.0__runtime_nscale__seed2__kmeans_oracle,run_divi_runtime_synth.py,2026-03-25T10:22:09Z,unknown,x86_64,cpu,x86_64,synthetic,synthetic_n5000_d1000_noise3.0,runtime_nscale,5000,1000,3,0.01,0.99,3.0,20265326,2,kmeans_oracle,nan,kmeans_oracle,nan,nan,nan,,nan,nan,nan,nan,nan,nan,nan,3,0,nan,nan,[],0.9821096399855207,0.9656983530175969,nan,0.994,nan,nan,nan,nan,nan,nan,nan,nan,nan,2.528371,nan,2.528371,nan,nan,nan,703.48046875,ok,False,,,N,5000,nan,True
runtime_synth__synthetic_n5000_d1000_noise3.0__runtime_nscale__seed2__gmm_oracle,run_divi_runtime_synth.py,2026-03-25T10:22:33Z,unknown,x86_64,cpu,x86_64,synthetic,synthetic_n5000_d1000_noise3.0,runtime_nscale,5000,1000,3,0.01,0.99,3.0,20265326,2,gmm_oracle,nan,gmm_oracle,nan,nan,nan,,nan,nan,nan,nan,nan,nan,nan,3,0,nan,nan,[],0.9756168966525669,0.9554767104601586,nan,0.9918,nan,nan,nan,nan,nan,nan,nan,nan,nan,23.953572,nan,23.953572,nan,nan,nan,703.48046875,ok,False,,,N,5000,nan,True
runtime_synth__synthetic_n5000_d1000_noise3.0__runtime_nscale__seed2__spkm,run_divi_runtime_synth.py,2026-03-25T10:22:39Z,unknown,x86_64,cpu,x86_64,synthetic,synthetic_n5000_d1000_noise3.0,runtime_nscale,5000,1000,3,0.01,0.99,3.0,20265326,2,spkm,nan,spkm,nan,nan,nan,,nan,nan,nan,nan,nan,nan,nan,3,0,nan,nan,[],0.9946081072363442,0.9878178584818714,nan,0.9982,571,0.571,nan,nan,nan,nan,nan,nan,nan,5.914285,nan,5.914285,nan,nan,nan,703.48046875,ok,False,,,N,5000,nan,True
runtime_synth__synthetic_n5000_d1000_noise3.0__runtime_nscale__seed3__divi,run_divi_runtime_synth.py,2026-03-25T10:25:49Z,unknown,x86_64,cpu,x86_64,synthetic,synthetic_n5000_d1000_noise3.0,runtime_nscale,5000,1000,3,0.01,0.99,3.0,20265326,3,divi,1,divi,5000.0,1.0,80,auto_entropy,1418.9385332046727,1.0,0.01,1.0,0.1,300,300,4,3,80,240,"[80, 160, 240]",0.8639999186678575,0.8926021448832319,nan,0.8344,10,0.01,0.17999835312366486,0.1594143658876419,9895810.0,9720845.0,174965.0,9751536.0,28.85470199584961,189.50273471200126,6.653077126999051,182.20492525100053,0.43223589999979595,0.6345065240002441,0.6073497508366684,913.2890625,ok,False,,,N,5000,nan,True
runtime_synth__synthetic_n5000_d1000_noise3.0__runtime_nscale__seed3__kmeans_oracle,run_divi_runtime_synth.py,2026-03-25T10:25:51Z,unknown,x86_64,cpu,x86_64,synthetic,synthetic_n5000_d1000_noise3.0,runtime_nscale,5000,1000,3,0.01,0.99,3.0,20265326,3,kmeans_oracle,nan,kmeans_oracle,nan,nan,nan,,nan,nan,nan,nan,nan,nan,nan,3,0,nan,nan,[],0.9815236715844934,0.9653005389871075,nan,0.9938,nan,nan,nan,nan,nan,nan,nan,nan,nan,2.1583769999999998,nan,2.1583769999999998,nan,nan,nan,913.2890625,ok,False,,,N,5000,nan,True
runtime_synth__synthetic_n5000_d1000_noise3.0__runtime_nscale__seed3__gmm_oracle,run_divi_runtime_synth.py,2026-03-25T10:26:15Z,unknown,x86_64,cpu,x86_64,synthetic,synthetic_n5000_d1000_noise3.0,runtime_nscale,5000,1000,3,0.01,0.99,3.0,20265326,3,gmm_oracle,nan,gmm_oracle,nan,nan,nan,,nan,nan,nan,nan,nan,nan,nan,3,0,nan,nan,[],0.9762108976597886,0.9570363910935543,nan,0.992,nan,nan,nan,nan,nan,nan,nan,nan,nan,24.164409,nan,24.164409,nan,nan,nan,913.2890625,ok,False,,,N,5000,nan,True
runtime_synth__synthetic_n5000_d1000_noise3.0__runtime_nscale__seed3__spkm,run_divi_runtime_synth.py,2026-03-25T10:26:22Z,unknown,x86_64,cpu,x86_64,synthetic,synthetic_n5000_d1000_noise3.0,runtime_nscale,5000,1000,3,0.01,0.99,3.0,20265326,3,spkm,nan,spkm,nan,nan,nan,,nan,nan,nan,nan,nan,nan,nan,3,0,nan,nan,[],0.9946081072363442,0.9878178584818714,nan,0.9982,571,0.571,nan,nan,nan,nan,nan,nan,nan,6.823353,nan,6.823353,nan,nan,nan,913.2890625,ok,False,,,N,5000,nan,True
runtime_synth__synthetic_n5000_d1000_noise3.0__runtime_nscale__seed4__divi,run_divi_runtime_synth.py,2026-03-25T10:29:23Z,unknown,x86_64,cpu,x86_64,synthetic,synthetic_n5000_d1000_noise3.0,runtime_nscale,5000,1000,3,0.01,0.99,3.0,20265326,4,divi,1,divi,5000.0,1.0,80,auto_entropy,1418.9385332046727,1.0,0.01,1.0,0.1,300,300,4,3,80,240,"[80, 160, 240]",0.9285634117468117,0.9142102125462194,nan,0.9506,10,0.01,0.18037743866443634,0.16186219453811646,9896898.0,9716531.0,180367.0,9751061.0,29.167449951171875,180.3529641490004,6.265300778000892,173.13674277899918,0.46624044699819933,0.9408251280001423,0.5771224759299972,760.57421875,ok,False,,,N,5000,nan,True
runtime_synth__synthetic_n5000_d1000_noise3.0__runtime_nscale__seed4__kmeans_oracle,run_divi_runtime_synth.py,2026-03-25T10:29:26Z,unknown,x86_64,cpu,x86_64,synthetic,synthetic_n5000_d1000_noise3.0,runtime_nscale,5000,1000,3,0.01,0.99,3.0,20265326,4,kmeans_oracle,nan,kmeans_oracle,nan,nan,nan,,nan,nan,nan,nan,nan,nan,nan,3,0,nan,nan,[],0.9809305636142881,0.9643814906249447,nan,0.9936,nan,nan,nan,nan,nan,nan,nan,nan,nan,2.262704,nan,2.262704,nan,nan,nan,760.57421875,ok,False,,,N,5000,nan,True
runtime_synth__synthetic_n5000_d1000_noise3.0__runtime_nscale__seed4__gmm_oracle,run_divi_runtime_synth.py,2026-03-25T10:29:47Z,unknown,x86_64,cpu,x86_64,synthetic,synthetic_n5000_d1000_noise3.0,runtime_nscale,5000,1000,3,0.01,0.99,3.0,20265326,4,gmm_oracle,nan,gmm_oracle,nan,nan,nan,,nan,nan,nan,nan,nan,nan,nan,3,0,nan,nan,[],0.9809261894450538,0.9640379094052256,nan,0.9936,nan,nan,nan,nan,nan,nan,nan,nan,nan,21.899753,nan,21.899753,nan,nan,nan,760.57421875,ok,False,,,N,5000,nan,True
runtime_synth__synthetic_n5000_d1000_noise3.0__runtime_nscale__seed4__spkm,run_divi_runtime_synth.py,2026-03-25T10:29:54Z,unknown,x86_64,cpu,x86_64,synthetic,synthetic_n5000_d1000_noise3.0,runtime_nscale,5000,1000,3,0.01,0.99,3.0,20265326,4,spkm,nan,spkm,nan,nan,nan,,nan,nan,nan,nan,nan,nan,nan,3,0,nan,nan,[],0.9946081072363442,0.9878178584818714,nan,0.9982,571,0.571,nan,nan,nan,nan,nan,nan,nan,6.63004,nan,6.63004,nan,nan,nan,760.57421875,ok,False,,,N,5000,nan,True
runtime_synth__synthetic_n1000_d100_noise3.0__runtime_dscale__seed0__divi,run_divi_runtime_synth_direct.py,2026-03-25T12:03:47Z,unknown,x86_64,cpu,x86_64,synthetic,synthetic_n1000_d100_noise3.0,runtime_dscale,1000,100,3,0.1,0.9,3.0,20260425,0,divi,1,divi,1000.0,1.0,80,auto_entropy,141.89385332046726,1.0,0.01,1.0,0.1,300,300,4,3,80,240,"[80, 160, 240]",0.8790863947577888,0.9094849103554182,1.0,0.879,10,0.1,0.28480473160743713,0.20451822876930237,187202.46875,179704.53125,7497.9375,183629.0625,3.573408365249634,3.8030137030000333,0.18821212100010598,2.2569028149991937,0.007537339002738008,0.006953747000807198,0.007523009383330646,459.109375,ok,False,,,D,100,nan,True
runtime_synth__synthetic_n1000_d100_noise3.0__runtime_dscale__seed0__kmeans_oracle,run_divi_runtime_synth_direct.py,2026-03-25T12:03:47Z,unknown,x86_64,cpu,x86_64,synthetic,synthetic_n1000_d100_noise3.0,runtime_dscale,1000,100,3,0.1,0.9,3.0,20260425,0,kmeans_oracle,nan,kmeans_oracle,nan,nan,nan,,nan,nan,nan,nan,nan,nan,nan,3,0,nan,nan,[],1.0,1.0,nan,1.0,nan,nan,nan,nan,nan,nan,nan,nan,nan,0.036396,nan,0.036396,nan,nan,nan,459.4375,ok,False,,,D,100,nan,True
runtime_synth__synthetic_n1000_d100_noise3.0__runtime_dscale__seed0__gmm_oracle,run_divi_runtime_synth_direct.py,2026-03-25T12:03:47Z,unknown,x86_64,cpu,x86_64,synthetic,synthetic_n1000_d100_noise3.0,runtime_dscale,1000,100,3,0.1,0.9,3.0,20260425,0,gmm_oracle,nan,gmm_oracle,nan,nan,nan,,nan,nan,nan,nan,nan,nan,nan,3,0,nan,nan,[],1.0,1.0,nan,1.0,nan,nan,nan,nan,nan,nan,nan,nan,nan,0.060418,nan,0.060418,nan,nan,nan,461.21875,ok,False,,,D,100,nan,True
runtime_synth__synthetic_n1000_d100_noise3.0__runtime_dscale__seed0__spkm,run_divi_runtime_synth_direct.py,2026-03-25T12:03:47Z,unknown,x86_64,cpu,x86_64,synthetic,synthetic_n1000_d100_noise3.0,runtime_dscale,1000,100,3,0.1,0.9,3.0,20260425,0,spkm,nan,spkm,nan,nan,nan,,nan,nan,nan,nan,nan,nan,nan,3,0,nan,nan,[],1.0,1.0,0.19047619047619047,1.0,95,0.95,nan,nan,nan,nan,nan,nan,nan,0.082167,nan,0.082167,nan,nan,nan,461.640625,ok,False,,,D,100,nan,True
runtime_synth__synthetic_n1000_d100_noise3.0__runtime_dscale__seed1__divi,run_divi_runtime_synth_direct.py,2026-03-25T12:03:50Z,unknown,x86_64,cpu,x86_64,synthetic,synthetic_n1000_d100_noise3.0,runtime_dscale,1000,100,3,0.1,0.9,3.0,20260425,1,divi,1,divi,1000.0,1.0,80,auto_entropy,141.89385332046726,1.0,0.01,1.0,0.1,300,300,4,3,80,240,"[80, 160, 240]",0.8717912569048336,0.906079716572033,1.0,0.858,10,0.1,0.2808740437030792,0.20185920596122742,187168.109375,177899.140625,9268.96875,183878.390625,3.2897229194641113,2.37884408500031,0.18409559999781777,2.1876422650020686,0.005775004996394273,0.006284490998950787,0.007292140883340229,475.15234375,ok,False,,,D,100,nan,True
runtime_synth__synthetic_n1000_d100_noise3.0__runtime_dscale__seed1__kmeans_oracle,run_divi_runtime_synth_direct.py,2026-03-25T12:03:50Z,unknown,x86_64,cpu,x86_64,synthetic,synthetic_n1000_d100_noise3.0,runtime_dscale,1000,100,3,0.1,0.9,3.0,20260425,1,kmeans_oracle,nan,kmeans_oracle,nan,nan,nan,,nan,nan,nan,nan,nan,nan,nan,3,0,nan,nan,[],1.0,1.0,nan,1.0,nan,nan,nan,nan,nan,nan,nan,nan,nan,0.039175,nan,0.039175,nan,nan,nan,475.15234375,ok,False,,,D,100,nan,True
runtime_synth__synthetic_n1000_d100_noise3.0__runtime_dscale__seed1__gmm_oracle,run_divi_runtime_synth_direct.py,2026-03-25T12:03:50Z,unknown,x86_64,cpu,x86_64,synthetic,synthetic_n1000_d100_noise3.0,runtime_dscale,1000,100,3,0.1,0.9,3.0,20260425,1,gmm_oracle,nan,gmm_oracle,nan,nan,nan,,nan,nan,nan,nan,nan,nan,nan,3,0,nan,nan,[],0.9970015045323003,0.9938029489046497,nan,0.999,nan,nan,nan,nan,nan,nan,nan,nan,nan,0.057001,nan,0.057001,nan,nan,nan,475.15234375,ok,False,,,D,100,nan,True
runtime_synth__synthetic_n1000_d100_noise3.0__runtime_dscale__seed1__spkm,run_divi_runtime_synth_direct.py,2026-03-25T12:03:50Z,unknown,x86_64,cpu,x86_64,synthetic,synthetic_n1000_d100_noise3.0,runtime_dscale,1000,100,3,0.1,0.9,3.0,20260425,1,spkm,nan,spkm,nan,nan,nan,,nan,nan,nan,nan,nan,nan,nan,3,0,nan,nan,[],1.0,1.0,0.19047619047619047,1.0,95,0.95,nan,nan,nan,nan,nan,nan,nan,0.098977,nan,0.098977,nan,nan,nan,475.16015625,ok,False,,,D,100,nan,True
runtime_synth__synthetic_n1000_d100_noise3.0__runtime_dscale__seed2__divi,run_divi_runtime_synth_direct.py,2026-03-25T12:03:52Z,unknown,x86_64,cpu,x86_64,synthetic,synthetic_n1000_d100_noise3.0,runtime_dscale,1000,100,3,0.1,0.9,3.0,20260425,2,divi,1,divi,1000.0,1.0,80,auto_entropy,141.89385332046726,1.0,0.01,1.0,0.1,300,300,4,3,80,240,"[80, 160, 240]",0.8829865582560039,0.911349518786087,1.0,0.887,10,0.1,0.2850266396999359,0.2068149298429489,187234.5,178575.171875,8659.328125,183602.8125,3.631682872772217,2.166372395997314,0.16435942099997192,1.9955462569996598,0.005714303999411641,0.005732215999159962,0.006651820856665533,465.7734375,ok,False,,,D,100,nan,True
runtime_synth__synthetic_n1000_d100_noise3.0__runtime_dscale__seed2__kmeans_oracle,run_divi_runtime_synth_direct.py,2026-03-25T12:03:52Z,unknown,x86_64,cpu,x86_64,synthetic,synthetic_n1000_d100_noise3.0,runtime_dscale,1000,100,3,0.1,0.9,3.0,20260425,2,kmeans_oracle,nan,kmeans_oracle,nan,nan,nan,,nan,nan,nan,nan,nan,nan,nan,3,0,nan,nan,[],1.0,1.0,nan,1.0,nan,nan,nan,nan,nan,nan,nan,nan,nan,0.03915,nan,0.03915,nan,nan,nan,465.7734375,ok,False,,,D,100,nan,True
runtime_synth__synthetic_n1000_d100_noise3.0__runtime_dscale__seed2__gmm_oracle,run_divi_runtime_synth_direct.py,2026-03-25T12:03:52Z,unknown,x86_64,cpu,x86_64,synthetic,synthetic_n1000_d100_noise3.0,runtime_dscale,1000,100,3,0.1,0.9,3.0,20260425,2,gmm_oracle,nan,gmm_oracle,nan,nan,nan,,nan,nan,nan,nan,nan,nan,nan,3,0,nan,nan,[],1.0,1.0,nan,1.0,nan,nan,nan,nan,nan,nan,nan,nan,nan,0.094502,nan,0.094502,nan,nan,nan,465.7734375,ok,False,,,D,100,nan,True
runtime_synth__synthetic_n1000_d100_noise3.0__runtime_dscale__seed2__spkm,run_divi_runtime_synth_direct.py,2026-03-25T12:03:53Z,unknown,x86_64,cpu,x86_64,synthetic,synthetic_n1000_d100_noise3.0,runtime_dscale,1000,100,3,0.1,0.9,3.0,20260425,2,spkm,nan,spkm,nan,nan,nan,,nan,nan,nan,nan,nan,nan,nan,3,0,nan,nan,[],1.0,1.0,0.19047619047619047,1.0,95,0.95,nan,nan,nan,nan,nan,nan,nan,0.125076,nan,0.125076,nan,nan,nan,465.77734375,ok,False,,,D,100,nan,True
runtime_synth__synthetic_n1000_d100_noise3.0__runtime_dscale__seed3__divi,run_divi_runtime_synth_direct.py,2026-03-25T12:03:55Z,unknown,x86_64,cpu,x86_64,synthetic,synthetic_n1000_d100_noise3.0,runtime_dscale,1000,100,3,0.1,0.9,3.0,20260425,3,divi,1,divi,1000.0,1.0,80,auto_entropy,141.89385332046726,1.0,0.01,1.0,0.1,300,300,4,3,80,240,"[80, 160, 240]",0.869828316109374,0.9051810602393668,1.0,0.848,10,0.1,0.28012406826019287,0.20178955793380737,187181.796875,175497.203125,11684.59375,183925.59375,3.2562038898468018,2.7922616569994716,0.20691818300110754,2.576151295997988,0.006307205003395211,0.008224602999689523,0.00858717098665996,465.78515625,ok,False,,,D,100,nan,True
runtime_synth__synthetic_n1000_d100_noise3.0__runtime_dscale__seed3__kmeans_oracle,run_divi_runtime_synth_direct.py,2026-03-25T12:03:55Z,unknown,x86_64,cpu,x86_64,synthetic,synthetic_n1000_d100_noise3.0,runtime_dscale,1000,100,3,0.1,0.9,3.0,20260425,3,kmeans_oracle,nan,kmeans_oracle,nan,nan,nan,,nan,nan,nan,nan,nan,nan,nan,3,0,nan,nan,[],1.0,1.0,nan,1.0,nan,nan,nan,nan,nan,nan,nan,nan,nan,0.057363,nan,0.057363,nan,nan,nan,465.78515625,ok,False,,,D,100,nan,True
runtime_synth__synthetic_n1000_d100_noise3.0__runtime_dscale__seed3__gmm_oracle,run_divi_runtime_synth_direct.py,2026-03-25T12:03:56Z,unknown,x86_64,cpu,x86_64,synthetic,synthetic_n1000_d100_noise3.0,runtime_dscale,1000,100,3,0.1,0.9,3.0,20260425,3,gmm_oracle,nan,gmm_oracle,nan,nan,nan,,nan,nan,nan,nan,nan,nan,nan,3,0,nan,nan,[],1.0,1.0,nan,1.0,nan,nan,nan,nan,nan,nan,nan,nan,nan,0.231152,nan,0.231152,nan,nan,nan,465.7890625,ok,False,,,D,100,nan,True
runtime_synth__synthetic_n1000_d100_noise3.0__runtime_dscale__seed3__spkm,run_divi_runtime_synth_direct.py,2026-03-25T12:03:56Z,unknown,x86_64,cpu,x86_64,synthetic,synthetic_n1000_d100_noise3.0,runtime_dscale,1000,100,3,0.1,0.9,3.0,20260425,3,spkm,nan,spkm,nan,nan,nan,,nan,nan,nan,nan,nan,nan,nan,3,0,nan,nan,[],1.0,1.0,0.19047619047619047,1.0,95,0.95,nan,nan,nan,nan,nan,nan,nan,0.159605,nan,0.159605,nan,nan,nan,465.7890625,ok,False,,,D,100,nan,True
runtime_synth__synthetic_n1000_d100_noise3.0__runtime_dscale__seed4__divi,run_divi_runtime_synth_direct.py,2026-03-25T12:03:58Z,unknown,x86_64,cpu,x86_64,synthetic,synthetic_n1000_d100_noise3.0,runtime_dscale,1000,100,3,0.1,0.9,3.0,20260425,4,divi,1,divi,1000.0,1.0,80,auto_entropy,141.89385332046726,1.0,0.01,1.0,0.1,300,300,4,3,80,240,"[80, 160, 240]",0.86968590675457,0.9051161454734877,1.0,0.847,10,0.1,0.28146541118621826,0.19316202402114868,187226.015625,178759.140625,8466.875,183830.328125,3.3956851959228516,2.246019800997601,0.19581273199946736,2.0420905710016086,0.005799816997750895,0.007369417002337286,0.006806968570005362,465.4453125,ok,False,,,D,100,nan,True
runtime_synth__synthetic_n1000_d100_noise3.0__runtime_dscale__seed4__kmeans_oracle,run_divi_runtime_synth_direct.py,2026-03-25T12:03:58Z,unknown,x86_64,cpu,x86_64,synthetic,synthetic_n1000_d100_noise3.0,runtime_dscale,1000,100,3,0.1,0.9,3.0,20260425,4,kmeans_oracle,nan,kmeans_oracle,nan,nan,nan,,nan,nan,nan,nan,nan,nan,nan,3,0,nan,nan,[],1.0,1.0,nan,1.0,nan,nan,nan,nan,nan,nan,nan,nan,nan,0.04417,nan,0.04417,nan,nan,nan,465.4453125,ok,False,,,D,100,nan,True
runtime_synth__synthetic_n1000_d100_noise3.0__runtime_dscale__seed4__gmm_oracle,run_divi_runtime_synth_direct.py,2026-03-25T12:03:58Z,unknown,x86_64,cpu,x86_64,synthetic,synthetic_n1000_d100_noise3.0,runtime_dscale,1000,100,3,0.1,0.9,3.0,20260425,4,gmm_oracle,nan,gmm_oracle,nan,nan,nan,,nan,nan,nan,nan,nan,nan,nan,3,0,nan,nan,[],0.9970015045323003,0.9938029489046497,nan,0.999,nan,nan,nan,nan,nan,nan,nan,nan,nan,0.100289,nan,0.100289,nan,nan,nan,465.4453125,ok,False,,,D,100,nan,True
runtime_synth__synthetic_n1000_d100_noise3.0__runtime_dscale__seed4__spkm,run_divi_runtime_synth_direct.py,2026-03-25T12:03:58Z,unknown,x86_64,cpu,x86_64,synthetic,synthetic_n1000_d100_noise3.0,runtime_dscale,1000,100,3,0.1,0.9,3.0,20260425,4,spkm,nan,spkm,nan,nan,nan,,nan,nan,nan,nan,nan,nan,nan,3,0,nan,nan,[],1.0,1.0,0.19047619047619047,1.0,95,0.95,nan,nan,nan,nan,nan,nan,nan,0.107402,nan,0.107402,nan,nan,nan,465.44921875,ok,False,,,D,100,nan,True
runtime_synth__synthetic_n1000_d500_noise3.0__runtime_dscale__seed0__divi,run_divi_runtime_synth_direct.py,2026-03-25T12:04:10Z,unknown,x86_64,cpu,x86_64,synthetic,synthetic_n1000_d500_noise3.0,runtime_dscale,1000,500,3,0.02,0.98,3.0,20260825,0,divi,1,divi,1000.0,1.0,80,auto_entropy,709.4692666023363,1.0,0.01,1.0,0.1,300,300,4,3,80,240,"[80, 160, 240]",0.8678246112931919,0.8998556849854175,0.8,0.844,15,0.03,0.24478524923324585,0.21513396501541138,971687.8125,940874.3125,30813.5,951060.5,20.627304077148438,12.13497088999793,0.9113581359997625,11.182148122999934,0.025437037998926826,0.04018679000000702,0.037273827076666446,529.53125,ok,False,,,D,500,nan,True
runtime_synth__synthetic_n1000_d500_noise3.0__runtime_dscale__seed0__kmeans_oracle,run_divi_runtime_synth_direct.py,2026-03-25T12:04:11Z,unknown,x86_64,cpu,x86_64,synthetic,synthetic_n1000_d500_noise3.0,runtime_dscale,1000,500,3,0.02,0.98,3.0,20260825,0,kmeans_oracle,nan,kmeans_oracle,nan,nan,nan,,nan,nan,nan,nan,nan,nan,nan,3,0,nan,nan,[],0.709732882357319,0.6855525018315312,nan,0.888,nan,nan,nan,nan,nan,nan,nan,nan,nan,0.283686,nan,0.283686,nan,nan,nan,529.53125,ok,False,,,D,500,nan,True
runtime_synth__synthetic_n1000_d500_noise3.0__runtime_dscale__seed0__gmm_oracle,run_divi_runtime_synth_direct.py,2026-03-25T12:04:12Z,unknown,x86_64,cpu,x86_64,synthetic,synthetic_n1000_d500_noise3.0,runtime_dscale,1000,500,3,0.02,0.98,3.0,20260825,0,gmm_oracle,nan,gmm_oracle,nan,nan,nan,,nan,nan,nan,nan,nan,nan,nan,3,0,nan,nan,[],0.45309172759958166,0.4928627179348216,nan,0.701,nan,nan,nan,nan,nan,nan,nan,nan,nan,0.87489,nan,0.87489,nan,nan,nan,532.53125,ok,False,,,D,500,nan,True
runtime_synth__synthetic_n1000_d500_noise3.0__runtime_dscale__seed0__spkm,run_divi_runtime_synth_direct.py,2026-03-25T12:04:12Z,unknown,x86_64,cpu,x86_64,synthetic,synthetic_n1000_d500_noise3.0,runtime_dscale,1000,500,3,0.02,0.98,3.0,20260825,0,spkm,nan,spkm,nan,nan,nan,,nan,nan,nan,nan,nan,nan,nan,3,0,nan,nan,[],0.9940030000150241,0.9876059147486771,0.043668122270742356,0.998,448,0.896,nan,nan,nan,nan,nan,nan,nan,0.476789,nan,0.476789,nan,nan,nan,532.53515625,ok,False,,,D,500,nan,True
runtime_synth__synthetic_n1000_d500_noise3.0__runtime_dscale__seed1__divi,run_divi_runtime_synth_direct.py,2026-03-25T12:04:24Z,unknown,x86_64,cpu,x86_64,synthetic,synthetic_n1000_d500_noise3.0,runtime_dscale,1000,500,3,0.02,0.98,3.0,20260825,1,divi,1,divi,1000.0,1.0,80,auto_entropy,709.4692666023363,1.0,0.01,1.0,0.1,300,300,4,3,80,240,"[80, 160, 240]",0.8640508301215161,0.8940427467024771,0.8,0.834,15,0.03,0.24413393437862396,0.21167153120040894,971630.375,937627.5,34002.875,951244.3125,20.386056900024414,11.841207175999443,0.9076643449989206,10.898828983001295,0.02926386800027103,0.033203366001544055,0.03632942994333765,543.98828125,ok,False,,,D,500,nan,True
runtime_synth__synthetic_n1000_d500_noise3.0__runtime_dscale__seed1__kmeans_oracle,run_divi_runtime_synth_direct.py,2026-03-25T12:04:24Z,unknown,x86_64,cpu,x86_64,synthetic,synthetic_n1000_d500_noise3.0,runtime_dscale,1000,500,3,0.02,0.98,3.0,20260825,1,kmeans_oracle,nan,kmeans_oracle,nan,nan,nan,,nan,nan,nan,nan,nan,nan,nan,3,0,nan,nan,[],0.87160084933864,0.8320242909069556,nan,0.955,nan,nan,nan,nan,nan,nan,nan,nan,nan,0.261161,nan,0.261161,nan,nan,nan,543.98828125,ok,False,,,D,500,nan,True
runtime_synth__synthetic_n1000_d500_noise3.0__runtime_dscale__seed1__gmm_oracle,run_divi_runtime_synth_direct.py,2026-03-25T12:04:25Z,unknown,x86_64,cpu,x86_64,synthetic,synthetic_n1000_d500_noise3.0,runtime_dscale,1000,500,3,0.02,0.98,3.0,20260825,1,gmm_oracle,nan,gmm_oracle,nan,nan,nan,,nan,nan,nan,nan,nan,nan,nan,3,0,nan,nan,[],0.6824291541779783,0.664785091492741,nan,0.875,nan,nan,nan,nan,nan,nan,nan,nan,nan,0.941505,nan,0.941505,nan,nan,nan,543.9921875,ok,False,,,D,500,nan,True
runtime_synth__synthetic_n1000_d500_noise3.0__runtime_dscale__seed1__spkm,run_divi_runtime_synth_direct.py,2026-03-25T12:04:26Z,unknown,x86_64,cpu,x86_64,synthetic,synthetic_n1000_d500_noise3.0,runtime_dscale,1000,500,3,0.02,0.98,3.0,20260825,1,spkm,nan,spkm,nan,nan,nan,,nan,nan,nan,nan,nan,nan,nan,3,0,nan,nan,[],0.9940030000150241,0.9876059147486771,0.043668122270742356,0.998,448,0.896,nan,nan,nan,nan,nan,nan,nan,0.484663,nan,0.484663,nan,nan,nan,543.9921875,ok,False,,,D,500,nan,True
runtime_synth__synthetic_n1000_d500_noise3.0__runtime_dscale__seed2__divi,run_divi_runtime_synth_direct.py,2026-03-25T12:04:38Z,unknown,x86_64,cpu,x86_64,synthetic,synthetic_n1000_d500_noise3.0,runtime_dscale,1000,500,3,0.02,0.98,3.0,20260825,2,divi,1,divi,1000.0,1.0,80,auto_entropy,709.4692666023363,1.0,0.01,1.0,0.1,300,300,4,3,80,240,"[80, 160, 240]",0.8666411491860637,0.8952024365215505,0.8,0.855,15,0.03,0.24427887797355652,0.21011172235012054,971719.0,946149.5625,25569.4375,951210.0,20.50899314880371,12.246655877002922,0.9154954020013975,11.29992271500305,0.04139475199917797,0.02979887800029246,0.03766640905001017,544.0,ok,False,,,D,500,nan,True
runtime_synth__synthetic_n1000_d500_noise3.0__runtime_dscale__seed2__kmeans_oracle,run_divi_runtime_synth_direct.py,2026-03-25T12:04:38Z,unknown,x86_64,cpu,x86_64,synthetic,synthetic_n1000_d500_noise3.0,runtime_dscale,1000,500,3,0.02,0.98,3.0,20260825,2,kmeans_oracle,nan,kmeans_oracle,nan,nan,nan,,nan,nan,nan,nan,nan,nan,nan,3,0,nan,nan,[],0.8401601748262775,0.8009242838736389,nan,0.943,nan,nan,nan,nan,nan,nan,nan,nan,nan,0.284889,nan,0.284889,nan,nan,nan,544.0,ok,False,,,D,500,nan,True
runtime_synth__synthetic_n1000_d500_noise3.0__runtime_dscale__seed2__gmm_oracle,run_divi_runtime_synth_direct.py,2026-03-25T12:04:39Z,unknown,x86_64,cpu,x86_64,synthetic,synthetic_n1000_d500_noise3.0,runtime_dscale,1000,500,3,0.02,0.98,3.0,20260825,2,gmm_oracle,nan,gmm_oracle,nan,nan,nan,,nan,nan,nan,nan,nan,nan,nan,3,0,nan,nan,[],0.7754519385661254,0.7359457908829382,nan,0.918,nan,nan,nan,nan,nan,nan,nan,nan,nan,0.872808,nan,0.872808,nan,nan,nan,544.00390625,ok,False,,,D,500,nan,True
runtime_synth__synthetic_n1000_d500_noise3.0__runtime_dscale__seed2__spkm,run_divi_runtime_synth_direct.py,2026-03-25T12:04:40Z,unknown,x86_64,cpu,x86_64,synthetic,synthetic_n1000_d500_noise3.0,runtime_dscale,1000,500,3,0.02,0.98,3.0,20260825,2,spkm,nan,spkm,nan,nan,nan,,nan,nan,nan,nan,nan,nan,nan,3,0,nan,nan,[],0.9940030000150241,0.9876059147486771,0.043668122270742356,0.998,448,0.896,nan,nan,nan,nan,nan,nan,nan,0.455372,nan,0.455372,nan,nan,nan,544.00390625,ok,False,,,D,500,nan,True
runtime_synth__synthetic_n1000_d500_noise3.0__runtime_dscale__seed3__divi,run_divi_runtime_synth_direct.py,2026-03-25T12:04:51Z,unknown,x86_64,cpu,x86_64,synthetic,synthetic_n1000_d500_noise3.0,runtime_dscale,1000,500,3,0.02,0.98,3.0,20260825,3,divi,1,divi,1000.0,1.0,80,auto_entropy,709.4692666023363,1.0,0.01,1.0,0.1,300,300,4,3,80,240,"[80, 160, 240]",0.8640508301215161,0.8940427467024771,0.7692307692307693,0.834,16,0.032,0.2449761927127838,0.21096959710121155,971703.0,942154.8125,29548.1875,950982.625,20.720388412475586,11.591815947998839,0.9050363700007438,10.647815530999651,0.026001677004387602,0.03748083500249777,0.0354927184366655,547.82421875,ok,False,,,D,500,nan,True
runtime_synth__synthetic_n1000_d500_noise3.0__runtime_dscale__seed3__kmeans_oracle,run_divi_runtime_synth_direct.py,2026-03-25T12:04:51Z,unknown,x86_64,cpu,x86_64,synthetic,synthetic_n1000_d500_noise3.0,runtime_dscale,1000,500,3,0.02,0.98,3.0,20260825,3,kmeans_oracle,nan,kmeans_oracle,nan,nan,nan,,nan,nan,nan,nan,nan,nan,nan,3,0,nan,nan,[],0.767384186643999,0.7252442174390693,nan,0.914,nan,nan,nan,nan,nan,nan,nan,nan,nan,0.229722,nan,0.229722,nan,nan,nan,547.828125,ok,False,,,D,500,nan,True
runtime_synth__synthetic_n1000_d500_noise3.0__runtime_dscale__seed3__gmm_oracle,run_divi_runtime_synth_direct.py,2026-03-25T12:04:52Z,unknown,x86_64,cpu,x86_64,synthetic,synthetic_n1000_d500_noise3.0,runtime_dscale,1000,500,3,0.02,0.98,3.0,20260825,3,gmm_oracle,nan,gmm_oracle,nan,nan,nan,,nan,nan,nan,nan,nan,nan,nan,3,0,nan,nan,[],0.3877544359835218,0.4521799527962504,nan,0.629,nan,nan,nan,nan,nan,nan,nan,nan,nan,0.88581,nan,0.88581,nan,nan,nan,547.828125,ok,False,,,D,500,nan,True
runtime_synth__synthetic_n1000_d500_noise3.0__runtime_dscale__seed3__spkm,run_divi_runtime_synth_direct.py,2026-03-25T12:04:53Z,unknown,x86_64,cpu,x86_64,synthetic,synthetic_n1000_d500_noise3.0,runtime_dscale,1000,500,3,0.02,0.98,3.0,20260825,3,spkm,nan,spkm,nan,nan,nan,,nan,nan,nan,nan,nan,nan,nan,3,0,nan,nan,[],0.9940030000150241,0.9876059147486771,0.043668122270742356,0.998,448,0.896,nan,nan,nan,nan,nan,nan,nan,0.479471,nan,0.479471,nan,nan,nan,547.828125,ok,False,,,D,500,nan,True
runtime_synth__synthetic_n1000_d500_noise3.0__runtime_dscale__seed4__divi,run_divi_runtime_synth_direct.py,2026-03-25T12:05:05Z,unknown,x86_64,cpu,x86_64,synthetic,synthetic_n1000_d500_noise3.0,runtime_dscale,1000,500,3,0.02,0.98,3.0,20260825,4,divi,1,divi,1000.0,1.0,80,auto_entropy,709.4692666023363,1.0,0.01,1.0,0.1,300,300,4,3,80,240,"[80, 160, 240]",0.8739464360437226,0.8986307205353946,0.8333333333333334,0.876,14,0.028,0.24453788995742798,0.21264813840389252,971616.875,939961.75,31655.125,951114.75,20.50212287902832,11.90143462999913,0.95671976399899,10.88487310200071,0.030104740002570907,0.05835750400001416,0.03628291034000237,555.47265625,ok,False,,,D,500,nan,True
runtime_synth__synthetic_n1000_d500_noise3.0__runtime_dscale__seed4__kmeans_oracle,run_divi_runtime_synth_direct.py,2026-03-25T12:05:05Z,unknown,x86_64,cpu,x86_64,synthetic,synthetic_n1000_d500_noise3.0,runtime_dscale,1000,500,3,0.02,0.98,3.0,20260825,4,kmeans_oracle,nan,kmeans_oracle,nan,nan,nan,,nan,nan,nan,nan,nan,nan,nan,3,0,nan,nan,[],0.8530602557638053,0.812302608112427,nan,0.948,nan,nan,nan,nan,nan,nan,nan,nan,nan,0.219529,nan,0.219529,nan,nan,nan,555.47265625,ok,False,,,D,500,nan,True
runtime_synth__synthetic_n1000_d500_noise3.0__runtime_dscale__seed4__gmm_oracle,run_divi_runtime_synth_direct.py,2026-03-25T12:05:06Z,unknown,x86_64,cpu,x86_64,synthetic,synthetic_n1000_d500_noise3.0,runtime_dscale,1000,500,3,0.02,0.98,3.0,20260825,4,gmm_oracle,nan,gmm_oracle,nan,nan,nan,,nan,nan,nan,nan,nan,nan,nan,3,0,nan,nan,[],0.7848791119385957,0.7483009946979001,nan,0.921,nan,nan,nan,nan,nan,nan,nan,nan,nan,0.780125,nan,0.780125,nan,nan,nan,555.47265625,ok,False,,,D,500,nan,True
runtime_synth__synthetic_n1000_d500_noise3.0__runtime_dscale__seed4__spkm,run_divi_runtime_synth_direct.py,2026-03-25T12:05:06Z,unknown,x86_64,cpu,x86_64,synthetic,synthetic_n1000_d500_noise3.0,runtime_dscale,1000,500,3,0.02,0.98,3.0,20260825,4,spkm,nan,spkm,nan,nan,nan,,nan,nan,nan,nan,nan,nan,nan,3,0,nan,nan,[],0.9940030000150241,0.9876059147486771,0.043668122270742356,0.998,448,0.896,nan,nan,nan,nan,nan,nan,nan,0.463394,nan,0.463394,nan,nan,nan,555.47265625,ok,False,,,D,500,nan,True
runtime_synth__synthetic_n1000_d1000_noise3.0__runtime_dscale__seed0__divi,run_divi_runtime_synth_direct.py,2026-03-25T12:05:30Z,unknown,x86_64,cpu,x86_64,synthetic,synthetic_n1000_d1000_noise3.0,runtime_dscale,1000,1000,3,0.01,0.99,3.0,20261325,0,divi,1,divi,1000.0,1.0,80,auto_entropy,1418.9385332046727,1.0,0.01,1.0,0.1,300,300,4,3,80,240,"[80, 160, 240]",0.8654356393371855,0.8946463063862121,0.4,0.843,40,0.04,0.25405898690223694,0.22810330986976624,1945402.125,1894089.875,51312.25,1901187.375,44.2147331237793,23.218780923998565,1.7204617710012826,21.433754091998708,0.050619868001376744,0.06218893600089359,0.07144584697332902,612.74609375,ok,False,,,D,1000,nan,True
runtime_synth__synthetic_n1000_d1000_noise3.0__runtime_dscale__seed0__kmeans_oracle,run_divi_runtime_synth_direct.py,2026-03-25T12:05:30Z,unknown,x86_64,cpu,x86_64,synthetic,synthetic_n1000_d1000_noise3.0,runtime_dscale,1000,1000,3,0.01,0.99,3.0,20261325,0,kmeans_oracle,nan,kmeans_oracle,nan,nan,nan,,nan,nan,nan,nan,nan,nan,nan,3,0,nan,nan,[],0.44524753983739007,0.45403498505795215,nan,0.74,nan,nan,nan,nan,nan,nan,nan,nan,nan,0.39248,nan,0.39248,nan,nan,nan,612.74609375,ok,False,,,D,1000,nan,True
runtime_synth__synthetic_n1000_d1000_noise3.0__runtime_dscale__seed0__gmm_oracle,run_divi_runtime_synth_direct.py,2026-03-25T12:05:33Z,unknown,x86_64,cpu,x86_64,synthetic,synthetic_n1000_d1000_noise3.0,runtime_dscale,1000,1000,3,0.01,0.99,3.0,20261325,0,gmm_oracle,nan,gmm_oracle,nan,nan,nan,,nan,nan,nan,nan,nan,nan,nan,3,0,nan,nan,[],0.3716063556371758,0.44723570154113695,nan,0.601,nan,nan,nan,nan,nan,nan,nan,nan,nan,2.563358,nan,2.563358,nan,nan,nan,615.1875,ok,False,,,D,1000,nan,True
runtime_synth__synthetic_n1000_d1000_noise3.0__runtime_dscale__seed0__spkm,run_divi_runtime_synth_direct.py,2026-03-25T12:05:33Z,unknown,x86_64,cpu,x86_64,synthetic,synthetic_n1000_d1000_noise3.0,runtime_dscale,1000,1000,3,0.01,0.99,3.0,20261325,0,spkm,nan,spkm,nan,nan,nan,,nan,nan,nan,nan,nan,nan,nan,3,0,nan,nan,[],0.9970015045323003,0.9938029489046497,0.022650056625141562,0.999,873,0.873,nan,nan,nan,nan,nan,nan,nan,0.862115,nan,0.862115,nan,nan,nan,615.1875,ok,False,,,D,1000,nan,True
runtime_synth__synthetic_n1000_d1000_noise3.0__runtime_dscale__seed1__divi,run_divi_runtime_synth_direct.py,2026-03-25T12:05:54Z,unknown,x86_64,cpu,x86_64,synthetic,synthetic_n1000_d1000_noise3.0,runtime_dscale,1000,1000,3,0.01,0.99,3.0,20261325,1,divi,1,divi,1000.0,1.0,80,auto_entropy,1418.9385332046727,1.0,0.01,1.0,0.1,300,300,4,3,80,240,"[80, 160, 240]",0.8630788936315316,0.890395272811926,0.39215686274509803,0.843,41,0.041,0.25450849533081055,0.22942954301834106,1945371.25,1892377.375,52993.875,1900914.5,44.45669174194336,20.826281082001515,1.7001083129980543,19.060577517000638,0.05311604599774,0.063223219000065,0.06353525839000213,710.55859375,ok,False,,,D,1000,nan,True
runtime_synth__synthetic_n1000_d1000_noise3.0__runtime_dscale__seed1__kmeans_oracle,run_divi_runtime_synth_direct.py,2026-03-25T12:05:55Z,unknown,x86_64,cpu,x86_64,synthetic,synthetic_n1000_d1000_noise3.0,runtime_dscale,1000,1000,3,0.01,0.99,3.0,20261325,1,kmeans_oracle,nan,kmeans_oracle,nan,nan,nan,,nan,nan,nan,nan,nan,nan,nan,3,0,nan,nan,[],0.45525929293501605,0.4964204170726029,nan,0.678,nan,nan,nan,nan,nan,nan,nan,nan,nan,0.375259,nan,0.375259,nan,nan,nan,710.55859375,ok,False,,,D,1000,nan,True
runtime_synth__synthetic_n1000_d1000_noise3.0__runtime_dscale__seed1__gmm_oracle,run_divi_runtime_synth_direct.py,2026-03-25T12:05:57Z,unknown,x86_64,cpu,x86_64,synthetic,synthetic_n1000_d1000_noise3.0,runtime_dscale,1000,1000,3,0.01,0.99,3.0,20261325,1,gmm_oracle,nan,gmm_oracle,nan,nan,nan,,nan,nan,nan,nan,nan,nan,nan,3,0,nan,nan,[],0.4462430264204144,0.4978516497120865,nan,0.664,nan,nan,nan,nan,nan,nan,nan,nan,nan,2.426293,nan,2.426293,nan,nan,nan,710.55859375,ok,False,,,D,1000,nan,True
runtime_synth__synthetic_n1000_d1000_noise3.0__runtime_dscale__seed1__spkm,run_divi_runtime_synth_direct.py,2026-03-25T12:05:58Z,unknown,x86_64,cpu,x86_64,synthetic,synthetic_n1000_d1000_noise3.0,runtime_dscale,1000,1000,3,0.01,0.99,3.0,20261325,1,spkm,nan,spkm,nan,nan,nan,,nan,nan,nan,nan,nan,nan,nan,3,0,nan,nan,[],0.9970015045323003,0.9938029489046497,0.022650056625141562,0.999,873,0.873,nan,nan,nan,nan,nan,nan,nan,0.870041,nan,0.870041,nan,nan,nan,710.5625,ok,False,,,D,1000,nan,True
runtime_synth__synthetic_n1000_d1000_noise3.0__runtime_dscale__seed2__divi,run_divi_runtime_synth_direct.py,2026-03-25T12:06:20Z,unknown,x86_64,cpu,x86_64,synthetic,synthetic_n1000_d1000_noise3.0,runtime_dscale,1000,1000,3,0.01,0.99,3.0,20261325,2,divi,1,divi,1000.0,1.0,80,auto_entropy,1418.9385332046727,1.0,0.01,1.0,0.1,300,300,4,3,80,240,"[80, 160, 240]",0.8632480773418789,0.8892660408344389,0.425531914893617,0.843,37,0.037,0.25237444043159485,0.22806325554847717,1945203.75,1889422.75,55781.0,1902286.375,42.917396545410156,21.58516341699942,1.710095343998546,19.811820119000913,0.05098842499864986,0.060894424001162406,0.06603940039666971,741.0859375,ok,False,,,D,1000,nan,True
runtime_synth__synthetic_n1000_d1000_noise3.0__runtime_dscale__seed2__kmeans_oracle,run_divi_runtime_synth_direct.py,2026-03-25T12:06:20Z,unknown,x86_64,cpu,x86_64,synthetic,synthetic_n1000_d1000_noise3.0,runtime_dscale,1000,1000,3,0.01,0.99,3.0,20261325,2,kmeans_oracle,nan,kmeans_oracle,nan,nan,nan,,nan,nan,nan,nan,nan,nan,nan,3,0,nan,nan,[],0.41050369754460747,0.44387835585477253,nan,0.698,nan,nan,nan,nan,nan,nan,nan,nan,nan,0.470141,nan,0.470141,nan,nan,nan,741.0859375,ok,False,,,D,1000,nan,True
runtime_synth__synthetic_n1000_d1000_noise3.0__runtime_dscale__seed2__gmm_oracle,run_divi_runtime_synth_direct.py,2026-03-25T12:06:23Z,unknown,x86_64,cpu,x86_64,synthetic,synthetic_n1000_d1000_noise3.0,runtime_dscale,1000,1000,3,0.01,0.99,3.0,20261325,2,gmm_oracle,nan,gmm_oracle,nan,nan,nan,,nan,nan,nan,nan,nan,nan,nan,3,0,nan,nan,[],0.40051136792412545,0.4461571061524615,nan,0.652,nan,nan,nan,nan,nan,nan,nan,nan,nan,2.5147180000000002,nan,2.5147180000000002,nan,nan,nan,741.0859375,ok,False,,,D,1000,nan,True
runtime_synth__synthetic_n1000_d1000_noise3.0__runtime_dscale__seed2__spkm,run_divi_runtime_synth_direct.py,2026-03-25T12:06:24Z,unknown,x86_64,cpu,x86_64,synthetic,synthetic_n1000_d1000_noise3.0,runtime_dscale,1000,1000,3,0.01,0.99,3.0,20261325,2,spkm,nan,spkm,nan,nan,nan,,nan,nan,nan,nan,nan,nan,nan,3,0,nan,nan,[],0.9970015045323003,0.9938029489046497,0.022650056625141562,0.999,873,0.873,nan,nan,nan,nan,nan,nan,nan,0.931216,nan,0.931216,nan,nan,nan,741.0859375,ok,False,,,D,1000,nan,True
runtime_synth__synthetic_n1000_d1000_noise3.0__runtime_dscale__seed3__divi,run_divi_runtime_synth_direct.py,2026-03-25T12:06:46Z,unknown,x86_64,cpu,x86_64,synthetic,synthetic_n1000_d1000_noise3.0,runtime_dscale,1000,1000,3,0.01,0.99,3.0,20261325,3,divi,1,divi,1000.0,1.0,80,auto_entropy,1418.9385332046727,1.0,0.01,1.0,0.1,300,300,4,3,80,240,"[80, 160, 240]",0.8661373299770324,0.8847893035866942,0.40816326530612246,0.871,39,0.039,0.2534260153770447,0.225983664393425,1945535.875,1894870.0,50665.875,1901808.0,43.72792053222656,22.13995440099825,1.7204696920016431,20.34088184900247,0.053537869000138016,0.0762468489992898,0.0678029394966749,641.91796875,ok,False,,,D,1000,nan,True
runtime_synth__synthetic_n1000_d1000_noise3.0__runtime_dscale__seed3__kmeans_oracle,run_divi_runtime_synth_direct.py,2026-03-25T12:06:46Z,unknown,x86_64,cpu,x86_64,synthetic,synthetic_n1000_d1000_noise3.0,runtime_dscale,1000,1000,3,0.01,0.99,3.0,20261325,3,kmeans_oracle,nan,kmeans_oracle,nan,nan,nan,,nan,nan,nan,nan,nan,nan,nan,3,0,nan,nan,[],0.4282686561963897,0.4608724480029592,nan,0.694,nan,nan,nan,nan,nan,nan,nan,nan,nan,0.374957,nan,0.374957,nan,nan,nan,641.91796875,ok,False,,,D,1000,nan,True
runtime_synth__synthetic_n1000_d1000_noise3.0__runtime_dscale__seed3__gmm_oracle,run_divi_runtime_synth_direct.py,2026-03-25T12:06:49Z,unknown,x86_64,cpu,x86_64,synthetic,synthetic_n1000_d1000_noise3.0,runtime_dscale,1000,1000,3,0.01,0.99,3.0,20261325,3,gmm_oracle,nan,gmm_oracle,nan,nan,nan,,nan,nan,nan,nan,nan,nan,nan,3,0,nan,nan,[],0.4321396868574484,0.4629086004925288,nan,0.671,nan,nan,nan,nan,nan,nan,nan,nan,nan,2.934167,nan,2.934167,nan,nan,nan,641.91796875,ok,False,,,D,1000,nan,True
runtime_synth__synthetic_n1000_d100_noise3.0__runtime_dscale__seed0__divi,run_divi_runtime_synth_direct.py,2026-03-25T12:14:46Z,unknown,x86_64,cpu,x86_64,synthetic,synthetic_n1000_d100_noise3.0,runtime_dscale,1000,100,3,0.1,0.9,3.0,20260425,0,divi,1,divi,1000.0,1.0,80,auto_entropy,141.89385332046726,1.0,0.01,1.0,0.1,300,300,4,3,80,240,"[80, 160, 240]",0.8790863947577888,0.9094849103554182,1.0,0.879,10,0.1,0.28480473160743713,0.20451822876930237,187202.46875,179704.53125,7497.9375,183629.0625,3.573408365249634,3.3201447110004665,0.17506527899968205,2.061466739000025,0.005465406997245736,0.007738017000519903,0.00687155579666675,456.80078125,ok,False,,,D,100,nan,True
runtime_synth__synthetic_n1000_d100_noise3.0__runtime_dscale__seed0__kmeans_oracle,run_divi_runtime_synth_direct.py,2026-03-25T12:14:46Z,unknown,x86_64,cpu,x86_64,synthetic,synthetic_n1000_d100_noise3.0,runtime_dscale,1000,100,3,0.1,0.9,3.0,20260425,0,kmeans_oracle,nan,kmeans_oracle,nan,nan,nan,,nan,nan,nan,nan,nan,nan,nan,3,0,nan,nan,[],1.0,1.0,nan,1.0,nan,nan,nan,nan,nan,nan,nan,nan,nan,0.03648,nan,0.03648,nan,nan,nan,457.01171875,ok,False,,,D,100,nan,True
runtime_synth__synthetic_n1000_d100_noise3.0__runtime_dscale__seed0__gmm_oracle,run_divi_runtime_synth_direct.py,2026-03-25T12:14:46Z,unknown,x86_64,cpu,x86_64,synthetic,synthetic_n1000_d100_noise3.0,runtime_dscale,1000,100,3,0.1,0.9,3.0,20260425,0,gmm_oracle,nan,gmm_oracle,nan,nan,nan,,nan,nan,nan,nan,nan,nan,nan,3,0,nan,nan,[],1.0,1.0,nan,1.0,nan,nan,nan,nan,nan,nan,nan,nan,nan,0.097973,nan,0.097973,nan,nan,nan,458.72265625,ok,False,,,D,100,nan,True
runtime_synth__synthetic_n1000_d100_noise3.0__runtime_dscale__seed0__spkm,run_divi_runtime_synth_direct.py,2026-03-25T12:14:46Z,unknown,x86_64,cpu,x86_64,synthetic,synthetic_n1000_d100_noise3.0,runtime_dscale,1000,100,3,0.1,0.9,3.0,20260425,0,spkm,nan,spkm,nan,nan,nan,,nan,nan,nan,nan,nan,nan,nan,3,0,nan,nan,[],1.0,1.0,0.19047619047619047,1.0,95,0.95,nan,nan,nan,nan,nan,nan,nan,0.121586,nan,0.121586,nan,nan,nan,459.1484375,ok,False,,,D,100,nan,True
runtime_synth__synthetic_n1000_d100_noise3.0__runtime_dscale__seed1__divi,run_divi_runtime_synth_direct.py,2026-03-25T12:14:48Z,unknown,x86_64,cpu,x86_64,synthetic,synthetic_n1000_d100_noise3.0,runtime_dscale,1000,100,3,0.1,0.9,3.0,20260425,1,divi,1,divi,1000.0,1.0,80,auto_entropy,141.89385332046726,1.0,0.01,1.0,0.1,300,300,4,3,80,240,"[80, 160, 240]",0.8717912569048336,0.906079716572033,1.0,0.858,10,0.1,0.2808740437030792,0.20185920596122742,187168.109375,177899.140625,9268.96875,183878.390625,3.2897229194641113,2.3611439379965304,0.16043448300115415,2.193910116002371,0.005711062996851979,0.006041952001396567,0.007313033720007903,473.171875,ok,False,,,D,100,nan,True
runtime_synth__synthetic_n1000_d100_noise3.0__runtime_dscale__seed1__kmeans_oracle,run_divi_runtime_synth_direct.py,2026-03-25T12:14:48Z,unknown,x86_64,cpu,x86_64,synthetic,synthetic_n1000_d100_noise3.0,runtime_dscale,1000,100,3,0.1,0.9,3.0,20260425,1,kmeans_oracle,nan,kmeans_oracle,nan,nan,nan,,nan,nan,nan,nan,nan,nan,nan,3,0,nan,nan,[],1.0,1.0,nan,1.0,nan,nan,nan,nan,nan,nan,nan,nan,nan,0.063097,nan,0.063097,nan,nan,nan,473.171875,ok,False,,,D,100,nan,True
runtime_synth__synthetic_n1000_d100_noise3.0__runtime_dscale__seed1__gmm_oracle,run_divi_runtime_synth_direct.py,2026-03-25T12:14:49Z,unknown,x86_64,cpu,x86_64,synthetic,synthetic_n1000_d100_noise3.0,runtime_dscale,1000,100,3,0.1,0.9,3.0,20260425,1,gmm_oracle,nan,gmm_oracle,nan,nan,nan,,nan,nan,nan,nan,nan,nan,nan,3,0,nan,nan,[],0.9970015045323003,0.9938029489046497,nan,0.999,nan,nan,nan,nan,nan,nan,nan,nan,nan,0.139111,nan,0.139111,nan,nan,nan,473.171875,ok,False,,,D,100,nan,True
runtime_synth__synthetic_n1000_d100_noise3.0__runtime_dscale__seed1__spkm,run_divi_runtime_synth_direct.py,2026-03-25T12:14:49Z,unknown,x86_64,cpu,x86_64,synthetic,synthetic_n1000_d100_noise3.0,runtime_dscale,1000,100,3,0.1,0.9,3.0,20260425,1,spkm,nan,spkm,nan,nan,nan,,nan,nan,nan,nan,nan,nan,nan,3,0,nan,nan,[],1.0,1.0,0.19047619047619047,1.0,95,0.95,nan,nan,nan,nan,nan,nan,nan,0.139822,nan,0.139822,nan,nan,nan,473.17578125,ok,False,,,D,100,nan,True
runtime_synth__synthetic_n1000_d100_noise3.0__runtime_dscale__seed2__divi,run_divi_runtime_synth_direct.py,2026-03-25T12:14:52Z,unknown,x86_64,cpu,x86_64,synthetic,synthetic_n1000_d100_noise3.0,runtime_dscale,1000,100,3,0.1,0.9,3.0,20260425,2,divi,1,divi,1000.0,1.0,80,auto_entropy,141.89385332046726,1.0,0.01,1.0,0.1,300,300,4,3,80,240,"[80, 160, 240]",0.8829865582560039,0.911349518786087,1.0,0.887,10,0.1,0.2850266396999359,0.2068149298429489,187234.5,178575.171875,8659.328125,183602.8125,3.631682872772217,2.8086456829987583,0.24768950499856146,2.5533144639994134,0.00693768800192629,0.006833442999777617,0.008511048213331379,474.59765625,ok,False,,,D,100,nan,True
runtime_synth__synthetic_n1000_d100_noise3.0__runtime_dscale__seed2__kmeans_oracle,run_divi_runtime_synth_direct.py,2026-03-25T12:14:52Z,unknown,x86_64,cpu,x86_64,synthetic,synthetic_n1000_d100_noise3.0,runtime_dscale,1000,100,3,0.1,0.9,3.0,20260425,2,kmeans_oracle,nan,kmeans_oracle,nan,nan,nan,,nan,nan,nan,nan,nan,nan,nan,3,0,nan,nan,[],1.0,1.0,nan,1.0,nan,nan,nan,nan,nan,nan,nan,nan,nan,0.040361,nan,0.040361,nan,nan,nan,474.59765625,ok,False,,,D,100,nan,True
runtime_synth__synthetic_n1000_d100_noise3.0__runtime_dscale__seed2__gmm_oracle,run_divi_runtime_synth_direct.py,2026-03-25T12:14:52Z,unknown,x86_64,cpu,x86_64,synthetic,synthetic_n1000_d100_noise3.0,runtime_dscale,1000,100,3,0.1,0.9,3.0,20260425,2,gmm_oracle,nan,gmm_oracle,nan,nan,nan,,nan,nan,nan,nan,nan,nan,nan,3,0,nan,nan,[],1.0,1.0,nan,1.0,nan,nan,nan,nan,nan,nan,nan,nan,nan,0.096419,nan,0.096419,nan,nan,nan,474.59765625,ok,False,,,D,100,nan,True
runtime_synth__synthetic_n1000_d100_noise3.0__runtime_dscale__seed2__spkm,run_divi_runtime_synth_direct.py,2026-03-25T12:14:52Z,unknown,x86_64,cpu,x86_64,synthetic,synthetic_n1000_d100_noise3.0,runtime_dscale,1000,100,3,0.1,0.9,3.0,20260425,2,spkm,nan,spkm,nan,nan,nan,,nan,nan,nan,nan,nan,nan,nan,3,0,nan,nan,[],1.0,1.0,0.19047619047619047,1.0,95,0.95,nan,nan,nan,nan,nan,nan,nan,0.126752,nan,0.126752,nan,nan,nan,474.59765625,ok,False,,,D,100,nan,True
runtime_synth__synthetic_n1000_d100_noise3.0__runtime_dscale__seed3__divi,run_divi_runtime_synth_direct.py,2026-03-25T12:14:54Z,unknown,x86_64,cpu,x86_64,synthetic,synthetic_n1000_d100_noise3.0,runtime_dscale,1000,100,3,0.1,0.9,3.0,20260425,3,divi,1,divi,1000.0,1.0,80,auto_entropy,141.89385332046726,1.0,0.01,1.0,0.1,300,300,4,3,80,240,"[80, 160, 240]",0.869828316109374,0.9051810602393668,1.0,0.848,10,0.1,0.28012406826019287,0.20178955793380737,187181.796875,175497.203125,11684.59375,183925.59375,3.2562038898468018,2.163068136997026,0.15047783899717615,2.006285363000643,0.005741915003454778,0.005646926998451818,0.00668761787666881,472.453125,ok,False,,,D,100,nan,True
runtime_synth__synthetic_n1000_d100_noise3.0__runtime_dscale__seed3__kmeans_oracle,run_divi_runtime_synth_direct.py,2026-03-25T12:14:54Z,unknown,x86_64,cpu,x86_64,synthetic,synthetic_n1000_d100_noise3.0,runtime_dscale,1000,100,3,0.1,0.9,3.0,20260425,3,kmeans_oracle,nan,kmeans_oracle,nan,nan,nan,,nan,nan,nan,nan,nan,nan,nan,3,0,nan,nan,[],1.0,1.0,nan,1.0,nan,nan,nan,nan,nan,nan,nan,nan,nan,0.033451,nan,0.033451,nan,nan,nan,472.453125,ok,False,,,D,100,nan,True
runtime_synth__synthetic_n1000_d100_noise3.0__runtime_dscale__seed3__gmm_oracle,run_divi_runtime_synth_direct.py,2026-03-25T12:14:54Z,unknown,x86_64,cpu,x86_64,synthetic,synthetic_n1000_d100_noise3.0,runtime_dscale,1000,100,3,0.1,0.9,3.0,20260425,3,gmm_oracle,nan,gmm_oracle,nan,nan,nan,,nan,nan,nan,nan,nan,nan,nan,3,0,nan,nan,[],1.0,1.0,nan,1.0,nan,nan,nan,nan,nan,nan,nan,nan,nan,0.095461,nan,0.095461,nan,nan,nan,472.453125,ok,False,,,D,100,nan,True
runtime_synth__synthetic_n1000_d100_noise3.0__runtime_dscale__seed3__spkm,run_divi_runtime_synth_direct.py,2026-03-25T12:14:54Z,unknown,x86_64,cpu,x86_64,synthetic,synthetic_n1000_d100_noise3.0,runtime_dscale,1000,100,3,0.1,0.9,3.0,20260425,3,spkm,nan,spkm,nan,nan,nan,,nan,nan,nan,nan,nan,nan,nan,3,0,nan,nan,[],1.0,1.0,0.19047619047619047,1.0,95,0.95,nan,nan,nan,nan,nan,nan,nan,0.080452,nan,0.080452,nan,nan,nan,472.45703125,ok,False,,,D,100,nan,True
runtime_synth__synthetic_n1000_d100_noise3.0__runtime_dscale__seed4__divi,run_divi_runtime_synth_direct.py,2026-03-25T12:14:57Z,unknown,x86_64,cpu,x86_64,synthetic,synthetic_n1000_d100_noise3.0,runtime_dscale,1000,100,3,0.1,0.9,3.0,20260425,4,divi,1,divi,1000.0,1.0,80,auto_entropy,141.89385332046726,1.0,0.01,1.0,0.1,300,300,4,3,80,240,"[80, 160, 240]",0.86968590675457,0.9051161454734877,1.0,0.847,10,0.1,0.28146541118621826,0.19316202402114868,187226.015625,178759.140625,8466.875,183830.328125,3.3956851959228516,2.31294328399963,0.17638878900106647,2.1298199470002146,0.005201032996410504,0.006027991999872029,0.007099399823334049,469.03125,ok,False,,,D,100,nan,True
runtime_synth__synthetic_n1000_d100_noise3.0__runtime_dscale__seed4__kmeans_oracle,run_divi_runtime_synth_direct.py,2026-03-25T12:14:57Z,unknown,x86_64,cpu,x86_64,synthetic,synthetic_n1000_d100_noise3.0,runtime_dscale,1000,100,3,0.1,0.9,3.0,20260425,4,kmeans_oracle,nan,kmeans_oracle,nan,nan,nan,,nan,nan,nan,nan,nan,nan,nan,3,0,nan,nan,[],1.0,1.0,nan,1.0,nan,nan,nan,nan,nan,nan,nan,nan,nan,0.047899,nan,0.047899,nan,nan,nan,469.03125,ok,False,,,D,100,nan,True
runtime_synth__synthetic_n1000_d100_noise3.0__runtime_dscale__seed4__gmm_oracle,run_divi_runtime_synth_direct.py,2026-03-25T12:14:57Z,unknown,x86_64,cpu,x86_64,synthetic,synthetic_n1000_d100_noise3.0,runtime_dscale,1000,100,3,0.1,0.9,3.0,20260425,4,gmm_oracle,nan,gmm_oracle,nan,nan,nan,,nan,nan,nan,nan,nan,nan,nan,3,0,nan,nan,[],0.9970015045323003,0.9938029489046497,nan,0.999,nan,nan,nan,nan,nan,nan,nan,nan,nan,0.095431,nan,0.095431,nan,nan,nan,469.03125,ok,False,,,D,100,nan,True
runtime_synth__synthetic_n1000_d100_noise3.0__runtime_dscale__seed4__spkm,run_divi_runtime_synth_direct.py,2026-03-25T12:14:57Z,unknown,x86_64,cpu,x86_64,synthetic,synthetic_n1000_d100_noise3.0,runtime_dscale,1000,100,3,0.1,0.9,3.0,20260425,4,spkm,nan,spkm,nan,nan,nan,,nan,nan,nan,nan,nan,nan,nan,3,0,nan,nan,[],1.0,1.0,0.19047619047619047,1.0,95,0.95,nan,nan,nan,nan,nan,nan,nan,0.124944,nan,0.124944,nan,nan,nan,469.03515625,ok,False,,,D,100,nan,True
runtime_synth__synthetic_n1000_d500_noise3.0__runtime_dscale__seed0__divi,run_divi_runtime_synth_direct.py,2026-03-25T12:15:09Z,unknown,x86_64,cpu,x86_64,synthetic,synthetic_n1000_d500_noise3.0,runtime_dscale,1000,500,3,0.02,0.98,3.0,20260825,0,divi,1,divi,1000.0,1.0,80,auto_entropy,709.4692666023363,1.0,0.01,1.0,0.1,300,300,4,3,80,240,"[80, 160, 240]",0.8678246112931919,0.8998556849854175,0.8,0.844,15,0.03,0.24478524923324585,0.21513396501541138,971687.8125,940874.3125,30813.5,951060.5,20.627304077148438,11.628665375999844,0.9144024369998078,10.672990692000894,0.024427116000879323,0.04001274300026125,0.03557663564000298,498.78515625,ok,False,,,D,500,nan,True
runtime_synth__synthetic_n1000_d500_noise3.0__runtime_dscale__seed0__kmeans_oracle,run_divi_runtime_synth_direct.py,2026-03-25T12:15:09Z,unknown,x86_64,cpu,x86_64,synthetic,synthetic_n1000_d500_noise3.0,runtime_dscale,1000,500,3,0.02,0.98,3.0,20260825,0,kmeans_oracle,nan,kmeans_oracle,nan,nan,nan,,nan,nan,nan,nan,nan,nan,nan,3,0,nan,nan,[],0.709732882357319,0.6855525018315312,nan,0.888,nan,nan,nan,nan,nan,nan,nan,nan,nan,0.242321,nan,0.242321,nan,nan,nan,498.78515625,ok,False,,,D,500,nan,True
runtime_synth__synthetic_n1000_d500_noise3.0__runtime_dscale__seed0__gmm_oracle,run_divi_runtime_synth_direct.py,2026-03-25T12:15:10Z,unknown,x86_64,cpu,x86_64,synthetic,synthetic_n1000_d500_noise3.0,runtime_dscale,1000,500,3,0.02,0.98,3.0,20260825,0,gmm_oracle,nan,gmm_oracle,nan,nan,nan,,nan,nan,nan,nan,nan,nan,nan,3,0,nan,nan,[],0.45309172759958166,0.4928627179348216,nan,0.701,nan,nan,nan,nan,nan,nan,nan,nan,nan,0.833148,nan,0.833148,nan,nan,nan,505.48046875,ok,False,,,D,500,nan,True
runtime_synth__synthetic_n1000_d500_noise3.0__runtime_dscale__seed0__spkm,run_divi_runtime_synth_direct.py,2026-03-25T12:15:10Z,unknown,x86_64,cpu,x86_64,synthetic,synthetic_n1000_d500_noise3.0,runtime_dscale,1000,500,3,0.02,0.98,3.0,20260825,0,spkm,nan,spkm,nan,nan,nan,,nan,nan,nan,nan,nan,nan,nan,3,0,nan,nan,[],0.9940030000150241,0.9876059147486771,0.043668122270742356,0.998,448,0.896,nan,nan,nan,nan,nan,nan,nan,0.486695,nan,0.486695,nan,nan,nan,505.484375,ok,False,,,D,500,nan,True
runtime_synth__synthetic_n1000_d500_noise3.0__runtime_dscale__seed1__divi,run_divi_runtime_synth_direct.py,2026-03-25T12:15:22Z,unknown,x86_64,cpu,x86_64,synthetic,synthetic_n1000_d500_noise3.0,runtime_dscale,1000,500,3,0.02,0.98,3.0,20260825,1,divi,1,divi,1000.0,1.0,80,auto_entropy,709.4692666023363,1.0,0.01,1.0,0.1,300,300,4,3,80,240,"[80, 160, 240]",0.8640508301215161,0.8940427467024771,0.8,0.834,15,0.03,0.24413393437862396,0.21167153120040894,971630.375,937627.5,34002.875,951244.3125,20.386056900024414,11.555147439998109,0.8920552320014394,10.630648452999594,0.024276730000565294,0.030983336000645068,0.03543549484333198,578.09375,ok,False,,,D,500,nan,True
runtime_synth__synthetic_n1000_d500_noise3.0__runtime_dscale__seed1__kmeans_oracle,run_divi_runtime_synth_direct.py,2026-03-25T12:15:22Z,unknown,x86_64,cpu,x86_64,synthetic,synthetic_n1000_d500_noise3.0,runtime_dscale,1000,500,3,0.02,0.98,3.0,20260825,1,kmeans_oracle,nan,kmeans_oracle,nan,nan,nan,,nan,nan,nan,nan,nan,nan,nan,3,0,nan,nan,[],0.87160084933864,0.8320242909069556,nan,0.955,nan,nan,nan,nan,nan,nan,nan,nan,nan,0.265498,nan,0.265498,nan,nan,nan,578.09375,ok,False,,,D,500,nan,True
runtime_synth__synthetic_n1000_d500_noise3.0__runtime_dscale__seed1__gmm_oracle,run_divi_runtime_synth_direct.py,2026-03-25T12:15:23Z,unknown,x86_64,cpu,x86_64,synthetic,synthetic_n1000_d500_noise3.0,runtime_dscale,1000,500,3,0.02,0.98,3.0,20260825,1,gmm_oracle,nan,gmm_oracle,nan,nan,nan,,nan,nan,nan,nan,nan,nan,nan,3,0,nan,nan,[],0.6824291541779783,0.664785091492741,nan,0.875,nan,nan,nan,nan,nan,nan,nan,nan,nan,0.956523,nan,0.956523,nan,nan,nan,578.09765625,ok,False,,,D,500,nan,True
runtime_synth__synthetic_n1000_d500_noise3.0__runtime_dscale__seed1__spkm,run_divi_runtime_synth_direct.py,2026-03-25T12:15:23Z,unknown,x86_64,cpu,x86_64,synthetic,synthetic_n1000_d500_noise3.0,runtime_dscale,1000,500,3,0.02,0.98,3.0,20260825,1,spkm,nan,spkm,nan,nan,nan,,nan,nan,nan,nan,nan,nan,nan,3,0,nan,nan,[],0.9940030000150241,0.9876059147486771,0.043668122270742356,0.998,448,0.896,nan,nan,nan,nan,nan,nan,nan,0.459971,nan,0.459971,nan,nan,nan,578.09765625,ok,False,,,D,500,nan,True
runtime_synth__synthetic_n1000_d500_noise3.0__runtime_dscale__seed2__divi,run_divi_runtime_synth_direct.py,2026-03-25T12:15:34Z,unknown,x86_64,cpu,x86_64,synthetic,synthetic_n1000_d500_noise3.0,runtime_dscale,1000,500,3,0.02,0.98,3.0,20260825,2,divi,1,divi,1000.0,1.0,80,auto_entropy,709.4692666023363,1.0,0.01,1.0,0.1,300,300,4,3,80,240,"[80, 160, 240]",0.8666411491860637,0.8952024365215505,0.8,0.855,15,0.03,0.24427887797355652,0.21011172235012054,971719.0,946149.5625,25569.4375,951210.0,20.50899314880371,10.74733669499983,0.8921424280015344,9.823688485997991,0.025766634003957734,0.030039420998946298,0.03274562828665997,480.828125,ok,False,,,D,500,nan,True
runtime_synth__synthetic_n1000_d500_noise3.0__runtime_dscale__seed2__kmeans_oracle,run_divi_runtime_synth_direct.py,2026-03-25T12:15:35Z,unknown,x86_64,cpu,x86_64,synthetic,synthetic_n1000_d500_noise3.0,runtime_dscale,1000,500,3,0.02,0.98,3.0,20260825,2,kmeans_oracle,nan,kmeans_oracle,nan,nan,nan,,nan,nan,nan,nan,nan,nan,nan,3,0,nan,nan,[],0.8401601748262775,0.8009242838736389,nan,0.943,nan,nan,nan,nan,nan,nan,nan,nan,nan,0.276934,nan,0.276934,nan,nan,nan,480.828125,ok,False,,,D,500,nan,True
runtime_synth__synthetic_n1000_d500_noise3.0__runtime_dscale__seed2__gmm_oracle,run_divi_runtime_synth_direct.py,2026-03-25T12:15:36Z,unknown,x86_64,cpu,x86_64,synthetic,synthetic_n1000_d500_noise3.0,runtime_dscale,1000,500,3,0.02,0.98,3.0,20260825,2,gmm_oracle,nan,gmm_oracle,nan,nan,nan,,nan,nan,nan,nan,nan,nan,nan,3,0,nan,nan,[],0.7754519385661254,0.7359457908829382,nan,0.918,nan,nan,nan,nan,nan,nan,nan,nan,nan,0.979504,nan,0.979504,nan,nan,nan,486.55078125,ok,False,,,D,500,nan,True
runtime_synth__synthetic_n1000_d500_noise3.0__runtime_dscale__seed2__spkm,run_divi_runtime_synth_direct.py,2026-03-25T12:15:36Z,unknown,x86_64,cpu,x86_64,synthetic,synthetic_n1000_d500_noise3.0,runtime_dscale,1000,500,3,0.02,0.98,3.0,20260825,2,spkm,nan,spkm,nan,nan,nan,,nan,nan,nan,nan,nan,nan,nan,3,0,nan,nan,[],0.9940030000150241,0.9876059147486771,0.043668122270742356,0.998,448,0.896,nan,nan,nan,nan,nan,nan,nan,0.445714,nan,0.445714,nan,nan,nan,486.5546875,ok,False,,,D,500,nan,True
runtime_synth__synthetic_n1000_d500_noise3.0__runtime_dscale__seed3__divi,run_divi_runtime_synth_direct.py,2026-03-25T12:15:48Z,unknown,x86_64,cpu,x86_64,synthetic,synthetic_n1000_d500_noise3.0,runtime_dscale,1000,500,3,0.02,0.98,3.0,20260825,3,divi,1,divi,1000.0,1.0,80,auto_entropy,709.4692666023363,1.0,0.01,1.0,0.1,300,300,4,3,80,240,"[80, 160, 240]",0.8640508301215161,0.8940427467024771,0.7692307692307693,0.834,16,0.032,0.2449761927127838,0.21096959710121155,971703.0,942154.8125,29548.1875,950982.625,20.720388412475586,11.861266077998152,0.9067031710001174,10.92103787099768,0.026697045999753755,0.03207866499724332,0.03640345956999227,530.42578125,ok,False,,,D,500,nan,True
runtime_synth__synthetic_n1000_d500_noise3.0__runtime_dscale__seed3__kmeans_oracle,run_divi_runtime_synth_direct.py,2026-03-25T12:15:48Z,unknown,x86_64,cpu,x86_64,synthetic,synthetic_n1000_d500_noise3.0,runtime_dscale,1000,500,3,0.02,0.98,3.0,20260825,3,kmeans_oracle,nan,kmeans_oracle,nan,nan,nan,,nan,nan,nan,nan,nan,nan,nan,3,0,nan,nan,[],0.767384186643999,0.7252442174390693,nan,0.914,nan,nan,nan,nan,nan,nan,nan,nan,nan,0.251135,nan,0.251135,nan,nan,nan,530.42578125,ok,False,,,D,500,nan,True
runtime_synth__synthetic_n1000_d500_noise3.0__runtime_dscale__seed3__gmm_oracle,run_divi_runtime_synth_direct.py,2026-03-25T12:15:49Z,unknown,x86_64,cpu,x86_64,synthetic,synthetic_n1000_d500_noise3.0,runtime_dscale,1000,500,3,0.02,0.98,3.0,20260825,3,gmm_oracle,nan,gmm_oracle,nan,nan,nan,,nan,nan,nan,nan,nan,nan,nan,3,0,nan,nan,[],0.3877544359835218,0.4521799527962504,nan,0.629,nan,nan,nan,nan,nan,nan,nan,nan,nan,0.950576,nan,0.950576,nan,nan,nan,530.42578125,ok,False,,,D,500,nan,True
runtime_synth__synthetic_n1000_d500_noise3.0__runtime_dscale__seed3__spkm,run_divi_runtime_synth_direct.py,2026-03-25T12:15:50Z,unknown,x86_64,cpu,x86_64,synthetic,synthetic_n1000_d500_noise3.0,runtime_dscale,1000,500,3,0.02,0.98,3.0,20260825,3,spkm,nan,spkm,nan,nan,nan,,nan,nan,nan,nan,nan,nan,nan,3,0,nan,nan,[],0.9940030000150241,0.9876059147486771,0.043668122270742356,0.998,448,0.896,nan,nan,nan,nan,nan,nan,nan,0.477819,nan,0.477819,nan,nan,nan,530.4296875,ok,False,,,D,500,nan,True
runtime_synth__synthetic_n1000_d500_noise3.0__runtime_dscale__seed4__divi,run_divi_runtime_synth_direct.py,2026-03-25T12:16:01Z,unknown,x86_64,cpu,x86_64,synthetic,synthetic_n1000_d500_noise3.0,runtime_dscale,1000,500,3,0.02,0.98,3.0,20260825,4,divi,1,divi,1000.0,1.0,80,auto_entropy,709.4692666023363,1.0,0.01,1.0,0.1,300,300,4,3,80,240,"[80, 160, 240]",0.8739464360437226,0.8986307205353946,0.8333333333333334,0.876,14,0.028,0.24453788995742798,0.21264813840389252,971616.875,939961.75,31655.125,951114.75,20.50212287902832,11.663254446000792,0.9017353620001813,10.726214908998372,0.027488006999192294,0.033835381000244524,0.03575404969666124,480.84375,ok,False,,,D,500,nan,True
runtime_synth__synthetic_n1000_d500_noise3.0__runtime_dscale__seed4__kmeans_oracle,run_divi_runtime_synth_direct.py,2026-03-25T12:16:01Z,unknown,x86_64,cpu,x86_64,synthetic,synthetic_n1000_d500_noise3.0,runtime_dscale,1000,500,3,0.02,0.98,3.0,20260825,4,kmeans_oracle,nan,kmeans_oracle,nan,nan,nan,,nan,nan,nan,nan,nan,nan,nan,3,0,nan,nan,[],0.8530602557638053,0.812302608112427,nan,0.948,nan,nan,nan,nan,nan,nan,nan,nan,nan,0.219665,nan,0.219665,nan,nan,nan,480.84375,ok,False,,,D,500,nan,True
runtime_synth__synthetic_n1000_d500_noise3.0__runtime_dscale__seed4__gmm_oracle,run_divi_runtime_synth_direct.py,2026-03-25T12:16:02Z,unknown,x86_64,cpu,x86_64,synthetic,synthetic_n1000_d500_noise3.0,runtime_dscale,1000,500,3,0.02,0.98,3.0,20260825,4,gmm_oracle,nan,gmm_oracle,nan,nan,nan,,nan,nan,nan,nan,nan,nan,nan,3,0,nan,nan,[],0.7848791119385957,0.7483009946979001,nan,0.921,nan,nan,nan,nan,nan,nan,nan,nan,nan,0.96265,nan,0.96265,nan,nan,nan,486.5703125,ok,False,,,D,500,nan,True
runtime_synth__synthetic_n1000_d500_noise3.0__runtime_dscale__seed4__spkm,run_divi_runtime_synth_direct.py,2026-03-25T12:16:03Z,unknown,x86_64,cpu,x86_64,synthetic,synthetic_n1000_d500_noise3.0,runtime_dscale,1000,500,3,0.02,0.98,3.0,20260825,4,spkm,nan,spkm,nan,nan,nan,,nan,nan,nan,nan,nan,nan,nan,3,0,nan,nan,[],0.9940030000150241,0.9876059147486771,0.043668122270742356,0.998,448,0.896,nan,nan,nan,nan,nan,nan,nan,0.494075,nan,0.494075,nan,nan,nan,486.5703125,ok,False,,,D,500,nan,True
runtime_synth__synthetic_n1000_d1000_noise3.0__runtime_dscale__seed0__divi,run_divi_runtime_synth_direct.py,2026-03-25T12:16:25Z,unknown,x86_64,cpu,x86_64,synthetic,synthetic_n1000_d1000_noise3.0,runtime_dscale,1000,1000,3,0.01,0.99,3.0,20261325,0,divi,1,divi,1000.0,1.0,80,auto_entropy,1418.9385332046727,1.0,0.01,1.0,0.1,300,300,4,3,80,240,"[80, 160, 240]",0.8654356393371855,0.8946463063862121,0.4,0.843,40,0.04,0.25405898690223694,0.22810330986976624,1945402.125,1894089.875,51312.25,1901187.375,44.2147331237793,22.237336501002574,1.652918525000132,20.52451801499774,0.054510216003109235,0.057641249000880634,0.06841506004999247,544.4921875,ok,False,,,D,1000,nan,True
runtime_synth__synthetic_n1000_d1000_noise3.0__runtime_dscale__seed0__kmeans_oracle,run_divi_runtime_synth_direct.py,2026-03-25T12:16:26Z,unknown,x86_64,cpu,x86_64,synthetic,synthetic_n1000_d1000_noise3.0,runtime_dscale,1000,1000,3,0.01,0.99,3.0,20261325,0,kmeans_oracle,nan,kmeans_oracle,nan,nan,nan,,nan,nan,nan,nan,nan,nan,nan,3,0,nan,nan,[],0.44524753983739007,0.45403498505795215,nan,0.74,nan,nan,nan,nan,nan,nan,nan,nan,nan,0.359135,nan,0.359135,nan,nan,nan,544.4921875,ok,False,,,D,1000,nan,True
runtime_synth__synthetic_n1000_d1000_noise3.0__runtime_dscale__seed0__gmm_oracle,run_divi_runtime_synth_direct.py,2026-03-25T12:16:28Z,unknown,x86_64,cpu,x86_64,synthetic,synthetic_n1000_d1000_noise3.0,runtime_dscale,1000,1000,3,0.01,0.99,3.0,20261325,0,gmm_oracle,nan,gmm_oracle,nan,nan,nan,,nan,nan,nan,nan,nan,nan,nan,3,0,nan,nan,[],0.3716063556371758,0.44723570154113695,nan,0.601,nan,nan,nan,nan,nan,nan,nan,nan,nan,2.505575,nan,2.505575,nan,nan,nan,546.9296875,ok,False,,,D,1000,nan,True
runtime_synth__synthetic_n1000_d1000_noise3.0__runtime_dscale__seed0__spkm,run_divi_runtime_synth_direct.py,2026-03-25T12:16:29Z,unknown,x86_64,cpu,x86_64,synthetic,synthetic_n1000_d1000_noise3.0,runtime_dscale,1000,1000,3,0.01,0.99,3.0,20261325,0,spkm,nan,spkm,nan,nan,nan,,nan,nan,nan,nan,nan,nan,nan,3,0,nan,nan,[],0.9970015045323003,0.9938029489046497,0.022650056625141562,0.999,873,0.873,nan,nan,nan,nan,nan,nan,nan,0.796027,nan,0.796027,nan,nan,nan,546.9296875,ok,False,,,D,1000,nan,True
runtime_synth__synthetic_n1000_d1000_noise3.0__runtime_dscale__seed1__divi,run_divi_runtime_synth_direct.py,2026-03-25T12:16:50Z,unknown,x86_64,cpu,x86_64,synthetic,synthetic_n1000_d1000_noise3.0,runtime_dscale,1000,1000,3,0.01,0.99,3.0,20261325,1,divi,1,divi,1000.0,1.0,80,auto_entropy,1418.9385332046727,1.0,0.01,1.0,0.1,300,300,4,3,80,240,"[80, 160, 240]",0.8630788936315316,0.890395272811926,0.39215686274509803,0.843,41,0.041,0.25450849533081055,0.22942954301834106,1945371.25,1892377.375,52993.875,1900914.5,44.45669174194336,21.043442294998385,1.6789846110004873,19.298374292000517,0.057034794001083355,0.06372134200137225,0.06432791430666839,749.00390625,ok,False,,,D,1000,nan,True
runtime_synth__synthetic_n1000_d1000_noise3.0__runtime_dscale__seed1__kmeans_oracle,run_divi_runtime_synth_direct.py,2026-03-25T12:16:50Z,unknown,x86_64,cpu,x86_64,synthetic,synthetic_n1000_d1000_noise3.0,runtime_dscale,1000,1000,3,0.01,0.99,3.0,20261325,1,kmeans_oracle,nan,kmeans_oracle,nan,nan,nan,,nan,nan,nan,nan,nan,nan,nan,3,0,nan,nan,[],0.45525929293501605,0.4964204170726029,nan,0.678,nan,nan,nan,nan,nan,nan,nan,nan,nan,0.395905,nan,0.395905,nan,nan,nan,749.00390625,ok,False,,,D,1000,nan,True
runtime_synth__synthetic_n1000_d1000_noise3.0__runtime_dscale__seed1__gmm_oracle,run_divi_runtime_synth_direct.py,2026-03-25T12:16:53Z,unknown,x86_64,cpu,x86_64,synthetic,synthetic_n1000_d1000_noise3.0,runtime_dscale,1000,1000,3,0.01,0.99,3.0,20261325,1,gmm_oracle,nan,gmm_oracle,nan,nan,nan,,nan,nan,nan,nan,nan,nan,nan,3,0,nan,nan,[],0.4462430264204144,0.4978516497120865,nan,0.664,nan,nan,nan,nan,nan,nan,nan,nan,nan,2.376172,nan,2.376172,nan,nan,nan,749.00390625,ok,False,,,D,1000,nan,True
runtime_synth__synthetic_n1000_d1000_noise3.0__runtime_dscale__seed1__spkm,run_divi_runtime_synth_direct.py,2026-03-25T12:16:54Z,unknown,x86_64,cpu,x86_64,synthetic,synthetic_n1000_d1000_noise3.0,runtime_dscale,1000,1000,3,0.01,0.99,3.0,20261325,1,spkm,nan,spkm,nan,nan,nan,,nan,nan,nan,nan,nan,nan,nan,3,0,nan,nan,[],0.9970015045323003,0.9938029489046497,0.022650056625141562,0.999,873,0.873,nan,nan,nan,nan,nan,nan,nan,0.829212,nan,0.829212,nan,nan,nan,749.00390625,ok,False,,,D,1000,nan,True
runtime_synth__synthetic_n1000_d1000_noise3.0__runtime_dscale__seed2__divi,run_divi_runtime_synth_direct.py,2026-03-25T12:17:14Z,unknown,x86_64,cpu,x86_64,synthetic,synthetic_n1000_d1000_noise3.0,runtime_dscale,1000,1000,3,0.01,0.99,3.0,20261325,2,divi,1,divi,1000.0,1.0,80,auto_entropy,1418.9385332046727,1.0,0.01,1.0,0.1,300,300,4,3,80,240,"[80, 160, 240]",0.8632480773418789,0.8892660408344389,0.425531914893617,0.843,37,0.037,0.25237444043159485,0.22806325554847717,1945203.75,1889422.75,55781.0,1902286.375,42.917396545410156,20.315590884998528,1.6420323269994697,18.614493948000018,0.050357152002106886,0.056707220999669516,0.062048313160000056,558.390625,ok,False,,,D,1000,nan,True
runtime_synth__synthetic_n1000_d1000_noise3.0__runtime_dscale__seed2__kmeans_oracle,run_divi_runtime_synth_direct.py,2026-03-25T12:17:14Z,unknown,x86_64,cpu,x86_64,synthetic,synthetic_n1000_d1000_noise3.0,runtime_dscale,1000,1000,3,0.01,0.99,3.0,20261325,2,kmeans_oracle,nan,kmeans_oracle,nan,nan,nan,,nan,nan,nan,nan,nan,nan,nan,3,0,nan,nan,[],0.41050369754460747,0.44387835585477253,nan,0.698,nan,nan,nan,nan,nan,nan,nan,nan,nan,0.423289,nan,0.423289,nan,nan,nan,558.390625,ok,False,,,D,1000,nan,True
runtime_synth__synthetic_n1000_d1000_noise3.0__runtime_dscale__seed2__gmm_oracle,run_divi_runtime_synth_direct.py,2026-03-25T12:17:17Z,unknown,x86_64,cpu,x86_64,synthetic,synthetic_n1000_d1000_noise3.0,runtime_dscale,1000,1000,3,0.01,0.99,3.0,20261325,2,gmm_oracle,nan,gmm_oracle,nan,nan,nan,,nan,nan,nan,nan,nan,nan,nan,3,0,nan,nan,[],0.40051136792412545,0.4461571061524615,nan,0.652,nan,nan,nan,nan,nan,nan,nan,nan,nan,2.622537,nan,2.622537,nan,nan,nan,558.390625,ok,False,,,D,1000,nan,True
runtime_synth__synthetic_n1000_d1000_noise3.0__runtime_dscale__seed2__spkm,run_divi_runtime_synth_direct.py,2026-03-25T12:17:18Z,unknown,x86_64,cpu,x86_64,synthetic,synthetic_n1000_d1000_noise3.0,runtime_dscale,1000,1000,3,0.01,0.99,3.0,20261325,2,spkm,nan,spkm,nan,nan,nan,,nan,nan,nan,nan,nan,nan,nan,3,0,nan,nan,[],0.9970015045323003,0.9938029489046497,0.022650056625141562,0.999,873,0.873,nan,nan,nan,nan,nan,nan,nan,0.834448,nan,0.834448,nan,nan,nan,558.390625,ok,False,,,D,1000,nan,True
runtime_synth__synthetic_n1000_d1000_noise3.0__runtime_dscale__seed3__divi,run_divi_runtime_synth_direct.py,2026-03-25T12:17:39Z,unknown,x86_64,cpu,x86_64,synthetic,synthetic_n1000_d1000_noise3.0,runtime_dscale,1000,1000,3,0.01,0.99,3.0,20261325,3,divi,1,divi,1000.0,1.0,80,auto_entropy,1418.9385332046727,1.0,0.01,1.0,0.1,300,300,4,3,80,240,"[80, 160, 240]",0.8661373299770324,0.8847893035866942,0.40816326530612246,0.871,39,0.039,0.2534260153770447,0.225983664393425,1945535.875,1894870.0,50665.875,1901808.0,43.72792053222656,21.166122070997517,1.6487238059999072,19.447308147999138,0.04952742099703755,0.06772344000273733,0.06482436049333046,756.76953125,ok,False,,,D,1000,nan,True
runtime_synth__synthetic_n1000_d1000_noise3.0__runtime_dscale__seed3__kmeans_oracle,run_divi_runtime_synth_direct.py,2026-03-25T12:17:39Z,unknown,x86_64,cpu,x86_64,synthetic,synthetic_n1000_d1000_noise3.0,runtime_dscale,1000,1000,3,0.01,0.99,3.0,20261325,3,kmeans_oracle,nan,kmeans_oracle,nan,nan,nan,,nan,nan,nan,nan,nan,nan,nan,3,0,nan,nan,[],0.4282686561963897,0.4608724480029592,nan,0.694,nan,nan,nan,nan,nan,nan,nan,nan,nan,0.341799,nan,0.341799,nan,nan,nan,756.76953125,ok,False,,,D,1000,nan,True
runtime_synth__synthetic_n1000_d1000_noise3.0__runtime_dscale__seed3__gmm_oracle,run_divi_runtime_synth_direct.py,2026-03-25T12:17:42Z,unknown,x86_64,cpu,x86_64,synthetic,synthetic_n1000_d1000_noise3.0,runtime_dscale,1000,1000,3,0.01,0.99,3.0,20261325,3,gmm_oracle,nan,gmm_oracle,nan,nan,nan,,nan,nan,nan,nan,nan,nan,nan,3,0,nan,nan,[],0.4321396868574484,0.4629086004925288,nan,0.671,nan,nan,nan,nan,nan,nan,nan,nan,nan,2.475296,nan,2.475296,nan,nan,nan,756.76953125,ok,False,,,D,1000,nan,True
runtime_synth__synthetic_n1000_d1000_noise3.0__runtime_dscale__seed3__spkm,run_divi_runtime_synth_direct.py,2026-03-25T12:17:43Z,unknown,x86_64,cpu,x86_64,synthetic,synthetic_n1000_d1000_noise3.0,runtime_dscale,1000,1000,3,0.01,0.99,3.0,20261325,3,spkm,nan,spkm,nan,nan,nan,,nan,nan,nan,nan,nan,nan,nan,3,0,nan,nan,[],0.9970015045323003,0.9938029489046497,0.022650056625141562,0.999,873,0.873,nan,nan,nan,nan,nan,nan,nan,0.85789,nan,0.85789,nan,nan,nan,756.7734375,ok,False,,,D,1000,nan,True
runtime_synth__synthetic_n1000_d1000_noise3.0__runtime_dscale__seed4__divi,run_divi_runtime_synth_direct.py,2026-03-25T12:18:02Z,unknown,x86_64,cpu,x86_64,synthetic,synthetic_n1000_d1000_noise3.0,runtime_dscale,1000,1000,3,0.01,0.99,3.0,20261325,4,divi,1,divi,1000.0,1.0,80,auto_entropy,1418.9385332046727,1.0,0.01,1.0,0.1,300,300,4,3,80,240,"[80, 160, 240]",0.8421748747196006,0.8635504915132793,0.4166666666666667,0.83,38,0.038,0.2543398141860962,0.22538085281848907,1945678.375,1891616.625,54061.75,1901311.125,44.367244720458984,19.620878122997965,1.7045882790007454,17.848233431999688,0.050653238999075256,0.06559855999876163,0.05949411143999896,787.3046875,ok,False,,,D,1000,nan,True
runtime_synth__synthetic_n1000_d1000_noise3.0__runtime_dscale__seed4__kmeans_oracle,run_divi_runtime_synth_direct.py,2026-03-25T12:18:03Z,unknown,x86_64,cpu,x86_64,synthetic,synthetic_n1000_d1000_noise3.0,runtime_dscale,1000,1000,3,0.01,0.99,3.0,20261325,4,kmeans_oracle,nan,kmeans_oracle,nan,nan,nan,,nan,nan,nan,nan,nan,nan,nan,3,0,nan,nan,[],0.4369131472345216,0.4808987767564827,nan,0.643,nan,nan,nan,nan,nan,nan,nan,nan,nan,0.692005,nan,0.692005,nan,nan,nan,787.3046875,ok,False,,,D,1000,nan,True
runtime_synth__synthetic_n1000_d1000_noise3.0__runtime_dscale__seed4__gmm_oracle,run_divi_runtime_synth_direct.py,2026-03-25T12:18:06Z,unknown,x86_64,cpu,x86_64,synthetic,synthetic_n1000_d1000_noise3.0,runtime_dscale,1000,1000,3,0.01,0.99,3.0,20261325,4,gmm_oracle,nan,gmm_oracle,nan,nan,nan,,nan,nan,nan,nan,nan,nan,nan,3,0,nan,nan,[],0.3677442788379523,0.4407994556695497,nan,0.616,nan,nan,nan,nan,nan,nan,nan,nan,nan,2.572831,nan,2.572831,nan,nan,nan,787.3046875,ok,False,,,D,1000,nan,True
runtime_synth__synthetic_n1000_d1000_noise3.0__runtime_dscale__seed4__spkm,run_divi_runtime_synth_direct.py,2026-03-25T12:18:07Z,unknown,x86_64,cpu,x86_64,synthetic,synthetic_n1000_d1000_noise3.0,runtime_dscale,1000,1000,3,0.01,0.99,3.0,20261325,4,spkm,nan,spkm,nan,nan,nan,,nan,nan,nan,nan,nan,nan,nan,3,0,nan,nan,[],0.9970015045323003,0.9938029489046497,0.022650056625141562,0.999,873,0.873,nan,nan,nan,nan,nan,nan,nan,0.834932,nan,0.834932,nan,nan,nan,787.3046875,ok,False,,,D,1000,nan,True
runtime_synth__synthetic_n1000_d2000_noise3.0__runtime_dscale__seed0__divi,run_divi_runtime_synth_direct.py,2026-03-25T12:18:48Z,unknown,x86_64,cpu,x86_64,synthetic,synthetic_n1000_d2000_noise3.0,runtime_dscale,1000,2000,3,0.005,0.995,3.0,20262325,0,divi,1,divi,1000.0,1.0,80,auto_entropy,2837.8770664093454,1.0,0.01,1.0,0.1,300,300,4,3,80,240,"[80, 160, 240]",0.3648834606410615,0.48060152682381607,0.25,0.558,70,0.035,0.2501315474510193,0.22470779716968536,3903484.25,3807885.25,95599.0,3814278.75,89.20550537109375,41.452045866000844,3.397139917997265,37.883262339000794,0.09676280599887832,0.16772426000170526,0.12627754113000264,878.90234375,ok,False,,,D,2000,nan,True
runtime_synth__synthetic_n1000_d2000_noise3.0__runtime_dscale__seed0__kmeans_oracle,run_divi_runtime_synth_direct.py,2026-03-25T12:18:49Z,unknown,x86_64,cpu,x86_64,synthetic,synthetic_n1000_d2000_noise3.0,runtime_dscale,1000,2000,3,0.005,0.995,3.0,20262325,0,kmeans_oracle,nan,kmeans_oracle,nan,nan,nan,,nan,nan,nan,nan,nan,nan,nan,3,0,nan,nan,[],0.3780248232240663,0.4168475391886709,nan,0.654,nan,nan,nan,nan,nan,nan,nan,nan,nan,0.952648,nan,0.952648,nan,nan,nan,878.94140625,ok,False,,,D,2000,nan,True
runtime_synth__synthetic_n1000_d2000_noise3.0__runtime_dscale__seed0__gmm_oracle,run_divi_runtime_synth_direct.py,2026-03-25T12:19:04Z,unknown,x86_64,cpu,x86_64,synthetic,synthetic_n1000_d2000_noise3.0,runtime_dscale,1000,2000,3,0.005,0.995,3.0,20262325,0,gmm_oracle,nan,gmm_oracle,nan,nan,nan,,nan,nan,nan,nan,nan,nan,nan,3,0,nan,nan,[],0.3780248232240663,0.4168475391886709,nan,0.654,nan,nan,nan,nan,nan,nan,nan,nan,nan,14.89915,nan,14.89915,nan,nan,nan,883.6796875,ok,False,,,D,2000,nan,True
runtime_synth__synthetic_n1000_d2000_noise3.0__runtime_dscale__seed0__spkm,run_divi_runtime_synth_direct.py,2026-03-25T12:19:07Z,unknown,x86_64,cpu,x86_64,synthetic,synthetic_n1000_d2000_noise3.0,runtime_dscale,1000,2000,3,0.005,0.995,3.0,20262325,0,spkm,nan,spkm,nan,nan,nan,,nan,nan,nan,nan,nan,nan,nan,3,0,nan,nan,[],0.9970015045323003,0.9938029489046497,0.023696682464454975,0.999,834,0.417,nan,nan,nan,nan,nan,nan,nan,2.532898,nan,2.532898,nan,nan,nan,883.6796875,ok,False,,,D,2000,nan,True
runtime_synth__synthetic_n1000_d2000_noise3.0__runtime_dscale__seed1__divi,run_divi_runtime_synth_direct.py,2026-03-25T12:19:46Z,unknown,x86_64,cpu,x86_64,synthetic,synthetic_n1000_d2000_noise3.0,runtime_dscale,1000,2000,3,0.005,0.995,3.0,20262325,1,divi,1,divi,1000.0,1.0,80,auto_entropy,2837.8770664093454,1.0,0.01,1.0,0.1,300,300,4,3,80,240,"[80, 160, 240]",0.4319023182340527,0.5110443015114278,0.2597402597402597,0.663,67,0.0335,0.2501847445964813,0.22317099571228027,3903697.5,3806022.75,97674.75,3814310.0,89.38756561279297,39.1426964630009,4.701912575997994,34.32886038399738,0.09857576199647156,0.10774859600132913,0.1144295346133246,1097.19140625,ok,False,,,D,2000,nan,True
runtime_synth__synthetic_n1000_d2000_noise3.0__runtime_dscale__seed1__kmeans_oracle,run_divi_runtime_synth_direct.py,2026-03-25T12:19:48Z,unknown,x86_64,cpu,x86_64,synthetic,synthetic_n1000_d2000_noise3.0,runtime_dscale,1000,2000,3,0.005,0.995,3.0,20262325,1,kmeans_oracle,nan,kmeans_oracle,nan,nan,nan,,nan,nan,nan,nan,nan,nan,nan,3,0,nan,nan,[],0.3540902077465151,0.3643754008759563,nan,0.62,nan,nan,nan,nan,nan,nan,nan,nan,nan,2.083651,nan,2.083651,nan,nan,nan,1097.31640625,ok,False,,,D,2000,nan,True
runtime_synth__synthetic_n1000_d2000_noise3.0__runtime_dscale__seed1__gmm_oracle,run_divi_runtime_synth_direct.py,2026-03-25T12:19:59Z,unknown,x86_64,cpu,x86_64,synthetic,synthetic_n1000_d2000_noise3.0,runtime_dscale,1000,2000,3,0.005,0.995,3.0,20262325,1,gmm_oracle,nan,gmm_oracle,nan,nan,nan,,nan,nan,nan,nan,nan,nan,nan,3,0,nan,nan,[],0.3357626803367899,0.3560759490402342,nan,0.619,nan,nan,nan,nan,nan,nan,nan,nan,nan,11.006013,nan,11.006013,nan,nan,nan,1097.31640625,ok,False,,,D,2000,nan,True
runtime_synth__synthetic_n1000_d2000_noise3.0__runtime_dscale__seed1__spkm,run_divi_runtime_synth_direct.py,2026-03-25T12:20:02Z,unknown,x86_64,cpu,x86_64,synthetic,synthetic_n1000_d2000_noise3.0,runtime_dscale,1000,2000,3,0.005,0.995,3.0,20262325,1,spkm,nan,spkm,nan,nan,nan,,nan,nan,nan,nan,nan,nan,nan,3,0,nan,nan,[],0.9970015045323003,0.9938029489046497,0.023696682464454975,0.999,834,0.417,nan,nan,nan,nan,nan,nan,nan,3.12255,nan,3.12255,nan,nan,nan,1097.31640625,ok,False,,,D,2000,nan,True
runtime_synth__synthetic_n1000_d2000_noise3.0__runtime_dscale__seed2__divi,run_divi_runtime_synth_direct.py,2026-03-25T12:20:40Z,unknown,x86_64,cpu,x86_64,synthetic,synthetic_n1000_d2000_noise3.0,runtime_dscale,1000,2000,3,0.005,0.995,3.0,20262325,2,divi,1,divi,1000.0,1.0,80,auto_entropy,2837.8770664093454,1.0,0.01,1.0,0.1,300,300,4,3,80,240,"[80, 160, 240]",0.8208883276796728,0.8413515068234446,0.26666666666666666,0.833,65,0.0325,0.24927319586277008,0.22388215363025665,3901789.75,3811422.0,90367.75,3813859.0,87.9306869506836,37.42998256200008,4.031938232998073,33.267261367000174,0.09658851100175525,0.12658357100008288,0.11089087122333391,1097.328125,ok,False,,,D,2000,nan,True
runtime_synth__synthetic_n1000_d2000_noise3.0__runtime_dscale__seed2__kmeans_oracle,run_divi_runtime_synth_direct.py,2026-03-25T12:20:42Z,unknown,x86_64,cpu,x86_64,synthetic,synthetic_n1000_d2000_noise3.0,runtime_dscale,1000,2000,3,0.005,0.995,3.0,20262325,2,kmeans_oracle,nan,kmeans_oracle,nan,nan,nan,,nan,nan,nan,nan,nan,nan,nan,3,0,nan,nan,[],0.3418697982799202,0.40108764785784035,nan,0.557,nan,nan,nan,nan,nan,nan,nan,nan,nan,1.9381810000000002,nan,1.9381810000000002,nan,nan,nan,1097.328125,ok,False,,,D,2000,nan,True
runtime_synth__synthetic_n1000_d2000_noise3.0__runtime_dscale__seed2__gmm_oracle,run_divi_runtime_synth_direct.py,2026-03-25T12:20:52Z,unknown,x86_64,cpu,x86_64,synthetic,synthetic_n1000_d2000_noise3.0,runtime_dscale,1000,2000,3,0.005,0.995,3.0,20262325,2,gmm_oracle,nan,gmm_oracle,nan,nan,nan,,nan,nan,nan,nan,nan,nan,nan,3,0,nan,nan,[],0.38572977971716715,0.40187123948476755,nan,0.628,nan,nan,nan,nan,nan,nan,nan,nan,nan,10.805497,nan,10.805497,nan,nan,nan,1097.328125,ok,False,,,D,2000,nan,True
runtime_synth__synthetic_n1000_d2000_noise3.0__runtime_dscale__seed2__spkm,run_divi_runtime_synth_direct.py,2026-03-25T12:20:56Z,unknown,x86_64,cpu,x86_64,synthetic,synthetic_n1000_d2000_noise3.0,runtime_dscale,1000,2000,3,0.005,0.995,3.0,20262325,2,spkm,nan,spkm,nan,nan,nan,,nan,nan,nan,nan,nan,nan,nan,3,0,nan,nan,[],0.9970015045323003,0.9938029489046497,0.023696682464454975,0.999,834,0.417,nan,nan,nan,nan,nan,nan,nan,3.160293,nan,3.160293,nan,nan,nan,1097.328125,ok,False,,,D,2000,nan,True
runtime_synth__synthetic_n1000_d2000_noise3.0__runtime_dscale__seed3__divi,run_divi_runtime_synth_direct.py,2026-03-25T12:21:34Z,unknown,x86_64,cpu,x86_64,synthetic,synthetic_n1000_d2000_noise3.0,runtime_dscale,1000,2000,3,0.005,0.995,3.0,20262325,3,divi,1,divi,1000.0,1.0,80,auto_entropy,2837.8770664093454,1.0,0.01,1.0,0.1,300,300,4,3,80,240,"[80, 160, 240]",0.7180697634709182,0.7513691348201769,0.2564102564102564,0.798,68,0.034,0.24978536367416382,0.22403758764266968,3902396.0,3809719.75,92676.25,3813686.0,88.71007537841797,38.54992941999808,3.7769326160014316,34.65159895200122,0.10379166300117504,0.11724669600152993,0.11550532984000407,1044.046875,ok,False,,,D,2000,nan,True
runtime_synth__synthetic_n1000_d2000_noise3.0__runtime_dscale__seed3__kmeans_oracle,run_divi_runtime_synth_direct.py,2026-03-25T12:21:36Z,unknown,x86_64,cpu,x86_64,synthetic,synthetic_n1000_d2000_noise3.0,runtime_dscale,1000,2000,3,0.005,0.995,3.0,20262325,3,kmeans_oracle,nan,kmeans_oracle,nan,nan,nan,,nan,nan,nan,nan,nan,nan,nan,3,0,nan,nan,[],0.36888592252060387,0.39675507330892945,nan,0.654,nan,nan,nan,nan,nan,nan,nan,nan,nan,1.441154,nan,1.441154,nan,nan,nan,1044.046875,ok,False,,,D,2000,nan,True
runtime_synth__synthetic_n1000_d2000_noise3.0__runtime_dscale__seed3__gmm_oracle,run_divi_runtime_synth_direct.py,2026-03-25T12:21:46Z,unknown,x86_64,cpu,x86_64,synthetic,synthetic_n1000_d2000_noise3.0,runtime_dscale,1000,2000,3,0.005,0.995,3.0,20262325,3,gmm_oracle,nan,gmm_oracle,nan,nan,nan,,nan,nan,nan,nan,nan,nan,nan,3,0,nan,nan,[],0.4084505172440754,0.42628945822931724,nan,0.658,nan,nan,nan,nan,nan,nan,nan,nan,nan,10.703369,nan,10.703369,nan,nan,nan,1044.046875,ok,False,,,D,2000,nan,True
runtime_synth__synthetic_n1000_d2000_noise3.0__runtime_dscale__seed3__spkm,run_divi_runtime_synth_direct.py,2026-03-25T12:21:49Z,unknown,x86_64,cpu,x86_64,synthetic,synthetic_n1000_d2000_noise3.0,runtime_dscale,1000,2000,3,0.005,0.995,3.0,20262325,3,spkm,nan,spkm,nan,nan,nan,,nan,nan,nan,nan,nan,nan,nan,3,0,nan,nan,[],0.9970015045323003,0.9938029489046497,0.023696682464454975,0.999,834,0.417,nan,nan,nan,nan,nan,nan,nan,3.060443,nan,3.060443,nan,nan,nan,1044.05078125,ok,False,,,D,2000,nan,True
runtime_synth__synthetic_n1000_d2000_noise3.0__runtime_dscale__seed4__divi,run_divi_runtime_synth_direct.py,2026-03-25T12:22:27Z,unknown,x86_64,cpu,x86_64,synthetic,synthetic_n1000_d2000_noise3.0,runtime_dscale,1000,2000,3,0.005,0.995,3.0,20262325,4,divi,1,divi,1000.0,1.0,80,auto_entropy,2837.8770664093454,1.0,0.01,1.0,0.1,300,300,4,3,80,240,"[80, 160, 240]",0.7362133427013928,0.7712202544971435,0.24096385542168675,0.799,73,0.0365,0.24900293350219727,0.22318178415298462,3902125.75,3807545.5,94580.25,3814451.75,87.67388153076172,37.82006546900084,3.3857911599989166,34.30602368899781,0.09691531600037706,0.12413772199943196,0.11435341229665937,960.12890625,ok,False,,,D,2000,nan,True
runtime_synth__synthetic_n1000_d2000_noise3.0__runtime_dscale__seed4__kmeans_oracle,run_divi_runtime_synth_direct.py,2026-03-25T12:22:29Z,unknown,x86_64,cpu,x86_64,synthetic,synthetic_n1000_d2000_noise3.0,runtime_dscale,1000,2000,3,0.005,0.995,3.0,20262325,4,kmeans_oracle,nan,kmeans_oracle,nan,nan,nan,,nan,nan,nan,nan,nan,nan,nan,3,0,nan,nan,[],0.3470959120370289,0.401287002512242,nan,0.584,nan,nan,nan,nan,nan,nan,nan,nan,nan,1.257025,nan,1.257025,nan,nan,nan,960.12890625,ok,False,,,D,2000,nan,True
runtime_synth__synthetic_n1000_d2000_noise3.0__runtime_dscale__seed4__gmm_oracle,run_divi_runtime_synth_direct.py,2026-03-25T12:22:40Z,unknown,x86_64,cpu,x86_64,synthetic,synthetic_n1000_d2000_noise3.0,runtime_dscale,1000,2000,3,0.005,0.995,3.0,20262325,4,gmm_oracle,nan,gmm_oracle,nan,nan,nan,,nan,nan,nan,nan,nan,nan,nan,3,0,nan,nan,[],0.3470959120370289,0.401287002512242,nan,0.584,nan,nan,nan,nan,nan,nan,nan,nan,nan,10.973967,nan,10.973967,nan,nan,nan,960.12890625,ok,False,,,D,2000,nan,True
runtime_synth__synthetic_n1000_d2000_noise3.0__runtime_dscale__seed4__spkm,run_divi_runtime_synth_direct.py,2026-03-25T12:22:42Z,unknown,x86_64,cpu,x86_64,synthetic,synthetic_n1000_d2000_noise3.0,runtime_dscale,1000,2000,3,0.005,0.995,3.0,20262325,4,spkm,nan,spkm,nan,nan,nan,,nan,nan,nan,nan,nan,nan,nan,3,0,nan,nan,[],0.9970015045323003,0.9938029489046497,0.023696682464454975,0.999,834,0.417,nan,nan,nan,nan,nan,nan,nan,2.6594860000000002,nan,2.6594860000000002,nan,nan,nan,960.12890625,ok,False,,,D,2000,nan,True
runtime_synth__synthetic_n1000_d5000_noise3.0__runtime_dscale__seed0__divi,run_divi_runtime_synth_direct.py,2026-03-25T12:25:23Z,unknown,x86_64,cpu,x86_64,synthetic,synthetic_n1000_d5000_noise3.0,runtime_dscale,1000,5000,3,0.002,0.998,3.0,20265325,0,divi,1,divi,1000.0,1.0,80,auto_entropy,7094.692666023363,1.0,0.01,1.0,0.1,300,300,4,3,80,240,"[80, 160, 240]",0.0036793023344123123,0.0066141956819774665,0.008492569002123142,0.366,2345,0.469,0.46997880935668945,0.47993582487106323,9103683.0,8678853.0,424830.0,8822110.0,281.57257080078125,160.1963065630007,7.100520553001843,152.55852651699752,0.3621482290000131,0.5284786580014043,0.508528421723325,979.30859375,ok,False,,,D,5000,nan,True
runtime_synth__synthetic_n1000_d5000_noise3.0__runtime_dscale__seed0__kmeans_oracle,run_divi_runtime_synth_direct.py,2026-03-25T12:25:24Z,unknown,x86_64,cpu,x86_64,synthetic,synthetic_n1000_d5000_noise3.0,runtime_dscale,1000,5000,3,0.002,0.998,3.0,20265325,0,kmeans_oracle,nan,kmeans_oracle,nan,nan,nan,,nan,nan,nan,nan,nan,nan,nan,3,0,nan,nan,[],0.022537814664677948,0.01982923115430939,nan,0.404,nan,nan,nan,nan,nan,nan,nan,nan,nan,0.92291,nan,0.92291,nan,nan,nan,979.30859375,ok,False,,,D,5000,nan,True
runtime_synth__synthetic_n1000_d5000_noise3.0__runtime_dscale__seed0__gmm_oracle,run_divi_runtime_synth_direct.py,2026-03-25T12:27:09Z,unknown,x86_64,cpu,x86_64,synthetic,synthetic_n1000_d5000_noise3.0,runtime_dscale,1000,5000,3,0.002,0.998,3.0,20265325,0,gmm_oracle,nan,gmm_oracle,nan,nan,nan,,nan,nan,nan,nan,nan,nan,nan,3,0,nan,nan,[],0.00027606501617159025,0.0035358839653075328,nan,0.348,nan,nan,nan,nan,nan,nan,nan,nan,nan,105.17453,nan,105.17453,nan,nan,nan,993.453125,ok,False,,,D,5000,nan,True
runtime_synth__synthetic_n1000_d5000_noise3.0__runtime_dscale__seed0__spkm,run_divi_runtime_synth_direct.py,2026-03-25T12:27:14Z,unknown,x86_64,cpu,x86_64,synthetic,synthetic_n1000_d5000_noise3.0,runtime_dscale,1000,5000,3,0.002,0.998,3.0,20265325,0,spkm,nan,spkm,nan,nan,nan,,nan,nan,nan,nan,nan,nan,nan,3,0,nan,nan,[],0.9940120180601143,0.9876086482064032,0.02237136465324385,0.998,884,0.1768,nan,nan,nan,nan,nan,nan,nan,4.845895,nan,4.845895,nan,nan,nan,993.453125,ok,False,,,D,5000,nan,True
runtime_synth__synthetic_n1000_d5000_noise3.0__runtime_dscale__seed1__divi,run_divi_runtime_synth_direct.py,2026-03-25T12:29:41Z,unknown,x86_64,cpu,x86_64,synthetic,synthetic_n1000_d5000_noise3.0,runtime_dscale,1000,5000,3,0.002,0.998,3.0,20265325,1,divi,1,divi,1000.0,1.0,80,auto_entropy,7094.692666023363,1.0,0.01,1.0,0.1,300,300,4,3,80,240,"[80, 160, 240]",0.020362236620813472,0.02076934892525102,0.008517887563884156,0.403,2338,0.4676,0.4700702130794525,0.4810125231742859,9103835.0,8692556.0,411279.0,8821728.0,282.10711669921875,146.67752865999864,7.9617085049976595,138.14295884799867,0.2512444810017769,0.563184964001266,0.4604765294933289,867.58203125,ok,False,,,D,5000,nan,True
runtime_synth__synthetic_n1000_d5000_noise3.0__runtime_dscale__seed1__kmeans_oracle,run_divi_runtime_synth_direct.py,2026-03-25T12:29:42Z,unknown,x86_64,cpu,x86_64,synthetic,synthetic_n1000_d5000_noise3.0,runtime_dscale,1000,5000,3,0.002,0.998,3.0,20265325,1,kmeans_oracle,nan,kmeans_oracle,nan,nan,nan,,nan,nan,nan,nan,nan,nan,nan,3,0,nan,nan,[],0.007132929092924909,0.007758604169586278,nan,0.385,nan,nan,nan,nan,nan,nan,nan,nan,nan,0.872504,nan,0.872504,nan,nan,nan,867.58203125,ok,False,,,D,5000,nan,True
runtime_synth__synthetic_n1000_d5000_noise3.0__runtime_dscale__seed1__gmm_oracle,run_divi_runtime_synth_direct.py,2026-03-25T12:31:24Z,unknown,x86_64,cpu,x86_64,synthetic,synthetic_n1000_d5000_noise3.0,runtime_dscale,1000,5000,3,0.002,0.998,3.0,20265325,1,gmm_oracle,nan,gmm_oracle,nan,nan,nan,,nan,nan,nan,nan,nan,nan,nan,3,0,nan,nan,[],0.001529830892235221,0.0034876840507061745,nan,0.367,nan,nan,nan,nan,nan,nan,nan,nan,nan,101.928473,nan,101.928473,nan,nan,nan,867.58203125,ok,False,,,D,5000,nan,True
runtime_synth__synthetic_n1000_d5000_noise3.0__runtime_dscale__seed1__spkm,run_divi_runtime_synth_direct.py,2026-03-25T12:31:29Z,unknown,x86_64,cpu,x86_64,synthetic,synthetic_n1000_d5000_noise3.0,runtime_dscale,1000,5000,3,0.002,0.998,3.0,20265325,1,spkm,nan,spkm,nan,nan,nan,,nan,nan,nan,nan,nan,nan,nan,3,0,nan,nan,[],0.9940120180601143,0.9876086482064032,0.02237136465324385,0.998,884,0.1768,nan,nan,nan,nan,nan,nan,nan,5.797493,nan,5.797493,nan,nan,nan,867.58203125,ok,False,,,D,5000,nan,True
runtime_synth__synthetic_n1000_d5000_noise3.0__runtime_dscale__seed2__divi,run_divi_runtime_synth_direct.py,2026-03-25T12:34:03Z,unknown,x86_64,cpu,x86_64,synthetic,synthetic_n1000_d5000_noise3.0,runtime_dscale,1000,5000,3,0.002,0.998,3.0,20265325,2,divi,1,divi,1000.0,1.0,80,auto_entropy,7094.692666023363,1.0,0.01,1.0,0.1,300,300,4,3,80,240,"[80, 160, 240]",0.05412348913104425,0.05065836905022097,0.008547008547008548,0.448,2330,0.466,0.4696812629699707,0.47714123129844666,9103380.0,8688861.0,414519.0,8822572.0,280.80755615234375,153.9161436880022,7.074560847999237,146.33057587899748,0.25316125500467024,0.501018410002871,0.4877685862633249,886.34375,ok,False,,,D,5000,nan,True
runtime_synth__synthetic_n1000_d5000_noise3.0__runtime_dscale__seed2__kmeans_oracle,run_divi_runtime_synth_direct.py,2026-03-25T12:34:04Z,unknown,x86_64,cpu,x86_64,synthetic,synthetic_n1000_d5000_noise3.0,runtime_dscale,1000,5000,3,0.002,0.998,3.0,20265325,2,kmeans_oracle,nan,kmeans_oracle,nan,nan,nan,,nan,nan,nan,nan,nan,nan,nan,3,0,nan,nan,[],0.006841812090670341,0.00730961905300185,nan,0.376,nan,nan,nan,nan,nan,nan,nan,nan,nan,0.919791,nan,0.919791,nan,nan,nan,886.34375,ok,False,,,D,5000,nan,True
runtime_synth__synthetic_n1000_d5000_noise3.0__runtime_dscale__seed2__gmm_oracle,run_divi_runtime_synth_direct.py,2026-03-25T12:35:46Z,unknown,x86_64,cpu,x86_64,synthetic,synthetic_n1000_d5000_noise3.0,runtime_dscale,1000,5000,3,0.002,0.998,3.0,20265325,2,gmm_oracle,nan,gmm_oracle,nan,nan,nan,,nan,nan,nan,nan,nan,nan,nan,3,0,nan,nan,[],0.004217187145219214,0.008781190423340416,nan,0.367,nan,nan,nan,nan,nan,nan,nan,nan,nan,101.127025,nan,101.127025,nan,nan,nan,886.34375,ok,False,,,D,5000,nan,True
runtime_synth__synthetic_n1000_d5000_noise3.0__runtime_dscale__seed2__spkm,run_divi_runtime_synth_direct.py,2026-03-25T12:35:51Z,unknown,x86_64,cpu,x86_64,synthetic,synthetic_n1000_d5000_noise3.0,runtime_dscale,1000,5000,3,0.002,0.998,3.0,20265325,2,spkm,nan,spkm,nan,nan,nan,,nan,nan,nan,nan,nan,nan,nan,3,0,nan,nan,[],0.9940120180601143,0.9876086482064032,0.02237136465324385,0.998,884,0.1768,nan,nan,nan,nan,nan,nan,nan,5.729658,nan,5.729658,nan,nan,nan,886.34375,ok,False,,,D,5000,nan,True
runtime_synth__synthetic_n1000_d5000_noise3.0__runtime_dscale__seed3__divi,run_divi_runtime_synth_direct.py,2026-03-25T12:38:41Z,unknown,x86_64,cpu,x86_64,synthetic,synthetic_n1000_d5000_noise3.0,runtime_dscale,1000,5000,3,0.002,0.998,3.0,20265325,3,divi,1,divi,1000.0,1.0,80,auto_entropy,7094.692666023363,1.0,0.01,1.0,0.1,300,300,4,3,80,240,"[80, 160, 240]",0.02124550128718852,0.021339516330273645,0.00851063829787234,0.405,2340,0.468,0.4696703255176544,0.4789872169494629,9103636.0,8698838.0,404798.0,8822986.0,280.6501770019531,169.35042337499908,7.06763416800095,161.66615172599995,0.4796309420016769,0.6071714499994414,0.5388871724199998,924.47265625,ok,False,,,D,5000,nan,True
runtime_synth__synthetic_n1000_d5000_noise3.0__runtime_dscale__seed3__kmeans_oracle,run_divi_runtime_synth_direct.py,2026-03-25T12:38:42Z,unknown,x86_64,cpu,x86_64,synthetic,synthetic_n1000_d5000_noise3.0,runtime_dscale,1000,5000,3,0.002,0.998,3.0,20265325,3,kmeans_oracle,nan,kmeans_oracle,nan,nan,nan,,nan,nan,nan,nan,nan,nan,nan,3,0,nan,nan,[],0.0029950130901122743,0.004509094459238595,nan,0.356,nan,nan,nan,nan,nan,nan,nan,nan,nan,0.802902,nan,0.802902,nan,nan,nan,924.47265625,ok,False,,,D,5000,nan,True
runtime_synth__synthetic_n1000_d5000_noise3.0__runtime_dscale__seed3__gmm_oracle,run_divi_runtime_synth_direct.py,2026-03-25T12:40:24Z,unknown,x86_64,cpu,x86_64,synthetic,synthetic_n1000_d5000_noise3.0,runtime_dscale,1000,5000,3,0.002,0.998,3.0,20265325,3,gmm_oracle,nan,gmm_oracle,nan,nan,nan,,nan,nan,nan,nan,nan,nan,nan,3,0,nan,nan,[],0.0029950130901122743,0.004509094459238595,nan,0.356,nan,nan,nan,nan,nan,nan,nan,nan,nan,102.678873,nan,102.678873,nan,nan,nan,924.47265625,ok,False,,,D,5000,nan,True
runtime_synth__synthetic_n1000_d5000_noise3.0__runtime_dscale__seed3__spkm,run_divi_runtime_synth_direct.py,2026-03-25T12:40:28Z,unknown,x86_64,cpu,x86_64,synthetic,synthetic_n1000_d5000_noise3.0,runtime_dscale,1000,5000,3,0.002,0.998,3.0,20265325,3,spkm,nan,spkm,nan,nan,nan,,nan,nan,nan,nan,nan,nan,nan,3,0,nan,nan,[],0.9940120180601143,0.9876086482064032,0.02237136465324385,0.998,884,0.1768,nan,nan,nan,nan,nan,nan,nan,4.064695,nan,4.064695,nan,nan,nan,924.47265625,ok,False,,,D,5000,nan,True
runtime_synth__synthetic_n1000_d5000_noise3.0__runtime_dscale__seed4__divi,run_divi_runtime_synth_direct.py,2026-03-25T12:43:14Z,unknown,x86_64,cpu,x86_64,synthetic,synthetic_n1000_d5000_noise3.0,runtime_dscale,1000,5000,3,0.002,0.998,3.0,20265325,4,divi,1,divi,1000.0,1.0,80,auto_entropy,7094.692666023363,1.0,0.01,1.0,0.1,300,300,4,3,80,240,"[80, 160, 240]",0.01329224011203568,0.017871296274499345,0.00851063829787234,0.387,2340,0.468,0.46942001581192017,0.4778343737125397,9102845.0,8693689.0,409156.0,8823334.0,279.5105285644531,165.19765945799736,8.85282562700013,155.83383109100032,0.2680947920016479,0.49568568600079743,0.5194461036366678,867.375,ok,False,,,D,5000,nan,True
runtime_synth__synthetic_n1000_d5000_noise3.0__runtime_dscale__seed4__kmeans_oracle,run_divi_runtime_synth_direct.py,2026-03-25T12:43:15Z,unknown,x86_64,cpu,x86_64,synthetic,synthetic_n1000_d5000_noise3.0,runtime_dscale,1000,5000,3,0.002,0.998,3.0,20265325,4,kmeans_oracle,nan,kmeans_oracle,nan,nan,nan,,nan,nan,nan,nan,nan,nan,nan,3,0,nan,nan,[],0.000765374082282936,0.0025895080022521745,nan,0.365,nan,nan,nan,nan,nan,nan,nan,nan,nan,0.846736,nan,0.846736,nan,nan,nan,867.375,ok,False,,,D,5000,nan,True
runtime_synth__synthetic_n1000_d5000_noise3.0__runtime_dscale__seed4__gmm_oracle,run_divi_runtime_synth_direct.py,2026-03-25T12:44:59Z,unknown,x86_64,cpu,x86_64,synthetic,synthetic_n1000_d5000_noise3.0,runtime_dscale,1000,5000,3,0.002,0.998,3.0,20265325,4,gmm_oracle,nan,gmm_oracle,nan,nan,nan,,nan,nan,nan,nan,nan,nan,nan,3,0,nan,nan,[],0.00986907166067666,0.011429078825718711,nan,0.384,nan,nan,nan,nan,nan,nan,nan,nan,nan,104.342188,nan,104.342188,nan,nan,nan,867.375,ok,False,,,D,5000,nan,True
runtime_synth__synthetic_n1000_d5000_noise3.0__runtime_dscale__seed4__spkm,run_divi_runtime_synth_direct.py,2026-03-25T12:45:03Z,unknown,x86_64,cpu,x86_64,synthetic,synthetic_n1000_d5000_noise3.0,runtime_dscale,1000,5000,3,0.002,0.998,3.0,20265325,4,spkm,nan,spkm,nan,nan,nan,,nan,nan,nan,nan,nan,nan,nan,3,0,nan,nan,[],0.9940120180601143,0.9876086482064032,0.02237136465324385,0.998,884,0.1768,nan,nan,nan,nan,nan,nan,nan,4.132495,nan,4.132495,nan,nan,nan,867.375,ok,False,,,D,5000,nan,True
runtime_synth__synthetic_n200_d1000_noise3.0__runtime_nscale__seed0__divi,run_divi_runtime_synth_direct.py,2026-03-25T12:45:08Z,unknown,x86_64,cpu,x86_64,synthetic,synthetic_n200_d1000_noise3.0,runtime_nscale,200,1000,3,0.01,0.99,3.0,20260526,0,divi,1,divi,200.0,1.0,80,auto_entropy,1418.9385332046727,1.0,0.01,1.0,0.1,300,300,4,3,80,240,"[80, 160, 240]",0.29925306327593976,0.41448745514554064,0.0547945205479452,0.525,355,0.355,0.4174216389656067,0.4019424319267273,369460.0625,352503.0625,16957.0,358216.8125,56.2163200378418,4.885384916997282,1.1465170970004692,3.723266273002082,0.010225945003185188,0.014535186001012335,0.012410887576673607,867.3828125,ok,False,,,N,200,nan,True
runtime_synth__synthetic_n200_d1000_noise3.0__runtime_nscale__seed0__kmeans_oracle,run_divi_runtime_synth_direct.py,2026-03-25T12:45:08Z,unknown,x86_64,cpu,x86_64,synthetic,synthetic_n200_d1000_noise3.0,runtime_nscale,200,1000,3,0.01,0.99,3.0,20260526,0,kmeans_oracle,nan,kmeans_oracle,nan,nan,nan,,nan,nan,nan,nan,nan,nan,nan,3,0,nan,nan,[],0.058649819394922746,0.06526403978642574,nan,0.46,nan,nan,nan,nan,nan,nan,nan,nan,nan,0.043649,nan,0.043649,nan,nan,nan,867.3828125,ok,False,,,N,200,nan,True
runtime_synth__synthetic_n200_d1000_noise3.0__runtime_nscale__seed0__gmm_oracle,run_divi_runtime_synth_direct.py,2026-03-25T12:45:11Z,unknown,x86_64,cpu,x86_64,synthetic,synthetic_n200_d1000_noise3.0,runtime_nscale,200,1000,3,0.01,0.99,3.0,20260526,0,gmm_oracle,nan,gmm_oracle,nan,nan,nan,,nan,nan,nan,nan,nan,nan,nan,3,0,nan,nan,[],0.030541457355857914,0.04299012015892254,nan,0.445,nan,nan,nan,nan,nan,nan,nan,nan,nan,2.459585,nan,2.459585,nan,nan,nan,867.38671875,ok,False,,,N,200,nan,True
runtime_synth__synthetic_n200_d1000_noise3.0__runtime_nscale__seed0__spkm,run_divi_runtime_synth_direct.py,2026-03-25T12:45:11Z,unknown,x86_64,cpu,x86_64,synthetic,synthetic_n200_d1000_noise3.0,runtime_nscale,200,1000,3,0.01,0.99,3.0,20260526,0,spkm,nan,spkm,nan,nan,nan,,nan,nan,nan,nan,nan,nan,nan,3,0,nan,nan,[],1.0,1.0,0.09174311926605505,1.0,208,0.208,nan,nan,nan,nan,nan,nan,nan,0.561899,nan,0.561899,nan,nan,nan,867.38671875,ok,False,,,N,200,nan,True
runtime_synth__synthetic_n200_d1000_noise3.0__runtime_nscale__seed1__divi,run_divi_runtime_synth_direct.py,2026-03-25T12:45:16Z,unknown,x86_64,cpu,x86_64,synthetic,synthetic_n200_d1000_noise3.0,runtime_nscale,200,1000,3,0.01,0.99,3.0,20260526,1,divi,1,divi,200.0,1.0,80,auto_entropy,1418.9385332046727,1.0,0.01,1.0,0.1,300,300,4,3,80,240,"[80, 160, 240]",0.2706912640259752,0.38175910715158007,0.05449591280653951,0.475,357,0.357,0.4170151352882385,0.3966495096683502,369473.6875,351830.5,17643.1875,358278.375,55.976585388183594,4.809047954000562,1.4354195419982716,3.3614461549987027,0.009418794004886877,0.011118758000520756,0.011204820516662342,867.38671875,ok,False,,,N,200,nan,True
runtime_synth__synthetic_n200_d1000_noise3.0__runtime_nscale__seed1__kmeans_oracle,run_divi_runtime_synth_direct.py,2026-03-25T12:45:16Z,unknown,x86_64,cpu,x86_64,synthetic,synthetic_n200_d1000_noise3.0,runtime_nscale,200,1000,3,0.01,0.99,3.0,20260526,1,kmeans_oracle,nan,kmeans_oracle,nan,nan,nan,,nan,nan,nan,nan,nan,nan,nan,3,0,nan,nan,[],0.036712351509806826,0.03572162304823266,nan,0.445,nan,nan,nan,nan,nan,nan,nan,nan,nan,0.037621,nan,0.037621,nan,nan,nan,867.38671875,ok,False,,,N,200,nan,True
runtime_synth__synthetic_n200_d1000_noise3.0__runtime_nscale__seed1__gmm_oracle,run_divi_runtime_synth_direct.py,2026-03-25T12:45:18Z,unknown,x86_64,cpu,x86_64,synthetic,synthetic_n200_d1000_noise3.0,runtime_nscale,200,1000,3,0.01,0.99,3.0,20260526,1,gmm_oracle,nan,gmm_oracle,nan,nan,nan,,nan,nan,nan,nan,nan,nan,nan,3,0,nan,nan,[],0.011191831137742896,0.021975147727091176,nan,0.395,nan,nan,nan,nan,nan,nan,nan,nan,nan,1.503835,nan,1.503835,nan,nan,nan,867.38671875,ok,False,,,N,200,nan,True
runtime_synth__synthetic_n200_d1000_noise3.0__runtime_nscale__seed1__spkm,run_divi_runtime_synth_direct.py,2026-03-25T12:45:18Z,unknown,x86_64,cpu,x86_64,synthetic,synthetic_n200_d1000_noise3.0,runtime_nscale,200,1000,3,0.01,0.99,3.0,20260526,1,spkm,nan,spkm,nan,nan,nan,,nan,nan,nan,nan,nan,nan,nan,3,0,nan,nan,[],1.0,1.0,0.09174311926605505,1.0,208,0.208,nan,nan,nan,nan,nan,nan,nan,0.142741,nan,0.142741,nan,nan,nan,867.38671875,ok,False,,,N,200,nan,True
runtime_synth__synthetic_n200_d1000_noise3.0__runtime_nscale__seed2__divi,run_divi_runtime_synth_direct.py,2026-03-25T12:45:23Z,unknown,x86_64,cpu,x86_64,synthetic,synthetic_n200_d1000_noise3.0,runtime_nscale,200,1000,3,0.01,0.99,3.0,20260526,2,divi,1,divi,200.0,1.0,80,auto_entropy,1418.9385332046727,1.0,0.01,1.0,0.1,300,300,4,3,80,240,"[80, 160, 240]",0.339286775480786,0.44297805843437,0.054945054945054944,0.58,354,0.354,0.4158817529678345,0.39456236362457275,369424.84375,353151.875,16272.96875,358415.0625,55.04893112182617,5.035496675998729,1.1608631779999996,3.859840837001684,0.011088769999332726,0.013730827999097528,0.012866136123338947,867.38671875,ok,False,,,N,200,nan,True
runtime_synth__synthetic_n200_d1000_noise3.0__runtime_nscale__seed2__kmeans_oracle,run_divi_runtime_synth_direct.py,2026-03-25T12:45:23Z,unknown,x86_64,cpu,x86_64,synthetic,synthetic_n200_d1000_noise3.0,runtime_nscale,200,1000,3,0.01,0.99,3.0,20260526,2,kmeans_oracle,nan,kmeans_oracle,nan,nan,nan,,nan,nan,nan,nan,nan,nan,nan,3,0,nan,nan,[],0.03869483324588005,0.054661275556140365,nan,0.46,nan,nan,nan,nan,nan,nan,nan,nan,nan,0.377853,nan,0.377853,nan,nan,nan,867.38671875,ok,False,,,N,200,nan,True
runtime_synth__synthetic_n200_d1000_noise3.0__runtime_nscale__seed2__gmm_oracle,run_divi_runtime_synth_direct.py,2026-03-25T12:45:26Z,unknown,x86_64,cpu,x86_64,synthetic,synthetic_n200_d1000_noise3.0,runtime_nscale,200,1000,3,0.01,0.99,3.0,20260526,2,gmm_oracle,nan,gmm_oracle,nan,nan,nan,,nan,nan,nan,nan,nan,nan,nan,3,0,nan,nan,[],0.021779398478164517,0.04309828501431109,nan,0.415,nan,nan,nan,nan,nan,nan,nan,nan,nan,2.551545,nan,2.551545,nan,nan,nan,867.38671875,ok,False,,,N,200,nan,True
runtime_synth__synthetic_n200_d1000_noise3.0__runtime_nscale__seed2__spkm,run_divi_runtime_synth_direct.py,2026-03-25T12:45:26Z,unknown,x86_64,cpu,x86_64,synthetic,synthetic_n200_d1000_noise3.0,runtime_nscale,200,1000,3,0.01,0.99,3.0,20260526,2,spkm,nan,spkm,nan,nan,nan,,nan,nan,nan,nan,nan,nan,nan,3,0,nan,nan,[],1.0,1.0,0.09174311926605505,1.0,208,0.208,nan,nan,nan,nan,nan,nan,nan,0.138765,nan,0.138765,nan,nan,nan,867.38671875,ok,False,,,N,200,nan,True
runtime_synth__synthetic_n200_d1000_noise3.0__runtime_nscale__seed3__divi,run_divi_runtime_synth_direct.py,2026-03-25T12:45:31Z,unknown,x86_64,cpu,x86_64,synthetic,synthetic_n200_d1000_noise3.0,runtime_nscale,200,1000,3,0.01,0.99,3.0,20260526,3,divi,1,divi,200.0,1.0,80,auto_entropy,1418.9385332046727,1.0,0.01,1.0,0.1,300,300,4,3,80,240,"[80, 160, 240]",0.2758464938710653,0.38705769948999197,0.055865921787709494,0.475,348,0.348,0.41608119010925293,0.39210277795791626,369432.75,352427.25,17005.5,358399.3125,55.16716003417969,4.7159628859990335,1.147427633000916,3.5560644830002275,0.010153826002351707,0.01130685799944331,0.011853548276667425,867.38671875,ok,False,,,N,200,nan,True
runtime_synth__synthetic_n200_d1000_noise3.0__runtime_nscale__seed3__kmeans_oracle,run_divi_runtime_synth_direct.py,2026-03-25T12:45:31Z,unknown,x86_64,cpu,x86_64,synthetic,synthetic_n200_d1000_noise3.0,runtime_nscale,200,1000,3,0.01,0.99,3.0,20260526,3,kmeans_oracle,nan,kmeans_oracle,nan,nan,nan,,nan,nan,nan,nan,nan,nan,nan,3,0,nan,nan,[],0.11453822587903327,0.1186262427771677,nan,0.51,nan,nan,nan,nan,nan,nan,nan,nan,nan,0.036361,nan,0.036361,nan,nan,nan,867.38671875,ok,False,,,N,200,nan,True
runtime_synth__synthetic_n200_d1000_noise3.0__runtime_nscale__seed3__gmm_oracle,run_divi_runtime_synth_direct.py,2026-03-25T12:45:32Z,unknown,x86_64,cpu,x86_64,synthetic,synthetic_n200_d1000_noise3.0,runtime_nscale,200,1000,3,0.01,0.99,3.0,20260526,3,gmm_oracle,nan,gmm_oracle,nan,nan,nan,,nan,nan,nan,nan,nan,nan,nan,3,0,nan,nan,[],0.11453822587903327,0.1186262427771677,nan,0.51,nan,nan,nan,nan,nan,nan,nan,nan,nan,1.39928,nan,1.39928,nan,nan,nan,867.38671875,ok,False,,,N,200,nan,True
runtime_synth__synthetic_n200_d1000_noise3.0__runtime_nscale__seed3__spkm,run_divi_runtime_synth_direct.py,2026-03-25T12:45:32Z,unknown,x86_64,cpu,x86_64,synthetic,synthetic_n200_d1000_noise3.0,runtime_nscale,200,1000,3,0.01,0.99,3.0,20260526,3,spkm,nan,spkm,nan,nan,nan,,nan,nan,nan,nan,nan,nan,nan,3,0,nan,nan,[],1.0,1.0,0.09174311926605505,1.0,208,0.208,nan,nan,nan,nan,nan,nan,nan,0.135717,nan,0.135717,nan,nan,nan,867.38671875,ok,False,,,N,200,nan,True
runtime_synth__synthetic_n200_d1000_noise3.0__runtime_nscale__seed4__divi,run_divi_runtime_synth_direct.py,2026-03-25T12:45:37Z,unknown,x86_64,cpu,x86_64,synthetic,synthetic_n200_d1000_noise3.0,runtime_nscale,200,1000,3,0.01,0.99,3.0,20260526,4,divi,1,divi,200.0,1.0,80,auto_entropy,1418.9385332046727,1.0,0.01,1.0,0.1,300,300,4,3,80,240,"[80, 160, 240]",0.2782328674864159,0.3911969637108858,0.05420054200542006,0.495,359,0.359,0.41702887415885925,0.39234477281570435,369502.28125,353047.96875,16454.3125,358307.78125,55.972511291503906,4.93130494900106,1.158264984998823,3.75910589400155,0.010488370000530267,0.01292134499817621,0.012530352980005167,867.38671875,ok,False,,,N,200,nan,True
runtime_synth__synthetic_n200_d1000_noise3.0__runtime_nscale__seed4__kmeans_oracle,run_divi_runtime_synth_direct.py,2026-03-25T12:45:37Z,unknown,x86_64,cpu,x86_64,synthetic,synthetic_n200_d1000_noise3.0,runtime_nscale,200,1000,3,0.01,0.99,3.0,20260526,4,kmeans_oracle,nan,kmeans_oracle,nan,nan,nan,,nan,nan,nan,nan,nan,nan,nan,3,0,nan,nan,[],0.00941384910980735,0.02722045300283129,nan,0.395,nan,nan,nan,nan,nan,nan,nan,nan,nan,0.119647,nan,0.119647,nan,nan,nan,867.38671875,ok,False,,,N,200,nan,True
runtime_synth__synthetic_n200_d1000_noise3.0__runtime_nscale__seed4__gmm_oracle,run_divi_runtime_synth_direct.py,2026-03-25T12:45:39Z,unknown,x86_64,cpu,x86_64,synthetic,synthetic_n200_d1000_noise3.0,runtime_nscale,200,1000,3,0.01,0.99,3.0,20260526,4,gmm_oracle,nan,gmm_oracle,nan,nan,nan,,nan,nan,nan,nan,nan,nan,nan,3,0,nan,nan,[],0.01216091228527487,0.018269400352069583,nan,0.4,nan,nan,nan,nan,nan,nan,nan,nan,nan,1.894517,nan,1.894517,nan,nan,nan,867.38671875,ok,False,,,N,200,nan,True
runtime_synth__synthetic_n200_d1000_noise3.0__runtime_nscale__seed4__spkm,run_divi_runtime_synth_direct.py,2026-03-25T12:45:39Z,unknown,x86_64,cpu,x86_64,synthetic,synthetic_n200_d1000_noise3.0,runtime_nscale,200,1000,3,0.01,0.99,3.0,20260526,4,spkm,nan,spkm,nan,nan,nan,,nan,nan,nan,nan,nan,nan,nan,3,0,nan,nan,[],1.0,1.0,0.09174311926605505,1.0,208,0.208,nan,nan,nan,nan,nan,nan,nan,0.140709,nan,0.140709,nan,nan,nan,867.38671875,ok,False,,,N,200,nan,True
runtime_synth__synthetic_n500_d1000_noise3.0__runtime_nscale__seed0__divi,run_divi_runtime_synth_direct.py,2026-03-25T12:45:50Z,unknown,x86_64,cpu,x86_64,synthetic,synthetic_n500_d1000_noise3.0,runtime_nscale,500,1000,3,0.01,0.99,3.0,20260826,0,divi,1,divi,500.0,1.0,80,auto_entropy,1418.9385332046727,1.0,0.01,1.0,0.1,300,300,4,3,80,240,"[80, 160, 240]",0.7414338815172202,0.7699525626176648,0.24390243902439024,0.816,72,0.072,0.2805953621864319,0.2539852559566498,965723.5,938021.5625,27701.9375,941639.375,48.16828918457031,10.654071869998006,1.375803420000011,9.246515260998422,0.02499935499872663,0.030445839998719748,0.030821717536661405,867.38671875,ok,False,,,N,500,nan,True
runtime_synth__synthetic_n500_d1000_noise3.0__runtime_nscale__seed0__kmeans_oracle,run_divi_runtime_synth_direct.py,2026-03-25T12:45:51Z,unknown,x86_64,cpu,x86_64,synthetic,synthetic_n500_d1000_noise3.0,runtime_nscale,500,1000,3,0.01,0.99,3.0,20260826,0,kmeans_oracle,nan,kmeans_oracle,nan,nan,nan,,nan,nan,nan,nan,nan,nan,nan,3,0,nan,nan,[],0.3651290846767301,0.39496436909441685,nan,0.612,nan,nan,nan,nan,nan,nan,nan,nan,nan,0.692527,nan,0.692527,nan,nan,nan,867.38671875,ok,False,,,N,500,nan,True
runtime_synth__synthetic_n500_d1000_noise3.0__runtime_nscale__seed0__gmm_oracle,run_divi_runtime_synth_direct.py,2026-03-25T12:45:53Z,unknown,x86_64,cpu,x86_64,synthetic,synthetic_n500_d1000_noise3.0,runtime_nscale,500,1000,3,0.01,0.99,3.0,20260826,0,gmm_oracle,nan,gmm_oracle,nan,nan,nan,,nan,nan,nan,nan,nan,nan,nan,3,0,nan,nan,[],0.4157804916216244,0.440532974979848,nan,0.648,nan,nan,nan,nan,nan,nan,nan,nan,nan,2.277794,nan,2.277794,nan,nan,nan,867.38671875,ok,False,,,N,500,nan,True
runtime_synth__synthetic_n500_d1000_noise3.0__runtime_nscale__seed0__spkm,run_divi_runtime_synth_direct.py,2026-03-25T12:45:53Z,unknown,x86_64,cpu,x86_64,synthetic,synthetic_n500_d1000_noise3.0,runtime_nscale,500,1000,3,0.01,0.99,3.0,20260826,0,spkm,nan,spkm,nan,nan,nan,,nan,nan,nan,nan,nan,nan,nan,3,0,nan,nan,[],1.0,1.0,0.04158004158004158,1.0,471,0.471,nan,nan,nan,nan,nan,nan,nan,0.374237,nan,0.374237,nan,nan,nan,867.38671875,ok,False,,,N,500,nan,True
runtime_synth__synthetic_n500_d1000_noise3.0__runtime_nscale__seed1__divi,run_divi_runtime_synth_direct.py,2026-03-25T12:46:04Z,unknown,x86_64,cpu,x86_64,synthetic,synthetic_n500_d1000_noise3.0,runtime_nscale,500,1000,3,0.01,0.99,3.0,20260826,1,divi,1,divi,500.0,1.0,80,auto_entropy,1418.9385332046727,1.0,0.01,1.0,0.1,300,300,4,3,80,240,"[80, 160, 240]",0.6791095829688009,0.7081717597300375,0.22988505747126436,0.762,77,0.077,0.2815124988555908,0.2546587586402893,965940.4375,936005.9375,29934.5,941532.75,48.81538772583008,11.013727535999351,1.3893388840006082,9.5875738370014,0.026368107995949686,0.035358884000743274,0.031958579456671334,867.38671875,ok,False,,,N,500,nan,True
runtime_synth__synthetic_n500_d1000_noise3.0__runtime_nscale__seed1__kmeans_oracle,run_divi_runtime_synth_direct.py,2026-03-25T12:46:05Z,unknown,x86_64,cpu,x86_64,synthetic,synthetic_n500_d1000_noise3.0,runtime_nscale,500,1000,3,0.01,0.99,3.0,20260826,1,kmeans_oracle,nan,kmeans_oracle,nan,nan,nan,,nan,nan,nan,nan,nan,nan,nan,3,0,nan,nan,[],0.34919400958281,0.37646401500712917,nan,0.598,nan,nan,nan,nan,nan,nan,nan,nan,nan,0.383734,nan,0.383734,nan,nan,nan,867.38671875,ok,False,,,N,500,nan,True
runtime_synth__synthetic_n500_d1000_noise3.0__runtime_nscale__seed1__gmm_oracle,run_divi_runtime_synth_direct.py,2026-03-25T12:46:07Z,unknown,x86_64,cpu,x86_64,synthetic,synthetic_n500_d1000_noise3.0,runtime_nscale,500,1000,3,0.01,0.99,3.0,20260826,1,gmm_oracle,nan,gmm_oracle,nan,nan,nan,,nan,nan,nan,nan,nan,nan,nan,3,0,nan,nan,[],0.3416733068068764,0.3616955762945346,nan,0.634,nan,nan,nan,nan,nan,nan,nan,nan,nan,1.871743,nan,1.871743,nan,nan,nan,867.38671875,ok,False,,,N,500,nan,True
runtime_synth__synthetic_n500_d1000_noise3.0__runtime_nscale__seed1__spkm,run_divi_runtime_synth_direct.py,2026-03-25T12:46:07Z,unknown,x86_64,cpu,x86_64,synthetic,synthetic_n500_d1000_noise3.0,runtime_nscale,500,1000,3,0.01,0.99,3.0,20260826,1,spkm,nan,spkm,nan,nan,nan,,nan,nan,nan,nan,nan,nan,nan,3,0,nan,nan,[],1.0,1.0,0.04158004158004158,1.0,471,0.471,nan,nan,nan,nan,nan,nan,nan,0.416097,nan,0.416097,nan,nan,nan,867.38671875,ok,False,,,N,500,nan,True
runtime_synth__synthetic_n500_d1000_noise3.0__runtime_nscale__seed2__divi,run_divi_runtime_synth_direct.py,2026-03-25T12:46:18Z,unknown,x86_64,cpu,x86_64,synthetic,synthetic_n500_d1000_noise3.0,runtime_nscale,500,1000,3,0.01,0.99,3.0,20260826,2,divi,1,divi,500.0,1.0,80,auto_entropy,1418.9385332046727,1.0,0.01,1.0,0.1,300,300,4,3,80,240,"[80, 160, 240]",0.7059485071173027,0.7456583610126141,0.25316455696202533,0.792,69,0.069,0.28050941228866577,0.24946770071983337,965743.375,938272.3125,27471.0625,941705.125,48.07646560668945,10.912319380000554,1.4673793660003867,9.414974057999643,0.026044046997412806,0.028429665999283316,0.03138324685999881,867.38671875,ok,False,,,N,500,nan,True
runtime_synth__synthetic_n500_d1000_noise3.0__runtime_nscale__seed2__kmeans_oracle,run_divi_runtime_synth_direct.py,2026-03-25T12:46:18Z,unknown,x86_64,cpu,x86_64,synthetic,synthetic_n500_d1000_noise3.0,runtime_nscale,500,1000,3,0.01,0.99,3.0,20260826,2,kmeans_oracle,nan,kmeans_oracle,nan,nan,nan,,nan,nan,nan,nan,nan,nan,nan,3,0,nan,nan,[],0.4022235364493603,0.42560733013972984,nan,0.644,nan,nan,nan,nan,nan,nan,nan,nan,nan,0.216601,nan,0.216601,nan,nan,nan,867.38671875,ok,False,,,N,500,nan,True
runtime_synth__synthetic_n500_d1000_noise3.0__runtime_nscale__seed2__gmm_oracle,run_divi_runtime_synth_direct.py,2026-03-25T12:46:20Z,unknown,x86_64,cpu,x86_64,synthetic,synthetic_n500_d1000_noise3.0,runtime_nscale,500,1000,3,0.01,0.99,3.0,20260826,2,gmm_oracle,nan,gmm_oracle,nan,nan,nan,,nan,nan,nan,nan,nan,nan,nan,3,0,nan,nan,[],0.3818278650225678,0.3986623445647697,nan,0.636,nan,nan,nan,nan,nan,nan,nan,nan,nan,1.895559,nan,1.895559,nan,nan,nan,867.38671875,ok,False,,,N,500,nan,True
runtime_synth__synthetic_n500_d1000_noise3.0__runtime_nscale__seed2__spkm,run_divi_runtime_synth_direct.py,2026-03-25T12:46:21Z,unknown,x86_64,cpu,x86_64,synthetic,synthetic_n500_d1000_noise3.0,runtime_nscale,500,1000,3,0.01,0.99,3.0,20260826,2,spkm,nan,spkm,nan,nan,nan,,nan,nan,nan,nan,nan,nan,nan,3,0,nan,nan,[],1.0,1.0,0.04158004158004158,1.0,471,0.471,nan,nan,nan,nan,nan,nan,nan,0.372871,nan,0.372871,nan,nan,nan,867.38671875,ok,False,,,N,500,nan,True
runtime_synth__synthetic_n500_d1000_noise3.0__runtime_nscale__seed3__divi,run_divi_runtime_synth_direct.py,2026-03-25T12:46:31Z,unknown,x86_64,cpu,x86_64,synthetic,synthetic_n500_d1000_noise3.0,runtime_nscale,500,1000,3,0.01,0.99,3.0,20260826,3,divi,1,divi,500.0,1.0,80,auto_entropy,1418.9385332046727,1.0,0.01,1.0,0.1,300,300,4,3,80,240,"[80, 160, 240]",0.6482742645445949,0.6967100644818497,0.24096385542168675,0.742,73,0.073,0.2806745767593384,0.24960410594940186,965888.125,936634.9375,29253.1875,941804.75,48.16676330566406,10.511194737999176,1.3288935290001973,9.148069635000866,0.028305838004598627,0.03279954499885207,0.030493565450002886,867.38671875,ok,False,,,N,500,nan,True
runtime_synth__synthetic_n500_d1000_noise3.0__runtime_nscale__seed3__kmeans_oracle,run_divi_runtime_synth_direct.py,2026-03-25T12:46:31Z,unknown,x86_64,cpu,x86_64,synthetic,synthetic_n500_d1000_noise3.0,runtime_nscale,500,1000,3,0.01,0.99,3.0,20260826,3,kmeans_oracle,nan,kmeans_oracle,nan,nan,nan,,nan,nan,nan,nan,nan,nan,nan,3,0,nan,nan,[],0.35946807991960905,0.4206258578144751,nan,0.608,nan,nan,nan,nan,nan,nan,nan,nan,nan,0.214773,nan,0.214773,nan,nan,nan,867.38671875,ok,False,,,N,500,nan,True
runtime_synth__synthetic_n500_d1000_noise3.0__runtime_nscale__seed3__gmm_oracle,run_divi_runtime_synth_direct.py,2026-03-25T12:46:33Z,unknown,x86_64,cpu,x86_64,synthetic,synthetic_n500_d1000_noise3.0,runtime_nscale,500,1000,3,0.01,0.99,3.0,20260826,3,gmm_oracle,nan,gmm_oracle,nan,nan,nan,,nan,nan,nan,nan,nan,nan,nan,3,0,nan,nan,[],0.3568041983441514,0.4057127914634659,nan,0.606,nan,nan,nan,nan,nan,nan,nan,nan,nan,1.902574,nan,1.902574,nan,nan,nan,867.38671875,ok,False,,,N,500,nan,True
runtime_synth__synthetic_n500_d1000_noise3.0__runtime_nscale__seed3__spkm,run_divi_runtime_synth_direct.py,2026-03-25T12:46:34Z,unknown,x86_64,cpu,x86_64,synthetic,synthetic_n500_d1000_noise3.0,runtime_nscale,500,1000,3,0.01,0.99,3.0,20260826,3,spkm,nan,spkm,nan,nan,nan,,nan,nan,nan,nan,nan,nan,nan,3,0,nan,nan,[],1.0,1.0,0.04158004158004158,1.0,471,0.471,nan,nan,nan,nan,nan,nan,nan,0.384351,nan,0.384351,nan,nan,nan,867.38671875,ok,False,,,N,500,nan,True
runtime_synth__synthetic_n500_d1000_noise3.0__runtime_nscale__seed4__divi,run_divi_runtime_synth_direct.py,2026-03-25T12:46:44Z,unknown,x86_64,cpu,x86_64,synthetic,synthetic_n500_d1000_noise3.0,runtime_nscale,500,1000,3,0.01,0.99,3.0,20260826,4,divi,1,divi,500.0,1.0,80,auto_entropy,1418.9385332046727,1.0,0.01,1.0,0.1,300,300,4,3,80,240,"[80, 160, 240]",0.7229713123746909,0.7619800033890214,0.23529411764705882,0.796,75,0.075,0.2815297245979309,0.25372281670570374,965740.6875,936855.0,28885.6875,941355.375,48.77058410644531,10.800589263002621,1.4067303749980056,9.356615699998656,0.028725781998218736,0.0322141990000091,0.03118871899999552,867.38671875,ok,False,,,N,500,nan,True
runtime_synth__synthetic_n500_d1000_noise3.0__runtime_nscale__seed4__kmeans_oracle,run_divi_runtime_synth_direct.py,2026-03-25T12:46:45Z,unknown,x86_64,cpu,x86_64,synthetic,synthetic_n500_d1000_noise3.0,runtime_nscale,500,1000,3,0.01,0.99,3.0,20260826,4,kmeans_oracle,nan,kmeans_oracle,nan,nan,nan,,nan,nan,nan,nan,nan,nan,nan,3,0,nan,nan,[],0.33560717378726174,0.35023062456312387,nan,0.604,nan,nan,nan,nan,nan,nan,nan,nan,nan,0.176185,nan,0.176185,nan,nan,nan,867.38671875,ok,False,,,N,500,nan,True
runtime_synth__synthetic_n500_d1000_noise3.0__runtime_nscale__seed4__gmm_oracle,run_divi_runtime_synth_direct.py,2026-03-25T12:46:46Z,unknown,x86_64,cpu,x86_64,synthetic,synthetic_n500_d1000_noise3.0,runtime_nscale,500,1000,3,0.01,0.99,3.0,20260826,4,gmm_oracle,nan,gmm_oracle,nan,nan,nan,,nan,nan,nan,nan,nan,nan,nan,3,0,nan,nan,[],0.33560717378726174,0.35023062456312387,nan,0.604,nan,nan,nan,nan,nan,nan,nan,nan,nan,1.772607,nan,1.772607,nan,nan,nan,867.38671875,ok,False,,,N,500,nan,True
runtime_synth__synthetic_n500_d1000_noise3.0__runtime_nscale__seed4__spkm,run_divi_runtime_synth_direct.py,2026-03-25T12:46:47Z,unknown,x86_64,cpu,x86_64,synthetic,synthetic_n500_d1000_noise3.0,runtime_nscale,500,1000,3,0.01,0.99,3.0,20260826,4,spkm,nan,spkm,nan,nan,nan,,nan,nan,nan,nan,nan,nan,nan,3,0,nan,nan,[],1.0,1.0,0.04158004158004158,1.0,471,0.471,nan,nan,nan,nan,nan,nan,nan,0.380719,nan,0.380719,nan,nan,nan,867.38671875,ok,False,,,N,500,nan,True
runtime_synth__synthetic_n1000_d1000_noise3.0__runtime_nscale__seed0__divi,run_divi_runtime_synth_direct.py,2026-03-25T12:47:07Z,unknown,x86_64,cpu,x86_64,synthetic,synthetic_n1000_d1000_noise3.0,runtime_nscale,1000,1000,3,0.01,0.99,3.0,20261326,0,divi,1,divi,1000.0,1.0,80,auto_entropy,1418.9385332046727,1.0,0.01,1.0,0.1,300,300,4,3,80,240,"[80, 160, 240]",0.8716462322294324,0.90161019952655,0.5555555555555556,0.863,26,0.026,0.2464456856250763,0.21817323565483093,1948626.0,1895962.5,52663.5,1906229.375,42.39667510986328,20.402036220999435,1.8584657329993206,18.47009955100293,0.056061358998704236,0.07120194299932336,0.06156699850334311,882.40625,ok,False,,,N,1000,nan,True
runtime_synth__synthetic_n1000_d1000_noise3.0__runtime_nscale__seed0__kmeans_oracle,run_divi_runtime_synth_direct.py,2026-03-25T12:47:08Z,unknown,x86_64,cpu,x86_64,synthetic,synthetic_n1000_d1000_noise3.0,runtime_nscale,1000,1000,3,0.01,0.99,3.0,20261326,0,kmeans_oracle,nan,kmeans_oracle,nan,nan,nan,,nan,nan,nan,nan,nan,nan,nan,3,0,nan,nan,[],0.5047385502161924,0.5067625964579401,nan,0.782,nan,nan,nan,nan,nan,nan,nan,nan,nan,0.895189,nan,0.895189,nan,nan,nan,882.40625,ok,False,,,N,1000,nan,True
runtime_synth__synthetic_n1000_d1000_noise3.0__runtime_nscale__seed0__gmm_oracle,run_divi_runtime_synth_direct.py,2026-03-25T12:47:11Z,unknown,x86_64,cpu,x86_64,synthetic,synthetic_n1000_d1000_noise3.0,runtime_nscale,1000,1000,3,0.01,0.99,3.0,20261326,0,gmm_oracle,nan,gmm_oracle,nan,nan,nan,,nan,nan,nan,nan,nan,nan,nan,3,0,nan,nan,[],0.5030198105093872,0.5807226216894823,nan,0.665,nan,nan,nan,nan,nan,nan,nan,nan,nan,3.090457,nan,3.090457,nan,nan,nan,882.40625,ok,False,,,N,1000,nan,True
runtime_synth__synthetic_n1000_d1000_noise3.0__runtime_nscale__seed0__spkm,run_divi_runtime_synth_direct.py,2026-03-25T12:47:12Z,unknown,x86_64,cpu,x86_64,synthetic,synthetic_n1000_d1000_noise3.0,runtime_nscale,1000,1000,3,0.01,0.99,3.0,20261326,0,spkm,nan,spkm,nan,nan,nan,,nan,nan,nan,nan,nan,nan,nan,3,0,nan,nan,[],0.9970015045323003,0.9938029489046497,0.022701475595913734,0.999,871,0.871,nan,nan,nan,nan,nan,nan,nan,0.921433,nan,0.921433,nan,nan,nan,882.40625,ok,False,,,N,1000,nan,True
runtime_synth__synthetic_n1000_d1000_noise3.0__runtime_nscale__seed1__divi,run_divi_runtime_synth_direct.py,2026-03-25T12:47:32Z,unknown,x86_64,cpu,x86_64,synthetic,synthetic_n1000_d1000_noise3.0,runtime_nscale,1000,1000,3,0.01,0.99,3.0,20261326,1,divi,1,divi,1000.0,1.0,80,auto_entropy,1418.9385332046727,1.0,0.01,1.0,0.1,300,300,4,3,80,240,"[80, 160, 240]",0.8685738772560065,0.9002961256072078,0.5263157894736842,0.849,28,0.028,0.2477620542049408,0.22118377685546875,1948754.75,1900294.5,48460.25,1905255.625,43.49918746948242,20.022659080997983,1.8117643719997432,18.14037708899923,0.05910529000175302,0.06815702399762813,0.060467923629997436,897.66796875,ok,False,,,N,1000,nan,True
runtime_synth__synthetic_n1000_d1000_noise3.0__runtime_nscale__seed1__kmeans_oracle,run_divi_runtime_synth_direct.py,2026-03-25T12:47:33Z,unknown,x86_64,cpu,x86_64,synthetic,synthetic_n1000_d1000_noise3.0,runtime_nscale,1000,1000,3,0.01,0.99,3.0,20261326,1,kmeans_oracle,nan,kmeans_oracle,nan,nan,nan,,nan,nan,nan,nan,nan,nan,nan,3,0,nan,nan,[],0.5392122916434462,0.6106245133205501,nan,0.745,nan,nan,nan,nan,nan,nan,nan,nan,nan,0.331151,nan,0.331151,nan,nan,nan,897.66796875,ok,False,,,N,1000,nan,True
runtime_synth__synthetic_n1000_d1000_noise3.0__runtime_nscale__seed1__gmm_oracle,run_divi_runtime_synth_direct.py,2026-03-25T12:47:37Z,unknown,x86_64,cpu,x86_64,synthetic,synthetic_n1000_d1000_noise3.0,runtime_nscale,1000,1000,3,0.01,0.99,3.0,20261326,1,gmm_oracle,nan,gmm_oracle,nan,nan,nan,,nan,nan,nan,nan,nan,nan,nan,3,0,nan,nan,[],0.36521384937122703,0.4375822988777034,nan,0.609,nan,nan,nan,nan,nan,nan,nan,nan,nan,4.323339,nan,4.323339,nan,nan,nan,897.66796875,ok,False,,,N,1000,nan,True
runtime_synth__synthetic_n1000_d1000_noise3.0__runtime_nscale__seed1__spkm,run_divi_runtime_synth_direct.py,2026-03-25T12:47:38Z,unknown,x86_64,cpu,x86_64,synthetic,synthetic_n1000_d1000_noise3.0,runtime_nscale,1000,1000,3,0.01,0.99,3.0,20261326,1,spkm,nan,spkm,nan,nan,nan,,nan,nan,nan,nan,nan,nan,nan,3,0,nan,nan,[],0.9970015045323003,0.9938029489046497,0.022701475595913734,0.999,871,0.871,nan,nan,nan,nan,nan,nan,nan,0.885209,nan,0.885209,nan,nan,nan,897.66796875,ok,False,,,N,1000,nan,True
runtime_synth__synthetic_n1000_d1000_noise3.0__runtime_nscale__seed2__divi,run_divi_runtime_synth_direct.py,2026-03-25T12:47:57Z,unknown,x86_64,cpu,x86_64,synthetic,synthetic_n1000_d1000_noise3.0,runtime_nscale,1000,1000,3,0.01,0.99,3.0,20261326,2,divi,1,divi,1000.0,1.0,80,auto_entropy,1418.9385332046727,1.0,0.01,1.0,0.1,300,300,4,3,80,240,"[80, 160, 240]",0.8803194108139746,0.8730971786967476,0.5128205128205128,0.917,29,0.029,0.2466016262769699,0.2193429172039032,1948689.0,1901924.5,46764.5,1906158.0,42.53105163574219,19.31804691599973,1.7137510249995103,17.544432425002014,0.050965610000275774,0.05751852899993537,0.05848144141667338,897.66796875,ok,False,,,N,1000,nan,True
runtime_synth__synthetic_n1000_d1000_noise3.0__runtime_nscale__seed2__kmeans_oracle,run_divi_runtime_synth_direct.py,2026-03-25T12:47:58Z,unknown,x86_64,cpu,x86_64,synthetic,synthetic_n1000_d1000_noise3.0,runtime_nscale,1000,1000,3,0.01,0.99,3.0,20261326,2,kmeans_oracle,nan,kmeans_oracle,nan,nan,nan,,nan,nan,nan,nan,nan,nan,nan,3,0,nan,nan,[],0.5492108536270206,0.5892692603622637,nan,0.782,nan,nan,nan,nan,nan,nan,nan,nan,nan,0.405343,nan,0.405343,nan,nan,nan,897.66796875,ok,False,,,N,1000,nan,True
runtime_synth__synthetic_n1000_d1000_noise3.0__runtime_nscale__seed2__gmm_oracle,run_divi_runtime_synth_direct.py,2026-03-25T12:48:01Z,unknown,x86_64,cpu,x86_64,synthetic,synthetic_n1000_d1000_noise3.0,runtime_nscale,1000,1000,3,0.01,0.99,3.0,20261326,2,gmm_oracle,nan,gmm_oracle,nan,nan,nan,,nan,nan,nan,nan,nan,nan,nan,3,0,nan,nan,[],0.5492108536270206,0.5892692603622637,nan,0.782,nan,nan,nan,nan,nan,nan,nan,nan,nan,2.92433,nan,2.92433,nan,nan,nan,897.66796875,ok,False,,,N,1000,nan,True
runtime_synth__synthetic_n1000_d1000_noise3.0__runtime_nscale__seed2__spkm,run_divi_runtime_synth_direct.py,2026-03-25T12:48:02Z,unknown,x86_64,cpu,x86_64,synthetic,synthetic_n1000_d1000_noise3.0,runtime_nscale,1000,1000,3,0.01,0.99,3.0,20261326,2,spkm,nan,spkm,nan,nan,nan,,nan,nan,nan,nan,nan,nan,nan,3,0,nan,nan,[],0.9970015045323003,0.9938029489046497,0.022701475595913734,0.999,871,0.871,nan,nan,nan,nan,nan,nan,nan,1.80752,nan,1.80752,nan,nan,nan,897.66796875,ok,False,,,N,1000,nan,True
runtime_synth__synthetic_n1000_d1000_noise3.0__runtime_nscale__seed3__divi,run_divi_runtime_synth_direct.py,2026-03-25T12:48:22Z,unknown,x86_64,cpu,x86_64,synthetic,synthetic_n1000_d1000_noise3.0,runtime_nscale,1000,1000,3,0.01,0.99,3.0,20261326,3,divi,1,divi,1000.0,1.0,80,auto_entropy,1418.9385332046727,1.0,0.01,1.0,0.1,300,300,4,3,80,240,"[80, 160, 240]",0.8581563973334415,0.8569111968417074,0.5405405405405406,0.901,27,0.027,0.24727214872837067,0.2196149230003357,1948957.125,1897350.375,51606.75,1905812.25,43.144866943359375,19.541401333000977,1.9480939650020446,17.53086487300243,0.05233538900210988,0.05779055899984087,0.05843621624334143,897.66796875,ok,False,,,N,1000,nan,True
runtime_synth__synthetic_n1000_d1000_noise3.0__runtime_nscale__seed3__kmeans_oracle,run_divi_runtime_synth_direct.py,2026-03-25T12:48:22Z,unknown,x86_64,cpu,x86_64,synthetic,synthetic_n1000_d1000_noise3.0,runtime_nscale,1000,1000,3,0.01,0.99,3.0,20261326,3,kmeans_oracle,nan,kmeans_oracle,nan,nan,nan,,nan,nan,nan,nan,nan,nan,nan,3,0,nan,nan,[],0.4559902703571759,0.4583881690958237,nan,0.742,nan,nan,nan,nan,nan,nan,nan,nan,nan,0.343584,nan,0.343584,nan,nan,nan,897.66796875,ok,False,,,N,1000,nan,True
runtime_synth__synthetic_n1000_d1000_noise3.0__runtime_nscale__seed3__gmm_oracle,run_divi_runtime_synth_direct.py,2026-03-25T12:48:25Z,unknown,x86_64,cpu,x86_64,synthetic,synthetic_n1000_d1000_noise3.0,runtime_nscale,1000,1000,3,0.01,0.99,3.0,20261326,3,gmm_oracle,nan,gmm_oracle,nan,nan,nan,,nan,nan,nan,nan,nan,nan,nan,3,0,nan,nan,[],0.4559902703571759,0.4583881690958237,nan,0.742,nan,nan,nan,nan,nan,nan,nan,nan,nan,2.460378,nan,2.460378,nan,nan,nan,897.66796875,ok,False,,,N,1000,nan,True
runtime_synth__synthetic_n1000_d1000_noise3.0__runtime_nscale__seed3__spkm,run_divi_runtime_synth_direct.py,2026-03-25T12:48:26Z,unknown,x86_64,cpu,x86_64,synthetic,synthetic_n1000_d1000_noise3.0,runtime_nscale,1000,1000,3,0.01,0.99,3.0,20261326,3,spkm,nan,spkm,nan,nan,nan,,nan,nan,nan,nan,nan,nan,nan,3,0,nan,nan,[],0.9970015045323003,0.9938029489046497,0.022701475595913734,0.999,871,0.871,nan,nan,nan,nan,nan,nan,nan,0.834636,nan,0.834636,nan,nan,nan,897.66796875,ok,False,,,N,1000,nan,True
runtime_synth__synthetic_n1000_d1000_noise3.0__runtime_nscale__seed4__divi,run_divi_runtime_synth_direct.py,2026-03-25T12:48:45Z,unknown,x86_64,cpu,x86_64,synthetic,synthetic_n1000_d1000_noise3.0,runtime_nscale,1000,1000,3,0.01,0.99,3.0,20261326,4,divi,1,divi,1000.0,1.0,80,auto_entropy,1418.9385332046727,1.0,0.01,1.0,0.1,300,300,4,3,80,240,"[80, 160, 240]",0.8565063513483918,0.8760055174629092,0.5,0.865,30,0.03,0.24721437692642212,0.222298726439476,1948837.375,1897731.75,51105.625,1905849.875,42.9875602722168,19.72614520500065,2.3271916590019828,17.338005208999675,0.05037631899904227,0.05818090400134679,0.05779335069666559,897.66796875,ok,False,,,N,1000,nan,True
runtime_synth__synthetic_n1000_d1000_noise3.0__runtime_nscale__seed4__kmeans_oracle,run_divi_runtime_synth_direct.py,2026-03-25T12:48:46Z,unknown,x86_64,cpu,x86_64,synthetic,synthetic_n1000_d1000_noise3.0,runtime_nscale,1000,1000,3,0.01,0.99,3.0,20261326,4,kmeans_oracle,nan,kmeans_oracle,nan,nan,nan,,nan,nan,nan,nan,nan,nan,nan,3,0,nan,nan,[],0.474799623771041,0.5155519936685274,nan,0.676,nan,nan,nan,nan,nan,nan,nan,nan,nan,0.375432,nan,0.375432,nan,nan,nan,897.66796875,ok,False,,,N,1000,nan,True
runtime_synth__synthetic_n1000_d1000_noise3.0__runtime_nscale__seed4__gmm_oracle,run_divi_runtime_synth_direct.py,2026-03-25T12:48:48Z,unknown,x86_64,cpu,x86_64,synthetic,synthetic_n1000_d1000_noise3.0,runtime_nscale,1000,1000,3,0.01,0.99,3.0,20261326,4,gmm_oracle,nan,gmm_oracle,nan,nan,nan,,nan,nan,nan,nan,nan,nan,nan,3,0,nan,nan,[],0.411155095147203,0.4475083335028572,nan,0.635,nan,nan,nan,nan,nan,nan,nan,nan,nan,2.458282,nan,2.458282,nan,nan,nan,897.66796875,ok,False,,,N,1000,nan,True
runtime_synth__synthetic_n1000_d1000_noise3.0__runtime_nscale__seed4__spkm,run_divi_runtime_synth_direct.py,2026-03-25T12:48:49Z,unknown,x86_64,cpu,x86_64,synthetic,synthetic_n1000_d1000_noise3.0,runtime_nscale,1000,1000,3,0.01,0.99,3.0,20261326,4,spkm,nan,spkm,nan,nan,nan,,nan,nan,nan,nan,nan,nan,nan,3,0,nan,nan,[],0.9970015045323003,0.9938029489046497,0.022701475595913734,0.999,871,0.871,nan,nan,nan,nan,nan,nan,nan,0.832295,nan,0.832295,nan,nan,nan,897.66796875,ok,False,,,N,1000,nan,True
runtime_synth__synthetic_n2000_d1000_noise3.0__runtime_nscale__seed0__divi,run_divi_runtime_synth_direct.py,2026-03-25T12:49:29Z,unknown,x86_64,cpu,x86_64,synthetic,synthetic_n2000_d1000_noise3.0,runtime_nscale,2000,1000,3,0.01,0.99,3.0,20262326,0,divi,1,divi,2000.0,1.0,80,auto_entropy,1418.9385332046727,1.0,0.01,1.0,0.1,300,300,4,3,80,240,"[80, 160, 240]",0.8677734689592312,0.8997648710669712,0.9090909090909091,0.842,12,0.012,0.2102818638086319,0.18652194738388062,3931752.0,3847521.0,84231.0,3860535.25,35.60838317871094,40.302440633000515,2.616350626001804,37.55470215199966,0.1093183080010931,0.12658848100181785,0.12518234050666555,890.1640625,ok,False,,,N,2000,nan,True
runtime_synth__synthetic_n2000_d1000_noise3.0__runtime_nscale__seed0__kmeans_oracle,run_divi_runtime_synth_direct.py,2026-03-25T12:49:31Z,unknown,x86_64,cpu,x86_64,synthetic,synthetic_n2000_d1000_noise3.0,runtime_nscale,2000,1000,3,0.01,0.99,3.0,20262326,0,kmeans_oracle,nan,kmeans_oracle,nan,nan,nan,,nan,nan,nan,nan,nan,nan,nan,3,0,nan,nan,[],0.7774628273783075,0.740752134390262,nan,0.918,nan,nan,nan,nan,nan,nan,nan,nan,nan,1.775592,nan,1.775592,nan,nan,nan,890.1640625,ok,False,,,N,2000,nan,True
runtime_synth__synthetic_n2000_d1000_noise3.0__runtime_nscale__seed0__gmm_oracle,run_divi_runtime_synth_direct.py,2026-03-25T12:49:36Z,unknown,x86_64,cpu,x86_64,synthetic,synthetic_n2000_d1000_noise3.0,runtime_nscale,2000,1000,3,0.01,0.99,3.0,20262326,0,gmm_oracle,nan,gmm_oracle,nan,nan,nan,,nan,nan,nan,nan,nan,nan,nan,3,0,nan,nan,[],0.4015317914641378,0.45398275263716126,nan,0.6405,nan,nan,nan,nan,nan,nan,nan,nan,nan,4.537631,nan,4.537631,nan,nan,nan,890.1640625,ok,False,,,N,2000,nan,True
runtime_synth__synthetic_n2000_d1000_noise3.0__runtime_nscale__seed0__spkm,run_divi_runtime_synth_direct.py,2026-03-25T12:49:38Z,unknown,x86_64,cpu,x86_64,synthetic,synthetic_n2000_d1000_noise3.0,runtime_nscale,2000,1000,3,0.01,0.99,3.0,20262326,0,spkm,nan,spkm,nan,nan,nan,,nan,nan,nan,nan,nan,nan,nan,3,0,nan,nan,[],0.998498874063205,0.9965853313238789,0.025220680958385876,0.9995,783,0.783,nan,nan,nan,nan,nan,nan,nan,1.985875,nan,1.985875,nan,nan,nan,890.1640625,ok,False,,,N,2000,nan,True
runtime_synth__synthetic_n2000_d1000_noise3.0__runtime_nscale__seed1__divi,run_divi_runtime_synth_direct.py,2026-03-25T12:50:20Z,unknown,x86_64,cpu,x86_64,synthetic,synthetic_n2000_d1000_noise3.0,runtime_nscale,2000,1000,3,0.01,0.99,3.0,20262326,1,divi,1,divi,2000.0,1.0,80,auto_entropy,1418.9385332046727,1.0,0.01,1.0,0.1,300,300,4,3,80,240,"[80, 160, 240]",0.8674753872776316,0.8996291258956634,0.9090909090909091,0.8375,12,0.012,0.210932195186615,0.1870117485523224,3931948.75,3843375.25,88573.5,3859646.25,36.151309967041016,42.44775860899972,2.5851979090002715,39.71891171199968,0.10471696000240627,0.1396175600020797,0.13239637237333227,1195.21484375,ok,False,,,N,2000,nan,True
runtime_synth__synthetic_n2000_d1000_noise3.0__runtime_nscale__seed1__kmeans_oracle,run_divi_runtime_synth_direct.py,2026-03-25T12:50:21Z,unknown,x86_64,cpu,x86_64,synthetic,synthetic_n2000_d1000_noise3.0,runtime_nscale,2000,1000,3,0.01,0.99,3.0,20262326,1,kmeans_oracle,nan,kmeans_oracle,nan,nan,nan,,nan,nan,nan,nan,nan,nan,nan,3,0,nan,nan,[],0.8147045982477955,0.7673946172949966,nan,0.9335,nan,nan,nan,nan,nan,nan,nan,nan,nan,1.163813,nan,1.163813,nan,nan,nan,1195.21484375,ok,False,,,N,2000,nan,True
runtime_synth__synthetic_n2000_d1000_noise3.0__runtime_nscale__seed1__gmm_oracle,run_divi_runtime_synth_direct.py,2026-03-25T12:50:27Z,unknown,x86_64,cpu,x86_64,synthetic,synthetic_n2000_d1000_noise3.0,runtime_nscale,2000,1000,3,0.01,0.99,3.0,20262326,1,gmm_oracle,nan,gmm_oracle,nan,nan,nan,,nan,nan,nan,nan,nan,nan,nan,3,0,nan,nan,[],0.4861645265029315,0.5342664587950774,nan,0.711,nan,nan,nan,nan,nan,nan,nan,nan,nan,5.428257,nan,5.428257,nan,nan,nan,1195.21484375,ok,False,,,N,2000,nan,True
runtime_synth__synthetic_n2000_d1000_noise3.0__runtime_nscale__seed1__spkm,run_divi_runtime_synth_direct.py,2026-03-25T12:50:29Z,unknown,x86_64,cpu,x86_64,synthetic,synthetic_n2000_d1000_noise3.0,runtime_nscale,2000,1000,3,0.01,0.99,3.0,20262326,1,spkm,nan,spkm,nan,nan,nan,,nan,nan,nan,nan,nan,nan,nan,3,0,nan,nan,[],0.998498874063205,0.9965853313238789,0.025220680958385876,0.9995,783,0.783,nan,nan,nan,nan,nan,nan,nan,1.931076,nan,1.931076,nan,nan,nan,867.27734375,ok,False,,,N,2000,nan,True
runtime_synth__synthetic_n2000_d1000_noise3.0__runtime_nscale__seed2__divi,run_divi_runtime_synth_direct.py,2026-03-25T12:51:13Z,unknown,x86_64,cpu,x86_64,synthetic,synthetic_n2000_d1000_noise3.0,runtime_nscale,2000,1000,3,0.01,0.99,3.0,20262326,2,divi,1,divi,2000.0,1.0,80,auto_entropy,1418.9385332046727,1.0,0.01,1.0,0.1,300,300,4,3,80,240,"[80, 160, 240]",0.8674627090445379,0.8990991390242099,1.0,0.8375,10,0.01,0.21006035804748535,0.18858709931373596,3931576.75,3840801.0,90775.75,3860786.0,35.39532470703125,43.8813891940008,2.554367493998143,41.196461005001765,0.10699793799722102,0.12644581499989727,0.1373215366833392,1088.40625,ok,False,,,N,2000,nan,True
runtime_synth__synthetic_n2000_d1000_noise3.0__runtime_nscale__seed2__kmeans_oracle,run_divi_runtime_synth_direct.py,2026-03-25T12:51:14Z,unknown,x86_64,cpu,x86_64,synthetic,synthetic_n2000_d1000_noise3.0,runtime_nscale,2000,1000,3,0.01,0.99,3.0,20262326,2,kmeans_oracle,nan,kmeans_oracle,nan,nan,nan,,nan,nan,nan,nan,nan,nan,nan,3,0,nan,nan,[],0.8730884133466918,0.8323260000876456,nan,0.9555,nan,nan,nan,nan,nan,nan,nan,nan,nan,1.399764,nan,1.399764,nan,nan,nan,1088.40625,ok,False,,,N,2000,nan,True
runtime_synth__synthetic_n2000_d1000_noise3.0__runtime_nscale__seed2__gmm_oracle,run_divi_runtime_synth_direct.py,2026-03-25T12:51:19Z,unknown,x86_64,cpu,x86_64,synthetic,synthetic_n2000_d1000_noise3.0,runtime_nscale,2000,1000,3,0.01,0.99,3.0,20262326,2,gmm_oracle,nan,gmm_oracle,nan,nan,nan,,nan,nan,nan,nan,nan,nan,nan,3,0,nan,nan,[],0.6694621933546656,0.6394405665244767,nan,0.871,nan,nan,nan,nan,nan,nan,nan,nan,nan,5.286935,nan,5.286935,nan,nan,nan,1088.40625,ok,False,,,N,2000,nan,True
runtime_synth__synthetic_n2000_d1000_noise3.0__runtime_nscale__seed2__spkm,run_divi_runtime_synth_direct.py,2026-03-25T12:51:21Z,unknown,x86_64,cpu,x86_64,synthetic,synthetic_n2000_d1000_noise3.0,runtime_nscale,2000,1000,3,0.01,0.99,3.0,20262326,2,spkm,nan,spkm,nan,nan,nan,,nan,nan,nan,nan,nan,nan,nan,3,0,nan,nan,[],0.998498874063205,0.9965853313238789,0.025220680958385876,0.9995,783,0.783,nan,nan,nan,nan,nan,nan,nan,1.8932280000000001,nan,1.8932280000000001,nan,nan,nan,1088.40625,ok,False,,,N,2000,nan,True
runtime_synth__synthetic_n2000_d1000_noise3.0__runtime_nscale__seed3__divi,run_divi_runtime_synth_direct.py,2026-03-25T12:52:02Z,unknown,x86_64,cpu,x86_64,synthetic,synthetic_n2000_d1000_noise3.0,runtime_nscale,2000,1000,3,0.01,0.99,3.0,20262326,3,divi,1,divi,2000.0,1.0,80,auto_entropy,1418.9385332046727,1.0,0.01,1.0,0.1,300,300,4,3,80,240,"[80, 160, 240]",0.8667376180283305,0.8968565031180705,1.0,0.843,10,0.01,0.20945638418197632,0.1859322339296341,3931735.75,3850844.5,80891.25,3861659.25,35.038299560546875,40.60438361099659,2.6215740919979,37.86402749800254,0.1035520789992006,0.11454808399867034,0.12621342499334182,1027.4921875,ok,False,,,N,2000,nan,True
runtime_synth__synthetic_n2000_d1000_noise3.0__runtime_nscale__seed3__kmeans_oracle,run_divi_runtime_synth_direct.py,2026-03-25T12:52:03Z,unknown,x86_64,cpu,x86_64,synthetic,synthetic_n2000_d1000_noise3.0,runtime_nscale,2000,1000,3,0.01,0.99,3.0,20262326,3,kmeans_oracle,nan,kmeans_oracle,nan,nan,nan,,nan,nan,nan,nan,nan,nan,nan,3,0,nan,nan,[],0.8027641588005743,0.7701338207621181,nan,0.9285,nan,nan,nan,nan,nan,nan,nan,nan,nan,1.1858170000000001,nan,1.1858170000000001,nan,nan,nan,1027.4921875,ok,False,,,N,2000,nan,True
runtime_synth__synthetic_n2000_d1000_noise3.0__runtime_nscale__seed3__gmm_oracle,run_divi_runtime_synth_direct.py,2026-03-25T12:52:08Z,unknown,x86_64,cpu,x86_64,synthetic,synthetic_n2000_d1000_noise3.0,runtime_nscale,2000,1000,3,0.01,0.99,3.0,20262326,3,gmm_oracle,nan,gmm_oracle,nan,nan,nan,,nan,nan,nan,nan,nan,nan,nan,3,0,nan,nan,[],0.4301080481909995,0.47144906591924224,nan,0.689,nan,nan,nan,nan,nan,nan,nan,nan,nan,4.851364,nan,4.851364,nan,nan,nan,1027.4921875,ok,False,,,N,2000,nan,True
runtime_synth__synthetic_n2000_d1000_noise3.0__runtime_nscale__seed3__spkm,run_divi_runtime_synth_direct.py,2026-03-25T12:52:11Z,unknown,x86_64,cpu,x86_64,synthetic,synthetic_n2000_d1000_noise3.0,runtime_nscale,2000,1000,3,0.01,0.99,3.0,20262326,3,spkm,nan,spkm,nan,nan,nan,,nan,nan,nan,nan,nan,nan,nan,3,0,nan,nan,[],0.998498874063205,0.9965853313238789,0.025220680958385876,0.9995,783,0.783,nan,nan,nan,nan,nan,nan,nan,2.537294,nan,2.537294,nan,nan,nan,1027.4921875,ok,False,,,N,2000,nan,True
runtime_synth__synthetic_n2000_d1000_noise3.0__runtime_nscale__seed4__divi,run_divi_runtime_synth_direct.py,2026-03-25T12:52:51Z,unknown,x86_64,cpu,x86_64,synthetic,synthetic_n2000_d1000_noise3.0,runtime_nscale,2000,1000,3,0.01,0.99,3.0,20262326,4,divi,1,divi,2000.0,1.0,80,auto_entropy,1418.9385332046727,1.0,0.01,1.0,0.1,300,300,4,3,80,240,"[80, 160, 240]",0.8744463820769158,0.9028482883692924,1.0,0.871,10,0.01,0.21024905145168304,0.1894998550415039,3931514.5,3838533.5,92981.0,3860514.0,35.50029754638672,40.630215836998104,2.6545913189984276,37.85619018699799,0.10576588299954892,0.11502433799978462,0.12618730062332664,1149.56640625,ok,False,,,N,2000,nan,True
runtime_synth__synthetic_n2000_d1000_noise3.0__runtime_nscale__seed4__kmeans_oracle,run_divi_runtime_synth_direct.py,2026-03-25T12:52:52Z,unknown,x86_64,cpu,x86_64,synthetic,synthetic_n2000_d1000_noise3.0,runtime_nscale,2000,1000,3,0.01,0.99,3.0,20262326,4,kmeans_oracle,nan,kmeans_oracle,nan,nan,nan,,nan,nan,nan,nan,nan,nan,nan,3,0,nan,nan,[],0.734111038551505,0.7034659113485042,nan,0.8995,nan,nan,nan,nan,nan,nan,nan,nan,nan,0.996828,nan,0.996828,nan,nan,nan,1149.56640625,ok,False,,,N,2000,nan,True
runtime_synth__synthetic_n2000_d1000_noise3.0__runtime_nscale__seed4__gmm_oracle,run_divi_runtime_synth_direct.py,2026-03-25T12:52:56Z,unknown,x86_64,cpu,x86_64,synthetic,synthetic_n2000_d1000_noise3.0,runtime_nscale,2000,1000,3,0.01,0.99,3.0,20262326,4,gmm_oracle,nan,gmm_oracle,nan,nan,nan,,nan,nan,nan,nan,nan,nan,nan,3,0,nan,nan,[],0.44655853248201083,0.4931315934393226,nan,0.664,nan,nan,nan,nan,nan,nan,nan,nan,nan,3.692284,nan,3.692284,nan,nan,nan,1149.56640625,ok,False,,,N,2000,nan,True
runtime_synth__synthetic_n2000_d1000_noise3.0__runtime_nscale__seed4__spkm,run_divi_runtime_synth_direct.py,2026-03-25T12:52:58Z,unknown,x86_64,cpu,x86_64,synthetic,synthetic_n2000_d1000_noise3.0,runtime_nscale,2000,1000,3,0.01,0.99,3.0,20262326,4,spkm,nan,spkm,nan,nan,nan,,nan,nan,nan,nan,nan,nan,nan,3,0,nan,nan,[],0.998498874063205,0.9965853313238789,0.025220680958385876,0.9995,783,0.783,nan,nan,nan,nan,nan,nan,nan,2.099829,nan,2.099829,nan,nan,nan,1149.56640625,ok,False,,,N,2000,nan,True
runtime_synth__synthetic_n5000_d1000_noise3.0__runtime_nscale__seed0__divi,run_divi_runtime_synth_direct.py,2026-03-25T12:56:05Z,unknown,x86_64,cpu,x86_64,synthetic,synthetic_n5000_d1000_noise3.0,runtime_nscale,5000,1000,3,0.01,0.99,3.0,20265326,0,divi,1,divi,5000.0,1.0,80,auto_entropy,1418.9385332046727,1.0,0.01,1.0,0.1,300,300,4,3,80,240,"[80, 160, 240]",0.8781776262821925,0.8994354527293633,1.0,0.8842,10,0.01,0.1801842302083969,0.16267095506191254,9897041.0,9710338.0,186703.0,9751314.0,29.14548110961914,186.60305902300024,6.4326803570002085,179.3671836499998,0.38692611000078614,0.7935633570014033,0.597890612166666,1149.56640625,ok,False,,,N,5000,nan,True
runtime_synth__synthetic_n5000_d1000_noise3.0__runtime_nscale__seed0__kmeans_oracle,run_divi_runtime_synth_direct.py,2026-03-25T12:56:08Z,unknown,x86_64,cpu,x86_64,synthetic,synthetic_n5000_d1000_noise3.0,runtime_nscale,5000,1000,3,0.01,0.99,3.0,20265326,0,kmeans_oracle,nan,kmeans_oracle,nan,nan,nan,,nan,nan,nan,nan,nan,nan,nan,3,0,nan,nan,[],0.9773847107525755,0.9584443252453424,nan,0.9924,nan,nan,nan,nan,nan,nan,nan,nan,nan,2.968845,nan,2.968845,nan,nan,nan,1149.56640625,ok,False,,,N,5000,nan,True
runtime_synth__synthetic_n5000_d1000_noise3.0__runtime_nscale__seed0__gmm_oracle,run_divi_runtime_synth_direct.py,2026-03-25T12:56:32Z,unknown,x86_64,cpu,x86_64,synthetic,synthetic_n5000_d1000_noise3.0,runtime_nscale,5000,1000,3,0.01,0.99,3.0,20265326,0,gmm_oracle,nan,gmm_oracle,nan,nan,nan,,nan,nan,nan,nan,nan,nan,nan,3,0,nan,nan,[],0.981519238915484,0.9648069572588794,nan,0.9938,nan,nan,nan,nan,nan,nan,nan,nan,nan,24.019147,nan,24.019147,nan,nan,nan,1149.56640625,ok,False,,,N,5000,nan,True
runtime_synth__synthetic_n5000_d1000_noise3.0__runtime_nscale__seed0__spkm,run_divi_runtime_synth_direct.py,2026-03-25T12:56:38Z,unknown,x86_64,cpu,x86_64,synthetic,synthetic_n5000_d1000_noise3.0,runtime_nscale,5000,1000,3,0.01,0.99,3.0,20265326,0,spkm,nan,spkm,nan,nan,nan,,nan,nan,nan,nan,nan,nan,nan,3,0,nan,nan,[],0.9946081072363442,0.9878178584818714,0.03442340791738382,0.9982,571,0.571,nan,nan,nan,nan,nan,nan,nan,6.018134,nan,6.018134,nan,nan,nan,1149.56640625,ok,False,,,N,5000,nan,True
runtime_synth__synthetic_n5000_d1000_noise3.0__runtime_nscale__seed1__divi,run_divi_runtime_synth_direct.py,2026-03-25T12:59:25Z,unknown,x86_64,cpu,x86_64,synthetic,synthetic_n5000_d1000_noise3.0,runtime_nscale,5000,1000,3,0.01,0.99,3.0,20265326,1,divi,1,divi,5000.0,1.0,80,auto_entropy,1418.9385332046727,1.0,0.01,1.0,0.1,300,300,4,3,80,240,"[80, 160, 240]",0.867654765692908,0.8970385233763651,1.0,0.8536,10,0.01,0.18075086176395416,0.16288837790489197,9895796.0,9684350.0,211446.0,9748726.0,29.413986206054688,166.93806316100017,6.937693283998669,159.42625856900122,0.34134465500028455,0.5635946900001727,0.5314208618966707,1157.0703125,ok,False,,,N,5000,nan,True
runtime_synth__synthetic_n5000_d1000_noise3.0__runtime_nscale__seed1__kmeans_oracle,run_divi_runtime_synth_direct.py,2026-03-25T12:59:29Z,unknown,x86_64,cpu,x86_64,synthetic,synthetic_n5000_d1000_noise3.0,runtime_nscale,5000,1000,3,0.01,0.99,3.0,20265326,1,kmeans_oracle,nan,kmeans_oracle,nan,nan,nan,,nan,nan,nan,nan,nan,nan,nan,3,0,nan,nan,[],0.980335094067997,0.9628417387815745,nan,0.9934,nan,nan,nan,nan,nan,nan,nan,nan,nan,3.917818,nan,3.917818,nan,nan,nan,1157.0703125,ok,False,,,N,5000,nan,True
runtime_synth__synthetic_n5000_d1000_noise3.0__runtime_nscale__seed1__gmm_oracle,run_divi_runtime_synth_direct.py,2026-03-25T12:59:53Z,unknown,x86_64,cpu,x86_64,synthetic,synthetic_n5000_d1000_noise3.0,runtime_nscale,5000,1000,3,0.01,0.99,3.0,20265326,1,gmm_oracle,nan,gmm_oracle,nan,nan,nan,,nan,nan,nan,nan,nan,nan,nan,3,0,nan,nan,[],0.9756101360386173,0.9557765889178278,nan,0.9918,nan,nan,nan,nan,nan,nan,nan,nan,nan,23.292764,nan,23.292764,nan,nan,nan,1157.0703125,ok,False,,,N,5000,nan,True
runtime_synth__synthetic_n5000_d1000_noise3.0__runtime_nscale__seed1__spkm,run_divi_runtime_synth_direct.py,2026-03-25T12:59:59Z,unknown,x86_64,cpu,x86_64,synthetic,synthetic_n5000_d1000_noise3.0,runtime_nscale,5000,1000,3,0.01,0.99,3.0,20265326,1,spkm,nan,spkm,nan,nan,nan,,nan,nan,nan,nan,nan,nan,nan,3,0,nan,nan,[],0.9946081072363442,0.9878178584818714,0.03442340791738382,0.9982,571,0.571,nan,nan,nan,nan,nan,nan,nan,6.614259,nan,6.614259,nan,nan,nan,1157.0703125,ok,False,,,N,5000,nan,True
runtime_synth__synthetic_n5000_d1000_noise3.0__runtime_nscale__seed2__divi,run_divi_runtime_synth_direct.py,2026-03-25T13:02:54Z,unknown,x86_64,cpu,x86_64,synthetic,synthetic_n5000_d1000_noise3.0,runtime_nscale,5000,1000,3,0.01,0.99,3.0,20265326,2,divi,1,divi,5000.0,1.0,80,auto_entropy,1418.9385332046727,1.0,0.01,1.0,0.1,300,300,4,3,80,240,"[80, 160, 240]",0.8681422916534189,0.8972606389764849,1.0,0.8558,10,0.01,0.17987844347953796,0.16101044416427612,9895956.0,9704108.0,191848.0,9751583.0,28.87469482421875,174.1062468750024,5.946536434999871,167.26420528999734,0.4416608069986978,0.885131774997717,0.5575473509666578,1058.01171875,ok,False,,,N,5000,nan,True
runtime_synth__synthetic_n5000_d1000_noise3.0__runtime_nscale__seed2__kmeans_oracle,run_divi_runtime_synth_direct.py,2026-03-25T13:02:56Z,unknown,x86_64,cpu,x86_64,synthetic,synthetic_n5000_d1000_noise3.0,runtime_nscale,5000,1000,3,0.01,0.99,3.0,20265326,2,kmeans_oracle,nan,kmeans_oracle,nan,nan,nan,,nan,nan,nan,nan,nan,nan,nan,3,0,nan,nan,[],0.9821096399855207,0.9656983530175969,nan,0.994,nan,nan,nan,nan,nan,nan,nan,nan,nan,2.483918,nan,2.483918,nan,nan,nan,1058.01171875,ok,False,,,N,5000,nan,True
runtime_synth__synthetic_n5000_d1000_noise3.0__runtime_nscale__seed2__gmm_oracle,run_divi_runtime_synth_direct.py,2026-03-25T13:03:19Z,unknown,x86_64,cpu,x86_64,synthetic,synthetic_n5000_d1000_noise3.0,runtime_nscale,5000,1000,3,0.01,0.99,3.0,20265326,2,gmm_oracle,nan,gmm_oracle,nan,nan,nan,,nan,nan,nan,nan,nan,nan,nan,3,0,nan,nan,[],0.9756168966525669,0.9554767104601586,nan,0.9918,nan,nan,nan,nan,nan,nan,nan,nan,nan,23.124714,nan,23.124714,nan,nan,nan,1058.01171875,ok,False,,,N,5000,nan,True
runtime_synth__synthetic_n5000_d1000_noise3.0__runtime_nscale__seed2__spkm,run_divi_runtime_synth_direct.py,2026-03-25T13:03:25Z,unknown,x86_64,cpu,x86_64,synthetic,synthetic_n5000_d1000_noise3.0,runtime_nscale,5000,1000,3,0.01,0.99,3.0,20265326,2,spkm,nan,spkm,nan,nan,nan,,nan,nan,nan,nan,nan,nan,nan,3,0,nan,nan,[],0.9946081072363442,0.9878178584818714,0.03442340791738382,0.9982,571,0.571,nan,nan,nan,nan,nan,nan,nan,6.15012,nan,6.15012,nan,nan,nan,1058.01171875,ok,False,,,N,5000,nan,True
runtime_synth__synthetic_n5000_d1000_noise3.0__runtime_nscale__seed3__divi,run_divi_runtime_synth_direct.py,2026-03-25T13:06:24Z,unknown,x86_64,cpu,x86_64,synthetic,synthetic_n5000_d1000_noise3.0,runtime_nscale,5000,1000,3,0.01,0.99,3.0,20265326,3,divi,1,divi,5000.0,1.0,80,auto_entropy,1418.9385332046727,1.0,0.01,1.0,0.1,300,300,4,3,80,240,"[80, 160, 240]",0.8639999186678575,0.8926021448832319,1.0,0.8344,10,0.01,0.17999835312366486,0.1594143658876419,9895810.0,9720845.0,174965.0,9751536.0,28.85470199584961,178.1244037760007,5.933348181999463,171.4992990009996,0.26151291799760656,0.6802416350001295,0.5716643300033319,1115.109375,ok,False,,,N,5000,nan,True
runtime_synth__synthetic_n5000_d1000_noise3.0__runtime_nscale__seed3__kmeans_oracle,run_divi_runtime_synth_direct.py,2026-03-25T13:06:26Z,unknown,x86_64,cpu,x86_64,synthetic,synthetic_n5000_d1000_noise3.0,runtime_nscale,5000,1000,3,0.01,0.99,3.0,20265326,3,kmeans_oracle,nan,kmeans_oracle,nan,nan,nan,,nan,nan,nan,nan,nan,nan,nan,3,0,nan,nan,[],0.9815236715844934,0.9653005389871075,nan,0.9938,nan,nan,nan,nan,nan,nan,nan,nan,nan,2.128931,nan,2.128931,nan,nan,nan,1115.109375,ok,False,,,N,5000,nan,True
runtime_synth__synthetic_n5000_d1000_noise3.0__runtime_nscale__seed3__gmm_oracle,run_divi_runtime_synth_direct.py,2026-03-25T13:06:49Z,unknown,x86_64,cpu,x86_64,synthetic,synthetic_n5000_d1000_noise3.0,runtime_nscale,5000,1000,3,0.01,0.99,3.0,20265326,3,gmm_oracle,nan,gmm_oracle,nan,nan,nan,,nan,nan,nan,nan,nan,nan,nan,3,0,nan,nan,[],0.9762108976597886,0.9570363910935543,nan,0.992,nan,nan,nan,nan,nan,nan,nan,nan,nan,23.66692,nan,23.66692,nan,nan,nan,1115.109375,ok,False,,,N,5000,nan,True
runtime_synth__synthetic_n5000_d1000_noise3.0__runtime_nscale__seed3__spkm,run_divi_runtime_synth_direct.py,2026-03-25T13:06:55Z,unknown,x86_64,cpu,x86_64,synthetic,synthetic_n5000_d1000_noise3.0,runtime_nscale,5000,1000,3,0.01,0.99,3.0,20265326,3,spkm,nan,spkm,nan,nan,nan,,nan,nan,nan,nan,nan,nan,nan,3,0,nan,nan,[],0.9946081072363442,0.9878178584818714,0.03442340791738382,0.9982,571,0.571,nan,nan,nan,nan,nan,nan,nan,5.639987,nan,5.639987,nan,nan,nan,1115.109375,ok,False,,,N,5000,nan,True
runtime_synth__synthetic_n5000_d1000_noise3.0__runtime_nscale__seed4__divi,run_divi_runtime_synth_direct.py,2026-03-25T13:09:47Z,unknown,x86_64,cpu,x86_64,synthetic,synthetic_n5000_d1000_noise3.0,runtime_nscale,5000,1000,3,0.01,0.99,3.0,20265326,4,divi,1,divi,5000.0,1.0,80,auto_entropy,1418.9385332046727,1.0,0.01,1.0,0.1,300,300,4,3,80,240,"[80, 160, 240]",0.9285634117468117,0.9142102125462194,1.0,0.9506,10,0.01,0.18037743866443634,0.16186219453811646,9896898.0,9716531.0,180367.0,9751061.0,29.167449951171875,171.2447956820033,6.4651136370011955,163.99950114199964,0.35008532099891454,0.7695876869984204,0.5466650038066655,1115.109375,ok,False,,,N,5000,nan,True
runtime_synth__synthetic_n5000_d1000_noise3.0__runtime_nscale__seed4__kmeans_oracle,run_divi_runtime_synth_direct.py,2026-03-25T13:09:49Z,unknown,x86_64,cpu,x86_64,synthetic,synthetic_n5000_d1000_noise3.0,runtime_nscale,5000,1000,3,0.01,0.99,3.0,20265326,4,kmeans_oracle,nan,kmeans_oracle,nan,nan,nan,,nan,nan,nan,nan,nan,nan,nan,3,0,nan,nan,[],0.9809305636142881,0.9643814906249447,nan,0.9936,nan,nan,nan,nan,nan,nan,nan,nan,nan,2.20689,nan,2.20689,nan,nan,nan,1115.109375,ok,False,,,N,5000,nan,True
runtime_synth__synthetic_n5000_d1000_noise3.0__runtime_nscale__seed4__gmm_oracle,run_divi_runtime_synth_direct.py,2026-03-25T13:10:12Z,unknown,x86_64,cpu,x86_64,synthetic,synthetic_n5000_d1000_noise3.0,runtime_nscale,5000,1000,3,0.01,0.99,3.0,20265326,4,gmm_oracle,nan,gmm_oracle,nan,nan,nan,,nan,nan,nan,nan,nan,nan,nan,3,0,nan,nan,[],0.9809261894450538,0.9640379094052256,nan,0.9936,nan,nan,nan,nan,nan,nan,nan,nan,nan,23.503833,nan,23.503833,nan,nan,nan,1115.109375,ok,False,,,N,5000,nan,True
runtime_synth__synthetic_n5000_d1000_noise3.0__runtime_nscale__seed4__spkm,run_divi_runtime_synth_direct.py,2026-03-25T13:10:19Z,unknown,x86_64,cpu,x86_64,synthetic,synthetic_n5000_d1000_noise3.0,runtime_nscale,5000,1000,3,0.01,0.99,3.0,20265326,4,spkm,nan,spkm,nan,nan,nan,,nan,nan,nan,nan,nan,nan,nan,3,0,nan,nan,[],0.9946081072363442,0.9878178584818714,0.03442340791738382,0.9982,571,0.571,nan,nan,nan,nan,nan,nan,nan,6.7064070000000005,nan,6.7064070000000005,nan,nan,nan,1115.109375,ok,False,,,N,5000,nan,True
