experiment_id,script_name,timestamp,git_commit,hostname,device_type,device_name,dataset,dataset_variant,split_name,N,D,K_true,informative_ratio,noise_ratio,noise_sigma,data_seed,run_seed,method,prior_mode,baseline_name,beta,beta_mult,Tsplit,tau_mode,tau,tau_mult,lr,temp_start,temp_end,max_epochs,epochs_completed,final_K,split_count,first_split_epoch,last_split_epoch,split_epochs_json,ari,nmi,f1_feature,acc,selected_dims_count,selected_dims_ratio,mean_phi,median_phi,objective_final,objective_best,objective_gap,nll_final,kl_final,wallclock_total_sec,wallclock_stepA_sec,wallclock_train_sec,wallclock_split_diag_sec,wallclock_post_sec,time_per_epoch_sec,peak_memory_mb,status,timeout_flag,error_message,artifact_dir,split_epochs,prior_mode_name,predictions
misspec_tuned__t_df5_noise3__heavy_tail_signal__seed2000__DIVI_p1,run_divi_misspec_robustness_tuned.py,2026-04-02T15:19:58Z,unknown,local,cpu,x86_64,synthetic_heavy_tail_signal,t_df5_noise3,heavy_tail_signal,200,100,3,0.1,0.9,3.0,21000,2000,DIVI,1,DIVI,200.0,1.0,120,manual_mult_auto,141.89385332046726,1.0,0.01,1.0,0.1,300,300,3,2,120,240,"[120, 240]",0.9849996249906248,0.9763460183015862,0.8695652173913044,0.995,13,0.13,0.34362658858299255,0.3011201024055481,36825.8125,35138.34765625,1687.46484375,35970.65234375,4.275810241699219,1.327048200000263,0.11491082399970765,0.42185581800004,0.0015914300001895754,0.0010596400002214068,0.0014061860600001334,447.828125,ok,0,,outputs/misspec_robustness_tuned,"[120, 240]",informative_kw_llr,"[0 0 2 2 1 0 1 2 0 0 0 2 2 2 0 0 2 2 0 1 0 1 0 0 1 0 1 0 0 0 2 0 2 0 2 2 2
 0 1 2 1 2 2 2 2 1 1 0 0 2 2 0 1 0 0 0 0 0 0 1 2 1 2 1 2 1 1 1 1 0 0 0 2 2
 1 1 1 1 1 1 2 0 2 1 2 1 2 1 2 1 1 1 1 2 1 1 2 0 0 2 1 2 1 2 2 1 0 2 1 0 2
 1 2 2 1 0 0 0 1 0 0 0 0 0 1 1 2 2 1 2 1 0 0 2 1 1 2 2 2 2 2 0 2 0 0 1 0 2
 2 0 1 0 2 1 1 0 1 1 0 0 1 2 2 2 2 2 1 2 2 0 0 2 1 1 1 2 0 1 0 2 0 2 1 1 0
 0 0 0 1 0 1 2 1 0 1 1 2 2 1 0]"
misspec_tuned__t_df5_noise3__heavy_tail_signal__seed2000__DIVI_p2,run_divi_misspec_robustness_tuned.py,2026-04-02T15:19:58Z,unknown,local,cpu,x86_64,synthetic_heavy_tail_signal,t_df5_noise3,heavy_tail_signal,200,100,3,0.1,0.9,3.0,21000,2000,DIVI,2,DIVI,200.0,1.0,120,manual_mult_auto,141.89385332046726,1.0,0.01,1.0,0.1,300,300,3,2,120,240,"[120, 240]",0.8984536328383231,0.8713529674253638,0.18181818181818182,0.965,100,1.0,0.6735144853591919,0.670752763748169,33213.453125,29634.095703125,3579.357421875,31959.794921875,6.268281936645508,0.4146986079999806,4.8740000238467474e-05,0.4129535480001323,0.0010551899999882153,0.0009712099999887869,0.0013765118266671076,448.0390625,ok,0,,outputs/misspec_robustness_tuned,"[120, 240]",noninformative_uniform,"[0 0 2 2 1 0 1 2 0 0 0 2 2 2 0 0 2 2 0 1 0 1 0 0 1 0 1 0 0 0 2 0 2 0 2 2 2
 0 1 2 1 2 2 2 2 1 1 0 0 2 2 0 1 0 0 0 0 0 0 1 1 1 2 1 2 1 1 1 1 0 0 0 2 2
 1 1 1 1 1 1 2 0 2 1 2 1 2 1 2 1 1 1 1 2 1 1 2 0 0 2 1 2 1 2 2 1 0 2 1 0 2
 1 2 1 1 0 0 0 1 0 0 0 0 0 1 1 2 1 1 2 1 0 0 2 1 2 2 2 1 2 2 0 2 0 0 1 0 2
 2 0 1 0 2 1 1 0 1 1 0 0 1 2 2 2 2 2 1 2 2 0 0 1 1 1 1 2 0 1 0 2 0 2 1 1 0
 0 0 0 1 0 1 2 1 0 1 1 2 2 1 0]"
misspec_tuned__t_df5_noise3__heavy_tail_signal__seed2000__DIVI_p3,run_divi_misspec_robustness_tuned.py,2026-04-02T15:19:58Z,unknown,local,cpu,x86_64,synthetic_heavy_tail_signal,t_df5_noise3,heavy_tail_signal,200,100,3,0.1,0.9,3.0,21000,2000,DIVI,3,DIVI,200.0,1.0,120,manual_mult_auto,141.89385332046726,1.0,0.01,1.0,0.1,300,300,3,2,120,240,"[120, 240]",0.5282057256021202,0.5626340464705798,0.07894736842105263,0.795,66,0.66,0.586497962474823,0.676500678062439,34251.03515625,31606.095703125,2644.939453125,33448.2734375,4.013809680938721,0.4204572180001378,5.3079999815963674e-05,0.4191276579999794,0.001291990000026999,0.00093304000029093,0.0013970921933332647,449.0859375,ok,0,,outputs/misspec_robustness_tuned,"[120, 240]",random_prior,"[2 2 0 0 1 1 1 0 1 2 2 0 0 0 2 2 0 0 2 1 2 0 2 2 0 2 1 2 2 2 0 2 0 2 0 0 0
 2 1 0 1 0 0 0 0 1 1 2 2 0 0 2 0 2 2 1 1 2 2 1 0 1 0 0 0 1 1 0 1 2 1 2 0 0
 1 0 0 1 1 1 0 1 0 1 0 1 0 1 0 0 0 0 2 0 0 0 0 2 1 0 1 0 1 0 0 1 2 0 0 2 0
 1 0 0 1 2 2 2 1 2 2 2 1 1 0 1 0 0 1 0 1 2 2 0 2 0 0 0 0 0 0 1 0 2 2 1 2 0
 0 2 0 2 0 0 0 2 1 1 2 2 1 0 0 0 0 0 1 0 0 1 1 0 1 1 0 0 2 1 2 0 2 0 2 0 1
 2 2 1 0 2 0 0 1 1 1 2 0 0 2 2]"
misspec_tuned__t_df5_noise3__heavy_tail_signal__seed2000__kmeans_oracle,run_divi_misspec_robustness_tuned.py,2026-04-02T15:19:58Z,unknown,local,cpu,x86_64,synthetic_heavy_tail_signal,t_df5_noise3,heavy_tail_signal,200,100,3,0.1,0.9,3.0,21000,2000,kmeans_oracle,nan,KMeans,nan,nan,120,manual_mult_auto,141.89385332046726,1.0,0.01,1.0,0.1,300,nan,3,0,nan,nan,[],0.9135071816281082,0.9069378303867457,nan,0.97,nan,nan,nan,nan,nan,nan,nan,nan,nan,nan,nan,nan,nan,nan,nan,445.7421875,ok,0,,outputs/misspec_robustness_tuned
misspec_tuned__t_df5_noise3__heavy_tail_signal__seed2000__gmm_oracle,run_divi_misspec_robustness_tuned.py,2026-04-02T15:19:58Z,unknown,local,cpu,x86_64,synthetic_heavy_tail_signal,t_df5_noise3,heavy_tail_signal,200,100,3,0.1,0.9,3.0,21000,2000,gmm_oracle,nan,GaussianMixtureDiag,nan,nan,120,manual_mult_auto,141.89385332046726,1.0,0.01,1.0,0.1,300,nan,3,0,nan,nan,[],0.9849996249906248,0.9763460183015862,nan,0.995,nan,nan,nan,nan,nan,nan,nan,nan,nan,nan,nan,nan,nan,nan,nan,445.828125,ok,0,,outputs/misspec_robustness_tuned
misspec_tuned__t_df5_noise3__heavy_tail_signal__seed2001__DIVI_p1,run_divi_misspec_robustness_tuned.py,2026-04-02T15:20:00Z,unknown,local,cpu,x86_64,synthetic_heavy_tail_signal,t_df5_noise3,heavy_tail_signal,200,100,3,0.1,0.9,3.0,21001,2001,DIVI,1,DIVI,200.0,1.0,120,manual_mult_auto,141.89385332046726,1.0,0.01,1.0,0.1,300,300,3,2,120,240,"[120, 240]",1.0,1.0,0.8695652173913044,1.0,13,0.13,0.31074365973472595,0.22835221886634827,37132.7890625,35258.96875,1873.8203125,36299.98046875,4.164038181304932,0.4830345740001576,0.08689508500037846,0.3939030200003799,0.0009491900000284659,0.001805090999823733,0.001313010066667933,450.09375,ok,0,,outputs/misspec_robustness_tuned,"[120, 240]",informative_kw_llr,"[0 0 1 0 1 1 2 1 0 1 1 1 0 2 2 0 2 0 2 0 1 1 1 0 0 1 2 0 1 1 0 1 0 1 0 2 1
 0 2 2 1 2 1 2 2 2 2 0 2 0 2 0 1 1 1 1 2 2 0 1 2 1 1 0 2 1 2 2 0 2 0 2 1 0
 2 1 2 0 0 0 2 0 1 2 2 2 1 0 2 2 1 0 0 1 0 1 2 0 2 0 1 0 0 0 1 2 1 1 1 0 1
 2 0 2 0 2 1 2 1 1 2 2 2 1 1 1 2 0 1 0 2 2 1 0 2 1 0 2 0 2 0 0 0 1 0 1 0 0
 2 2 1 0 2 2 0 2 0 2 0 0 2 0 2 1 2 1 1 1 1 0 1 1 0 0 2 1 1 2 0 0 1 1 0 0 0
 2 2 1 1 1 2 1 2 2 2 2 1 0 0 0]"
misspec_tuned__t_df5_noise3__heavy_tail_signal__seed2001__DIVI_p2,run_divi_misspec_robustness_tuned.py,2026-04-02T15:20:00Z,unknown,local,cpu,x86_64,synthetic_heavy_tail_signal,t_df5_noise3,heavy_tail_signal,200,100,3,0.1,0.9,3.0,21001,2001,DIVI,2,DIVI,200.0,1.0,120,manual_mult_auto,141.89385332046726,1.0,0.01,1.0,0.1,300,300,3,2,120,240,"[120, 240]",0.40145835644944844,0.5324559466507259,0.18181818181818182,0.585,100,1.0,0.6688861846923828,0.6676315665245056,33306.2109375,29727.23046875,3578.98046875,32124.68359375,5.907637596130371,0.3877698600003896,2.10899997910019e-05,0.3865266099996916,0.0009424499999113323,0.0008881100002327003,0.0012884220333323052,448.71484375,ok,0,,outputs/misspec_robustness_tuned,"[120, 240]",noninformative_uniform,"[1 1 0 1 0 0 0 0 2 2 2 0 1 0 0 1 0 2 0 1 0 0 2 1 1 0 0 1 2 0 1 0 1 2 2 0 0
 1 0 0 0 0 0 0 0 0 0 2 0 2 0 2 0 0 0 0 0 0 2 0 0 0 0 1 0 0 0 0 2 0 2 0 0 1
 0 0 0 2 1 1 0 1 0 0 0 0 0 1 0 0 0 2 1 0 2 0 0 1 0 1 0 1 2 2 0 0 0 2 0 2 0
 0 1 0 2 0 0 0 2 2 0 0 0 0 0 0 0 1 0 1 0 0 0 2 0 0 2 0 1 0 1 1 1 0 2 0 2 2
 0 0 0 1 0 0 1 0 2 0 1 1 0 1 0 0 0 0 1 0 0 1 0 2 1 1 0 0 0 0 1 2 0 2 2 2 1
 0 0 0 2 0 0 0 0 0 0 0 0 1 2 2]"
misspec_tuned__t_df5_noise3__heavy_tail_signal__seed2001__DIVI_p3,run_divi_misspec_robustness_tuned.py,2026-04-02T15:20:00Z,unknown,local,cpu,x86_64,synthetic_heavy_tail_signal,t_df5_noise3,heavy_tail_signal,200,100,3,0.1,0.9,3.0,21001,2001,DIVI,3,DIVI,200.0,1.0,120,manual_mult_auto,141.89385332046726,1.0,0.01,1.0,0.1,300,300,3,2,120,240,"[120, 240]",0.9848865697285946,0.9763112474994169,0.20454545454545456,0.995,78,0.78,0.6448848247528076,0.6698933839797974,32873.921875,30304.603515625,2569.318359375,32086.29296875,3.9381461143493652,0.3913157400002092,2.064000000245869e-05,0.3901256290000674,0.0009270600003219442,0.0008657899998070206,0.001300418763333558,448.71875,ok,0,,outputs/misspec_robustness_tuned,"[120, 240]",random_prior,"[1 1 2 1 2 2 0 2 1 2 2 2 1 0 0 1 0 1 0 1 2 2 2 1 1 2 0 1 2 2 1 2 1 2 1 0 2
 1 0 0 2 0 2 0 0 0 0 1 0 1 0 1 2 2 2 2 0 0 1 2 0 2 2 1 0 2 0 0 1 0 1 0 2 1
 0 2 0 1 1 1 0 1 2 0 0 0 2 1 0 0 2 1 1 2 2 2 0 1 0 1 2 1 1 1 2 0 2 2 2 1 2
 0 1 0 1 0 2 0 2 2 0 0 0 2 2 2 0 1 2 1 0 0 2 1 0 2 1 0 1 0 1 1 1 2 1 2 1 1
 0 0 2 1 0 0 1 0 1 0 1 1 0 1 0 2 0 2 2 2 2 1 2 2 1 1 0 2 2 0 1 1 2 2 1 1 1
 0 0 2 2 2 0 2 0 0 0 0 2 1 1 1]"
misspec_tuned__t_df5_noise3__heavy_tail_signal__seed2001__kmeans_oracle,run_divi_misspec_robustness_tuned.py,2026-04-02T15:20:00Z,unknown,local,cpu,x86_64,synthetic_heavy_tail_signal,t_df5_noise3,heavy_tail_signal,200,100,3,0.1,0.9,3.0,21001,2001,kmeans_oracle,nan,KMeans,nan,nan,120,manual_mult_auto,141.89385332046726,1.0,0.01,1.0,0.1,300,nan,3,0,nan,nan,[],0.9267055449243874,0.8947273247517562,nan,0.975,nan,nan,nan,nan,nan,nan,nan,nan,nan,nan,nan,nan,nan,nan,nan,448.71875,ok,0,,outputs/misspec_robustness_tuned
misspec_tuned__t_df5_noise3__heavy_tail_signal__seed2001__gmm_oracle,run_divi_misspec_robustness_tuned.py,2026-04-02T15:20:00Z,unknown,local,cpu,x86_64,synthetic_heavy_tail_signal,t_df5_noise3,heavy_tail_signal,200,100,3,0.1,0.9,3.0,21001,2001,gmm_oracle,nan,GaussianMixtureDiag,nan,nan,120,manual_mult_auto,141.89385332046726,1.0,0.01,1.0,0.1,300,nan,3,0,nan,nan,[],1.0,1.0,nan,1.0,nan,nan,nan,nan,nan,nan,nan,nan,nan,nan,nan,nan,nan,nan,nan,448.71875,ok,0,,outputs/misspec_robustness_tuned
misspec_tuned__t_df5_noise3__heavy_tail_signal__seed2002__DIVI_p1,run_divi_misspec_robustness_tuned.py,2026-04-02T15:20:01Z,unknown,local,cpu,x86_64,synthetic_heavy_tail_signal,t_df5_noise3,heavy_tail_signal,200,100,3,0.1,0.9,3.0,21002,2002,DIVI,1,DIVI,200.0,1.0,120,manual_mult_auto,141.89385332046726,1.0,0.01,1.0,0.1,300,300,3,2,120,240,"[120, 240]",0.9697766425713032,0.9526186802811253,0.7692307692307693,0.99,16,0.16,0.3272441029548645,0.25003618001937866,36957.03515625,35292.99609375,1664.0390625,36106.1015625,4.254672050476074,0.47711189500023465,0.08368045599991092,0.39210210900000675,0.0009467099998801132,0.0009086700001716963,0.0013070070300000224,449.04296875,ok,0,,outputs/misspec_robustness_tuned,"[120, 240]",informative_kw_llr,"[2 1 1 2 0 0 2 0 1 1 1 0 0 0 0 1 2 0 0 2 0 0 1 2 1 0 1 0 0 0 0 0 1 0 2 1 2
 1 2 2 2 1 1 0 1 0 1 0 2 0 0 0 1 2 1 2 2 2 2 0 1 0 2 0 0 1 0 2 0 1 2 0 2 1
 1 1 2 2 0 1 2 2 0 0 1 1 0 0 0 2 2 1 0 0 1 2 2 2 2 2 0 1 1 2 2 0 2 0 1 1 1
 0 1 2 1 2 2 0 1 1 2 2 0 1 2 0 1 2 1 0 1 1 0 0 2 2 1 0 2 0 2 1 0 0 1 1 1 0
 2 2 0 2 0 1 1 2 1 1 2 1 0 1 2 0 0 0 2 2 1 1 1 2 2 2 1 2 2 1 0 1 1 0 0 2 1
 2 1 2 2 1 1 0 0 1 1 2 1 0 2 1]"
misspec_tuned__t_df5_noise3__heavy_tail_signal__seed2002__DIVI_p2,run_divi_misspec_robustness_tuned.py,2026-04-02T15:20:01Z,unknown,local,cpu,x86_64,synthetic_heavy_tail_signal,t_df5_noise3,heavy_tail_signal,200,100,3,0.1,0.9,3.0,21002,2002,DIVI,2,DIVI,200.0,1.0,120,manual_mult_auto,141.89385332046726,1.0,0.01,1.0,0.1,300,300,3,2,120,240,"[120, 240]",0.9850007840499246,0.9763449138590041,0.18181818181818182,0.995,100,1.0,0.6726840138435364,0.6697549223899841,33058.53515625,29645.6171875,3412.91796875,31819.81640625,6.193589687347412,0.3955466789998354,1.900000006571645e-05,0.39431640899965714,0.0009469100000387698,0.000894009999683476,0.0013143880299988572,449.4296875,ok,0,,outputs/misspec_robustness_tuned,"[120, 240]",noninformative_uniform,"[2 1 1 2 0 0 2 0 1 1 1 0 0 0 0 1 2 0 0 2 0 0 1 2 1 0 1 0 0 0 0 0 1 0 2 1 2
 1 2 2 2 1 1 0 0 0 1 0 2 0 0 0 1 2 1 2 2 2 2 0 1 0 2 0 0 1 0 2 0 1 2 0 2 1
 1 1 2 2 0 1 2 2 0 0 1 1 0 0 0 2 2 1 0 0 1 2 2 2 2 2 0 1 1 2 2 0 2 0 1 1 1
 0 1 2 1 2 2 0 1 1 2 2 0 1 2 0 1 2 1 0 1 1 0 0 2 2 1 0 2 0 2 1 0 0 1 1 1 0
 2 2 0 2 0 1 1 2 1 1 2 1 0 1 2 0 0 0 2 2 1 1 1 2 2 2 1 2 2 1 0 1 1 0 0 2 1
 2 1 2 2 1 1 0 0 1 1 2 1 0 2 1]"
misspec_tuned__t_df5_noise3__heavy_tail_signal__seed2002__DIVI_p3,run_divi_misspec_robustness_tuned.py,2026-04-02T15:20:01Z,unknown,local,cpu,x86_64,synthetic_heavy_tail_signal,t_df5_noise3,heavy_tail_signal,200,100,3,0.1,0.9,3.0,21002,2002,DIVI,3,DIVI,200.0,1.0,120,manual_mult_auto,141.89385332046726,1.0,0.01,1.0,0.1,300,300,3,2,120,240,"[120, 240]",0.5323189075827319,0.6101510891581169,0.15189873417721517,0.795,69,0.69,0.5825164914131165,0.6633136868476868,34135.77734375,31553.080078125,2582.697265625,33308.83984375,4.1346893310546875,0.3785324400000718,1.900000006571645e-05,0.37721719999990455,0.0009833300000536838,0.0009841900000537862,0.0012573906666663486,449.4296875,ok,0,,outputs/misspec_robustness_tuned,"[120, 240]",random_prior,"[0 2 2 0 1 1 0 2 0 0 2 1 1 1 2 2 0 2 1 0 1 1 2 0 0 1 2 2 1 1 1 1 2 1 0 0 0
 2 0 0 0 0 0 2 1 1 0 2 0 1 2 2 0 0 2 0 0 0 0 1 2 1 0 2 2 2 1 0 2 2 0 1 0 2
 0 2 0 0 1 2 0 0 1 1 2 0 1 1 1 0 0 2 1 1 2 0 0 0 0 0 2 0 2 0 0 1 0 1 2 0 0
 1 2 0 2 0 0 1 2 2 0 0 2 0 0 1 0 0 2 1 2 2 1 1 0 0 2 1 0 1 0 2 1 1 0 0 0 2
 0 0 2 0 1 0 2 0 2 2 0 2 1 0 0 1 1 1 0 0 2 0 0 0 0 0 2 0 0 0 1 2 2 1 2 0 2
 0 0 0 0 0 2 1 1 2 0 0 2 1 0 2]"
misspec_tuned__t_df5_noise3__heavy_tail_signal__seed2002__kmeans_oracle,run_divi_misspec_robustness_tuned.py,2026-04-02T15:20:01Z,unknown,local,cpu,x86_64,synthetic_heavy_tail_signal,t_df5_noise3,heavy_tail_signal,200,100,3,0.1,0.9,3.0,21002,2002,kmeans_oracle,nan,KMeans,nan,nan,120,manual_mult_auto,141.89385332046726,1.0,0.01,1.0,0.1,300,nan,3,0,nan,nan,[],0.9406849187428838,0.9180668242369091,nan,0.98,nan,nan,nan,nan,nan,nan,nan,nan,nan,nan,nan,nan,nan,nan,nan,449.43359375,ok,0,,outputs/misspec_robustness_tuned
misspec_tuned__t_df5_noise3__heavy_tail_signal__seed2002__gmm_oracle,run_divi_misspec_robustness_tuned.py,2026-04-02T15:20:01Z,unknown,local,cpu,x86_64,synthetic_heavy_tail_signal,t_df5_noise3,heavy_tail_signal,200,100,3,0.1,0.9,3.0,21002,2002,gmm_oracle,nan,GaussianMixtureDiag,nan,nan,120,manual_mult_auto,141.89385332046726,1.0,0.01,1.0,0.1,300,nan,3,0,nan,nan,[],0.9700015680998493,0.9526893130045085,nan,0.99,nan,nan,nan,nan,nan,nan,nan,nan,nan,nan,nan,nan,nan,nan,nan,449.43359375,ok,0,,outputs/misspec_robustness_tuned
misspec_tuned__t_df5_noise3__heavy_tail_signal__seed2003__DIVI_p1,run_divi_misspec_robustness_tuned.py,2026-04-02T15:20:02Z,unknown,local,cpu,x86_64,synthetic_heavy_tail_signal,t_df5_noise3,heavy_tail_signal,200,100,3,0.1,0.9,3.0,21003,2003,DIVI,1,DIVI,200.0,1.0,120,manual_mult_auto,141.89385332046726,1.0,0.01,1.0,0.1,300,300,3,2,120,240,"[120, 240]",1.0,1.0,0.8333333333333333,1.0,14,0.14,0.3340395987033844,0.2765471339225769,36896.67578125,34564.32421875,2332.3515625,36022.4921875,4.370926856994629,0.5038224039999477,0.08700435500031745,0.4154608990002089,0.0009376100001645682,0.0009091000001717475,0.0013848696633340296,449.4453125,ok,0,,outputs/misspec_robustness_tuned,"[120, 240]",informative_kw_llr,"[0 0 0 0 0 1 0 1 0 0 2 0 2 2 2 0 2 1 1 0 0 2 2 1 2 0 1 2 1 1 0 1 2 0 0 0 1
 1 2 0 2 1 2 2 2 1 2 1 0 2 1 0 0 0 0 0 0 2 0 0 0 0 2 0 2 2 1 0 2 0 0 0 0 1
 2 0 0 1 0 0 2 0 0 2 2 1 0 2 0 1 2 1 1 1 1 2 0 2 1 1 1 2 1 2 0 2 2 1 1 0 1
 1 0 1 2 0 0 0 2 1 1 2 2 2 2 2 1 0 1 2 2 1 1 2 1 1 1 2 0 2 2 1 0 1 1 2 2 1
 2 0 1 2 2 2 2 1 2 1 2 2 0 0 0 1 2 2 1 1 1 1 1 1 0 1 0 1 0 2 0 2 0 1 1 0 1
 2 2 1 1 2 2 2 0 1 0 2 1 0 0 1]"
misspec_tuned__t_df5_noise3__heavy_tail_signal__seed2003__DIVI_p2,run_divi_misspec_robustness_tuned.py,2026-04-02T15:20:02Z,unknown,local,cpu,x86_64,synthetic_heavy_tail_signal,t_df5_noise3,heavy_tail_signal,200,100,3,0.1,0.9,3.0,21003,2003,DIVI,2,DIVI,200.0,1.0,120,manual_mult_auto,141.89385332046726,1.0,0.01,1.0,0.1,300,300,3,2,120,240,"[120, 240]",1.0,1.0,0.18181818181818182,1.0,100,1.0,0.6702635288238525,0.6701737642288208,33099.77734375,29352.54296875,3747.234375,31900.546875,5.996156692504883,0.383096420000129,2.3359999886451988e-05,0.38179977999971015,0.0009325799996986461,0.0008907000001272536,0.0012726659333323672,448.68359375,ok,0,,outputs/misspec_robustness_tuned,"[120, 240]",noninformative_uniform,"[0 0 0 0 0 1 0 1 0 0 2 0 2 2 2 0 2 1 1 0 0 2 2 1 2 0 1 2 1 1 0 1 2 0 0 0 1
 1 2 0 2 1 2 2 2 1 2 1 0 2 1 0 0 0 0 0 0 2 0 0 0 0 2 0 2 2 1 0 2 0 0 0 0 1
 2 0 0 1 0 0 2 0 0 2 2 1 0 2 0 1 2 1 1 1 1 2 0 2 1 1 1 2 1 2 0 2 2 1 1 0 1
 1 0 1 2 0 0 0 2 1 1 2 2 2 2 2 1 0 1 2 2 1 1 2 1 1 1 2 0 2 2 1 0 1 1 2 2 1
 2 0 1 2 2 2 2 1 2 1 2 2 0 0 0 1 2 2 1 1 1 1 1 1 0 1 0 1 0 2 0 2 0 1 1 0 1
 2 2 1 1 2 2 2 0 1 0 2 1 0 0 1]"
misspec_tuned__t_df5_noise3__heavy_tail_signal__seed2003__DIVI_p3,run_divi_misspec_robustness_tuned.py,2026-04-02T15:20:02Z,unknown,local,cpu,x86_64,synthetic_heavy_tail_signal,t_df5_noise3,heavy_tail_signal,200,100,3,0.1,0.9,3.0,21003,2003,DIVI,3,DIVI,200.0,1.0,120,manual_mult_auto,141.89385332046726,1.0,0.01,1.0,0.1,300,300,3,2,120,240,"[120, 240]",0.7429679812191635,0.7060341348933845,0.14634146341463414,0.905,72,0.72,0.6101901531219482,0.6977502107620239,33732.859375,30762.236328125,2970.623046875,32996.9609375,3.6795003414154053,0.38369916900001044,2.119999999194988e-05,0.38244475900000907,0.0011035800002900942,0.0009115899997595989,0.0012748158633333637,448.6875,ok,0,,outputs/misspec_robustness_tuned,"[120, 240]",random_prior,"[0 0 0 0 0 1 0 1 0 0 2 0 1 2 2 0 2 1 1 0 0 2 2 1 2 0 1 1 1 1 0 1 2 0 0 0 1
 2 1 0 2 1 1 2 2 1 2 1 0 1 1 0 0 0 0 0 2 2 0 0 0 0 0 0 2 2 2 0 2 0 0 0 0 1
 2 0 0 1 0 0 2 0 0 2 2 2 0 2 0 1 2 1 1 1 2 2 0 2 1 1 1 2 1 2 0 2 2 1 1 0 1
 1 0 1 2 2 0 0 1 2 1 2 2 2 2 2 1 0 1 2 2 1 1 2 1 1 1 1 0 2 2 1 0 1 1 2 2 1
 2 0 1 2 2 2 0 1 2 1 2 2 0 0 0 1 2 2 1 1 1 1 1 1 0 1 0 1 0 2 0 2 0 1 2 0 1
 2 2 2 1 2 2 2 0 1 0 2 1 0 0 2]"
misspec_tuned__t_df5_noise3__heavy_tail_signal__seed2003__kmeans_oracle,run_divi_misspec_robustness_tuned.py,2026-04-02T15:20:02Z,unknown,local,cpu,x86_64,synthetic_heavy_tail_signal,t_df5_noise3,heavy_tail_signal,200,100,3,0.1,0.9,3.0,21003,2003,kmeans_oracle,nan,KMeans,nan,nan,120,manual_mult_auto,141.89385332046726,1.0,0.01,1.0,0.1,300,nan,3,0,nan,nan,[],0.8705713254177481,0.851352756228705,nan,0.955,nan,nan,nan,nan,nan,nan,nan,nan,nan,nan,nan,nan,nan,nan,nan,448.6875,ok,0,,outputs/misspec_robustness_tuned
misspec_tuned__t_df5_noise3__heavy_tail_signal__seed2003__gmm_oracle,run_divi_misspec_robustness_tuned.py,2026-04-02T15:20:02Z,unknown,local,cpu,x86_64,synthetic_heavy_tail_signal,t_df5_noise3,heavy_tail_signal,200,100,3,0.1,0.9,3.0,21003,2003,gmm_oracle,nan,GaussianMixtureDiag,nan,nan,120,manual_mult_auto,141.89385332046726,1.0,0.01,1.0,0.1,300,nan,3,0,nan,nan,[],0.9850007840499246,0.9763449138590039,nan,0.995,nan,nan,nan,nan,nan,nan,nan,nan,nan,nan,nan,nan,nan,nan,nan,448.6875,ok,0,,outputs/misspec_robustness_tuned
misspec_tuned__t_df5_noise3__heavy_tail_signal__seed2004__DIVI_p1,run_divi_misspec_robustness_tuned.py,2026-04-02T15:20:04Z,unknown,local,cpu,x86_64,synthetic_heavy_tail_signal,t_df5_noise3,heavy_tail_signal,200,100,3,0.1,0.9,3.0,21004,2004,DIVI,1,DIVI,200.0,1.0,120,manual_mult_auto,141.89385332046726,1.0,0.01,1.0,0.1,300,300,3,2,120,240,"[120, 240]",0.9556841346929592,0.9354825793985271,0.7407407407407407,0.985,17,0.17,0.35339105129241943,0.28498756885528564,36757.05078125,34925.91796875,1831.1328125,35784.546875,4.862527847290039,0.47141410499989433,0.09879808400000911,0.37124937099997624,0.0009506999999757682,0.000917560000289086,0.001237497903333254,448.7734375,ok,0,,outputs/misspec_robustness_tuned,"[120, 240]",informative_kw_llr,"[2 2 1 1 1 1 1 1 0 2 1 1 2 0 2 1 0 1 0 1 2 2 0 0 0 2 1 0 2 1 2 0 0 0 0 1 2
 0 2 1 0 1 2 2 2 2 2 0 0 1 2 2 0 0 2 2 0 0 1 2 2 1 1 2 1 0 1 2 1 1 0 1 0 0
 1 2 2 2 1 0 1 2 2 1 0 0 2 1 1 0 1 2 0 0 2 2 0 0 0 2 2 1 2 1 0 1 2 1 2 0 2
 0 2 0 2 1 0 0 0 1 0 1 2 0 2 2 2 0 1 0 1 2 2 2 2 1 1 0 1 1 2 0 0 2 0 0 2 1
 1 2 0 1 0 1 1 2 2 2 2 1 2 1 2 2 1 1 0 0 2 0 2 1 1 2 2 0 1 0 1 0 0 1 2 1 2
 1 0 0 0 1 0 1 0 0 1 0 0 1 0 2]"
misspec_tuned__t_df5_noise3__heavy_tail_signal__seed2004__DIVI_p2,run_divi_misspec_robustness_tuned.py,2026-04-02T15:20:04Z,unknown,local,cpu,x86_64,synthetic_heavy_tail_signal,t_df5_noise3,heavy_tail_signal,200,100,3,0.1,0.9,3.0,21004,2004,DIVI,2,DIVI,200.0,1.0,120,manual_mult_auto,141.89385332046726,1.0,0.01,1.0,0.1,300,300,3,2,120,240,"[120, 240]",0.9127587985250785,0.8836987900512143,0.18181818181818182,0.97,100,1.0,0.6744987964630127,0.6721165180206299,33113.94140625,29357.181640625,3756.759765625,31848.419921875,6.327611446380615,0.3821195489999809,2.2600000193051528e-05,0.3808516999997664,0.0009535689996482688,0.0008830699998725322,0.001269505666665888,449.078125,ok,0,,outputs/misspec_robustness_tuned,"[120, 240]",noninformative_uniform,"[2 2 1 1 1 1 1 1 0 2 1 1 0 0 2 1 0 1 0 1 2 2 0 0 0 2 2 0 2 1 2 0 0 0 0 1 2
 0 2 1 0 1 2 2 2 2 2 0 0 1 2 2 0 0 2 2 0 0 1 2 2 1 1 2 1 0 1 2 1 1 0 1 0 0
 2 2 2 2 1 0 1 2 2 1 0 0 2 1 1 0 1 2 0 0 2 2 0 0 0 2 2 1 2 1 0 1 2 1 2 0 2
 0 2 0 2 1 0 0 0 1 0 1 2 0 2 2 2 0 1 0 1 2 2 2 2 1 1 0 1 1 2 0 0 2 0 0 2 1
 1 2 0 1 0 1 1 2 2 2 2 1 2 1 2 2 1 1 0 0 2 0 2 1 1 2 2 0 1 0 1 0 0 1 2 1 2
 1 0 0 0 1 0 1 0 0 1 0 0 1 0 2]"
misspec_tuned__t_df5_noise3__heavy_tail_signal__seed2004__DIVI_p3,run_divi_misspec_robustness_tuned.py,2026-04-02T15:20:04Z,unknown,local,cpu,x86_64,synthetic_heavy_tail_signal,t_df5_noise3,heavy_tail_signal,200,100,3,0.1,0.9,3.0,21004,2004,DIVI,3,DIVI,200.0,1.0,120,manual_mult_auto,141.89385332046726,1.0,0.01,1.0,0.1,300,300,3,2,120,240,"[120, 240]",0.7920997920997921,0.7842349414796695,0.2285714285714286,0.925,60,0.6,0.5512843728065491,0.5907763242721558,34654.56640625,31836.423828125,2818.142578125,33631.15625,5.117053985595703,0.39878439899985096,3.6270000236982014e-05,0.39753367899993464,0.001024059999963356,0.0009133700000347744,0.0013251122633331155,449.53515625,ok,0,,outputs/misspec_robustness_tuned,"[120, 240]",random_prior,"[2 2 1 1 1 1 1 1 0 0 1 1 0 0 2 1 0 1 0 1 2 0 0 0 0 2 1 0 2 1 2 0 0 0 0 1 2
 0 2 1 0 1 2 2 2 2 2 0 0 1 2 0 0 0 2 2 0 0 1 2 2 1 1 2 1 0 1 2 1 1 0 2 0 0
 2 2 2 2 1 0 1 2 2 1 0 0 2 2 1 0 1 2 0 0 2 2 0 0 0 2 2 1 2 1 0 1 2 1 2 0 2
 0 2 0 0 1 0 0 0 1 0 1 2 0 2 2 2 0 1 0 1 2 2 2 2 1 1 0 1 1 2 0 0 2 0 0 2 1
 1 2 0 1 0 2 1 2 2 2 0 2 0 1 2 2 1 1 0 0 2 0 2 1 1 2 2 0 1 0 1 0 0 1 2 1 2
 1 0 0 0 2 0 1 0 0 1 0 0 1 0 0]"
misspec_tuned__t_df5_noise3__heavy_tail_signal__seed2004__kmeans_oracle,run_divi_misspec_robustness_tuned.py,2026-04-02T15:20:04Z,unknown,local,cpu,x86_64,synthetic_heavy_tail_signal,t_df5_noise3,heavy_tail_signal,200,100,3,0.1,0.9,3.0,21004,2004,kmeans_oracle,nan,KMeans,nan,nan,120,manual_mult_auto,141.89385332046726,1.0,0.01,1.0,0.1,300,nan,3,0,nan,nan,[],0.9120704345356433,0.8797085398528599,nan,0.97,nan,nan,nan,nan,nan,nan,nan,nan,nan,nan,nan,nan,nan,nan,nan,449.5390625,ok,0,,outputs/misspec_robustness_tuned
misspec_tuned__t_df5_noise3__heavy_tail_signal__seed2004__gmm_oracle,run_divi_misspec_robustness_tuned.py,2026-04-02T15:20:04Z,unknown,local,cpu,x86_64,synthetic_heavy_tail_signal,t_df5_noise3,heavy_tail_signal,200,100,3,0.1,0.9,3.0,21004,2004,gmm_oracle,nan,GaussianMixtureDiag,nan,nan,120,manual_mult_auto,141.89385332046726,1.0,0.01,1.0,0.1,300,nan,3,0,nan,nan,[],0.5236531558881964,0.6043230739021418,nan,0.68,nan,nan,nan,nan,nan,nan,nan,nan,nan,nan,nan,nan,nan,nan,nan,449.5390625,ok,0,,outputs/misspec_robustness_tuned
misspec_tuned__t_df5_noise3__heavy_tail_signal__seed2005__DIVI_p1,run_divi_misspec_robustness_tuned.py,2026-04-02T15:20:05Z,unknown,local,cpu,x86_64,synthetic_heavy_tail_signal,t_df5_noise3,heavy_tail_signal,200,100,3,0.1,0.9,3.0,21005,2005,DIVI,1,DIVI,200.0,1.0,120,manual_mult_auto,141.89385332046726,1.0,0.01,1.0,0.1,300,300,3,2,120,240,"[120, 240]",0.9848865697285946,0.9763112474994169,0.8,0.995,15,0.15,0.32508260011672974,0.24950221180915833,36953.89453125,35660.5859375,1293.30859375,36104.45703125,4.247195720672607,0.4630971349997708,0.08539681499996732,0.3763496699998541,0.000954100000399194,0.0009058800001184864,0.0012544988999995137,449.92578125,ok,0,,outputs/misspec_robustness_tuned,"[120, 240]",informative_kw_llr,"[2 0 2 0 1 2 1 2 1 0 0 1 2 0 1 0 2 0 0 0 1 2 0 2 0 1 0 0 0 1 1 1 1 2 0 1 2
 0 2 0 0 2 1 2 0 1 2 0 1 1 0 1 1 1 1 1 0 1 2 2 1 2 0 0 1 2 2 0 0 2 1 0 2 1
 1 2 2 0 0 0 1 1 1 2 2 2 2 2 1 0 0 0 0 0 1 1 1 1 1 1 1 0 0 1 2 2 2 1 2 0 2
 0 2 1 0 0 0 2 2 1 0 0 1 2 0 1 2 1 1 2 1 0 0 2 2 2 2 2 1 2 2 1 1 1 0 0 1 0
 1 2 2 0 0 1 0 2 0 2 1 2 2 1 0 2 0 2 1 2 0 1 1 2 2 1 2 2 0 2 0 1 0 2 2 1 1
 0 0 0 2 1 1 0 0 2 2 1 0 1 1 2]"
misspec_tuned__t_df5_noise3__heavy_tail_signal__seed2005__DIVI_p2,run_divi_misspec_robustness_tuned.py,2026-04-02T15:20:05Z,unknown,local,cpu,x86_64,synthetic_heavy_tail_signal,t_df5_noise3,heavy_tail_signal,200,100,3,0.1,0.9,3.0,21005,2005,DIVI,2,DIVI,200.0,1.0,120,manual_mult_auto,141.89385332046726,1.0,0.01,1.0,0.1,300,300,3,2,120,240,"[120, 240]",0.43606741709371977,0.626182505903634,0.18181818181818182,0.505,100,1.0,0.6744065284729004,0.6735830307006836,33268.23046875,29934.76171875,3333.46875,32005.427734375,6.314004898071289,0.3973444789999121,1.8599999748403206e-05,0.3960931189999428,0.0009373399998366949,0.0009173299999929441,0.001320310396666476,449.3125,ok,0,,outputs/misspec_robustness_tuned,"[120, 240]",noninformative_uniform,"[2 0 2 0 0 2 0 2 0 0 0 0 2 0 0 0 2 0 0 0 0 2 0 2 0 0 0 0 0 0 0 0 2 1 0 0 2
 0 1 0 0 2 0 1 0 0 2 0 0 0 0 0 0 0 0 0 0 0 1 2 0 2 0 0 0 2 1 0 0 1 0 0 1 0
 0 1 1 0 0 0 0 0 0 1 2 1 2 1 0 0 0 0 0 0 0 0 0 0 0 0 0 0 0 0 2 2 1 0 2 0 2
 0 1 0 0 0 0 2 2 0 0 0 0 1 0 0 1 0 0 1 0 0 0 2 2 2 1 2 0 1 2 2 0 0 0 0 0 0
 0 1 1 0 0 0 0 1 0 1 0 1 1 0 0 1 0 1 0 1 0 0 0 2 1 0 2 1 0 2 0 0 0 1 2 0 0
 0 0 0 2 0 0 0 0 1 2 0 0 0 0 2]"
misspec_tuned__t_df5_noise3__heavy_tail_signal__seed2005__DIVI_p3,run_divi_misspec_robustness_tuned.py,2026-04-02T15:20:05Z,unknown,local,cpu,x86_64,synthetic_heavy_tail_signal,t_df5_noise3,heavy_tail_signal,200,100,3,0.1,0.9,3.0,21005,2005,DIVI,3,DIVI,200.0,1.0,120,manual_mult_auto,141.89385332046726,1.0,0.01,1.0,0.1,300,300,3,2,120,240,"[120, 240]",0.756805043238433,0.7607718233045476,0.16091954022988506,0.91,77,0.77,0.6472240686416626,0.6835085153579712,33260.74609375,30490.861328125,2769.884765625,32400.8671875,4.299385070800781,0.4001460079998651,2.1219999780441867e-05,0.39873895900018397,0.0009165900000880356,0.0010482600000614184,0.0013291298633339465,445.625,ok,0,,outputs/misspec_robustness_tuned,"[120, 240]",random_prior,"[2 0 2 0 1 2 1 2 1 0 0 1 1 0 1 0 2 0 0 0 0 2 0 2 0 1 0 0 0 1 1 1 1 2 0 1 2
 0 2 0 0 2 1 2 0 1 1 0 1 0 0 1 0 1 1 1 0 1 2 2 1 2 0 0 1 2 2 0 0 2 1 0 2 1
 1 2 2 0 0 0 1 0 0 2 2 2 2 2 1 0 0 0 0 0 1 0 1 1 1 1 0 0 0 0 2 2 2 1 1 0 2
 0 2 1 0 0 0 2 2 1 0 0 1 1 0 0 2 1 1 2 1 0 0 2 2 2 2 2 1 2 2 1 1 1 0 0 1 0
 1 2 2 0 0 1 0 2 0 2 1 2 2 1 0 2 0 2 0 2 0 1 1 2 2 1 1 2 0 2 0 1 0 2 2 1 1
 0 0 0 2 1 1 0 0 2 2 0 0 1 0 2]"
misspec_tuned__t_df5_noise3__heavy_tail_signal__seed2005__kmeans_oracle,run_divi_misspec_robustness_tuned.py,2026-04-02T15:20:05Z,unknown,local,cpu,x86_64,synthetic_heavy_tail_signal,t_df5_noise3,heavy_tail_signal,200,100,3,0.1,0.9,3.0,21005,2005,kmeans_oracle,nan,KMeans,nan,nan,120,manual_mult_auto,141.89385332046726,1.0,0.01,1.0,0.1,300,nan,3,0,nan,nan,[],0.9409304365013552,0.9204306709487154,nan,0.98,nan,nan,nan,nan,nan,nan,nan,nan,nan,nan,nan,nan,nan,nan,nan,445.625,ok,0,,outputs/misspec_robustness_tuned
misspec_tuned__t_df5_noise3__heavy_tail_signal__seed2005__gmm_oracle,run_divi_misspec_robustness_tuned.py,2026-04-02T15:20:05Z,unknown,local,cpu,x86_64,synthetic_heavy_tail_signal,t_df5_noise3,heavy_tail_signal,200,100,3,0.1,0.9,3.0,21005,2005,gmm_oracle,nan,GaussianMixtureDiag,nan,nan,120,manual_mult_auto,141.89385332046726,1.0,0.01,1.0,0.1,300,nan,3,0,nan,nan,[],0.48949483593620285,0.6425863350608302,nan,0.615,nan,nan,nan,nan,nan,nan,nan,nan,nan,nan,nan,nan,nan,nan,nan,445.625,ok,0,,outputs/misspec_robustness_tuned
misspec_tuned__t_df5_noise3__heavy_tail_signal__seed2006__DIVI_p1,run_divi_misspec_robustness_tuned.py,2026-04-02T15:20:06Z,unknown,local,cpu,x86_64,synthetic_heavy_tail_signal,t_df5_noise3,heavy_tail_signal,200,100,3,0.1,0.9,3.0,21006,2006,DIVI,1,DIVI,200.0,1.0,120,manual_mult_auto,141.89385332046726,1.0,0.01,1.0,0.1,300,300,3,2,120,240,"[120, 240]",1.0,1.0,0.6896551724137931,1.0,19,0.19,0.35150131583213806,0.2708280682563782,36713.48046875,34890.44921875,1823.03125,35800.765625,4.563569068908691,0.8983156129997951,0.09062859499999831,0.8044458680001298,0.0015927889999147737,0.0028050000000803266,0.0026814862266670994,448.78515625,ok,0,,outputs/misspec_robustness_tuned,"[120, 240]",informative_kw_llr,"[2 0 2 2 1 2 2 2 1 1 2 0 0 1 2 0 1 1 2 2 2 1 2 2 2 0 0 1 0 1 0 1 1 1 2 1 0
 2 0 1 2 0 0 1 2 0 1 1 0 2 1 1 0 1 0 1 1 2 2 1 0 1 0 0 1 2 0 0 0 1 0 0 1 2
 2 2 0 2 0 2 0 2 1 1 1 1 0 2 1 1 0 1 2 0 1 1 1 2 2 2 0 0 2 0 1 2 1 2 1 2 1
 2 1 2 2 0 1 0 1 1 0 0 0 2 1 0 0 2 1 0 0 0 1 0 2 0 1 2 0 2 1 0 2 2 1 2 0 0
 0 2 0 2 1 1 1 1 2 1 1 0 1 2 1 2 2 0 0 2 0 2 0 2 2 0 0 0 2 0 0 2 1 1 2 0 2
 1 0 2 1 0 0 1 2 2 1 1 0 2 2 1]"
misspec_tuned__t_df5_noise3__heavy_tail_signal__seed2006__DIVI_p2,run_divi_misspec_robustness_tuned.py,2026-04-02T15:20:06Z,unknown,local,cpu,x86_64,synthetic_heavy_tail_signal,t_df5_noise3,heavy_tail_signal,200,100,3,0.1,0.9,3.0,21006,2006,DIVI,2,DIVI,200.0,1.0,120,manual_mult_auto,141.89385332046726,1.0,0.01,1.0,0.1,300,300,3,2,120,240,"[120, 240]",0.9699992499812495,0.9526920366031736,0.18181818181818182,0.99,100,1.0,0.671614408493042,0.6708667278289795,33078.64453125,29454.32421875,3624.3203125,31852.310546875,6.131663799285889,0.5908767289997741,3.8550000226678094e-05,0.5876545090000036,0.0013067389995740086,0.00233059999982288,0.001958848363333345,448.7890625,ok,0,,outputs/misspec_robustness_tuned,"[120, 240]",noninformative_uniform,"[2 0 2 2 1 2 2 2 1 1 2 0 0 1 2 0 1 1 2 2 2 1 2 2 2 0 0 1 0 1 0 1 1 1 2 1 0
 2 0 1 2 0 0 1 2 0 1 1 0 1 1 1 0 1 0 1 1 2 2 1 0 1 0 0 1 2 0 0 0 1 0 0 1 2
 2 2 0 2 0 2 0 2 1 1 1 1 0 2 1 1 0 1 2 0 1 1 1 2 2 2 0 0 2 0 1 2 1 2 1 2 1
 2 1 2 2 0 1 0 1 1 0 0 0 2 1 0 0 2 1 0 0 0 1 0 2 0 1 2 0 2 1 0 2 2 1 2 0 0
 0 2 0 2 1 1 1 1 2 1 1 0 1 2 1 2 2 0 0 2 0 2 0 2 2 0 0 0 2 0 0 2 2 1 2 0 2
 1 0 2 1 0 0 1 2 2 1 1 0 2 2 1]"
misspec_tuned__t_df5_noise3__heavy_tail_signal__seed2006__DIVI_p3,run_divi_misspec_robustness_tuned.py,2026-04-02T15:20:06Z,unknown,local,cpu,x86_64,synthetic_heavy_tail_signal,t_df5_noise3,heavy_tail_signal,200,100,3,0.1,0.9,3.0,21006,2006,DIVI,3,DIVI,200.0,1.0,120,manual_mult_auto,141.89385332046726,1.0,0.01,1.0,0.1,300,300,3,2,120,240,"[120, 240]",0.9699992499812495,0.9526920366031736,0.1686746987951807,0.99,73,0.73,0.6024354100227356,0.6475022435188293,33801.3125,31091.220703125,2710.091796875,32846.3203125,4.774959564208984,0.6397675550001622,3.1429000046045985e-05,0.6382108160000826,0.0013852389997737191,0.0009659890001785243,0.002127369386666942,448.7890625,ok,0,,outputs/misspec_robustness_tuned,"[120, 240]",random_prior,"[0 2 0 0 1 0 0 0 1 1 0 2 2 1 0 2 1 1 0 0 0 1 0 0 0 2 2 1 2 1 2 1 1 1 0 1 2
 0 2 1 0 2 2 1 0 2 1 1 2 1 1 1 2 1 2 1 1 0 0 1 2 1 2 2 1 0 2 2 2 1 2 2 1 0
 0 0 2 0 2 0 2 0 1 1 1 1 2 0 1 1 2 1 0 2 1 1 1 0 0 0 2 2 0 2 1 0 1 0 1 0 1
 0 1 0 0 2 1 2 1 1 2 2 2 0 1 2 2 0 1 2 2 2 1 2 0 2 1 0 2 0 1 2 0 0 1 0 2 2
 2 0 2 0 1 1 1 1 0 1 1 2 1 0 1 0 0 2 2 0 2 0 2 0 0 2 2 2 0 2 2 0 0 1 0 2 0
 1 2 0 1 2 2 1 0 0 1 1 2 0 0 1]"
misspec_tuned__t_df5_noise3__heavy_tail_signal__seed2006__kmeans_oracle,run_divi_misspec_robustness_tuned.py,2026-04-02T15:20:06Z,unknown,local,cpu,x86_64,synthetic_heavy_tail_signal,t_df5_noise3,heavy_tail_signal,200,100,3,0.1,0.9,3.0,21006,2006,kmeans_oracle,nan,KMeans,nan,nan,120,manual_mult_auto,141.89385332046726,1.0,0.01,1.0,0.1,300,nan,3,0,nan,nan,[],0.869614949911261,0.8424299491478014,nan,0.955,nan,nan,nan,nan,nan,nan,nan,nan,nan,nan,nan,nan,nan,nan,nan,448.79296875,ok,0,,outputs/misspec_robustness_tuned
misspec_tuned__t_df5_noise3__heavy_tail_signal__seed2006__gmm_oracle,run_divi_misspec_robustness_tuned.py,2026-04-02T15:20:06Z,unknown,local,cpu,x86_64,synthetic_heavy_tail_signal,t_df5_noise3,heavy_tail_signal,200,100,3,0.1,0.9,3.0,21006,2006,gmm_oracle,nan,GaussianMixtureDiag,nan,nan,120,manual_mult_auto,141.89385332046726,1.0,0.01,1.0,0.1,300,nan,3,0,nan,nan,[],0.9553484186750411,0.9353724271620039,nan,0.985,nan,nan,nan,nan,nan,nan,nan,nan,nan,nan,nan,nan,nan,nan,nan,448.79296875,ok,0,,outputs/misspec_robustness_tuned
misspec_tuned__t_df5_noise3__heavy_tail_signal__seed2007__DIVI_p1,run_divi_misspec_robustness_tuned.py,2026-04-02T15:20:09Z,unknown,local,cpu,x86_64,synthetic_heavy_tail_signal,t_df5_noise3,heavy_tail_signal,200,100,3,0.1,0.9,3.0,21007,2007,DIVI,1,DIVI,200.0,1.0,120,manual_mult_auto,141.89385332046726,1.0,0.01,1.0,0.1,300,300,3,2,120,240,"[120, 240]",1.0,1.0,0.4878048780487805,1.0,31,0.31,0.41706952452659607,0.3715862035751343,35998.9609375,33779.7421875,2219.21875,34889.13671875,5.549115180969238,0.46336723600006735,0.0866882559998885,0.37528503000021374,0.0009116699993683142,0.0009201500001836393,0.0012509501000007124,449.33203125,ok,0,,outputs/misspec_robustness_tuned,"[120, 240]",informative_kw_llr,"[2 1 2 2 0 0 0 2 1 1 2 2 0 0 1 0 2 2 1 2 2 1 2 0 1 1 1 2 1 1 2 2 1 2 1 0 1
 1 2 1 0 1 1 0 1 1 0 1 0 2 0 0 2 2 2 0 2 2 1 0 0 2 1 0 2 1 2 1 1 1 0 0 2 1
 1 0 0 2 1 2 2 0 1 1 2 0 0 0 1 2 1 1 2 1 2 1 0 0 2 0 2 0 2 1 2 2 2 1 2 0 0
 0 0 1 1 2 1 0 2 1 2 2 1 1 1 0 0 2 0 2 0 2 0 0 0 2 1 1 0 1 0 2 2 1 0 2 0 0
 0 0 2 2 1 0 2 0 1 0 0 0 1 1 2 2 2 0 1 1 0 0 2 2 1 1 0 0 1 2 1 1 0 0 1 1 0
 2 1 1 0 2 2 2 2 0 2 2 0 0 1 1]"
misspec_tuned__t_df5_noise3__heavy_tail_signal__seed2007__DIVI_p2,run_divi_misspec_robustness_tuned.py,2026-04-02T15:20:09Z,unknown,local,cpu,x86_64,synthetic_heavy_tail_signal,t_df5_noise3,heavy_tail_signal,200,100,3,0.1,0.9,3.0,21007,2007,DIVI,2,DIVI,200.0,1.0,120,manual_mult_auto,141.89385332046726,1.0,0.01,1.0,0.1,300,300,3,2,120,240,"[120, 240]",0.9849996249906248,0.9763460183015862,0.18181818181818182,0.995,100,1.0,0.6727046966552734,0.6689218282699585,33058.26171875,29419.009765625,3639.251953125,31820.9296875,6.186654090881348,0.40110395900001095,3.0448999950749567e-05,0.39985077799974533,0.0009626199994272611,0.0009076000001186912,0.0013328359266658177,448.87890625,ok,0,,outputs/misspec_robustness_tuned,"[120, 240]",noninformative_uniform,"[2 1 2 2 0 0 0 2 1 1 2 2 0 0 1 0 2 2 1 2 2 1 2 0 1 1 1 2 1 1 2 2 1 2 1 0 1
 1 2 1 0 1 1 0 1 1 0 1 0 2 0 0 2 2 2 0 2 2 1 0 0 2 1 0 2 1 2 1 1 1 0 0 2 1
 1 0 0 2 1 2 2 0 1 1 2 0 0 0 1 2 1 1 2 1 2 1 0 0 2 0 2 0 2 1 2 2 2 1 2 0 0
 0 0 1 1 2 1 0 2 1 2 2 1 1 1 0 0 2 0 2 0 2 0 0 0 2 0 1 0 1 0 2 2 1 0 2 0 0
 0 0 2 2 1 0 2 0 1 0 0 0 1 1 2 2 2 0 1 1 0 0 2 2 1 1 0 0 1 2 1 1 0 0 1 1 0
 2 1 1 0 2 2 2 2 0 2 2 0 0 1 1]"
misspec_tuned__t_df5_noise3__heavy_tail_signal__seed2007__DIVI_p3,run_divi_misspec_robustness_tuned.py,2026-04-02T15:20:09Z,unknown,local,cpu,x86_64,synthetic_heavy_tail_signal,t_df5_noise3,heavy_tail_signal,200,100,3,0.1,0.9,3.0,21007,2007,DIVI,3,DIVI,200.0,1.0,120,manual_mult_auto,141.89385332046726,1.0,0.01,1.0,0.1,300,300,3,2,120,240,"[120, 240]",0.9120636413832593,0.8882643665725153,0.1558441558441558,0.97,67,0.67,0.6004915237426758,0.665520429611206,33877.20703125,31208.390625,2668.81640625,33000.58984375,4.383084774017334,0.40397235899990847,2.4259999918285757e-05,0.40264528900024743,0.0009561190004205855,0.000927749999846128,0.0013421509633341582,449.265625,ok,0,,outputs/misspec_robustness_tuned,"[120, 240]",random_prior,"[2 1 2 2 0 0 0 2 1 1 2 1 0 0 1 0 2 2 1 2 2 1 2 0 1 1 1 2 0 1 2 2 1 2 1 0 1
 1 2 1 0 1 1 0 1 1 0 1 0 2 0 0 2 2 2 0 2 2 1 0 0 2 1 0 2 1 2 1 1 0 0 0 2 1
 1 0 0 2 1 1 2 0 1 1 2 0 0 0 1 2 1 1 2 1 2 1 0 0 2 0 2 0 2 1 2 2 2 1 2 0 0
 0 0 1 1 2 1 0 2 1 2 2 1 1 1 0 0 2 0 2 0 2 0 0 0 2 0 1 0 1 0 2 1 1 0 2 0 0
 0 0 2 2 1 0 2 0 1 0 0 0 1 1 2 2 2 0 1 1 0 0 2 2 1 1 0 0 1 2 1 1 0 0 1 1 0
 2 1 1 0 2 2 2 2 0 2 2 0 0 1 1]"
misspec_tuned__t_df5_noise3__heavy_tail_signal__seed2007__kmeans_oracle,run_divi_misspec_robustness_tuned.py,2026-04-02T15:20:09Z,unknown,local,cpu,x86_64,synthetic_heavy_tail_signal,t_df5_noise3,heavy_tail_signal,200,100,3,0.1,0.9,3.0,21007,2007,kmeans_oracle,nan,KMeans,nan,nan,120,manual_mult_auto,141.89385332046726,1.0,0.01,1.0,0.1,300,nan,3,0,nan,nan,[],0.9406803351901979,0.9118314380161849,nan,0.98,nan,nan,nan,nan,nan,nan,nan,nan,nan,nan,nan,nan,nan,nan,nan,445.6484375,ok,0,,outputs/misspec_robustness_tuned
misspec_tuned__t_df5_noise3__heavy_tail_signal__seed2007__gmm_oracle,run_divi_misspec_robustness_tuned.py,2026-04-02T15:20:09Z,unknown,local,cpu,x86_64,synthetic_heavy_tail_signal,t_df5_noise3,heavy_tail_signal,200,100,3,0.1,0.9,3.0,21007,2007,gmm_oracle,nan,GaussianMixtureDiag,nan,nan,120,manual_mult_auto,141.89385332046726,1.0,0.01,1.0,0.1,300,nan,3,0,nan,nan,[],0.4498308715870605,0.4991136528620372,nan,0.65,nan,nan,nan,nan,nan,nan,nan,nan,nan,nan,nan,nan,nan,nan,nan,445.6484375,ok,0,,outputs/misspec_robustness_tuned
misspec_tuned__t_df5_noise3__heavy_tail_signal__seed2008__DIVI_p1,run_divi_misspec_robustness_tuned.py,2026-04-02T15:20:10Z,unknown,local,cpu,x86_64,synthetic_heavy_tail_signal,t_df5_noise3,heavy_tail_signal,200,100,3,0.1,0.9,3.0,21008,2008,DIVI,1,DIVI,200.0,1.0,120,manual_mult_auto,141.89385332046726,1.0,0.01,1.0,0.1,300,300,3,2,120,240,"[120, 240]",1.0,1.0,0.7407407407407407,1.0,17,0.17,0.3347788155078888,0.24864482879638672,36896.21484375,35320.109375,1576.10546875,36029.6640625,4.332761764526367,0.5042090140000255,0.09189228600007482,0.4108988180000779,0.0009591190000719507,0.000979760000063834,0.0013696627266669263,449.34765625,ok,0,,outputs/misspec_robustness_tuned,"[120, 240]",informative_kw_llr,"[0 2 2 1 2 1 0 2 2 1 0 2 2 1 0 1 2 0 0 0 1 1 0 1 1 1 0 1 0 1 2 2 1 0 1 1 2
 0 1 1 2 0 1 0 2 1 0 2 1 2 2 2 0 1 2 0 0 0 1 1 2 2 0 1 0 0 1 1 2 2 0 1 0 1
 1 0 2 0 1 0 0 2 1 2 0 1 1 2 2 2 0 1 2 1 2 1 2 0 2 0 0 0 0 2 0 1 2 1 0 0 2
 1 0 2 1 0 0 1 0 1 2 1 0 2 1 0 1 0 1 1 0 0 2 0 1 0 2 0 0 0 2 2 2 2 0 2 1 2
 1 2 2 2 2 2 0 2 0 1 0 2 1 2 2 1 0 2 1 1 2 2 0 1 2 1 1 2 1 2 0 0 2 1 1 0 0
 1 0 1 0 0 2 1 2 1 0 2 0 2 1 2]"
misspec_tuned__t_df5_noise3__heavy_tail_signal__seed2008__DIVI_p2,run_divi_misspec_robustness_tuned.py,2026-04-02T15:20:10Z,unknown,local,cpu,x86_64,synthetic_heavy_tail_signal,t_df5_noise3,heavy_tail_signal,200,100,3,0.1,0.9,3.0,21008,2008,DIVI,2,DIVI,200.0,1.0,120,manual_mult_auto,141.89385332046726,1.0,0.01,1.0,0.1,300,300,3,2,120,240,"[120, 240]",0.9849996249906248,0.9763460183015862,0.18181818181818182,0.995,100,1.0,0.674191415309906,0.6732445955276489,33094.671875,29705.0,3389.671875,31834.431640625,6.301205635070801,0.38079075900031967,1.6680000044289045e-05,0.3795368490000328,0.0009215299996867543,0.0009443999997529318,0.0012651228300001095,448.8125,ok,0,,outputs/misspec_robustness_tuned,"[120, 240]",noninformative_uniform,"[2 1 1 0 1 0 2 1 1 0 2 1 1 0 2 0 1 2 2 2 0 0 2 0 0 0 2 0 2 0 1 1 0 2 0 0 1
 2 0 0 1 2 0 2 1 0 2 1 0 1 1 1 2 0 1 2 2 2 0 0 1 1 2 0 2 2 0 0 1 1 2 0 2 0
 0 2 1 2 0 2 2 1 0 1 2 0 0 1 1 1 2 0 1 0 1 0 1 2 1 2 2 2 2 1 2 0 1 0 2 2 1
 0 2 1 0 2 2 0 2 0 1 0 2 0 0 2 0 2 0 0 2 2 1 2 0 2 1 2 2 2 1 1 1 1 2 1 0 1
 0 1 1 1 1 1 2 1 2 0 2 1 0 1 1 0 2 1 0 0 1 1 2 0 1 0 0 1 0 1 2 2 1 0 0 2 2
 0 2 0 2 2 1 0 1 0 2 1 2 1 0 1]"
misspec_tuned__t_df5_noise3__heavy_tail_signal__seed2008__DIVI_p3,run_divi_misspec_robustness_tuned.py,2026-04-02T15:20:10Z,unknown,local,cpu,x86_64,synthetic_heavy_tail_signal,t_df5_noise3,heavy_tail_signal,200,100,3,0.1,0.9,3.0,21008,2008,DIVI,3,DIVI,200.0,1.0,120,manual_mult_auto,141.89385332046726,1.0,0.01,1.0,0.1,300,300,3,2,120,240,"[120, 240]",0.9849996249906248,0.9763460183015862,0.20930232558139536,0.995,76,0.76,0.6298528909683228,0.6806297898292542,33146.7578125,30831.009765625,2315.748046875,32364.533203125,3.911114454269409,0.38569550000011077,1.829999973779195e-05,0.3844948490000206,0.0009163200002149097,0.0008983809998426295,0.0012816494966667355,449.19921875,ok,0,,outputs/misspec_robustness_tuned,"[120, 240]",random_prior,"[2 1 1 0 1 0 2 1 1 0 2 1 1 0 2 0 1 2 2 2 0 0 2 0 0 0 2 0 2 0 1 1 0 2 0 0 1
 2 0 0 1 2 0 2 1 0 2 1 0 1 1 1 2 0 1 2 2 2 0 0 1 1 2 0 2 2 0 0 1 1 2 0 2 0
 0 2 1 2 0 2 2 1 0 1 2 0 0 1 1 1 2 0 1 0 1 0 1 2 1 2 2 2 2 1 2 0 1 0 2 2 1
 0 2 1 0 2 2 0 2 0 1 0 2 0 0 2 0 2 0 0 2 2 1 2 0 2 1 2 2 2 1 1 1 1 2 1 0 1
 0 1 1 1 1 1 2 1 2 0 2 1 0 1 1 0 2 1 0 0 1 1 2 0 1 0 0 1 0 1 2 2 1 0 0 2 2
 0 2 0 2 2 1 0 1 0 2 1 2 1 0 1]"
misspec_tuned__t_df5_noise3__heavy_tail_signal__seed2008__kmeans_oracle,run_divi_misspec_robustness_tuned.py,2026-04-02T15:20:10Z,unknown,local,cpu,x86_64,synthetic_heavy_tail_signal,t_df5_noise3,heavy_tail_signal,200,100,3,0.1,0.9,3.0,21008,2008,kmeans_oracle,nan,KMeans,nan,nan,120,manual_mult_auto,141.89385332046726,1.0,0.01,1.0,0.1,300,nan,3,0,nan,nan,[],0.9263731743842275,0.9031677452897089,nan,0.975,nan,nan,nan,nan,nan,nan,nan,nan,nan,nan,nan,nan,nan,nan,nan,449.203125,ok,0,,outputs/misspec_robustness_tuned
misspec_tuned__t_df5_noise3__heavy_tail_signal__seed2008__gmm_oracle,run_divi_misspec_robustness_tuned.py,2026-04-02T15:20:10Z,unknown,local,cpu,x86_64,synthetic_heavy_tail_signal,t_df5_noise3,heavy_tail_signal,200,100,3,0.1,0.9,3.0,21008,2008,gmm_oracle,nan,GaussianMixtureDiag,nan,nan,120,manual_mult_auto,141.89385332046726,1.0,0.01,1.0,0.1,300,nan,3,0,nan,nan,[],0.38047846769577826,0.4844835519567879,nan,0.585,nan,nan,nan,nan,nan,nan,nan,nan,nan,nan,nan,nan,nan,nan,nan,449.203125,ok,0,,outputs/misspec_robustness_tuned
misspec_tuned__t_df5_noise3__heavy_tail_signal__seed2009__DIVI_p1,run_divi_misspec_robustness_tuned.py,2026-04-02T15:20:11Z,unknown,local,cpu,x86_64,synthetic_heavy_tail_signal,t_df5_noise3,heavy_tail_signal,200,100,3,0.1,0.9,3.0,21009,2009,DIVI,1,DIVI,200.0,1.0,120,manual_mult_auto,141.89385332046726,1.0,0.01,1.0,0.1,300,300,3,2,120,240,"[120, 240]",1.0,1.0,0.9523809523809523,1.0,11,0.11,0.32149577140808105,0.24700555205345154,37008.44140625,35230.7578125,1777.68359375,36152.359375,4.280402183532715,0.47708910500023194,0.09345015500002773,0.3822620100004315,0.0010521000003791414,0.0009359599998788326,0.0012742067000014383,449.4375,ok,0,,outputs/misspec_robustness_tuned,"[120, 240]",informative_kw_llr,"[1 1 1 1 0 1 1 1 2 2 1 1 1 1 0 0 0 2 2 0 1 0 2 0 0 1 2 1 2 1 2 0 1 0 2 0 1
 0 1 0 1 0 0 1 0 2 0 2 2 1 1 2 2 0 1 1 2 1 1 1 1 1 0 1 2 0 0 2 1 1 1 1 0 0
 2 2 1 2 1 0 0 1 2 0 2 2 0 2 1 1 1 2 2 2 0 0 1 2 0 0 2 0 2 0 1 2 1 2 0 0 2
 2 0 2 0 0 1 0 1 1 2 1 0 0 1 2 2 0 2 2 0 1 0 2 2 0 1 0 0 1 0 1 1 1 0 0 2 0
 0 2 2 2 2 0 1 2 2 0 2 1 1 2 0 2 2 0 0 0 1 2 0 1 1 1 0 2 1 2 1 0 0 1 2 1 1
 2 2 2 1 0 0 2 2 0 2 2 2 0 0 2]"
misspec_tuned__t_df5_noise3__heavy_tail_signal__seed2009__DIVI_p2,run_divi_misspec_robustness_tuned.py,2026-04-02T15:20:11Z,unknown,local,cpu,x86_64,synthetic_heavy_tail_signal,t_df5_noise3,heavy_tail_signal,200,100,3,0.1,0.9,3.0,21009,2009,DIVI,2,DIVI,200.0,1.0,120,manual_mult_auto,141.89385332046726,1.0,0.01,1.0,0.1,300,300,3,2,120,240,"[120, 240]",1.0,1.0,0.18181818181818182,1.0,100,1.0,0.6713867783546448,0.6716091632843018,33066.58203125,29658.3984375,3408.18359375,31846.1171875,6.102322578430176,0.3848320199999762,1.9810000139841577e-05,0.3835404589999598,0.0009299299999838695,0.0009230499999830499,0.0012784681966665327,449.2109375,ok,0,,outputs/misspec_robustness_tuned,"[120, 240]",noninformative_uniform,"[1 1 1 1 0 1 1 1 2 2 1 1 1 1 0 0 0 2 2 0 1 0 2 0 0 1 2 1 2 1 2 0 1 0 2 0 1
 0 1 0 1 0 0 1 0 2 0 2 2 1 1 2 2 0 1 1 2 1 1 1 1 1 0 1 2 0 0 2 1 1 1 1 0 0
 2 2 1 2 1 0 0 1 2 0 2 2 0 2 1 1 1 2 2 2 0 0 1 2 0 0 2 0 2 0 1 2 1 2 0 0 2
 2 0 2 0 0 1 0 1 1 2 1 0 0 1 2 2 0 2 2 0 1 0 2 2 0 1 0 0 1 0 1 1 1 0 0 2 0
 0 2 2 2 2 0 1 2 2 0 2 1 1 2 0 2 2 0 0 0 1 2 0 1 1 1 0 2 1 2 1 0 0 1 2 1 1
 2 2 2 1 0 0 2 2 0 2 2 2 0 0 2]"
misspec_tuned__t_df5_noise3__heavy_tail_signal__seed2009__DIVI_p3,run_divi_misspec_robustness_tuned.py,2026-04-02T15:20:11Z,unknown,local,cpu,x86_64,synthetic_heavy_tail_signal,t_df5_noise3,heavy_tail_signal,200,100,3,0.1,0.9,3.0,21009,2009,DIVI,3,DIVI,200.0,1.0,120,manual_mult_auto,141.89385332046726,1.0,0.01,1.0,0.1,300,300,3,2,120,240,"[120, 240]",0.6178908207700639,0.6450168401837886,0.19277108433734938,0.835,73,0.73,0.6312904953956604,0.6614571213722229,33395.0546875,31020.94140625,2374.11328125,32647.62890625,3.7371277809143066,0.39689925900029266,1.6959999811660964e-05,0.39572376900014206,0.0009554099997330923,0.0008839199999783887,0.0013190792300004734,448.984375,ok,0,,outputs/misspec_robustness_tuned,"[120, 240]",random_prior,"[1 1 1 2 0 1 2 1 2 2 1 1 1 1 0 0 0 2 1 0 1 0 2 0 0 1 2 1 2 2 2 0 1 0 2 0 1
 0 2 0 1 0 0 1 0 1 0 1 2 2 1 2 2 0 1 1 1 2 1 1 2 1 0 1 2 0 0 2 1 1 1 1 0 0
 2 2 1 2 1 0 0 1 2 0 2 2 0 2 2 1 1 1 2 2 1 0 2 2 0 0 2 0 2 0 1 2 2 1 0 0 2
 2 0 2 0 0 1 0 1 1 2 1 0 0 1 2 2 0 1 2 0 1 0 1 1 0 2 0 0 1 0 1 1 1 0 0 1 0
 0 2 1 1 1 0 1 1 2 0 2 1 1 2 0 2 2 0 0 0 1 1 0 1 1 1 0 2 1 2 1 0 0 1 1 1 2
 1 2 2 1 0 0 2 1 0 2 1 2 0 0 1]"
misspec_tuned__t_df5_noise3__heavy_tail_signal__seed2009__kmeans_oracle,run_divi_misspec_robustness_tuned.py,2026-04-02T15:20:11Z,unknown,local,cpu,x86_64,synthetic_heavy_tail_signal,t_df5_noise3,heavy_tail_signal,200,100,3,0.1,0.9,3.0,21009,2009,kmeans_oracle,nan,KMeans,nan,nan,120,manual_mult_auto,141.89385332046726,1.0,0.01,1.0,0.1,300,nan,3,0,nan,nan,[],0.9123382743357807,0.8946445802211365,nan,0.97,nan,nan,nan,nan,nan,nan,nan,nan,nan,nan,nan,nan,nan,nan,nan,448.98828125,ok,0,,outputs/misspec_robustness_tuned
misspec_tuned__t_df5_noise3__heavy_tail_signal__seed2009__gmm_oracle,run_divi_misspec_robustness_tuned.py,2026-04-02T15:20:11Z,unknown,local,cpu,x86_64,synthetic_heavy_tail_signal,t_df5_noise3,heavy_tail_signal,200,100,3,0.1,0.9,3.0,21009,2009,gmm_oracle,nan,GaussianMixtureDiag,nan,nan,120,manual_mult_auto,141.89385332046726,1.0,0.01,1.0,0.1,300,nan,3,0,nan,nan,[],0.9848865697285946,0.9763112474994169,nan,0.995,nan,nan,nan,nan,nan,nan,nan,nan,nan,nan,nan,nan,nan,nan,nan,448.98828125,ok,0,,outputs/misspec_robustness_tuned
misspec_tuned__t_df5_noise3__heavy_tail_signal__seed2010__DIVI_p1,run_divi_misspec_robustness_tuned.py,2026-04-02T15:20:13Z,unknown,local,cpu,x86_64,synthetic_heavy_tail_signal,t_df5_noise3,heavy_tail_signal,200,100,3,0.1,0.9,3.0,21010,2010,DIVI,1,DIVI,200.0,1.0,120,manual_mult_auto,141.89385332046726,1.0,0.01,1.0,0.1,300,300,3,2,120,240,"[120, 240]",0.9848865697285946,0.9763112474994169,0.8695652173913044,0.995,13,0.13,0.31552058458328247,0.22965317964553833,37029.3359375,35111.25390625,1918.08203125,36237.078125,3.9612903594970703,0.4743953449997207,0.08723981499997535,0.38551492899978257,0.0009713999997984502,0.0011776999999710824,0.0012850497633326086,448.98828125,ok,0,,outputs/misspec_robustness_tuned,"[120, 240]",informative_kw_llr,"[0 0 2 2 0 0 2 0 2 0 2 1 2 1 1 1 1 1 0 2 2 2 2 1 1 0 2 1 1 0 0 1 0 2 1 0 2
 0 2 1 2 1 2 2 1 2 2 1 1 2 2 0 0 0 0 1 1 2 0 1 1 0 1 1 1 1 2 1 2 2 2 1 1 1
 0 1 1 1 1 0 2 0 0 0 0 2 1 0 1 1 0 2 2 2 1 1 1 0 0 2 0 2 1 1 1 2 2 2 0 2 1
 1 1 0 1 1 0 1 0 0 1 1 0 0 0 1 0 1 0 0 2 2 0 2 2 0 0 1 0 0 2 2 2 1 2 1 1 1
 2 2 0 1 1 1 0 2 1 0 0 0 1 2 2 2 0 2 2 2 0 2 0 0 1 2 2 0 2 2 0 0 2 0 0 2 0
 0 2 2 0 2 1 2 2 0 2 0 1 2 1 0]"
misspec_tuned__t_df5_noise3__heavy_tail_signal__seed2010__DIVI_p2,run_divi_misspec_robustness_tuned.py,2026-04-02T15:20:13Z,unknown,local,cpu,x86_64,synthetic_heavy_tail_signal,t_df5_noise3,heavy_tail_signal,200,100,3,0.1,0.9,3.0,21010,2010,DIVI,2,DIVI,200.0,1.0,120,manual_mult_auto,141.89385332046726,1.0,0.01,1.0,0.1,300,300,3,2,120,240,"[120, 240]",0.9552261533811073,0.929107016632509,0.18181818181818182,0.985,100,1.0,0.6737807989120483,0.6725618839263916,33120.109375,29519.611328125,3600.498046875,31867.171875,6.264692306518555,0.39682198899981813,2.08599999496073e-05,0.39462193899998965,0.00102100000003702,0.0018527100000937935,0.001315406463333299,448.98828125,ok,0,,outputs/misspec_robustness_tuned,"[120, 240]",noninformative_uniform,"[0 0 2 2 0 0 2 0 2 0 2 1 2 1 1 1 1 1 0 2 2 2 2 1 1 0 2 1 1 0 0 1 0 2 1 0 2
 0 2 1 2 1 2 2 1 2 2 1 1 2 2 0 0 0 0 1 1 2 0 1 1 0 1 1 1 1 2 1 2 2 0 1 1 1
 0 1 1 1 1 0 2 0 0 0 0 2 1 0 1 1 0 2 2 2 1 1 1 0 0 2 0 2 1 1 1 2 1 2 0 2 1
 1 1 0 1 1 0 1 0 0 1 1 0 0 0 1 0 1 0 0 2 2 0 2 2 0 0 1 0 0 2 2 2 1 2 1 1 1
 2 2 0 1 1 1 0 2 1 0 0 0 1 2 2 2 0 2 2 2 0 2 0 0 1 2 2 0 2 2 0 0 2 0 0 2 0
 0 2 2 0 2 1 2 2 0 2 0 1 2 1 0]"
misspec_tuned__t_df5_noise3__heavy_tail_signal__seed2010__DIVI_p3,run_divi_misspec_robustness_tuned.py,2026-04-02T15:20:13Z,unknown,local,cpu,x86_64,synthetic_heavy_tail_signal,t_df5_noise3,heavy_tail_signal,200,100,3,0.1,0.9,3.0,21010,2010,DIVI,3,DIVI,200.0,1.0,120,manual_mult_auto,141.89385332046726,1.0,0.01,1.0,0.1,300,300,3,2,120,240,"[120, 240]",0.9848865697285946,0.9763112474994169,0.2380952380952381,0.995,74,0.74,0.6140154600143433,0.6929548978805542,33293.23828125,30809.53125,2483.70703125,32536.302734375,3.7846837043762207,0.40700842799969905,2.3809999674995197e-05,0.4056626379997397,0.0009351899998364388,0.0009220699998877535,0.0013522087933324656,448.99609375,ok,0,,outputs/misspec_robustness_tuned,"[120, 240]",random_prior,"[0 0 1 1 0 0 1 0 1 0 1 2 1 2 2 2 2 2 0 1 1 1 1 2 2 0 1 2 2 0 0 2 0 1 2 0 1
 0 1 2 1 2 1 1 2 1 1 2 2 1 1 0 0 0 0 2 2 1 0 2 2 0 2 2 2 2 1 2 1 1 1 2 2 2
 0 2 2 2 2 0 1 0 0 0 0 1 2 0 2 2 0 1 1 1 2 2 2 0 0 1 0 1 2 2 2 1 1 1 0 1 2
 2 2 0 2 2 0 2 0 0 2 2 0 0 0 2 0 2 0 0 1 1 0 1 1 0 0 2 0 0 1 1 1 2 1 2 2 2
 1 1 0 2 2 2 0 1 2 0 0 0 2 1 1 1 0 1 1 1 0 1 0 0 2 1 1 0 1 1 0 0 1 0 0 1 0
 0 1 1 0 1 2 1 1 0 1 0 2 1 2 0]"
misspec_tuned__t_df5_noise3__heavy_tail_signal__seed2010__kmeans_oracle,run_divi_misspec_robustness_tuned.py,2026-04-02T15:20:13Z,unknown,local,cpu,x86_64,synthetic_heavy_tail_signal,t_df5_noise3,heavy_tail_signal,200,100,3,0.1,0.9,3.0,21010,2010,kmeans_oracle,nan,KMeans,nan,nan,120,manual_mult_auto,141.89385332046726,1.0,0.01,1.0,0.1,300,nan,3,0,nan,nan,[],0.9262510056681045,0.8945883355425844,nan,0.975,nan,nan,nan,nan,nan,nan,nan,nan,nan,nan,nan,nan,nan,nan,nan,448.99609375,ok,0,,outputs/misspec_robustness_tuned
misspec_tuned__t_df5_noise3__heavy_tail_signal__seed2010__gmm_oracle,run_divi_misspec_robustness_tuned.py,2026-04-02T15:20:13Z,unknown,local,cpu,x86_64,synthetic_heavy_tail_signal,t_df5_noise3,heavy_tail_signal,200,100,3,0.1,0.9,3.0,21010,2010,gmm_oracle,nan,GaussianMixtureDiag,nan,nan,120,manual_mult_auto,141.89385332046726,1.0,0.01,1.0,0.1,300,nan,3,0,nan,nan,[],0.9848865697285946,0.9763112474994169,nan,0.995,nan,nan,nan,nan,nan,nan,nan,nan,nan,nan,nan,nan,nan,nan,nan,448.99609375,ok,0,,outputs/misspec_robustness_tuned
misspec_tuned__t_df5_noise3__heavy_tail_signal__seed2011__DIVI_p1,run_divi_misspec_robustness_tuned.py,2026-04-02T15:20:14Z,unknown,local,cpu,x86_64,synthetic_heavy_tail_signal,t_df5_noise3,heavy_tail_signal,200,100,3,0.1,0.9,3.0,21011,2011,DIVI,1,DIVI,200.0,1.0,120,manual_mult_auto,141.89385332046726,1.0,0.01,1.0,0.1,300,300,3,2,120,240,"[120, 240]",1.0,1.0,0.8,1.0,15,0.15,0.33526912331581116,0.2639884948730469,36858.69921875,35116.1171875,1742.58203125,35997.03125,4.308342456817627,0.49111579399959737,0.09046270499993625,0.3992273789999672,0.0009753200001796358,0.0009186199999930977,0.0013307579299998906,449.37890625,ok,0,,outputs/misspec_robustness_tuned,"[120, 240]",informative_kw_llr,"[1 0 1 0 2 0 0 2 0 0 0 1 1 2 2 0 2 1 1 0 2 2 1 1 2 0 1 0 0 0 2 1 2 0 0 0 2
 0 0 0 0 0 2 1 0 1 0 1 1 2 2 1 0 1 2 2 2 0 2 0 0 0 0 1 2 0 2 2 1 0 1 2 0 0
 2 0 1 0 1 1 2 1 1 2 2 1 1 1 0 0 1 1 1 0 0 1 1 2 2 1 2 2 0 1 1 2 0 2 1 1 1
 0 2 1 2 2 0 2 2 0 1 0 0 1 2 2 1 1 2 0 1 2 2 0 0 1 2 2 2 0 1 1 1 0 0 1 1 0
 2 2 1 0 2 1 1 2 1 2 2 0 0 0 1 1 2 0 1 2 0 0 2 0 2 0 2 1 2 2 2 0 1 1 0 0 1
 1 1 2 1 1 2 2 2 2 0 2 2 0 1 2]"
misspec_tuned__t_df5_noise3__heavy_tail_signal__seed2011__DIVI_p2,run_divi_misspec_robustness_tuned.py,2026-04-02T15:20:14Z,unknown,local,cpu,x86_64,synthetic_heavy_tail_signal,t_df5_noise3,heavy_tail_signal,200,100,3,0.1,0.9,3.0,21011,2011,DIVI,2,DIVI,200.0,1.0,120,manual_mult_auto,141.89385332046726,1.0,0.01,1.0,0.1,300,300,3,2,120,240,"[120, 240]",0.9697766425713032,0.9526186802811253,0.18181818181818182,0.99,100,1.0,0.6753804087638855,0.6747430562973022,33071.47265625,29543.287109375,3528.185546875,31796.0859375,6.3769307136535645,0.38074411899970073,2.1860000288143056e-05,0.37947587899998325,0.0010769599998639023,0.0009082199999284057,0.0012649195966666109,449.37890625,ok,0,,outputs/misspec_robustness_tuned,"[120, 240]",noninformative_uniform,"[1 0 1 0 2 0 0 2 0 0 0 1 1 2 2 0 2 1 1 0 2 2 1 1 2 0 1 0 0 0 2 1 2 0 0 0 2
 0 0 0 0 0 2 1 0 1 0 1 1 2 2 1 0 1 2 2 2 0 2 0 0 0 0 1 2 0 2 2 1 0 1 2 0 0
 2 0 1 0 1 1 2 1 1 2 2 1 1 1 0 0 1 1 1 0 0 1 1 2 2 1 2 2 0 1 1 2 0 2 1 1 1
 2 2 1 2 2 0 2 2 0 1 0 0 1 2 2 1 1 2 0 1 2 2 0 0 1 2 2 2 0 1 1 1 0 0 1 1 0
 2 2 2 0 2 1 1 2 1 2 2 0 0 0 1 1 2 0 1 2 0 0 2 0 2 0 2 1 2 2 2 0 1 1 0 0 1
 1 1 2 1 1 2 2 2 2 0 2 2 0 1 2]"
misspec_tuned__t_df5_noise3__heavy_tail_signal__seed2011__DIVI_p3,run_divi_misspec_robustness_tuned.py,2026-04-02T15:20:14Z,unknown,local,cpu,x86_64,synthetic_heavy_tail_signal,t_df5_noise3,heavy_tail_signal,200,100,3,0.1,0.9,3.0,21011,2011,DIVI,3,DIVI,200.0,1.0,120,manual_mult_auto,141.89385332046726,1.0,0.01,1.0,0.1,300,300,3,2,120,240,"[120, 240]",0.4824175967173152,0.5730784667810748,0.14457831325301204,0.735,73,0.73,0.6166338324546814,0.6938867568969727,33740.9765625,31298.466796875,2442.509765625,32931.5078125,4.047340393066406,0.3755944899999122,2.3440000404661987e-05,0.3742572799997106,0.0009439689997634559,0.0009788400002435083,0.001247524266665702,448.7734375,ok,0,,outputs/misspec_robustness_tuned,"[120, 240]",random_prior,"[0 1 0 2 0 1 1 0 1 1 2 0 0 0 2 2 0 0 0 1 0 0 0 0 0 1 0 1 1 1 0 0 0 1 1 1 0
 1 1 1 1 1 0 0 1 0 1 0 0 0 0 0 1 0 0 2 2 1 0 1 1 1 1 0 0 1 0 2 0 1 0 0 1 1
 0 1 0 1 0 0 2 0 0 2 2 0 0 0 2 2 0 0 0 1 1 0 0 0 2 0 0 1 1 0 0 2 1 0 0 0 0
 2 0 0 0 2 2 2 0 2 0 1 1 0 2 0 0 0 2 1 0 2 2 1 1 0 0 0 0 2 0 0 0 1 1 0 0 1
 0 0 0 2 0 0 0 0 0 0 0 1 1 1 0 0 2 1 0 2 1 1 0 1 0 1 2 0 2 0 0 2 0 0 1 1 0
 0 0 2 0 0 2 2 2 2 1 0 2 2 0 2]"
misspec_tuned__t_df5_noise3__heavy_tail_signal__seed2011__kmeans_oracle,run_divi_misspec_robustness_tuned.py,2026-04-02T15:20:14Z,unknown,local,cpu,x86_64,synthetic_heavy_tail_signal,t_df5_noise3,heavy_tail_signal,200,100,3,0.1,0.9,3.0,21011,2011,kmeans_oracle,nan,KMeans,nan,nan,120,manual_mult_auto,141.89385332046726,1.0,0.01,1.0,0.1,300,nan,3,0,nan,nan,[],0.8843599699199607,0.8493536398475022,nan,0.96,nan,nan,nan,nan,nan,nan,nan,nan,nan,nan,nan,nan,nan,nan,nan,448.7734375,ok,0,,outputs/misspec_robustness_tuned
misspec_tuned__t_df5_noise3__heavy_tail_signal__seed2011__gmm_oracle,run_divi_misspec_robustness_tuned.py,2026-04-02T15:20:14Z,unknown,local,cpu,x86_64,synthetic_heavy_tail_signal,t_df5_noise3,heavy_tail_signal,200,100,3,0.1,0.9,3.0,21011,2011,gmm_oracle,nan,GaussianMixtureDiag,nan,nan,120,manual_mult_auto,141.89385332046726,1.0,0.01,1.0,0.1,300,nan,3,0,nan,nan,[],1.0,1.0,nan,1.0,nan,nan,nan,nan,nan,nan,nan,nan,nan,nan,nan,nan,nan,nan,nan,448.7734375,ok,0,,outputs/misspec_robustness_tuned
misspec_tuned__t_df5_noise3__heavy_tail_signal__seed2012__DIVI_p1,run_divi_misspec_robustness_tuned.py,2026-04-02T15:20:15Z,unknown,local,cpu,x86_64,synthetic_heavy_tail_signal,t_df5_noise3,heavy_tail_signal,200,100,3,0.1,0.9,3.0,21012,2012,DIVI,1,DIVI,200.0,1.0,120,manual_mult_auto,141.89385332046726,1.0,0.01,1.0,0.1,300,300,3,2,120,240,"[120, 240]",1.0,1.0,0.7142857142857143,1.0,18,0.18,0.3508036136627197,0.27532994747161865,36756.265625,34868.37109375,1887.89453125,35789.78125,4.83242130279541,0.463151186000232,0.08264438600008361,0.37921721000020625,0.0009173999997074134,0.0008651100001770828,0.001264057366667354,448.77734375,ok,0,,outputs/misspec_robustness_tuned,"[120, 240]",informative_kw_llr,"[0 1 0 2 2 1 2 2 2 1 2 2 2 1 1 0 0 2 0 2 0 2 0 0 1 0 1 1 2 1 2 2 0 1 2 0 0
 2 0 1 1 0 0 0 2 0 2 0 1 0 0 1 1 2 0 0 0 2 0 0 1 2 1 2 0 0 0 0 2 2 2 1 2 2
 2 1 0 0 1 1 0 0 2 1 2 1 1 2 2 1 2 1 2 0 1 2 2 1 2 1 2 1 0 0 1 1 1 2 1 1 2
 1 1 2 1 2 1 0 2 2 0 1 1 0 0 2 0 2 0 1 1 1 2 1 1 2 1 1 0 1 0 0 1 2 1 1 2 0
 0 0 1 0 2 1 2 2 2 1 2 0 0 0 1 0 2 2 1 0 0 1 2 2 2 2 0 0 1 0 0 0 2 0 0 1 0
 1 1 1 2 0 0 1 2 0 2 1 0 2 2 1]"
misspec_tuned__t_df5_noise3__heavy_tail_signal__seed2012__DIVI_p2,run_divi_misspec_robustness_tuned.py,2026-04-02T15:20:15Z,unknown,local,cpu,x86_64,synthetic_heavy_tail_signal,t_df5_noise3,heavy_tail_signal,200,100,3,0.1,0.9,3.0,21012,2012,DIVI,2,DIVI,200.0,1.0,120,manual_mult_auto,141.89385332046726,1.0,0.01,1.0,0.1,300,300,3,2,120,240,"[120, 240]",0.9848865697285946,0.9763112474994169,0.18181818181818182,0.995,100,1.0,0.6730995178222656,0.6701699495315552,33066.26953125,29421.955078125,3644.314453125,31826.83984375,6.197151184082031,0.3720222809997722,1.5489999896090012e-05,0.37086462099978235,0.0009307999998782179,0.0008862899999257934,0.001236215403332608,448.78515625,ok,0,,outputs/misspec_robustness_tuned,"[120, 240]",noninformative_uniform,"[0 1 0 2 0 1 2 2 2 1 2 2 2 1 1 0 0 2 0 2 0 2 0 0 1 0 1 1 2 1 2 2 0 1 2 0 0
 2 0 1 1 0 0 0 2 0 2 0 1 0 0 1 1 2 0 0 0 2 0 0 1 2 1 2 0 0 0 0 2 2 2 1 2 2
 2 1 0 0 1 1 0 0 2 1 2 1 1 2 2 1 2 1 2 0 1 2 2 1 2 1 2 1 0 0 1 1 1 2 1 1 2
 1 1 2 1 2 1 0 2 2 0 1 1 0 0 2 0 2 0 1 1 1 2 1 1 2 1 1 0 1 0 0 1 2 1 1 2 0
 0 0 1 0 2 1 2 2 2 1 2 0 0 0 1 0 2 2 1 0 0 1 2 2 2 2 0 0 1 0 0 0 2 0 0 1 0
 1 1 1 2 0 0 1 2 0 2 1 0 2 2 1]"
misspec_tuned__t_df5_noise3__heavy_tail_signal__seed2012__DIVI_p3,run_divi_misspec_robustness_tuned.py,2026-04-02T15:20:15Z,unknown,local,cpu,x86_64,synthetic_heavy_tail_signal,t_df5_noise3,heavy_tail_signal,200,100,3,0.1,0.9,3.0,21012,2012,DIVI,3,DIVI,200.0,1.0,120,manual_mult_auto,141.89385332046726,1.0,0.01,1.0,0.1,300,300,3,2,120,240,"[120, 240]",0.482914128758017,0.5458882731589159,0.16,0.67,65,0.65,0.5661378502845764,0.6624261140823364,34393.71484375,32128.505859375,2265.208984375,33634.15625,3.797797679901123,0.3895484590002525,2.9750000066997018e-05,0.38747579999972004,0.0009451400001125876,0.0015325700001085352,0.0012915859999990669,448.7890625,ok,0,,outputs/misspec_robustness_tuned,"[120, 240]",random_prior,"[0 1 0 0 0 2 1 1 2 1 1 2 1 1 2 0 0 2 0 2 0 1 0 0 2 0 1 1 1 2 2 1 0 1 2 0 0
 1 0 2 2 0 0 0 2 0 1 0 1 0 0 2 2 1 0 0 0 1 0 0 1 2 2 1 0 0 0 0 2 2 1 1 2 2
 1 2 0 0 2 1 0 0 2 2 2 2 1 2 2 2 2 1 1 0 1 1 2 2 1 1 2 1 0 0 2 1 2 1 2 2 1
 2 1 1 1 2 1 0 2 1 0 1 2 0 0 2 0 2 0 1 1 1 2 1 2 1 2 2 0 1 0 0 1 1 2 2 2 0
 0 0 2 0 1 1 2 1 2 2 2 0 0 0 2 0 1 1 1 0 0 1 2 1 2 1 0 0 1 0 0 0 1 0 0 2 0
 2 1 2 2 0 0 2 2 0 1 2 0 2 1 2]"
misspec_tuned__t_df5_noise3__heavy_tail_signal__seed2012__kmeans_oracle,run_divi_misspec_robustness_tuned.py,2026-04-02T15:20:15Z,unknown,local,cpu,x86_64,synthetic_heavy_tail_signal,t_df5_noise3,heavy_tail_signal,200,100,3,0.1,0.9,3.0,21012,2012,kmeans_oracle,nan,KMeans,nan,nan,120,manual_mult_auto,141.89385332046726,1.0,0.01,1.0,0.1,300,nan,3,0,nan,nan,[],0.8689993046623977,0.8241272079793868,nan,0.955,nan,nan,nan,nan,nan,nan,nan,nan,nan,nan,nan,nan,nan,nan,nan,448.7890625,ok,0,,outputs/misspec_robustness_tuned
misspec_tuned__t_df5_noise3__heavy_tail_signal__seed2012__gmm_oracle,run_divi_misspec_robustness_tuned.py,2026-04-02T15:20:15Z,unknown,local,cpu,x86_64,synthetic_heavy_tail_signal,t_df5_noise3,heavy_tail_signal,200,100,3,0.1,0.9,3.0,21012,2012,gmm_oracle,nan,GaussianMixtureDiag,nan,nan,120,manual_mult_auto,141.89385332046726,1.0,0.01,1.0,0.1,300,nan,3,0,nan,nan,[],1.0,1.0,nan,1.0,nan,nan,nan,nan,nan,nan,nan,nan,nan,nan,nan,nan,nan,nan,nan,448.7890625,ok,0,,outputs/misspec_robustness_tuned
misspec_tuned__t_df5_noise3__heavy_tail_signal__seed2013__DIVI_p1,run_divi_misspec_robustness_tuned.py,2026-04-02T15:20:16Z,unknown,local,cpu,x86_64,synthetic_heavy_tail_signal,t_df5_noise3,heavy_tail_signal,200,100,3,0.1,0.9,3.0,21013,2013,DIVI,1,DIVI,200.0,1.0,120,manual_mult_auto,141.89385332046726,1.0,0.01,1.0,0.1,300,300,3,2,120,240,"[120, 240]",1.0,1.0,0.7692307692307693,1.0,16,0.16,0.330055832862854,0.26140767335891724,36914.56640625,34622.58203125,2291.984375,36068.82421875,4.228708267211914,0.5047210529996846,0.09401266599979863,0.40741234799997983,0.0009828689999267226,0.0028403500000422355,0.0013580411599999327,449.7109375,ok,0,,outputs/misspec_robustness_tuned,"[120, 240]",informative_kw_llr,"[0 1 1 2 2 0 1 1 0 1 2 0 0 1 2 2 0 1 1 2 2 2 2 2 2 1 0 2 0 2 1 2 2 2 1 0 2
 0 1 1 0 2 2 2 1 1 0 2 1 0 0 0 2 2 0 0 0 0 2 2 1 2 1 2 1 0 0 1 1 1 1 2 1 0
 1 0 1 1 2 2 1 0 1 0 2 2 2 0 1 1 2 2 1 0 1 0 0 1 1 0 1 2 1 2 0 0 0 1 0 1 1
 0 0 0 1 2 2 1 1 0 1 2 0 1 2 0 1 0 0 2 2 2 0 1 0 2 1 0 1 2 1 0 0 1 0 1 1 0
 2 0 2 1 2 0 2 0 2 1 2 2 2 2 2 0 2 1 0 1 1 1 1 2 0 1 0 2 0 1 2 2 0 0 2 2 0
 2 1 0 1 1 1 0 0 0 2 0 0 1 0 2]"
misspec_tuned__t_df5_noise3__heavy_tail_signal__seed2013__DIVI_p2,run_divi_misspec_robustness_tuned.py,2026-04-02T15:20:16Z,unknown,local,cpu,x86_64,synthetic_heavy_tail_signal,t_df5_noise3,heavy_tail_signal,200,100,3,0.1,0.9,3.0,21013,2013,DIVI,2,DIVI,200.0,1.0,120,manual_mult_auto,141.89385332046726,1.0,0.01,1.0,0.1,300,300,3,2,120,240,"[120, 240]",0.9702334289953669,0.9589956308932511,0.18181818181818182,0.99,100,1.0,0.6744449734687805,0.6731066703796387,33079.8828125,29201.1015625,3878.78125,31814.376953125,6.327538013458252,0.39928468800007977,3.2219999866356375e-05,0.39760317900027076,0.0010711800000535732,0.0010441599997648154,0.0013253439300009026,448.87109375,ok,0,,outputs/misspec_robustness_tuned,"[120, 240]",noninformative_uniform,"[0 1 1 2 2 0 1 1 0 1 2 0 0 1 2 2 0 1 1 1 2 2 2 2 2 1 0 1 0 2 1 2 2 2 1 0 2
 0 1 1 0 2 2 2 1 1 0 2 1 0 0 0 2 2 0 0 0 0 2 2 1 2 1 2 1 0 0 1 1 1 1 2 1 0
 1 0 1 1 2 2 1 0 1 0 2 2 2 0 1 1 2 2 1 0 1 0 0 1 1 0 1 2 1 2 0 0 0 1 0 1 1
 0 0 0 1 2 2 1 1 0 1 2 0 1 2 0 1 0 0 2 2 2 0 1 0 2 1 0 1 2 1 0 0 1 0 1 1 0
 2 0 2 1 2 0 2 0 2 1 2 2 2 2 2 0 2 1 0 1 1 1 1 2 0 1 0 2 0 1 2 2 0 0 2 2 0
 2 1 0 1 1 1 0 0 0 2 0 0 1 0 2]"
misspec_tuned__t_df5_noise3__heavy_tail_signal__seed2013__DIVI_p3,run_divi_misspec_robustness_tuned.py,2026-04-02T15:20:16Z,unknown,local,cpu,x86_64,synthetic_heavy_tail_signal,t_df5_noise3,heavy_tail_signal,200,100,3,0.1,0.9,3.0,21013,2013,DIVI,3,DIVI,200.0,1.0,120,manual_mult_auto,141.89385332046726,1.0,0.01,1.0,0.1,300,300,3,2,120,240,"[120, 240]",0.9409304365013552,0.9204306709487154,0.21333333333333335,0.98,65,0.65,0.5728170871734619,0.6321831345558167,34136.890625,31585.95703125,2550.93359375,33293.4140625,4.217380046844482,0.4265385379999316,3.26499998664076e-05,0.42506518800018966,0.0011459089996606053,0.0010013199998866185,0.0014168839600006322,448.875,ok,0,,outputs/misspec_robustness_tuned,"[120, 240]",random_prior,"[0 2 2 1 1 0 2 2 0 2 1 0 0 2 1 1 0 2 2 1 1 1 1 1 1 2 0 2 0 1 2 1 1 1 2 0 1
 0 2 2 0 1 1 1 2 2 0 1 2 0 0 0 1 1 0 0 0 0 1 1 2 1 2 1 2 0 0 2 2 2 2 1 2 0
 2 0 2 2 1 1 2 0 2 0 1 2 1 0 2 2 1 1 2 0 2 0 0 2 2 0 2 1 2 1 0 0 0 2 0 2 2
 0 0 0 2 1 1 2 2 0 2 1 0 2 1 0 2 0 0 1 1 1 0 2 0 1 2 0 2 1 2 0 0 2 0 2 2 0
 1 0 1 2 1 0 1 0 1 0 1 1 1 1 1 0 1 2 0 2 2 2 2 1 0 2 0 1 0 2 2 1 0 0 1 1 0
 1 2 0 2 2 2 0 0 0 1 0 0 2 0 1]"
misspec_tuned__t_df5_noise3__heavy_tail_signal__seed2013__kmeans_oracle,run_divi_misspec_robustness_tuned.py,2026-04-02T15:20:16Z,unknown,local,cpu,x86_64,synthetic_heavy_tail_signal,t_df5_noise3,heavy_tail_signal,200,100,3,0.1,0.9,3.0,21013,2013,kmeans_oracle,nan,KMeans,nan,nan,120,manual_mult_auto,141.89385332046726,1.0,0.01,1.0,0.1,300,nan,3,0,nan,nan,[],0.9406803351901979,0.9118314380161849,nan,0.98,nan,nan,nan,nan,nan,nan,nan,nan,nan,nan,nan,nan,nan,nan,nan,448.875,ok,0,,outputs/misspec_robustness_tuned
misspec_tuned__t_df5_noise3__heavy_tail_signal__seed2013__gmm_oracle,run_divi_misspec_robustness_tuned.py,2026-04-02T15:20:16Z,unknown,local,cpu,x86_64,synthetic_heavy_tail_signal,t_df5_noise3,heavy_tail_signal,200,100,3,0.1,0.9,3.0,21013,2013,gmm_oracle,nan,GaussianMixtureDiag,nan,nan,120,manual_mult_auto,141.89385332046726,1.0,0.01,1.0,0.1,300,nan,3,0,nan,nan,[],0.9850007840499246,0.9763449138590041,nan,0.995,nan,nan,nan,nan,nan,nan,nan,nan,nan,nan,nan,nan,nan,nan,nan,448.875,ok,0,,outputs/misspec_robustness_tuned
misspec_tuned__t_df5_noise3__heavy_tail_signal__seed2014__DIVI_p1,run_divi_misspec_robustness_tuned.py,2026-04-02T15:20:18Z,unknown,local,cpu,x86_64,synthetic_heavy_tail_signal,t_df5_noise3,heavy_tail_signal,200,100,3,0.1,0.9,3.0,21014,2014,DIVI,1,DIVI,200.0,1.0,120,manual_mult_auto,141.89385332046726,1.0,0.01,1.0,0.1,300,300,3,2,120,240,"[120, 240]",1.0,1.0,0.6666666666666666,1.0,20,0.2,0.3440588116645813,0.2675907611846924,36768.578125,35134.17578125,1634.40234375,35861.0,4.537881374359131,0.475700174999929,0.08260174599990933,0.39155482999967717,0.0009583289997863176,0.001080539999747998,0.0013051827666655906,449.25390625,ok,0,,outputs/misspec_robustness_tuned,"[120, 240]",informative_kw_llr,"[1 2 2 2 1 0 2 0 0 1 0 2 2 1 0 1 2 2 0 0 0 2 2 2 1 2 1 2 1 1 2 0 2 0 0 0 0
 1 1 1 0 0 0 2 1 2 0 0 0 0 1 2 0 1 0 2 1 2 0 1 2 2 0 0 0 0 1 1 0 1 2 0 1 0
 1 0 2 0 2 0 2 1 1 2 1 0 0 1 2 2 0 0 0 2 1 1 2 1 0 0 0 2 1 2 0 1 1 2 1 1 2
 0 1 2 0 2 1 1 1 0 2 1 2 1 2 1 2 2 1 1 2 1 0 2 2 0 0 2 2 1 1 2 1 2 0 2 2 0
 2 2 1 2 0 0 1 1 0 0 2 2 0 2 0 1 0 1 0 1 2 2 2 0 1 2 1 2 0 0 2 2 0 0 0 1 1
 1 1 2 0 0 2 1 1 1 1 0 1 1 1 1]"
misspec_tuned__t_df5_noise3__heavy_tail_signal__seed2014__DIVI_p2,run_divi_misspec_robustness_tuned.py,2026-04-02T15:20:18Z,unknown,local,cpu,x86_64,synthetic_heavy_tail_signal,t_df5_noise3,heavy_tail_signal,200,100,3,0.1,0.9,3.0,21014,2014,DIVI,2,DIVI,200.0,1.0,120,manual_mult_auto,141.89385332046726,1.0,0.01,1.0,0.1,300,300,3,2,120,240,"[120, 240]",0.9702265283904825,0.9527609983309229,0.18181818181818182,0.99,100,1.0,0.6748490929603577,0.6764823198318481,33057.4296875,29508.82421875,3548.60546875,31780.666015625,6.383823394775391,0.5016455439999845,2.204000020356034e-05,0.5000426239998887,0.002606880000257661,0.0011811399999714922,0.0016668087466662957,448.421875,ok,0,,outputs/misspec_robustness_tuned,"[120, 240]",noninformative_uniform,"[1 2 2 2 1 0 2 0 0 1 0 2 2 1 0 1 2 2 0 0 0 2 2 2 1 2 1 2 1 1 2 0 2 0 0 0 0
 1 1 1 0 0 0 2 1 2 0 0 0 0 1 2 0 1 0 2 1 2 0 1 2 2 0 0 0 0 1 1 0 1 2 0 1 0
 1 0 2 0 2 0 2 1 1 2 1 0 0 1 2 2 0 0 0 2 1 1 2 1 0 0 0 2 1 2 0 1 1 2 1 1 2
 0 1 2 0 2 1 1 1 0 2 1 2 1 2 1 2 2 1 1 2 1 0 2 2 0 0 2 2 1 1 2 1 1 0 2 2 0
 2 2 1 2 0 0 1 1 0 0 2 2 0 2 0 1 0 1 0 1 2 2 2 0 1 2 1 2 0 0 2 2 0 0 0 1 1
 1 1 2 0 0 2 1 2 1 1 0 1 1 1 1]"
misspec_tuned__t_df5_noise3__heavy_tail_signal__seed2014__DIVI_p3,run_divi_misspec_robustness_tuned.py,2026-04-02T15:20:18Z,unknown,local,cpu,x86_64,synthetic_heavy_tail_signal,t_df5_noise3,heavy_tail_signal,200,100,3,0.1,0.9,3.0,21014,2014,DIVI,3,DIVI,200.0,1.0,120,manual_mult_auto,141.89385332046726,1.0,0.01,1.0,0.1,300,300,3,2,120,240,"[120, 240]",0.9850007840499246,0.9763449138590041,0.23076923076923075,0.995,68,0.68,0.5932984352111816,0.6225497722625732,34046.625,31158.669921875,2887.955078125,32943.23828125,5.516938209533691,0.5186477219999688,2.778999987640418e-05,0.5170600619999277,0.00129904000004899,0.0011466599999039317,0.001723533539999759,449.26171875,ok,0,,outputs/misspec_robustness_tuned,"[120, 240]",random_prior,"[1 2 2 2 1 0 2 0 0 1 0 2 2 1 0 1 2 2 0 0 0 2 2 2 1 2 1 2 1 1 2 0 2 0 0 0 0
 1 1 1 0 0 0 2 1 2 0 0 0 0 1 2 0 1 0 2 1 2 0 1 2 2 0 0 0 0 1 1 0 1 2 0 1 0
 1 0 2 0 2 0 2 1 1 2 1 0 0 1 2 2 0 0 0 2 1 1 2 1 0 0 0 2 1 2 0 1 1 1 1 1 2
 0 1 2 0 2 1 1 1 0 2 1 2 1 2 1 2 2 1 1 2 1 0 2 2 0 0 2 2 1 1 2 1 2 0 2 2 0
 2 2 1 2 0 0 1 1 0 0 2 2 0 2 0 1 0 1 0 1 2 2 2 0 1 2 1 2 0 0 2 2 0 0 0 1 1
 1 1 2 0 0 2 1 1 1 1 0 1 1 1 1]"
misspec_tuned__t_df5_noise3__heavy_tail_signal__seed2014__kmeans_oracle,run_divi_misspec_robustness_tuned.py,2026-04-02T15:20:18Z,unknown,local,cpu,x86_64,synthetic_heavy_tail_signal,t_df5_noise3,heavy_tail_signal,200,100,3,0.1,0.9,3.0,21014,2014,kmeans_oracle,nan,KMeans,nan,nan,120,manual_mult_auto,141.89385332046726,1.0,0.01,1.0,0.1,300,nan,3,0,nan,nan,[],0.8184858543757388,0.7948784614073774,nan,0.935,nan,nan,nan,nan,nan,nan,nan,nan,nan,nan,nan,nan,nan,nan,nan,445.72265625,ok,0,,outputs/misspec_robustness_tuned
misspec_tuned__t_df5_noise3__heavy_tail_signal__seed2014__gmm_oracle,run_divi_misspec_robustness_tuned.py,2026-04-02T15:20:18Z,unknown,local,cpu,x86_64,synthetic_heavy_tail_signal,t_df5_noise3,heavy_tail_signal,200,100,3,0.1,0.9,3.0,21014,2014,gmm_oracle,nan,GaussianMixtureDiag,nan,nan,120,manual_mult_auto,141.89385332046726,1.0,0.01,1.0,0.1,300,nan,3,0,nan,nan,[],1.0,1.0,nan,1.0,nan,nan,nan,nan,nan,nan,nan,nan,nan,nan,nan,nan,nan,nan,nan,445.7265625,ok,0,,outputs/misspec_robustness_tuned
misspec_tuned__t_df5_noise3__heavy_tail_signal__seed2015__DIVI_p1,run_divi_misspec_robustness_tuned.py,2026-04-02T15:20:19Z,unknown,local,cpu,x86_64,synthetic_heavy_tail_signal,t_df5_noise3,heavy_tail_signal,200,100,3,0.1,0.9,3.0,21015,2015,DIVI,1,DIVI,200.0,1.0,120,manual_mult_auto,141.89385332046726,1.0,0.01,1.0,0.1,300,300,3,2,120,240,"[120, 240]",0.9553553171476478,0.9439234090278291,0.7407407407407407,0.985,17,0.17,0.3368481695652008,0.2545003890991211,36853.86328125,35358.2734375,1495.58984375,35978.25390625,4.378045558929443,0.7260666120000678,0.14914638300024308,0.5754165499997725,0.0012538800001493655,0.0009198299999297888,0.0019180551666659084,448.42578125,ok,0,,outputs/misspec_robustness_tuned,"[120, 240]",informative_kw_llr,"[2 1 2 2 1 0 0 1 2 1 2 2 0 1 1 0 2 2 0 0 1 2 0 0 1 2 1 0 2 2 0 2 0 0 2 1 1
 1 2 2 1 0 1 1 0 1 1 1 0 1 1 0 0 0 1 0 1 0 0 1 0 2 1 1 2 2 2 2 2 0 0 0 0 0
 2 1 2 2 0 2 0 0 1 1 0 2 2 1 1 2 1 1 0 1 1 1 2 2 1 1 1 1 0 1 1 1 2 2 2 1 1
 0 0 0 2 2 1 1 1 0 2 0 2 1 0 0 2 0 0 2 1 1 2 1 2 2 1 0 2 1 0 2 0 0 0 0 0 1
 0 1 1 2 1 0 0 2 2 1 0 0 0 2 1 2 2 0 2 1 1 1 0 1 2 0 0 0 1 2 1 2 2 2 1 2 0
 1 0 2 1 2 1 0 0 0 2 2 2 2 0 1]"
misspec_tuned__t_df5_noise3__heavy_tail_signal__seed2015__DIVI_p2,run_divi_misspec_robustness_tuned.py,2026-04-02T15:20:19Z,unknown,local,cpu,x86_64,synthetic_heavy_tail_signal,t_df5_noise3,heavy_tail_signal,200,100,3,0.1,0.9,3.0,21015,2015,DIVI,2,DIVI,200.0,1.0,120,manual_mult_auto,141.89385332046726,1.0,0.01,1.0,0.1,300,300,3,2,120,240,"[120, 240]",0.7933191695620858,0.7911081567199655,0.18181818181818182,0.925,100,1.0,0.6709281206130981,0.6700819730758667,33117.93359375,29266.052734375,3851.880859375,31903.572265625,6.07180643081665,0.3912910589997409,1.854899983300129e-05,0.3899228690002019,0.0009645600002841093,0.0010401600002296618,0.0012997428966673398,448.96484375,ok,0,,outputs/misspec_robustness_tuned,"[120, 240]",noninformative_uniform,"[2 1 2 2 1 0 0 1 2 1 2 2 0 1 1 0 2 2 0 0 1 2 0 0 1 1 1 0 2 2 0 2 0 0 2 1 1
 1 2 2 1 0 1 1 0 1 1 1 0 1 1 0 0 0 1 0 1 0 0 1 0 2 1 1 2 2 2 2 2 0 0 0 0 0
 1 1 2 1 0 2 0 0 1 1 0 1 2 1 1 2 1 1 0 1 1 1 1 2 1 1 1 1 0 1 0 1 2 2 2 1 1
 0 0 0 2 2 1 1 1 0 1 0 2 1 0 0 2 0 0 2 1 0 2 0 2 2 1 0 2 1 0 2 0 0 0 0 0 1
 0 1 1 2 1 0 0 2 2 1 0 0 0 2 1 2 2 0 2 1 1 1 0 1 2 0 0 0 1 2 1 2 2 2 1 2 0
 1 0 2 0 2 1 0 0 0 2 1 1 2 0 1]"
misspec_tuned__t_df5_noise3__heavy_tail_signal__seed2015__DIVI_p3,run_divi_misspec_robustness_tuned.py,2026-04-02T15:20:19Z,unknown,local,cpu,x86_64,synthetic_heavy_tail_signal,t_df5_noise3,heavy_tail_signal,200,100,3,0.1,0.9,3.0,21015,2015,DIVI,3,DIVI,200.0,1.0,120,manual_mult_auto,141.89385332046726,1.0,0.01,1.0,0.1,300,300,3,2,120,240,"[120, 240]",0.9409441217823064,0.9304583100692305,0.23076923076923075,0.98,68,0.68,0.6081731915473938,0.6681102514266968,33574.67578125,31007.830078125,2566.845703125,32736.939453125,4.188682556152344,0.40727483899991057,2.4479999865434365e-05,0.4059257389999402,0.0009143990000666236,0.0009444000002076791,0.0013530857966664674,449.8046875,ok,0,,outputs/misspec_robustness_tuned,"[120, 240]",random_prior,"[2 1 2 2 1 0 0 1 2 1 2 2 0 1 1 0 2 2 0 0 2 2 0 0 1 1 1 0 2 2 0 2 0 0 2 1 1
 1 2 2 1 0 1 1 0 2 1 1 0 1 1 0 0 0 1 0 1 0 0 1 0 2 1 1 2 2 2 2 2 0 0 0 0 0
 2 1 2 2 0 2 0 0 1 1 0 2 2 1 1 2 1 1 0 1 1 1 1 2 1 1 1 1 0 1 1 1 2 2 2 1 1
 0 0 0 2 2 1 1 1 0 2 0 2 1 0 0 2 0 0 2 1 1 2 1 2 2 1 0 2 1 0 2 0 0 0 0 0 1
 0 1 1 2 1 0 0 2 2 1 0 0 0 2 1 2 2 0 2 1 1 1 0 1 2 0 0 0 1 2 1 2 2 2 1 2 0
 1 0 2 1 2 1 0 0 0 2 2 1 2 0 1]"
misspec_tuned__t_df5_noise3__heavy_tail_signal__seed2015__kmeans_oracle,run_divi_misspec_robustness_tuned.py,2026-04-02T15:20:19Z,unknown,local,cpu,x86_64,synthetic_heavy_tail_signal,t_df5_noise3,heavy_tail_signal,200,100,3,0.1,0.9,3.0,21015,2015,kmeans_oracle,nan,KMeans,nan,nan,120,manual_mult_auto,141.89385332046726,1.0,0.01,1.0,0.1,300,nan,3,0,nan,nan,[],0.9118159772176122,0.8711108849501754,nan,0.97,nan,nan,nan,nan,nan,nan,nan,nan,nan,nan,nan,nan,nan,nan,nan,449.8046875,ok,0,,outputs/misspec_robustness_tuned
misspec_tuned__t_df5_noise3__heavy_tail_signal__seed2015__gmm_oracle,run_divi_misspec_robustness_tuned.py,2026-04-02T15:20:19Z,unknown,local,cpu,x86_64,synthetic_heavy_tail_signal,t_df5_noise3,heavy_tail_signal,200,100,3,0.1,0.9,3.0,21015,2015,gmm_oracle,nan,GaussianMixtureDiag,nan,nan,120,manual_mult_auto,141.89385332046726,1.0,0.01,1.0,0.1,300,nan,3,0,nan,nan,[],0.9848865697285946,0.9763112474994169,nan,0.995,nan,nan,nan,nan,nan,nan,nan,nan,nan,nan,nan,nan,nan,nan,nan,449.8046875,ok,0,,outputs/misspec_robustness_tuned
misspec_tuned__t_df5_noise3__heavy_tail_signal__seed2016__DIVI_p1,run_divi_misspec_robustness_tuned.py,2026-04-02T15:20:21Z,unknown,local,cpu,x86_64,synthetic_heavy_tail_signal,t_df5_noise3,heavy_tail_signal,200,100,3,0.1,0.9,3.0,21016,2016,DIVI,1,DIVI,200.0,1.0,120,manual_mult_auto,141.89385332046726,1.0,0.01,1.0,0.1,300,300,3,2,120,240,"[120, 240]",0.9848865697285946,0.9763112474994169,0.7692307692307693,0.995,16,0.16,0.3312229514122009,0.25639402866363525,36887.3515625,35228.52734375,1658.82421875,36027.78515625,4.297837734222412,0.4860995340000045,0.08737016500026584,0.397336088999964,0.0009371000001010543,0.0009301099998992868,0.00132445362999988,449.8125,ok,0,,outputs/misspec_robustness_tuned,"[120, 240]",informative_kw_llr,"[2 2 0 2 1 1 2 1 2 2 0 0 2 0 0 0 0 0 1 0 2 1 2 2 1 0 2 0 0 1 1 0 1 1 2 0 0
 2 1 1 1 2 2 0 1 1 0 0 1 0 1 1 2 0 2 0 1 0 0 1 2 1 2 2 0 1 1 0 0 2 1 0 1 1
 0 1 2 0 0 2 1 0 2 1 2 2 2 2 1 2 0 1 2 0 2 2 0 0 1 1 2 2 1 0 1 1 2 1 2 2 2
 0 1 1 1 1 0 0 1 0 2 2 1 1 0 1 1 2 2 1 1 0 1 0 0 1 0 0 2 2 0 0 2 1 0 1 2 1
 0 1 2 0 1 0 0 0 2 2 0 2 0 1 0 2 2 1 1 2 1 0 1 1 0 1 0 0 0 1 2 2 0 1 0 0 2
 2 1 2 2 2 2 0 1 2 2 2 2 0 0 2]"
misspec_tuned__t_df5_noise3__heavy_tail_signal__seed2016__DIVI_p2,run_divi_misspec_robustness_tuned.py,2026-04-02T15:20:21Z,unknown,local,cpu,x86_64,synthetic_heavy_tail_signal,t_df5_noise3,heavy_tail_signal,200,100,3,0.1,0.9,3.0,21016,2016,DIVI,2,DIVI,200.0,1.0,120,manual_mult_auto,141.89385332046726,1.0,0.01,1.0,0.1,300,300,3,2,120,240,"[120, 240]",0.9700015680998493,0.9526893130045085,0.18181818181818182,0.99,100,1.0,0.6733480095863342,0.6723712086677551,33052.828125,29513.515625,3539.3125,31808.654296875,6.22086238861084,0.4055908880000061,2.0009999843750848e-05,0.4043092980000438,0.0009755500000210304,0.0009157999998024025,0.001347697660000146,449.05078125,ok,0,,outputs/misspec_robustness_tuned,"[120, 240]",noninformative_uniform,"[2 2 0 2 1 1 2 1 2 2 0 0 2 0 0 0 0 0 1 0 2 1 2 2 1 0 2 0 0 1 1 0 1 1 2 0 0
 2 1 1 1 2 2 0 1 1 0 0 1 0 1 1 2 0 2 0 1 0 0 1 2 1 2 2 0 1 1 0 0 2 1 0 1 1
 0 1 2 0 0 2 1 0 2 1 2 2 2 2 1 2 0 1 2 0 2 2 0 0 1 1 2 2 1 0 1 1 2 1 2 2 2
 0 1 1 1 1 0 0 1 0 2 2 1 1 0 1 1 2 2 1 1 0 1 0 0 1 0 0 2 2 0 0 2 1 0 1 2 1
 0 1 2 0 1 0 0 0 2 2 0 2 0 1 0 2 2 1 1 2 1 0 1 1 0 1 0 0 0 1 2 2 0 1 0 0 2
 2 1 2 2 2 2 0 1 1 2 2 2 0 0 2]"
misspec_tuned__t_df5_noise3__heavy_tail_signal__seed2016__DIVI_p3,run_divi_misspec_robustness_tuned.py,2026-04-02T15:20:21Z,unknown,local,cpu,x86_64,synthetic_heavy_tail_signal,t_df5_noise3,heavy_tail_signal,200,100,3,0.1,0.9,3.0,21016,2016,DIVI,3,DIVI,200.0,1.0,120,manual_mult_auto,141.89385332046726,1.0,0.01,1.0,0.1,300,300,3,2,120,240,"[120, 240]",0.9848865697285946,0.9763112474994169,0.225,0.995,70,0.7,0.5820111036300659,0.6511363387107849,34002.5703125,31099.875,2902.6953125,33063.86328125,4.693539619445801,0.3881580799998119,2.2739999621990137e-05,0.3868806189998395,0.0009763090001797536,0.0009222509997925954,0.0012896020633327984,449.28125,ok,0,,outputs/misspec_robustness_tuned,"[120, 240]",random_prior,"[0 0 1 0 2 2 0 2 0 0 1 1 0 1 1 1 1 1 2 1 0 2 0 0 2 1 0 1 1 2 2 1 2 2 0 1 1
 0 2 2 2 0 0 1 2 2 1 1 2 1 2 2 0 1 0 1 2 1 1 2 0 2 0 0 1 2 2 1 1 0 2 1 2 2
 1 2 0 1 1 0 2 1 0 2 0 0 0 0 2 0 1 2 0 1 0 0 1 1 2 2 0 0 2 1 2 2 0 2 0 0 0
 1 2 2 2 2 1 1 2 1 0 0 2 2 1 2 2 0 0 2 2 1 2 1 1 2 1 1 0 0 1 1 0 2 1 2 0 2
 1 2 0 1 2 1 1 1 0 0 1 0 1 2 1 0 0 2 2 0 2 1 2 2 1 2 1 1 1 2 0 0 1 2 1 1 0
 0 2 0 0 0 0 1 2 0 0 0 0 1 1 0]"
misspec_tuned__t_df5_noise3__heavy_tail_signal__seed2016__kmeans_oracle,run_divi_misspec_robustness_tuned.py,2026-04-02T15:20:21Z,unknown,local,cpu,x86_64,synthetic_heavy_tail_signal,t_df5_noise3,heavy_tail_signal,200,100,3,0.1,0.9,3.0,21016,2016,kmeans_oracle,nan,KMeans,nan,nan,120,manual_mult_auto,141.89385332046726,1.0,0.01,1.0,0.1,300,nan,3,0,nan,nan,[],0.9404576578951555,0.9117569509903628,nan,0.98,nan,nan,nan,nan,nan,nan,nan,nan,nan,nan,nan,nan,nan,nan,nan,449.28125,ok,0,,outputs/misspec_robustness_tuned
misspec_tuned__t_df5_noise3__heavy_tail_signal__seed2016__gmm_oracle,run_divi_misspec_robustness_tuned.py,2026-04-02T15:20:21Z,unknown,local,cpu,x86_64,synthetic_heavy_tail_signal,t_df5_noise3,heavy_tail_signal,200,100,3,0.1,0.9,3.0,21016,2016,gmm_oracle,nan,GaussianMixtureDiag,nan,nan,120,manual_mult_auto,141.89385332046726,1.0,0.01,1.0,0.1,300,nan,3,0,nan,nan,[],0.9700015680998493,0.9526893130045085,nan,0.99,nan,nan,nan,nan,nan,nan,nan,nan,nan,nan,nan,nan,nan,nan,nan,449.28125,ok,0,,outputs/misspec_robustness_tuned
misspec_tuned__t_df5_noise3__heavy_tail_signal__seed2017__DIVI_p1,run_divi_misspec_robustness_tuned.py,2026-04-02T15:20:22Z,unknown,local,cpu,x86_64,synthetic_heavy_tail_signal,t_df5_noise3,heavy_tail_signal,200,100,3,0.1,0.9,3.0,21017,2017,DIVI,1,DIVI,200.0,1.0,120,manual_mult_auto,141.89385332046726,1.0,0.01,1.0,0.1,300,300,3,2,120,240,"[120, 240]",1.0,1.0,0.7692307692307693,1.0,16,0.16,0.32574158906936646,0.24061574041843414,36959.97265625,35309.01171875,1650.9609375,36114.27734375,4.2284698486328125,0.499854384000173,0.08656309600019085,0.41152160799993,0.0009490599995842786,0.0010162100002162333,0.0013717386933330999,449.5859375,ok,0,,outputs/misspec_robustness_tuned,"[120, 240]",informative_kw_llr,"[0 2 1 1 0 2 2 0 0 2 1 0 0 1 0 1 1 0 1 2 1 1 0 0 0 2 0 1 0 2 0 1 0 0 1 2 2
 1 2 0 0 2 2 2 2 1 0 0 0 0 0 0 2 1 2 1 0 1 0 1 1 0 2 2 2 2 0 1 2 0 1 0 0 2
 2 0 2 0 0 0 1 0 2 1 1 2 2 1 1 1 0 1 1 2 0 0 0 2 1 2 1 1 1 2 1 0 0 0 2 2 2
 1 1 2 2 2 2 1 0 1 2 1 1 1 2 1 2 1 1 0 1 2 0 1 0 1 0 1 2 0 2 0 0 0 0 2 1 1
 1 1 2 2 1 0 2 1 0 2 1 0 2 1 1 1 0 0 2 0 0 2 0 2 1 0 0 0 2 1 1 1 2 1 0 0 2
 2 0 2 2 1 2 1 2 2 2 1 2 2 1 2]"
misspec_tuned__t_df5_noise3__heavy_tail_signal__seed2017__DIVI_p2,run_divi_misspec_robustness_tuned.py,2026-04-02T15:20:22Z,unknown,local,cpu,x86_64,synthetic_heavy_tail_signal,t_df5_noise3,heavy_tail_signal,200,100,3,0.1,0.9,3.0,21017,2017,DIVI,2,DIVI,200.0,1.0,120,manual_mult_auto,141.89385332046726,1.0,0.01,1.0,0.1,300,300,3,2,120,240,"[120, 240]",0.9848865697285946,0.9763112474994169,0.18181818181818182,0.995,100,1.0,0.6737124919891357,0.671474814414978,33064.1328125,29578.283203125,3485.849609375,31810.076171875,6.270284652709961,0.40469894900024883,2.244000006612623e-05,0.4033707690000483,0.000942399999985355,0.0009303100000579434,0.001344569230000161,449.43359375,ok,0,,outputs/misspec_robustness_tuned,"[120, 240]",noninformative_uniform,"[0 2 1 1 0 2 2 0 0 2 1 0 0 1 0 1 1 0 1 2 1 1 0 0 0 2 0 1 0 2 0 1 0 0 1 2 2
 1 2 0 0 2 2 2 2 1 0 0 0 0 0 0 2 1 2 1 0 1 0 1 1 0 2 2 2 2 0 1 2 0 1 0 0 2
 2 0 2 0 0 0 1 0 2 1 1 2 2 1 1 1 0 1 1 2 0 0 0 2 1 2 1 1 1 2 1 0 0 0 2 2 2
 1 1 2 2 2 2 1 0 1 2 1 1 1 2 1 2 1 1 0 1 2 0 1 0 1 0 1 2 0 2 0 0 0 0 2 1 0
 1 1 2 2 1 0 2 1 0 2 1 0 2 1 1 1 0 0 2 0 0 2 0 2 1 0 0 0 2 1 1 1 2 1 0 0 2
 2 0 2 2 1 2 1 2 2 2 1 2 2 1 2]"
misspec_tuned__t_df5_noise3__heavy_tail_signal__seed2017__DIVI_p3,run_divi_misspec_robustness_tuned.py,2026-04-02T15:20:22Z,unknown,local,cpu,x86_64,synthetic_heavy_tail_signal,t_df5_noise3,heavy_tail_signal,200,100,3,0.1,0.9,3.0,21017,2017,DIVI,3,DIVI,200.0,1.0,120,manual_mult_auto,141.89385332046726,1.0,0.01,1.0,0.1,300,300,3,2,120,240,"[120, 240]",0.9409304365013552,0.9204306709487154,0.22222222222222224,0.98,71,0.71,0.6212029457092285,0.6920894384384155,33399.6484375,30580.8359375,2818.8125,32565.154296875,4.172467231750488,0.38945812900010424,2.3529999907623278e-05,0.38816829899997174,0.000973499999872729,0.0009119299998019414,0.0012938943299999057,450.19921875,ok,0,,outputs/misspec_robustness_tuned,"[120, 240]",random_prior,"[0 2 1 1 0 2 2 0 0 2 1 0 0 1 0 1 1 0 1 2 1 1 0 0 0 2 0 1 0 2 0 1 0 0 1 2 2
 1 2 0 0 2 2 2 2 1 0 0 0 0 0 0 1 1 1 1 0 1 0 1 1 0 2 2 2 2 0 1 2 0 1 0 0 2
 2 0 2 0 0 0 1 0 2 1 1 2 2 1 1 1 0 1 1 2 0 0 0 2 1 2 1 1 1 2 1 0 0 0 2 2 2
 1 1 2 2 2 2 1 0 1 2 1 1 1 2 1 2 1 1 0 1 2 0 1 0 1 0 1 2 0 2 0 0 0 0 2 1 0
 1 1 2 2 1 0 2 1 0 2 1 0 2 1 1 1 0 0 2 0 0 2 0 2 1 0 0 0 2 1 1 1 2 1 0 0 2
 2 0 2 2 1 2 1 2 2 2 1 2 2 1 1]"
misspec_tuned__t_df5_noise3__heavy_tail_signal__seed2017__kmeans_oracle,run_divi_misspec_robustness_tuned.py,2026-04-02T15:20:22Z,unknown,local,cpu,x86_64,synthetic_heavy_tail_signal,t_df5_noise3,heavy_tail_signal,200,100,3,0.1,0.9,3.0,21017,2017,kmeans_oracle,nan,KMeans,nan,nan,120,manual_mult_auto,141.89385332046726,1.0,0.01,1.0,0.1,300,nan,3,0,nan,nan,[],0.955002352149774,0.9290337121500134,nan,0.985,nan,nan,nan,nan,nan,nan,nan,nan,nan,nan,nan,nan,nan,nan,nan,445.7421875,ok,0,,outputs/misspec_robustness_tuned
misspec_tuned__t_df5_noise3__heavy_tail_signal__seed2017__gmm_oracle,run_divi_misspec_robustness_tuned.py,2026-04-02T15:20:22Z,unknown,local,cpu,x86_64,synthetic_heavy_tail_signal,t_df5_noise3,heavy_tail_signal,200,100,3,0.1,0.9,3.0,21017,2017,gmm_oracle,nan,GaussianMixtureDiag,nan,nan,120,manual_mult_auto,141.89385332046726,1.0,0.01,1.0,0.1,300,nan,3,0,nan,nan,[],1.0,1.0,nan,1.0,nan,nan,nan,nan,nan,nan,nan,nan,nan,nan,nan,nan,nan,nan,nan,445.7421875,ok,0,,outputs/misspec_robustness_tuned
misspec_tuned__t_df5_noise3__heavy_tail_signal__seed2018__DIVI_p1,run_divi_misspec_robustness_tuned.py,2026-04-02T15:20:24Z,unknown,local,cpu,x86_64,synthetic_heavy_tail_signal,t_df5_noise3,heavy_tail_signal,200,100,3,0.1,0.9,3.0,21018,2018,DIVI,1,DIVI,200.0,1.0,120,manual_mult_auto,141.89385332046726,1.0,0.01,1.0,0.1,300,300,3,2,120,240,"[120, 240]",0.9850007840499246,0.9763449138590041,0.7692307692307693,0.995,16,0.16,0.33797261118888855,0.2577526867389679,36869.44921875,35348.6953125,1520.75390625,35971.67578125,4.488874912261963,0.4905653139999231,0.09300998499975321,0.39617855899996357,0.0009755099995345518,0.0009227099999407073,0.0013205951966665452,448.13671875,ok,0,,outputs/misspec_robustness_tuned,"[120, 240]",informative_kw_llr,"[2 2 2 1 1 0 1 2 2 2 1 2 1 0 0 0 2 2 1 1 1 0 2 0 0 2 2 0 0 0 2 1 2 1 2 0 2
 1 0 2 0 1 1 2 0 1 1 0 0 2 2 2 2 1 1 2 2 2 0 0 0 2 1 0 1 0 0 1 2 0 0 2 1 2
 0 2 1 1 0 2 1 1 0 1 2 1 1 2 1 0 0 1 1 2 1 2 1 2 2 0 1 1 1 0 1 2 2 0 1 0 2
 0 0 2 0 0 0 1 2 2 0 1 0 1 0 1 1 1 0 1 1 2 2 0 1 2 0 2 1 1 2 1 0 0 1 0 0 2
 1 1 2 0 0 2 2 1 0 0 2 0 2 0 1 2 1 1 2 1 0 1 0 1 2 2 1 1 0 0 0 2 0 1 0 1 2
 2 1 2 1 0 1 0 2 2 0 0 0 2 1 0]"
misspec_tuned__t_df5_noise3__heavy_tail_signal__seed2018__DIVI_p2,run_divi_misspec_robustness_tuned.py,2026-04-02T15:20:24Z,unknown,local,cpu,x86_64,synthetic_heavy_tail_signal,t_df5_noise3,heavy_tail_signal,200,100,3,0.1,0.9,3.0,21018,2018,DIVI,2,DIVI,200.0,1.0,120,manual_mult_auto,141.89385332046726,1.0,0.01,1.0,0.1,300,300,3,2,120,240,"[120, 240]",0.9849996249906248,0.9763460183015862,0.18181818181818182,0.995,100,1.0,0.6740151047706604,0.6746575832366943,33091.15234375,29685.0,3406.15234375,31832.13671875,6.295085906982422,0.38427585899989936,1.6289999621221796e-05,0.3830847890003497,0.0009303700003329141,0.000903428999663447,0.0012769492966678323,449.28125,ok,0,,outputs/misspec_robustness_tuned,"[120, 240]",noninformative_uniform,"[2 2 2 1 1 0 1 2 2 2 1 2 1 0 0 0 2 2 1 1 1 0 2 0 0 2 2 0 0 0 2 1 2 1 2 0 2
 1 0 2 0 1 1 2 0 1 1 0 0 2 2 2 2 1 1 2 2 2 0 0 0 2 1 0 1 0 0 1 2 0 0 2 1 2
 0 2 1 1 0 2 1 1 0 1 2 1 1 2 1 0 0 1 1 2 1 2 1 2 2 0 1 1 1 0 1 2 2 0 1 0 2
 0 0 2 0 0 0 1 2 2 0 1 0 1 0 1 1 1 0 1 1 2 2 0 1 2 0 2 1 1 2 1 0 0 1 0 0 2
 1 1 2 0 0 2 2 1 0 0 2 0 2 0 1 2 1 1 2 1 0 1 0 1 2 2 1 1 0 0 0 2 0 1 0 2 2
 2 1 2 2 0 1 0 2 2 0 0 0 2 1 0]"
misspec_tuned__t_df5_noise3__heavy_tail_signal__seed2018__DIVI_p3,run_divi_misspec_robustness_tuned.py,2026-04-02T15:20:24Z,unknown,local,cpu,x86_64,synthetic_heavy_tail_signal,t_df5_noise3,heavy_tail_signal,200,100,3,0.1,0.9,3.0,21018,2018,DIVI,3,DIVI,200.0,1.0,120,manual_mult_auto,141.89385332046726,1.0,0.01,1.0,0.1,300,300,3,2,120,240,"[120, 240]",0.7421182048712514,0.7413550820647595,0.175,0.9,70,0.7,0.6085126399993896,0.6871119141578674,33745.203125,30853.427734375,2891.775390625,32919.8125,4.126953601837158,0.40544001899979776,2.0360000235086773e-05,0.4041703990001224,0.0009731000000101631,0.0009312799998042465,0.0013472346633337413,449.51171875,ok,0,,outputs/misspec_robustness_tuned,"[120, 240]",random_prior,"[2 1 2 1 1 0 2 2 1 2 1 2 1 0 0 0 2 2 1 1 1 0 1 0 0 2 2 0 0 0 2 1 1 1 2 0 2
 1 0 2 0 1 1 2 0 1 1 0 0 2 1 2 2 1 1 2 2 1 0 0 0 1 1 0 1 0 0 1 1 0 0 2 1 2
 0 2 1 2 0 2 1 1 0 1 2 1 1 1 1 0 0 1 1 2 1 2 1 2 1 0 1 1 1 0 1 2 2 0 0 0 2
 0 0 1 0 0 0 2 1 2 0 1 0 1 0 1 1 1 0 1 1 2 2 0 1 2 0 2 1 1 2 1 0 0 1 0 0 2
 1 1 2 0 0 2 2 1 0 0 1 0 1 0 1 2 1 1 2 1 0 1 0 1 2 2 1 1 0 0 0 2 0 1 0 1 2
 2 1 2 2 0 1 0 2 2 0 0 0 2 1 0]"
misspec_tuned__t_df5_noise3__heavy_tail_signal__seed2018__kmeans_oracle,run_divi_misspec_robustness_tuned.py,2026-04-02T15:20:24Z,unknown,local,cpu,x86_64,synthetic_heavy_tail_signal,t_df5_noise3,heavy_tail_signal,200,100,3,0.1,0.9,3.0,21018,2018,kmeans_oracle,nan,KMeans,nan,nan,120,manual_mult_auto,141.89385332046726,1.0,0.01,1.0,0.1,300,nan,3,0,nan,nan,[],0.926716870344533,0.8970278358566628,nan,0.975,nan,nan,nan,nan,nan,nan,nan,nan,nan,nan,nan,nan,nan,nan,nan,449.51171875,ok,0,,outputs/misspec_robustness_tuned
misspec_tuned__t_df5_noise3__heavy_tail_signal__seed2018__gmm_oracle,run_divi_misspec_robustness_tuned.py,2026-04-02T15:20:24Z,unknown,local,cpu,x86_64,synthetic_heavy_tail_signal,t_df5_noise3,heavy_tail_signal,200,100,3,0.1,0.9,3.0,21018,2018,gmm_oracle,nan,GaussianMixtureDiag,nan,nan,120,manual_mult_auto,141.89385332046726,1.0,0.01,1.0,0.1,300,nan,3,0,nan,nan,[],0.4298647136608687,0.5924255020289032,nan,0.535,nan,nan,nan,nan,nan,nan,nan,nan,nan,nan,nan,nan,nan,nan,nan,449.51171875,ok,0,,outputs/misspec_robustness_tuned
misspec_tuned__t_df5_noise3__heavy_tail_signal__seed2019__DIVI_p1,run_divi_misspec_robustness_tuned.py,2026-04-02T15:20:25Z,unknown,local,cpu,x86_64,synthetic_heavy_tail_signal,t_df5_noise3,heavy_tail_signal,200,100,3,0.1,0.9,3.0,21019,2019,DIVI,1,DIVI,200.0,1.0,120,manual_mult_auto,141.89385332046726,1.0,0.01,1.0,0.1,300,300,3,2,120,240,"[120, 240]",0.9700015680998493,0.9526893130045085,0.7407407407407407,0.99,17,0.17,0.33679431676864624,0.27691876888275146,36939.3125,35427.65234375,1511.66015625,36042.1015625,4.486057758331299,0.46667261499987944,0.08274025499986237,0.3824950989996978,0.0009157499998764251,0.0009971200001928082,0.001274983663332326,449.51171875,ok,0,,outputs/misspec_robustness_tuned,"[120, 240]",informative_kw_llr,"[1 2 2 2 1 2 0 0 2 0 2 2 1 0 1 2 0 1 1 0 1 1 1 2 0 1 0 0 2 2 0 1 1 1 2 1 1
 0 2 2 1 1 2 1 0 0 0 1 2 1 1 1 2 0 1 0 1 2 2 0 0 2 2 0 0 2 2 0 1 1 2 0 1 2
 0 1 2 0 1 2 2 1 2 1 0 2 0 2 0 2 0 0 0 2 2 1 0 0 2 0 2 2 2 0 0 1 0 1 1 1 1
 2 1 2 0 0 0 0 0 0 2 0 0 2 2 0 2 0 1 2 0 2 2 1 1 0 2 0 0 2 0 0 2 0 2 2 1 2
 1 2 2 0 1 1 1 1 1 2 2 0 1 1 2 1 1 0 1 1 1 0 1 1 0 1 2 1 0 2 1 0 1 1 1 0 2
 0 0 0 1 1 1 1 2 2 2 0 1 2 0 0]"
misspec_tuned__t_df5_noise3__heavy_tail_signal__seed2019__DIVI_p2,run_divi_misspec_robustness_tuned.py,2026-04-02T15:20:25Z,unknown,local,cpu,x86_64,synthetic_heavy_tail_signal,t_df5_noise3,heavy_tail_signal,200,100,3,0.1,0.9,3.0,21019,2019,DIVI,2,DIVI,200.0,1.0,120,manual_mult_auto,141.89385332046726,1.0,0.01,1.0,0.1,300,300,3,2,120,240,"[120, 240]",0.9552296129975024,0.9353435853965594,0.18181818181818182,0.985,100,1.0,0.6717870831489563,0.6701487302780151,33141.18359375,29489.607421875,3651.576171875,31917.634765625,6.117734909057617,0.40374447800013513,2.1270000161166536e-05,0.40243889800012767,0.0009625100001358078,0.0009144900000137568,0.0013414629933337589,448.74609375,ok,0,,outputs/misspec_robustness_tuned,"[120, 240]",noninformative_uniform,"[1 2 2 2 1 2 0 0 2 0 2 2 1 0 1 2 0 1 1 0 1 1 1 2 0 1 0 0 2 2 0 1 1 1 2 1 1
 0 2 2 1 1 2 1 0 0 0 1 2 1 1 1 2 0 1 0 1 2 2 0 0 2 2 0 0 2 2 0 1 1 2 0 1 2
 0 2 2 0 1 2 2 1 2 1 0 2 0 2 0 2 0 0 0 2 2 1 0 0 2 0 2 2 2 0 0 1 0 1 1 1 1
 2 2 2 0 0 0 0 0 0 2 0 0 2 2 0 2 0 1 2 0 2 2 1 1 0 2 0 0 2 0 0 2 0 2 2 1 2
 1 2 2 0 1 1 1 1 1 2 2 0 1 1 2 1 1 0 1 1 1 0 1 2 0 1 2 1 0 2 1 0 1 1 1 0 2
 0 0 0 1 1 1 1 2 2 2 0 1 2 0 0]"
misspec_tuned__t_df5_noise3__heavy_tail_signal__seed2019__DIVI_p3,run_divi_misspec_robustness_tuned.py,2026-04-02T15:20:25Z,unknown,local,cpu,x86_64,synthetic_heavy_tail_signal,t_df5_noise3,heavy_tail_signal,200,100,3,0.1,0.9,3.0,21019,2019,DIVI,3,DIVI,200.0,1.0,120,manual_mult_auto,141.89385332046726,1.0,0.01,1.0,0.1,300,300,3,2,120,240,"[120, 240]",0.9702265283904825,0.9527609983309226,0.21176470588235294,0.99,75,0.75,0.6137856841087341,0.690953254699707,33489.30859375,30917.283203125,2572.025390625,32703.42578125,3.92941951751709,0.40459020900016185,1.9869999960064888e-05,0.40319240899998476,0.0010668989998521283,0.0010537100001783983,0.0013439746966666158,449.22265625,ok,0,,outputs/misspec_robustness_tuned,"[120, 240]",random_prior,"[2 1 1 1 2 1 0 0 1 0 1 1 2 0 2 1 0 2 2 0 2 2 2 1 0 2 0 0 1 1 0 2 2 2 1 2 2
 0 1 1 2 2 1 2 0 0 0 2 1 2 2 2 1 0 2 0 2 1 1 0 0 1 1 0 0 1 1 1 2 2 1 0 2 1
 0 2 1 0 2 1 1 2 1 2 0 1 0 1 0 1 0 0 0 1 1 2 0 0 1 0 1 1 1 0 0 2 0 2 2 2 2
 1 1 1 0 0 0 0 0 0 1 0 0 1 1 0 1 0 2 1 0 1 1 2 2 0 1 0 0 1 0 0 1 0 1 1 2 1
 2 1 1 0 2 2 2 2 2 1 1 0 2 2 1 2 2 0 2 2 2 0 2 2 0 2 1 2 0 1 2 0 2 2 2 0 1
 0 0 0 2 2 2 2 1 1 1 0 2 1 0 0]"
misspec_tuned__t_df5_noise3__heavy_tail_signal__seed2019__kmeans_oracle,run_divi_misspec_robustness_tuned.py,2026-04-02T15:20:25Z,unknown,local,cpu,x86_64,synthetic_heavy_tail_signal,t_df5_noise3,heavy_tail_signal,200,100,3,0.1,0.9,3.0,21019,2019,kmeans_oracle,nan,KMeans,nan,nan,120,manual_mult_auto,141.89385332046726,1.0,0.01,1.0,0.1,300,nan,3,0,nan,nan,[],0.9267055449243874,0.903279531315705,nan,0.975,nan,nan,nan,nan,nan,nan,nan,nan,nan,nan,nan,nan,nan,nan,nan,445.7578125,ok,0,,outputs/misspec_robustness_tuned
misspec_tuned__t_df5_noise3__heavy_tail_signal__seed2019__gmm_oracle,run_divi_misspec_robustness_tuned.py,2026-04-02T15:20:25Z,unknown,local,cpu,x86_64,synthetic_heavy_tail_signal,t_df5_noise3,heavy_tail_signal,200,100,3,0.1,0.9,3.0,21019,2019,gmm_oracle,nan,GaussianMixtureDiag,nan,nan,120,manual_mult_auto,141.89385332046726,1.0,0.01,1.0,0.1,300,nan,3,0,nan,nan,[],0.9848865697285946,0.9763112474994169,nan,0.995,nan,nan,nan,nan,nan,nan,nan,nan,nan,nan,nan,nan,nan,nan,nan,445.7578125,ok,0,,outputs/misspec_robustness_tuned
misspec_tuned__t_df5_noise3__heavy_tail_signal__seed2000__DIVI_p1,run_divi_misspec_robustness_tuned.py,2026-04-02T15:20:26Z,unknown,local,cpu,x86_64,synthetic_heavy_tail_signal,t_df5_noise3,heavy_tail_signal,1000,100,3,0.1,0.9,3.0,101000,2000,DIVI,1,DIVI,1000.0,1.0,120,manual_mult_auto,141.89385332046726,1.0,0.01,1.0,0.1,300,300,3,2,120,240,"[120, 240]",0.5115772514179352,0.6264106390462708,1.0,0.692,10,0.1,0.2665850520133972,0.18462982773780823,189299.4375,180279.734375,9019.703125,186359.109375,2.940328598022461,1.1720545080002012,0.11286171400024614,1.0562528739997106,0.0017549500007589813,0.002283379999880708,0.0035208429133323687,458.515625,ok,0,,outputs/misspec_robustness_tuned,"[120, 240]",informative_kw_llr,"[0 2 0 0 0 0 0 0 0 0 0 2 0 0 0 0 2 1 0 2 0 0 0 0 0 0 2 0 0 0 2 1 2 0 0 2 0
 0 2 0 0 2 0 2 2 0 2 0 0 2 0 0 0 0 0 0 0 2 2 0 0 0 2 0 0 0 0 0 2 2 0 0 2 0
 2 0 0 0 0 0 1 0 2 0 0 0 0 2 2 0 0 2 0 0 0 0 0 0 0 0 1 2 2 2 0 0 0 0 0 0 0
 0 1 0 1 0 0 2 0 0 0 0 0 1 0 0 0 0 2 2 2 0 1 2 0 0 1 0 2 2 0 2 2 0 0 0 1 2
 0 0 0 0 2 0 2 0 1 0 0 0 2 0 1 1 0 0 0 0 0 0 2 0 0 0 2 0 2 0 2 0 1 0 2 0 0
 0 2 0 1 2 0 0 2 0 2 0 2 2 2 2 0 0 2 2 0 2 0 0 0 1 0 0 0 0 0 2 0 2 1 0 0 0
 0 0 0 2 0 1 0 2 0 0 2 2 0 2 0 2 0 1 0 0 0 0 0 2 0 1 0 2 0 2 2 2 0 0 2 0 1
 0 1 0 0 2 2 0 2 2 0 0 0 2 0 0 0 2 2 2 2 2 0 1 0 0 1 0 2 0 0 0 0 0 0 0 0 2
 1 0 2 0 2 0 2 0 0 2 0 2 0 1 1 2 0 2 2 2 2 0 0 0 0 2 0 0 0 2 2 1 2 0 0 0 2
 2 2 2 0 2 0 0 0 0 0 1 0 1 2 2 0 0 0 2 2 0 0 2 0 0 0 0 0 2 0 2 0 0 2 0 0 0
 2 2 1 0 2 2 0 2 0 0 2 2 0 0 2 0 2 2 2 2 0 0 2 1 2 0 0 2 2 1 0 0 0 0 0 1 1
 2 2 2 0 0 0 0 0 0 0 2 0 0 0 0 2 0 0 0 0 0 0 0 1 2 1 2 0 0 2 2 0 0 2 0 0 0
 2 1 2 0 1 2 0 0 0 1 0 0 0 0 0 0 2 0 0 0 2 0 0 0 2 0 0 1 0 0 2 1 2 1 0 2 1
 2 2 0 0 2 2 0 2 0 2 0 2 0 2 2 2 0 2 0 0 0 0 0 2 2 0 0 2 2 0 2 2 0 2 2 0 0
 2 0 2 0 0 2 0 2 0 1 0 2 2 2 0 0 0 0 0 0 2 0 2 0 0 2 2 2 0 2 0 0 1 0 1 0 0
 1 2 1 0 0 0 0 0 0 2 0 2 0 2 0 0 2 0 2 2 1 1 2 0 0 2 0 2 1 0 0 0 0 0 0 0 0
 2 0 2 0 0 2 0 2 0 0 0 1 0 2 0 0 0 0 2 0 0 2 0 2 0 0 2 0 0 2 0 0 0 2 0 0 2
 0 0 2 0 2 0 2 2 0 2 0 0 0 0 2 0 2 0 0 0 0 2 0 1 1 2 0 0 1 2 0 0 2 2 2 0 2
 1 2 0 0 0 0 0 2 0 0 2 0 0 0 2 0 2 0 2 2 2 0 0 2 0 0 0 0 0 0 1 0 0 0 2 0 2
 2 2 0 0 1 0 2 0 2 0 0 0 0 0 0 2 1 2 0 0 2 0 0 1 2 0 0 1 0 2 0 0 0 2 0 1 0
 0 0 0 2 2 0 0 1 0 2 2 1 0 0 2 2 0 0 0 0 0 0 0 0 0 0 0 0 2 0 0 2 2 1 1 0 1
 0 0 0 2 2 0 2 0 0 2 0 0 0 0 0 2 0 1 0 0 2 0 0 0 0 2 2 0 0 2 0 0 0 0 0 0 0
 0 0 0 1 0 2 0 0 2 0 0 2 0 0 0 1 0 0 0 2 0 2 0 1 0 0 2 0 0 0 0 0 0 0 2 1 1
 2 0 0 0 2 2 0 0 0 1 2 1 2 0 2 1 2 2 0 0 1 2 0 0 0 1 0 0 2 2 0 0 0 0 2 0 0
 0 0 0 0 2 0 1 0 2 2 0 2 2 0 0 1 0 2 2 0 2 1 2 0 0 0 0 0 2 0 2 0 1 0 0 1 0
 2 0 0 2 2 0 0 0 0 0 2 2 0 1 2 1 0 0 0 0 0 0 0 0 0 2 0 0 0 2 0 0 0 0 0 0 0
 2 0 2 0 1 0 2 0 0 2 0 1 0 0 0 0 0 2 2 0 1 0 0 2 2 2 1 0 2 0 0 2 1 0 0 0 0
 0]"
misspec_tuned__t_df5_noise3__heavy_tail_signal__seed2000__DIVI_p2,run_divi_misspec_robustness_tuned.py,2026-04-02T15:20:26Z,unknown,local,cpu,x86_64,synthetic_heavy_tail_signal,t_df5_noise3,heavy_tail_signal,1000,100,3,0.1,0.9,3.0,101000,2000,DIVI,2,DIVI,1000.0,1.0,120,manual_mult_auto,141.89385332046726,1.0,0.01,1.0,0.1,300,300,3,2,120,240,"[120, 240]",0.43958312787191495,0.6302935185119796,0.18181818181818182,0.513,100,1.0,0.6727344393730164,0.6705504655838013,167029.890625,149462.359375,17567.53125,160815.890625,6.214004039764404,0.8416671650002172,2.9179999728512485e-05,0.8383919849998165,0.001906280000184779,0.0027053300000261515,0.0027946399499993884,467.55078125,ok,0,,outputs/misspec_robustness_tuned,"[120, 240]",noninformative_uniform,"[0 1 0 0 0 0 0 0 0 0 0 2 0 0 0 0 2 1 0 1 0 0 0 0 0 0 2 0 0 0 1 0 2 0 0 2 0
 0 1 0 0 2 0 1 2 0 1 0 0 1 0 0 0 0 0 0 0 2 1 0 0 0 1 0 0 0 0 0 1 2 0 0 1 0
 2 0 0 0 0 0 0 0 2 0 0 0 0 2 1 0 0 1 0 0 0 0 0 0 0 0 1 2 1 2 0 0 0 0 0 0 0
 0 0 0 2 0 0 2 0 0 0 0 0 0 0 0 0 0 2 2 1 0 0 2 0 0 0 0 1 2 0 1 2 0 0 0 1 2
 0 0 0 0 2 0 1 0 1 0 0 0 2 0 0 0 0 0 0 0 0 0 1 0 0 0 2 0 2 0 1 0 0 0 1 0 0
 0 1 0 1 2 0 0 2 0 1 0 1 2 2 2 0 0 1 1 0 2 0 0 0 1 0 0 0 0 0 1 0 2 0 0 0 0
 0 0 0 2 0 0 0 2 0 0 1 2 0 1 0 1 0 0 0 0 0 0 0 1 0 0 0 1 0 2 1 1 0 0 2 0 0
 0 2 0 0 1 1 0 1 2 0 0 0 2 0 0 0 1 2 2 2 2 0 0 0 0 0 0 2 0 0 0 0 0 0 0 0 2
 0 0 1 0 2 0 2 0 0 1 0 2 0 1 1 2 0 2 1 2 1 0 0 0 0 2 0 0 0 1 1 0 1 0 0 0 1
 2 2 2 0 2 0 0 0 0 0 0 0 2 2 1 0 0 0 2 1 0 0 1 0 0 0 0 0 2 0 2 0 0 1 0 0 0
 2 1 1 0 2 2 0 1 0 0 2 2 0 0 2 0 1 1 1 1 0 0 2 0 1 0 0 1 1 0 0 0 0 0 0 1 1
 2 2 1 0 0 0 0 0 0 0 2 0 0 0 0 1 0 0 0 0 0 0 0 0 1 0 2 0 0 1 2 0 0 2 0 0 0
 2 0 2 0 2 1 0 0 0 0 0 0 0 0 0 0 1 0 0 0 1 0 0 0 2 0 0 0 0 0 1 2 2 1 0 2 1
 1 1 0 0 2 1 0 2 0 2 0 1 0 2 2 2 0 1 0 0 0 0 0 1 1 0 0 1 2 0 2 1 0 1 2 0 0
 2 0 2 0 0 1 0 2 0 2 0 2 1 1 0 0 0 0 0 0 1 0 2 0 0 2 2 2 0 2 0 0 0 0 0 0 0
 0 1 2 0 0 0 0 0 0 1 0 2 0 1 0 0 2 0 1 1 0 2 2 0 0 2 0 2 1 0 0 0 0 0 0 0 0
 1 0 2 0 0 1 0 1 0 0 0 0 0 2 0 0 0 0 2 0 0 2 0 1 0 0 2 0 0 1 0 0 0 2 0 0 1
 0 0 2 0 1 0 2 1 0 2 0 0 0 0 2 0 2 0 0 0 0 2 0 2 0 2 0 0 0 1 0 0 2 1 2 0 2
 2 2 0 0 0 0 0 1 0 0 2 0 0 0 1 0 1 0 2 1 1 0 0 1 0 0 0 0 0 0 1 0 0 0 1 0 2
 2 1 0 0 1 0 2 0 2 0 0 0 0 0 0 1 0 2 0 0 2 0 0 0 2 0 0 2 0 1 0 0 0 1 0 1 0
 0 0 0 1 1 0 0 0 0 2 2 0 0 0 1 1 0 0 0 0 0 0 0 0 0 0 0 0 2 0 0 2 1 2 0 0 0
 0 0 0 1 2 0 2 0 0 1 0 0 0 0 0 2 0 0 0 0 2 0 0 0 0 1 2 0 0 2 0 0 0 0 0 0 0
 0 0 0 0 0 2 0 0 2 0 0 2 0 0 0 2 0 0 0 2 0 1 0 1 0 0 2 0 0 0 0 0 0 0 1 0 1
 2 0 0 0 1 2 0 0 0 0 1 0 2 0 2 0 2 1 0 0 2 1 0 0 0 0 0 0 2 2 0 0 0 0 2 0 0
 0 0 0 0 1 0 1 0 2 2 0 2 1 0 0 0 0 1 2 0 2 0 2 0 0 0 0 0 1 0 2 0 0 0 0 0 0
 1 0 0 1 1 0 0 0 0 0 1 1 0 0 1 0 0 0 0 0 0 0 0 0 0 2 0 0 0 1 0 0 0 0 0 0 0
 1 0 2 0 0 0 1 0 0 1 0 0 0 0 0 0 0 2 1 0 0 0 0 2 2 1 0 0 2 0 0 2 0 0 0 0 0
 0]"
misspec_tuned__t_df5_noise3__heavy_tail_signal__seed2000__DIVI_p3,run_divi_misspec_robustness_tuned.py,2026-04-02T15:20:26Z,unknown,local,cpu,x86_64,synthetic_heavy_tail_signal,t_df5_noise3,heavy_tail_signal,1000,100,3,0.1,0.9,3.0,101000,2000,DIVI,3,DIVI,1000.0,1.0,120,manual_mult_auto,141.89385332046726,1.0,0.01,1.0,0.1,300,300,3,2,120,240,"[120, 240]",0.42149482949740136,0.5401345260701592,0.07894736842105263,0.692,66,0.66,0.585970938205719,0.6739853620529175,171863.625,158400.84375,13462.78125,167883.828125,3.9797980785369873,0.8212115269998321,3.4130000130971894e-05,0.818552037000245,0.0018178199998146738,0.0021271300001899363,0.002728506790000817,463.35546875,ok,0,,outputs/misspec_robustness_tuned,"[120, 240]",random_prior,"[0 1 0 0 2 0 0 0 0 0 0 2 0 0 0 2 2 2 0 2 0 0 0 0 0 0 1 0 0 0 2 2 1 0 0 2 0
 0 2 0 2 1 2 2 2 2 2 0 2 1 0 0 0 0 0 2 0 1 2 2 0 0 1 0 0 0 0 0 2 2 0 0 1 0
 1 0 0 2 0 0 2 0 1 0 0 0 0 1 2 0 0 1 0 0 2 2 0 0 0 0 1 1 2 1 0 0 0 0 0 0 0
 2 2 2 2 0 2 2 0 0 0 0 0 2 0 0 0 0 1 2 2 2 2 1 0 0 2 0 1 2 2 2 1 0 0 0 1 1
 0 0 0 0 1 0 2 2 2 0 0 0 2 0 2 2 0 0 2 0 0 0 2 2 0 0 1 0 1 0 1 0 2 0 1 2 0
 0 1 0 2 1 0 0 1 2 1 0 2 2 2 1 0 0 2 1 0 2 0 0 0 1 0 2 2 0 0 1 0 1 2 0 0 0
 0 0 0 1 2 2 0 1 0 2 1 1 0 1 0 2 0 2 2 0 0 2 0 2 0 2 0 1 0 2 1 1 0 0 1 0 2
 0 1 2 0 2 1 0 1 2 0 0 0 1 0 0 0 1 1 2 1 1 0 2 2 0 2 0 2 0 0 0 0 0 0 0 0 1
 0 0 1 0 2 0 2 0 0 1 0 2 0 2 2 2 0 1 1 2 2 2 0 0 0 1 0 0 2 1 2 0 2 0 0 2 1
 1 1 2 0 1 2 0 0 0 0 2 0 2 1 2 2 2 0 2 1 0 0 1 0 0 2 0 0 1 0 1 0 2 1 0 0 2
 1 1 2 0 1 1 2 1 0 0 2 2 0 0 2 0 1 1 1 1 2 0 2 0 1 2 0 1 2 2 0 2 0 2 2 2 1
 2 2 1 2 0 0 0 0 0 0 2 0 0 0 0 2 0 2 0 2 0 0 0 2 1 2 2 2 2 2 1 0 0 1 0 0 0
 1 2 1 0 1 1 0 0 0 2 0 0 2 2 0 0 2 2 0 2 1 0 0 0 2 0 0 2 0 0 1 2 2 1 0 2 1
 1 2 0 2 1 1 0 1 0 2 0 1 0 1 1 1 0 1 0 2 0 0 2 1 2 0 0 1 1 0 1 1 2 2 2 0 0
 1 2 2 0 0 2 0 1 2 1 0 1 2 1 0 0 0 0 0 0 1 0 1 0 0 1 1 2 0 1 0 0 2 0 2 2 2
 2 1 1 0 0 0 0 2 0 2 0 1 2 1 2 0 2 2 1 1 2 2 2 0 0 1 0 1 2 0 0 0 0 0 2 0 0
 2 0 1 0 2 1 0 1 0 0 0 2 0 2 0 0 0 0 2 0 0 1 0 1 2 0 1 2 0 1 0 0 0 1 0 0 1
 0 0 1 0 1 0 2 2 0 1 0 2 0 0 2 0 2 2 0 0 0 1 2 1 2 1 0 0 2 1 2 0 1 2 1 0 1
 1 1 0 0 0 0 0 1 0 0 2 0 0 0 1 0 2 2 1 2 2 0 0 2 0 0 2 2 0 0 2 0 0 0 1 0 1
 1 1 0 0 2 0 1 0 1 0 0 0 0 0 2 1 2 1 0 0 2 0 0 2 2 0 0 2 0 1 0 0 0 1 0 1 0
 2 0 0 1 1 0 0 2 0 2 1 2 0 0 2 2 0 0 2 0 0 0 0 0 2 0 0 0 1 0 2 1 1 1 2 0 0
 0 0 0 1 2 0 1 0 0 1 0 0 0 0 0 2 0 2 0 0 1 0 0 0 0 1 1 0 0 2 2 2 0 0 0 0 0
 0 2 0 2 0 1 0 2 1 2 0 1 0 0 0 1 0 0 0 2 0 1 0 1 0 0 2 2 0 0 2 0 0 0 1 2 2
 2 0 0 0 1 1 0 0 2 2 1 2 1 0 1 0 2 1 0 0 1 2 0 0 0 2 0 0 1 2 0 0 0 2 1 0 0
 0 2 0 0 1 2 2 0 1 1 0 2 1 0 0 2 0 1 2 0 1 2 1 0 0 0 0 0 2 0 1 0 2 0 0 2 0
 2 0 0 1 1 0 0 0 0 0 2 2 2 0 1 2 0 0 0 0 0 0 0 0 0 2 0 0 0 1 0 0 0 0 2 0 0
 2 2 1 0 2 0 1 0 0 1 0 2 2 0 0 2 0 2 1 0 2 0 2 2 1 1 2 0 1 2 0 2 2 0 0 0 0
 0]"
misspec_tuned__t_df5_noise3__heavy_tail_signal__seed2000__kmeans_oracle,run_divi_misspec_robustness_tuned.py,2026-04-02T15:20:26Z,unknown,local,cpu,x86_64,synthetic_heavy_tail_signal,t_df5_noise3,heavy_tail_signal,1000,100,3,0.1,0.9,3.0,101000,2000,kmeans_oracle,nan,KMeans,nan,nan,120,manual_mult_auto,141.89385332046726,1.0,0.01,1.0,0.1,300,nan,3,0,nan,nan,[],0.9820277412679846,0.9691124694306648,nan,0.994,nan,nan,nan,nan,nan,nan,nan,nan,nan,nan,nan,nan,nan,nan,nan,456.61328125,ok,0,,outputs/misspec_robustness_tuned
misspec_tuned__t_df5_noise3__heavy_tail_signal__seed2000__gmm_oracle,run_divi_misspec_robustness_tuned.py,2026-04-02T15:20:26Z,unknown,local,cpu,x86_64,synthetic_heavy_tail_signal,t_df5_noise3,heavy_tail_signal,1000,100,3,0.1,0.9,3.0,101000,2000,gmm_oracle,nan,GaussianMixtureDiag,nan,nan,120,manual_mult_auto,141.89385332046726,1.0,0.01,1.0,0.1,300,nan,3,0,nan,nan,[],0.985007884635277,0.9732651949630602,nan,0.995,nan,nan,nan,nan,nan,nan,nan,nan,nan,nan,nan,nan,nan,nan,nan,456.61328125,ok,0,,outputs/misspec_robustness_tuned
misspec_tuned__t_df5_noise3__heavy_tail_signal__seed2001__DIVI_p1,run_divi_misspec_robustness_tuned.py,2026-04-02T15:20:29Z,unknown,local,cpu,x86_64,synthetic_heavy_tail_signal,t_df5_noise3,heavy_tail_signal,1000,100,3,0.1,0.9,3.0,101001,2001,DIVI,1,DIVI,1000.0,1.0,120,manual_mult_auto,141.89385332046726,1.0,0.01,1.0,0.1,300,300,3,2,120,240,"[120, 240]",0.9910181084132711,0.9844046674296683,1.0,0.997,10,0.1,0.2746310830116272,0.20530730485916138,187763.03125,179547.3125,8215.71875,184333.34375,3.4296822547912598,1.0205809570002202,0.11301616400032799,0.9039571319999595,0.0017274490001000231,0.003137440000045899,0.003013190439999865,458.40234375,ok,0,,outputs/misspec_robustness_tuned,"[120, 240]",informative_kw_llr,"[0 1 2 1 0 0 1 2 2 2 1 0 2 2 0 2 0 0 1 0 2 1 1 1 2 0 2 1 1 2 2 1 0 0 0 2 2
 0 0 1 0 1 2 1 0 1 1 1 1 0 1 2 1 0 0 2 2 2 0 1 2 1 1 1 2 1 1 2 2 1 0 1 2 2
 2 2 0 0 1 2 2 1 1 1 0 2 2 0 0 1 0 0 2 2 2 1 2 2 1 0 0 0 2 1 0 2 0 1 2 2 1
 1 1 0 0 2 2 1 2 2 0 2 1 1 0 2 0 0 0 1 1 2 2 0 0 0 2 1 2 1 1 0 0 2 2 2 0 2
 2 2 2 0 2 1 1 0 0 1 1 0 0 1 1 1 0 2 1 0 1 1 1 0 2 1 2 1 1 2 0 0 0 0 0 1 0
 2 0 1 0 0 0 0 2 0 1 1 2 0 1 2 2 2 0 1 1 0 1 2 0 0 1 0 0 1 2 1 0 1 1 0 1 1
 2 2 0 1 2 2 1 0 1 0 1 1 2 1 0 1 0 2 2 0 2 1 0 2 1 1 2 1 1 2 0 0 0 2 1 0 0
 0 2 0 0 1 0 0 1 2 0 0 1 2 0 1 1 0 2 2 2 1 2 2 1 0 2 0 2 1 1 1 1 0 1 1 2 2
 0 0 2 0 1 0 2 0 2 1 1 2 0 2 1 1 2 0 2 2 1 1 1 2 0 1 1 1 1 0 2 1 2 0 2 1 0
 2 0 2 0 0 2 0 1 1 1 0 2 0 1 2 1 0 1 2 2 2 0 2 0 1 0 1 1 1 0 2 2 0 1 2 2 1
 0 0 0 2 1 0 0 2 0 1 0 0 0 2 1 2 2 2 1 0 1 2 0 1 1 2 1 1 2 1 1 1 0 0 1 0 0
 2 2 1 1 0 1 2 0 1 0 2 0 2 0 2 2 2 0 0 0 2 1 1 2 2 1 0 0 2 1 0 2 1 0 0 1 1
 1 1 0 1 0 1 0 2 2 0 0 2 2 1 0 0 0 2 1 2 0 1 2 0 2 1 1 0 0 2 0 1 0 1 0 1 1
 0 0 0 1 2 0 2 2 0 1 1 2 1 0 1 1 0 2 0 0 1 1 0 1 0 2 1 2 2 2 1 2 1 2 1 1 1
 1 0 1 2 0 0 2 1 2 2 0 1 2 0 2 0 2 2 1 1 0 0 2 2 0 2 0 0 2 0 1 0 0 1 0 1 1
 0 1 1 1 1 2 0 2 0 2 1 1 2 0 1 1 0 2 1 2 0 0 2 2 0 1 0 1 1 0 1 1 0 0 0 2 0
 0 1 1 0 1 2 1 2 2 2 1 2 0 0 2 2 2 1 0 2 1 0 1 0 2 0 2 2 2 1 1 1 0 2 2 2 2
 2 1 2 0 2 1 1 0 0 2 0 1 2 2 0 2 2 0 2 1 1 1 2 0 0 2 2 2 0 2 1 1 1 1 0 2 1
 1 2 0 2 2 2 2 0 0 2 2 1 1 2 0 0 2 2 0 2 1 2 0 0 0 0 0 2 1 1 0 2 1 2 1 2 2
 1 0 2 0 1 1 0 1 2 0 2 2 2 2 2 1 0 2 1 2 1 0 1 1 1 0 2 1 1 2 1 0 2 1 1 1 1
 1 2 0 0 1 2 2 2 0 0 1 2 0 2 2 2 0 0 0 1 0 2 0 1 0 2 2 2 0 2 2 1 2 1 1 2 2
 2 2 2 0 1 1 2 1 2 1 1 2 1 2 0 2 1 1 2 0 0 1 1 0 2 1 2 2 2 2 1 2 2 0 1 0 0
 2 2 0 0 1 1 1 0 0 1 1 1 1 0 2 1 1 2 1 2 1 2 0 0 0 1 2 2 0 1 0 2 0 2 0 0 0
 0 0 2 1 2 0 0 1 1 1 2 0 1 2 2 1 0 2 1 0 1 0 2 0 0 1 0 0 0 0 1 2 0 2 2 1 0
 2 1 1 2 0 1 0 0 1 2 2 1 1 2 0 0 0 0 0 2 1 1 1 1 1 1 1 1 2 1 2 0 2 1 1 1 1
 2 0 0 1 1 0 1 1 2 0 0 0 2 0 2 0 1 0 2 0 2 0 0 0 1 2 0 0 0 0 2 2 2 2 2 1 1
 1 1 0 2 2 1 2 1 2 2 0 0 2 1 0 0 2 2 2 1 1 2 0 2 0 0 1 2 2 2 0 1 1 2 0 0 1
 2]"
misspec_tuned__t_df5_noise3__heavy_tail_signal__seed2001__DIVI_p2,run_divi_misspec_robustness_tuned.py,2026-04-02T15:20:29Z,unknown,local,cpu,x86_64,synthetic_heavy_tail_signal,t_df5_noise3,heavy_tail_signal,1000,100,3,0.1,0.9,3.0,101001,2001,DIVI,2,DIVI,1000.0,1.0,120,manual_mult_auto,141.89385332046726,1.0,0.01,1.0,0.1,300,300,3,2,120,240,"[120, 240]",0.9820995586655958,0.9691347266300645,0.18181818181818182,0.994,100,1.0,0.6681510210037231,0.6664416790008545,166105.921875,149157.6875,16948.234375,160249.5,5.856421947479248,1.1154483509999409,2.907999987655785e-05,1.1114518209997186,0.0019470199999886972,0.0034302300000490504,0.0037048394033323954,456.23828125,ok,0,,outputs/misspec_robustness_tuned,"[120, 240]",noninformative_uniform,"[0 1 2 1 0 0 1 2 2 2 1 0 2 2 0 2 0 0 1 0 2 1 1 1 2 0 2 1 1 2 2 1 0 0 0 2 2
 0 0 1 0 1 2 1 0 1 1 1 1 0 1 2 1 0 0 2 2 2 0 1 2 1 1 1 2 1 1 2 2 1 0 1 2 2
 2 2 0 0 1 2 2 1 1 1 0 2 2 0 0 1 0 0 2 2 2 1 2 2 1 0 0 0 2 1 0 1 0 1 2 2 1
 1 1 0 0 2 2 1 2 2 0 2 1 1 0 2 0 0 0 1 1 2 2 0 0 0 2 1 2 1 1 0 0 2 2 2 0 2
 2 2 2 0 2 1 1 0 0 1 1 0 0 1 1 1 0 2 1 0 1 1 1 0 2 1 2 1 1 2 0 0 0 0 0 1 0
 2 0 1 0 0 0 0 2 0 1 1 2 0 1 2 2 2 0 1 1 0 1 2 0 0 1 0 0 1 2 1 0 1 1 0 1 1
 2 2 0 1 2 2 1 0 1 0 1 1 2 1 0 1 0 2 2 0 2 1 0 1 1 1 2 1 1 2 0 0 0 2 1 0 0
 0 2 0 0 1 0 0 1 2 0 0 1 2 0 1 1 0 2 2 2 1 2 2 1 0 2 0 2 1 1 1 1 0 1 1 2 2
 0 0 2 0 1 0 2 0 2 1 1 2 0 2 1 1 2 0 2 2 1 1 1 2 0 1 1 1 1 0 2 1 2 0 2 1 0
 2 0 2 0 0 2 0 1 1 1 0 2 0 1 2 1 0 0 2 2 2 0 2 0 1 0 1 1 1 0 2 2 0 1 2 2 1
 0 0 0 2 1 0 0 2 0 1 0 0 0 2 1 2 2 2 1 0 1 2 0 1 1 2 1 1 2 1 1 1 0 0 1 0 0
 2 2 1 1 0 1 2 0 1 0 2 0 2 0 2 2 2 0 0 0 2 0 1 2 2 1 0 0 2 1 0 2 1 0 0 1 1
 1 1 0 1 0 1 0 2 2 0 0 2 2 1 0 0 0 2 1 2 0 1 2 0 2 1 1 0 0 2 0 1 0 1 0 1 1
 0 0 0 1 2 0 2 2 0 1 1 2 1 0 1 1 0 2 0 0 1 1 0 1 0 2 1 2 2 2 1 2 1 2 1 1 1
 1 0 1 2 0 0 2 1 2 2 0 0 2 0 2 0 2 2 1 1 0 0 2 2 0 2 0 0 2 0 1 0 0 1 0 1 1
 0 1 1 1 1 2 0 2 0 2 1 1 2 0 1 1 0 2 1 2 0 0 2 2 0 1 0 1 1 0 1 1 0 0 0 2 0
 0 1 1 0 1 2 1 2 2 2 1 2 0 0 2 2 2 1 0 2 1 0 1 0 2 0 2 2 2 1 1 1 0 2 2 2 2
 2 1 2 0 2 1 1 0 0 2 0 1 2 2 0 2 2 0 2 1 1 1 2 0 0 2 2 2 0 2 1 1 1 1 0 2 1
 1 2 0 2 2 2 2 0 0 2 2 1 1 2 0 0 2 2 0 2 1 2 0 0 0 0 0 2 1 1 0 2 1 2 1 2 2
 1 0 2 0 1 1 0 1 2 0 2 2 2 2 2 1 0 2 1 2 1 0 1 1 1 0 2 1 1 2 1 0 2 1 1 1 1
 1 2 0 0 1 2 2 2 0 0 1 2 0 2 2 2 0 0 0 1 0 2 0 1 0 2 2 2 0 2 2 1 2 1 1 2 2
 2 2 2 0 1 1 2 1 2 0 1 2 1 2 0 2 1 1 2 0 0 1 1 0 2 1 2 2 2 2 1 2 2 0 1 0 0
 2 2 0 0 1 1 1 0 0 1 1 1 1 0 2 1 1 2 1 2 1 2 0 0 0 1 1 2 0 1 0 2 0 2 0 0 0
 0 0 2 1 2 0 0 1 1 1 2 0 1 2 2 1 0 2 1 0 1 0 2 0 0 1 0 0 0 0 1 2 0 2 2 1 0
 2 1 1 2 0 1 0 0 1 2 2 1 1 2 0 0 0 0 0 2 1 1 1 1 1 1 1 1 2 1 2 0 2 1 1 1 1
 2 0 0 1 1 0 1 1 2 0 0 0 2 0 2 0 1 0 2 0 2 0 0 0 1 2 0 0 0 0 2 2 2 2 2 1 1
 1 0 0 2 2 1 2 1 2 2 0 0 2 1 0 0 2 2 2 1 1 2 0 1 0 0 1 2 2 2 0 1 1 2 0 0 1
 2]"
misspec_tuned__t_df5_noise3__heavy_tail_signal__seed2001__DIVI_p3,run_divi_misspec_robustness_tuned.py,2026-04-02T15:20:29Z,unknown,local,cpu,x86_64,synthetic_heavy_tail_signal,t_df5_noise3,heavy_tail_signal,1000,100,3,0.1,0.9,3.0,101001,2001,DIVI,3,DIVI,1000.0,1.0,120,manual_mult_auto,141.89385332046726,1.0,0.01,1.0,0.1,300,300,3,2,120,240,"[120, 240]",0.44925570625756744,0.6156558735441253,0.20454545454545456,0.569,78,0.78,0.6443179249763489,0.6696612238883972,166257.40625,152918.0625,13339.34375,162364.40625,3.8929977416992188,0.8032817169996633,3.78400000045076e-05,0.7988619379998454,0.0017256190003536176,0.00375041000006604,0.002662873126666151,455.47265625,ok,0,,outputs/misspec_robustness_tuned,"[120, 240]",random_prior,"[0 0 2 0 0 0 1 2 2 1 0 0 2 2 0 2 0 0 0 0 1 0 0 0 2 0 1 0 0 2 2 0 0 0 0 2 2
 0 0 0 0 0 2 0 0 0 0 0 0 0 0 1 0 0 0 2 2 2 0 0 2 0 0 0 2 0 0 1 1 1 0 0 2 2
 2 2 0 0 0 2 1 0 0 0 0 1 1 0 0 0 0 0 2 2 1 0 2 2 0 0 0 0 1 0 0 1 0 0 1 2 0
 0 0 0 0 2 2 0 1 1 0 2 0 0 0 1 0 0 0 0 0 2 2 0 0 0 2 0 2 0 0 0 0 1 1 2 0 2
 2 2 2 0 2 0 0 0 0 0 0 0 0 0 0 0 0 2 0 0 0 0 0 0 2 0 2 0 0 2 0 0 0 0 0 0 0
 1 0 0 0 0 0 0 2 0 0 0 2 0 0 1 2 2 0 0 0 0 1 1 0 0 0 0 0 0 1 0 0 0 0 0 0 0
 1 1 0 0 2 1 0 0 0 0 0 0 2 0 0 0 0 1 2 0 2 1 0 1 0 1 1 0 0 1 0 0 0 2 0 0 0
 0 2 0 0 0 0 0 0 2 0 0 0 2 0 0 0 0 1 1 2 0 2 2 1 0 2 0 1 0 0 0 0 0 0 0 2 2
 0 0 2 0 0 0 1 0 1 0 0 2 0 2 0 0 2 0 2 2 0 0 0 2 0 0 0 0 0 0 1 0 1 0 2 0 0
 1 0 2 0 0 2 0 0 0 0 0 2 0 0 2 0 0 0 2 2 1 0 2 0 0 0 0 0 0 0 1 1 0 0 1 2 0
 0 0 0 2 0 0 0 2 0 0 0 0 0 2 0 2 1 1 0 0 0 2 0 0 0 1 0 0 2 0 0 0 0 0 0 0 0
 2 1 0 0 0 0 2 0 0 0 1 0 2 0 2 1 2 0 0 0 2 0 0 1 2 0 0 0 2 0 0 1 0 0 0 0 0
 0 0 0 0 0 0 0 2 2 0 0 2 2 0 0 0 0 1 0 1 0 0 2 0 2 0 0 0 0 1 0 0 0 0 0 0 0
 0 0 0 0 2 0 1 2 0 0 0 2 0 0 0 0 0 2 0 0 0 0 0 0 0 2 0 2 2 2 0 2 0 2 0 0 0
 0 0 0 2 0 0 2 0 1 2 0 0 2 0 2 0 2 2 1 0 0 0 1 1 0 2 0 0 1 0 0 0 0 0 0 0 0
 0 0 0 0 0 2 0 1 0 1 0 0 1 0 0 0 0 1 0 2 0 0 1 1 0 0 0 0 0 0 0 0 0 0 0 1 0
 0 0 0 0 0 2 0 2 1 2 0 2 0 0 2 2 2 0 0 1 0 0 0 0 2 0 2 2 2 0 0 0 0 1 2 1 2
 2 0 1 0 1 0 0 0 0 2 0 0 1 2 0 1 1 0 2 0 0 0 2 0 0 2 2 2 0 2 0 0 0 0 0 2 0
 0 1 0 2 2 1 1 0 0 1 2 0 0 2 0 0 2 1 0 2 0 2 0 0 0 0 0 2 0 0 0 2 0 1 0 2 2
 1 0 1 0 0 0 0 0 2 0 2 1 2 2 2 0 0 2 0 2 0 0 0 0 0 0 2 0 0 2 0 0 2 0 0 0 0
 0 2 0 0 0 2 2 2 0 0 0 2 0 2 1 2 0 0 0 0 0 2 0 0 0 2 1 2 0 2 2 0 1 0 0 2 1
 2 2 2 0 0 0 2 0 1 0 1 2 0 2 0 1 0 0 2 0 0 0 0 0 2 0 2 2 2 2 0 2 2 0 0 0 0
 2 2 0 0 0 0 0 0 0 0 0 0 0 0 1 0 0 2 0 2 0 2 0 0 0 0 1 2 0 1 0 1 0 2 0 0 0
 0 0 1 0 2 0 0 0 0 0 2 0 0 2 2 0 0 1 0 0 0 0 2 0 0 0 0 0 0 0 0 2 0 1 1 0 0
 2 0 0 2 0 0 0 0 0 1 2 0 1 1 0 0 0 0 0 2 0 0 0 0 0 0 0 0 1 0 1 0 2 0 0 0 0
 2 0 0 0 0 0 0 0 2 0 0 0 2 0 2 0 0 0 2 0 2 0 0 0 0 2 0 0 0 0 1 2 1 2 2 0 0
 0 0 0 1 1 0 1 0 2 1 0 0 1 0 0 0 1 1 1 0 0 2 0 2 0 0 1 2 2 2 0 0 0 1 0 0 0
 1]"
misspec_tuned__t_df5_noise3__heavy_tail_signal__seed2001__kmeans_oracle,run_divi_misspec_robustness_tuned.py,2026-04-02T15:20:29Z,unknown,local,cpu,x86_64,synthetic_heavy_tail_signal,t_df5_noise3,heavy_tail_signal,1000,100,3,0.1,0.9,3.0,101001,2001,kmeans_oracle,nan,KMeans,nan,nan,120,manual_mult_auto,141.89385332046726,1.0,0.01,1.0,0.1,300,nan,3,0,nan,nan,[],0.9910180270901714,0.9826720995072343,nan,0.997,nan,nan,nan,nan,nan,nan,nan,nan,nan,nan,nan,nan,nan,nan,nan,455.47265625,ok,0,,outputs/misspec_robustness_tuned
misspec_tuned__t_df5_noise3__heavy_tail_signal__seed2001__gmm_oracle,run_divi_misspec_robustness_tuned.py,2026-04-02T15:20:29Z,unknown,local,cpu,x86_64,synthetic_heavy_tail_signal,t_df5_noise3,heavy_tail_signal,1000,100,3,0.1,0.9,3.0,101001,2001,gmm_oracle,nan,GaussianMixtureDiag,nan,nan,120,manual_mult_auto,141.89385332046726,1.0,0.01,1.0,0.1,300,nan,3,0,nan,nan,[],0.9940030181141498,0.9888650156468761,nan,0.998,nan,nan,nan,nan,nan,nan,nan,nan,nan,nan,nan,nan,nan,nan,nan,455.47265625,ok,0,,outputs/misspec_robustness_tuned
misspec_tuned__t_df5_noise3__heavy_tail_signal__seed2002__DIVI_p1,run_divi_misspec_robustness_tuned.py,2026-04-02T15:20:32Z,unknown,local,cpu,x86_64,synthetic_heavy_tail_signal,t_df5_noise3,heavy_tail_signal,1000,100,3,0.1,0.9,3.0,101002,2002,DIVI,1,DIVI,1000.0,1.0,120,manual_mult_auto,141.89385332046726,1.0,0.01,1.0,0.1,300,300,3,2,120,240,"[120, 240]",0.9970015045323003,0.9938029489046497,1.0,0.999,10,0.1,0.27405527234077454,0.1998009979724884,187558.046875,180741.203125,6816.84375,184289.09375,3.2689476013183594,0.9780464280001979,0.11092179399975066,0.8621063040000081,0.001977119999992283,0.004455910000160657,0.002873687680000027,450.8984375,ok,0,,outputs/misspec_robustness_tuned,"[120, 240]",informative_kw_llr,"[1 0 1 1 2 1 2 0 1 2 2 0 2 2 2 0 2 1 1 0 1 1 0 0 0 2 1 0 1 2 1 2 2 0 2 1 2
 0 0 2 2 2 2 0 1 1 1 1 2 0 0 2 0 1 0 1 1 2 0 1 2 0 1 0 2 2 0 0 1 0 1 2 1 0
 1 2 1 2 0 0 0 0 0 0 1 1 2 0 1 2 2 0 2 2 1 2 0 1 2 0 0 1 0 2 1 2 2 0 2 1 0
 1 0 1 0 1 1 2 1 0 0 0 2 2 0 2 2 1 0 0 0 1 2 2 2 2 0 1 2 1 1 0 0 2 0 2 2 0
 1 0 2 2 0 1 1 2 2 2 0 1 2 0 1 2 0 2 0 1 0 0 2 2 0 1 0 1 0 2 0 2 0 1 1 2 1
 0 1 0 2 2 2 1 1 0 0 1 1 1 1 2 1 1 0 2 2 0 2 0 2 0 0 1 0 2 2 0 1 0 2 2 2 0
 1 0 0 0 1 1 2 2 0 0 0 2 0 2 1 1 2 2 1 2 0 1 1 2 2 0 0 0 0 1 2 1 0 0 1 2 0
 2 2 0 2 1 2 2 2 2 1 1 1 1 0 0 2 0 2 2 0 1 2 0 0 2 0 1 2 1 0 0 2 0 0 1 2 0
 1 1 2 2 1 0 1 0 1 1 0 2 2 1 0 1 2 2 1 2 2 2 2 2 2 1 0 2 0 0 0 1 2 2 1 0 2
 1 1 2 2 1 1 1 1 1 1 2 1 0 0 0 2 2 0 2 2 0 0 0 1 1 0 1 2 0 0 2 1 0 2 1 0 1
 0 1 1 1 0 2 1 1 0 0 1 0 1 0 2 0 1 1 2 1 1 0 1 1 1 1 1 0 0 1 0 1 1 2 1 1 0
 0 2 2 1 1 2 1 2 0 0 2 1 0 1 2 0 0 0 1 2 0 0 2 0 0 1 2 2 2 1 1 0 1 2 2 1 1
 2 1 2 2 0 1 1 0 2 0 0 1 1 2 1 1 0 0 2 1 0 2 1 0 1 2 2 0 2 1 1 1 2 1 2 2 2
 1 0 0 1 1 2 2 1 2 0 2 2 1 0 1 0 0 1 0 0 2 1 1 1 1 2 2 0 2 1 2 1 1 2 0 2 1
 0 0 2 0 2 0 1 2 1 0 0 2 0 1 0 2 1 2 2 2 0 1 1 1 2 2 1 2 0 2 0 0 1 1 0 2 2
 1 1 2 0 2 2 1 1 2 1 1 2 0 0 2 2 0 0 0 0 0 0 2 1 2 1 1 2 2 2 2 0 2 1 0 0 1
 1 2 0 1 2 0 0 0 1 1 0 2 0 1 0 1 2 1 2 0 2 1 0 2 1 0 1 2 1 2 2 1 2 1 0 2 2
 1 1 2 0 1 1 2 1 0 1 1 1 0 0 2 0 0 0 0 1 0 1 2 2 2 1 0 1 0 0 2 1 2 2 1 0 2
 0 0 0 2 1 1 0 2 1 0 1 1 0 2 1 1 1 0 0 2 0 0 2 1 1 2 1 2 0 0 2 0 1 2 1 0 1
 2 1 1 1 2 1 0 0 1 2 0 2 2 1 0 1 1 2 2 1 0 1 1 0 1 1 2 2 2 0 2 2 2 1 0 1 1
 1 1 2 2 1 2 1 0 2 2 1 2 1 0 1 0 1 2 0 0 0 0 2 2 0 0 0 1 1 2 0 2 1 0 2 0 2
 0 1 0 1 2 2 0 1 2 0 1 2 1 0 1 1 2 1 2 2 0 2 1 0 1 2 2 1 0 1 1 1 2 0 0 0 0
 2 2 0 2 0 0 0 2 2 0 1 2 0 1 1 0 1 0 1 0 2 0 1 0 0 2 2 0 0 0 2 0 0 2 1 2 2
 0 2 1 2 0 1 1 0 2 2 0 1 1 0 1 2 2 1 1 1 0 0 0 0 0 0 0 0 1 0 0 2 2 1 1 2 1
 2 1 1 2 2 2 2 0 0 2 1 2 0 1 0 1 2 0 2 2 2 2 0 0 0 1 2 2 0 1 0 1 0 2 0 1 0
 1 1 1 2 2 2 1 1 2 1 2 2 1 2 2 1 0 0 2 1 1 2 0 2 2 1 0 0 0 1 2 1 2 2 1 0 0
 0 1 0 2 1 0 0 2 1 1 2 0 0 1 0 1 0 2 2 2 2 2 1 0 2 0 1 2 0 0 0 1 1 2 1 1 0
 0]"
misspec_tuned__t_df5_noise3__heavy_tail_signal__seed2002__DIVI_p2,run_divi_misspec_robustness_tuned.py,2026-04-02T15:20:32Z,unknown,local,cpu,x86_64,synthetic_heavy_tail_signal,t_df5_noise3,heavy_tail_signal,1000,100,3,0.1,0.9,3.0,101002,2002,DIVI,2,DIVI,1000.0,1.0,120,manual_mult_auto,141.89385332046726,1.0,0.01,1.0,0.1,300,300,3,2,120,240,"[120, 240]",0.9940120542038232,0.9888677227532202,0.18181818181818182,0.998,100,1.0,0.6718975901603699,0.6691448092460632,165860.90625,148933.625,16927.28125,159720.71875,6.140186786651611,0.7924530769996636,2.5150000055873534e-05,0.7897285490003014,0.0016687599995748315,0.0022309490000225196,0.0026324284966676714,458.65234375,ok,0,,outputs/misspec_robustness_tuned,"[120, 240]",noninformative_uniform,"[1 0 1 1 2 1 2 0 1 2 2 0 2 2 2 0 2 1 1 0 1 1 0 0 0 2 1 0 1 2 1 2 2 0 2 1 2
 0 0 2 2 2 2 0 1 1 1 1 2 0 0 2 0 1 0 1 1 2 0 1 2 0 1 0 2 2 0 0 1 0 1 2 1 0
 1 2 1 2 0 0 0 0 0 0 1 1 2 0 1 2 2 0 2 2 1 2 0 1 2 0 0 1 0 2 1 2 2 0 2 1 0
 1 0 1 0 1 1 2 1 0 0 0 2 2 0 2 2 1 0 0 0 1 2 2 2 2 0 1 2 1 1 0 0 2 0 2 2 0
 1 0 2 2 0 1 1 2 2 2 0 1 2 0 1 2 0 2 0 1 0 0 2 2 0 1 0 1 0 2 0 2 0 1 1 2 1
 0 1 0 2 2 2 1 1 0 0 1 1 1 1 2 1 1 0 2 2 0 2 0 2 0 0 1 0 2 2 0 1 0 2 2 2 0
 1 0 0 0 1 1 2 2 0 0 0 2 0 2 1 1 2 2 1 2 0 1 1 2 2 0 0 0 0 1 2 1 0 0 1 2 0
 2 2 0 2 1 2 2 2 2 1 1 1 1 0 0 2 0 2 2 0 1 2 0 0 2 0 1 2 1 0 0 1 0 0 1 2 0
 1 1 2 2 1 0 1 0 1 1 0 2 2 1 0 1 2 2 1 2 2 2 2 2 2 1 0 2 0 0 0 1 2 2 1 0 2
 1 1 2 2 1 1 1 1 1 1 2 1 0 0 0 2 2 0 2 2 0 0 0 1 1 0 1 2 0 0 2 1 0 2 1 0 1
 0 1 1 1 0 2 1 1 0 0 1 0 1 0 2 0 1 1 2 1 1 0 1 1 1 1 1 0 0 1 0 1 1 2 1 1 0
 0 2 2 1 1 2 1 2 0 0 2 1 0 1 2 0 0 0 1 2 0 0 2 0 0 1 2 2 2 1 1 0 1 2 2 1 1
 2 1 2 2 0 1 1 0 2 0 0 1 1 2 1 1 0 0 2 1 0 2 1 0 1 2 2 0 2 1 1 1 2 1 2 2 2
 1 0 0 1 1 2 2 1 2 0 2 2 1 0 1 0 0 1 0 0 2 1 1 1 1 2 2 0 2 1 2 1 1 2 0 2 1
 0 0 2 0 2 0 1 2 1 0 0 2 0 1 0 2 1 2 2 2 0 1 1 1 2 2 1 2 0 2 0 0 1 1 0 2 2
 1 1 2 0 2 2 1 1 2 1 1 2 0 0 2 2 0 0 0 0 0 0 2 1 2 1 1 2 2 2 2 0 2 1 0 0 1
 1 2 0 1 2 0 0 0 1 1 0 2 0 1 0 1 2 1 2 0 2 1 0 2 1 0 1 2 1 2 2 1 2 1 0 2 2
 1 1 2 0 1 1 2 1 0 1 1 1 0 0 2 0 0 0 0 1 0 1 2 2 2 1 0 1 0 0 2 1 2 2 1 0 2
 0 0 0 2 1 1 0 2 1 0 1 1 0 2 1 1 1 0 0 2 0 0 2 1 1 2 1 2 0 0 2 0 1 2 1 0 1
 2 1 1 1 2 1 0 0 1 2 0 2 2 1 0 1 1 2 2 1 0 1 1 0 1 1 2 2 2 0 2 2 2 1 0 1 1
 1 1 2 2 1 2 1 0 2 2 1 2 1 0 1 0 1 2 0 0 0 0 2 2 0 0 0 1 1 2 0 2 1 0 2 0 2
 0 1 0 1 2 2 0 1 2 0 1 2 1 0 1 1 2 1 2 2 0 2 1 0 1 2 2 1 0 1 1 1 2 0 0 0 0
 2 2 0 2 0 0 0 2 2 0 1 2 0 1 1 0 1 0 1 0 2 0 1 0 0 2 2 0 0 0 2 0 0 2 1 2 2
 0 2 1 2 0 1 1 0 2 2 0 1 1 0 1 2 2 1 1 1 0 0 0 0 0 0 0 0 1 0 0 2 2 1 1 2 1
 2 1 1 2 2 2 2 0 0 2 1 2 0 1 0 1 2 0 2 2 2 2 0 0 0 1 2 2 0 1 0 1 0 2 0 1 0
 1 1 1 2 2 2 1 1 2 1 2 2 1 2 2 1 0 0 2 1 1 2 0 2 2 1 0 0 0 1 2 1 2 2 1 0 0
 0 1 0 2 1 0 0 2 1 1 2 0 0 1 0 1 0 2 2 2 2 2 1 0 2 0 1 2 0 0 0 1 1 2 1 1 0
 0]"
misspec_tuned__t_df5_noise3__heavy_tail_signal__seed2002__DIVI_p3,run_divi_misspec_robustness_tuned.py,2026-04-02T15:20:32Z,unknown,local,cpu,x86_64,synthetic_heavy_tail_signal,t_df5_noise3,heavy_tail_signal,1000,100,3,0.1,0.9,3.0,101002,2002,DIVI,3,DIVI,1000.0,1.0,120,manual_mult_auto,141.89385332046726,1.0,0.01,1.0,0.1,300,300,3,2,120,240,"[120, 240]",0.9672931298276863,0.9472469720540027,0.15189873417721517,0.989,69,0.69,0.5819295644760132,0.6623694896697998,170765.171875,158142.78125,12622.390625,166670.578125,4.094590187072754,0.8143601470001158,2.344999984416063e-05,0.8117849770001158,0.001991579999867099,0.002143400000022666,0.0027059499233337194,456.74609375,ok,0,,outputs/misspec_robustness_tuned,"[120, 240]",random_prior,"[2 1 2 2 0 2 0 1 2 0 0 1 0 0 0 1 0 2 2 1 2 2 1 1 1 0 2 1 2 0 2 0 0 1 0 2 0
 1 1 0 0 0 0 1 2 2 2 2 0 1 1 0 1 2 1 2 2 0 1 2 0 1 2 1 0 0 1 1 2 1 2 0 2 1
 2 0 2 0 1 1 1 2 1 2 2 2 0 1 2 0 0 1 0 0 2 0 1 2 0 1 1 2 1 0 2 0 0 1 0 2 1
 2 1 2 1 2 2 0 2 1 1 1 0 0 1 0 0 2 1 1 1 2 0 0 0 0 1 2 0 2 2 1 2 0 1 0 0 1
 2 2 0 0 1 2 2 0 0 0 1 2 0 1 2 0 1 0 1 2 1 1 0 0 1 2 1 2 1 0 1 0 1 2 2 0 2
 1 2 1 0 0 0 2 2 1 1 2 2 2 2 0 2 2 1 0 0 1 0 1 0 1 1 2 1 0 0 1 2 1 0 0 0 1
 2 1 1 1 2 2 0 0 1 1 1 0 1 0 2 2 0 0 2 0 1 2 2 0 0 1 1 1 1 2 0 2 1 1 2 0 1
 0 0 1 0 2 0 0 0 0 2 2 2 2 1 1 0 1 0 0 1 2 0 1 1 0 1 2 0 2 1 1 2 1 1 2 0 1
 2 2 0 0 2 1 2 1 2 2 1 0 0 2 1 2 0 0 2 0 0 0 0 0 0 2 1 0 1 1 1 2 0 0 2 1 0
 2 2 0 0 2 2 2 2 2 2 0 0 1 1 1 0 0 1 0 0 1 1 1 2 2 1 2 0 1 1 0 2 1 0 2 1 2
 1 0 2 2 1 0 2 2 1 1 2 1 2 1 0 1 2 2 0 2 2 1 2 2 2 2 2 1 1 2 1 2 2 0 2 2 1
 1 0 0 2 2 0 2 0 1 2 0 2 1 2 0 1 1 1 2 0 1 1 0 1 1 2 0 0 0 2 2 1 2 0 0 2 2
 0 2 0 0 1 2 2 1 0 1 1 2 2 0 2 2 1 1 0 2 1 0 2 1 2 0 0 1 0 2 2 2 0 2 0 0 0
 2 1 1 2 2 0 0 2 0 1 0 0 2 1 2 1 1 2 1 1 0 2 2 2 2 0 0 1 0 2 0 2 2 0 1 0 2
 1 1 0 1 0 1 2 0 2 1 1 0 1 2 1 0 2 0 0 0 1 2 2 2 0 0 2 0 1 0 1 1 2 2 1 0 0
 2 2 0 1 0 0 2 0 0 2 2 0 1 1 0 0 1 1 1 1 1 1 0 2 0 2 2 0 0 0 0 1 0 2 1 1 2
 2 0 1 2 0 1 1 1 2 2 1 0 1 2 1 2 0 2 0 1 0 2 1 0 2 1 2 0 2 0 0 2 0 2 1 0 0
 2 2 0 1 2 2 0 2 1 2 2 2 1 1 0 1 1 1 1 2 1 2 0 0 0 2 1 2 1 1 0 2 0 0 2 1 0
 1 1 1 0 2 2 1 0 2 1 2 2 1 0 2 2 2 1 1 0 1 1 0 2 2 0 2 0 1 1 0 1 2 0 2 1 2
 0 2 2 2 0 2 1 1 2 0 1 0 0 2 1 2 2 0 0 2 1 2 2 1 2 2 0 0 0 1 0 0 0 2 1 2 2
 2 2 0 0 2 0 2 1 0 0 2 0 2 1 2 1 2 0 1 1 1 1 0 0 1 1 1 2 2 0 1 0 2 1 0 1 0
 1 2 1 2 0 0 1 2 0 1 2 0 2 1 2 2 0 2 0 0 1 0 2 1 2 0 0 2 1 2 2 2 0 1 1 1 1
 0 0 1 0 1 1 1 0 0 1 2 0 1 2 2 1 2 1 2 1 0 1 2 1 1 0 0 1 1 1 0 1 1 0 2 0 0
 1 0 2 0 1 2 2 1 0 0 1 2 2 1 2 0 0 2 2 2 1 1 1 1 1 2 1 1 2 1 1 0 0 2 2 0 2
 0 2 2 0 0 0 0 1 1 0 2 0 1 2 1 2 0 1 0 0 0 0 1 1 1 2 0 0 2 2 1 2 1 0 1 2 1
 2 2 2 0 0 0 2 2 0 2 0 0 2 0 0 2 1 1 0 2 2 0 1 0 0 2 1 1 1 2 0 2 0 0 2 1 1
 1 2 1 0 2 1 1 0 2 2 0 1 1 2 1 0 1 0 0 0 0 0 2 1 0 1 2 0 1 1 1 2 2 0 2 2 1
 1]"
misspec_tuned__t_df5_noise3__heavy_tail_signal__seed2002__kmeans_oracle,run_divi_misspec_robustness_tuned.py,2026-04-02T15:20:32Z,unknown,local,cpu,x86_64,synthetic_heavy_tail_signal,t_df5_noise3,heavy_tail_signal,1000,100,3,0.1,0.9,3.0,101002,2002,kmeans_oracle,nan,KMeans,nan,nan,120,manual_mult_auto,141.89385332046726,1.0,0.01,1.0,0.1,300,nan,3,0,nan,nan,[],0.9939940000962764,0.987603151547432,nan,0.998,nan,nan,nan,nan,nan,nan,nan,nan,nan,nan,nan,nan,nan,nan,nan,448.2265625,ok,0,,outputs/misspec_robustness_tuned
misspec_tuned__t_df5_noise3__heavy_tail_signal__seed2002__gmm_oracle,run_divi_misspec_robustness_tuned.py,2026-04-02T15:20:32Z,unknown,local,cpu,x86_64,synthetic_heavy_tail_signal,t_df5_noise3,heavy_tail_signal,1000,100,3,0.1,0.9,3.0,101002,2002,gmm_oracle,nan,GaussianMixtureDiag,nan,nan,120,manual_mult_auto,141.89385332046726,1.0,0.01,1.0,0.1,300,nan,3,0,nan,nan,[],0.9970015045323003,0.9938029489046497,nan,0.999,nan,nan,nan,nan,nan,nan,nan,nan,nan,nan,nan,nan,nan,nan,nan,448.2265625,ok,0,,outputs/misspec_robustness_tuned
misspec_tuned__t_df5_noise3__heavy_tail_signal__seed2003__DIVI_p1,run_divi_misspec_robustness_tuned.py,2026-04-02T15:20:35Z,unknown,local,cpu,x86_64,synthetic_heavy_tail_signal,t_df5_noise3,heavy_tail_signal,1000,100,3,0.1,0.9,3.0,101003,2003,DIVI,1,DIVI,1000.0,1.0,120,manual_mult_auto,141.89385332046726,1.0,0.01,1.0,0.1,300,300,3,2,120,240,"[120, 240]",0.9910180270901714,0.9826720995072343,1.0,0.997,10,0.1,0.27555543184280396,0.19328340888023376,187657.625,177799.96875,9857.65625,184355.15625,3.302474021911621,1.2057791759998508,0.13120013300022038,1.0702846229996794,0.0017956400001821748,0.0037480999999388587,0.003567615409998931,456.62109375,ok,0,,outputs/misspec_robustness_tuned,"[120, 240]",informative_kw_llr,"[0 2 0 2 0 2 1 1 2 0 1 1 2 1 0 2 1 0 0 2 2 2 1 0 1 1 0 1 0 2 1 0 0 2 0 0 0
 0 1 1 1 2 1 2 1 0 2 0 2 2 2 2 0 2 0 0 1 2 2 0 1 1 1 1 0 0 0 1 0 1 2 2 0 0
 0 2 2 2 1 1 0 2 1 2 2 1 2 1 0 2 2 1 1 2 0 0 1 2 2 0 2 0 1 0 2 2 0 2 1 0 0
 0 2 1 1 0 2 2 2 2 2 2 0 1 0 1 2 1 0 1 2 2 1 0 2 1 1 0 2 0 2 2 0 2 1 0 1 1
 0 0 0 2 2 1 1 2 0 2 2 0 2 2 1 1 0 2 0 0 1 1 2 1 0 0 0 2 1 0 2 1 2 1 1 0 1
 1 2 0 1 2 2 0 0 1 2 1 1 1 0 1 0 2 1 1 2 0 2 0 2 1 0 2 2 2 1 1 0 0 2 0 2 2
 1 0 2 2 1 0 0 2 1 1 1 2 0 0 1 1 0 1 0 0 2 1 2 0 1 2 1 0 1 0 1 1 1 1 1 0 2
 0 1 0 1 0 1 1 0 2 1 0 2 1 2 2 2 2 0 2 1 2 1 2 1 2 1 2 2 1 0 1 1 2 0 0 0 2
 2 1 1 0 1 0 2 1 0 1 0 1 2 0 0 2 2 2 1 1 1 2 1 0 2 0 0 1 2 0 1 1 0 1 2 0 1
 1 1 1 1 1 2 0 2 2 0 0 2 1 2 0 2 2 1 0 0 2 1 2 0 2 2 2 1 2 0 1 2 2 0 2 1 0
 1 0 2 2 0 1 0 2 0 1 1 1 1 1 1 0 1 0 1 0 1 2 1 2 1 0 2 2 2 0 2 2 0 0 0 0 0
 2 2 1 0 1 0 0 2 2 1 1 0 0 1 1 2 1 1 1 2 2 0 1 0 1 2 0 1 0 1 0 2 2 0 2 2 2
 2 1 1 1 2 1 2 0 2 1 0 0 1 2 0 1 2 1 0 2 0 1 2 0 1 1 0 1 1 1 1 2 1 0 2 2 0
 0 0 0 1 0 1 1 0 1 0 2 0 0 0 2 0 0 1 2 2 0 2 2 0 2 0 0 0 2 1 2 0 1 0 1 2 2
 0 1 2 2 0 1 0 0 1 1 0 0 2 1 1 0 1 0 0 2 2 0 2 2 0 1 2 2 1 2 0 2 1 0 2 0 2
 0 1 2 0 0 0 2 1 2 2 2 0 1 1 2 0 1 1 1 2 2 1 1 1 0 2 0 1 0 2 0 0 2 2 2 2 1
 1 2 2 2 1 0 2 0 1 0 0 1 2 1 0 1 1 0 0 0 2 1 1 1 1 2 1 1 1 0 0 1 0 2 2 0 2
 1 2 1 1 2 0 2 1 2 2 1 0 0 2 0 0 0 0 1 2 0 1 2 0 2 2 0 2 0 0 1 1 1 2 2 2 2
 0 0 2 0 1 1 2 2 1 1 0 0 0 2 0 2 1 2 1 0 2 2 2 0 0 1 1 0 0 0 0 2 1 0 0 2 2
 1 0 1 1 0 2 2 1 1 2 1 0 0 1 0 1 2 0 0 2 1 1 0 2 1 0 1 0 2 0 0 2 0 1 0 1 1
 1 0 2 2 0 0 0 1 2 2 0 2 1 0 2 0 2 2 2 0 0 0 0 1 2 2 1 0 0 2 0 2 0 2 1 2 0
 1 0 0 1 0 0 0 0 2 1 1 1 0 0 2 0 0 0 0 0 1 1 1 1 1 2 2 2 2 1 1 2 2 0 0 1 1
 1 2 1 1 0 2 0 0 1 1 2 1 1 1 0 0 1 1 2 0 0 1 2 0 1 2 2 1 1 2 0 0 2 1 0 2 2
 1 2 1 1 0 2 1 0 1 2 0 0 0 2 1 2 0 1 1 1 0 0 2 1 0 1 0 2 2 2 1 1 1 2 1 2 2
 2 0 0 2 2 0 1 2 1 0 2 0 2 0 1 2 1 2 1 2 1 1 0 1 1 1 2 1 2 2 2 2 1 2 0 0 0
 2 1 0 2 2 0 2 1 1 1 0 2 0 1 2 2 1 0 1 0 2 2 1 2 1 1 2 0 0 0 2 2 2 1 0 1 0
 1 2 2 2 0 2 2 1 2 0 0 1 0 1 2 2 1 0 1 2 1 1 0 0 1 2 0 1 0 1 0 0 2 2 2 2 1
 1]"
misspec_tuned__t_df5_noise3__heavy_tail_signal__seed2003__DIVI_p2,run_divi_misspec_robustness_tuned.py,2026-04-02T15:20:35Z,unknown,local,cpu,x86_64,synthetic_heavy_tail_signal,t_df5_noise3,heavy_tail_signal,1000,100,3,0.1,0.9,3.0,101003,2003,DIVI,2,DIVI,1000.0,1.0,120,manual_mult_auto,141.89385332046726,1.0,0.01,1.0,0.1,300,300,3,2,120,240,"[120, 240]",0.9910180270901714,0.9826720995072343,0.18181818181818182,0.997,100,1.0,0.6694089770317078,0.6690455675125122,166057.296875,147425.46875,18631.828125,160124.09375,5.93320369720459,0.8867445930000031,5.138000005899812e-05,0.881062412999654,0.0016687100001036015,0.0047415899998668465,0.002936874709998847,463.48828125,ok,0,,outputs/misspec_robustness_tuned,"[120, 240]",noninformative_uniform,"[0 2 0 2 0 2 1 1 2 0 1 1 2 1 0 2 1 0 0 2 2 2 1 0 1 1 0 1 0 2 1 0 0 2 0 0 0
 0 1 1 1 2 1 2 1 0 2 0 2 2 2 2 0 2 0 0 1 2 2 0 1 1 1 1 0 0 0 1 0 1 2 2 0 0
 0 2 2 2 1 1 0 2 1 2 2 1 2 1 0 2 2 1 1 2 0 0 1 2 2 0 2 0 1 0 2 2 0 2 1 0 0
 0 2 1 1 0 2 2 2 2 2 2 0 1 0 1 2 1 0 1 2 2 1 0 2 1 1 0 2 0 2 2 0 2 1 0 1 1
 0 0 0 2 2 1 1 2 0 2 2 0 2 2 1 1 0 2 0 0 1 1 2 1 0 0 0 2 1 0 2 1 2 1 1 0 1
 1 2 0 1 2 2 0 0 1 2 1 1 1 0 1 0 2 1 1 2 0 2 0 2 1 0 2 2 2 1 1 0 0 2 0 2 2
 1 0 2 2 1 0 0 2 1 1 1 2 0 0 1 1 0 1 0 0 2 1 2 0 1 2 1 0 1 0 1 1 1 1 1 0 2
 0 1 0 1 0 1 1 0 2 1 0 2 1 2 2 2 2 0 2 1 2 1 2 1 2 1 2 2 1 0 1 1 2 0 0 0 2
 2 1 1 0 1 0 2 1 0 1 0 1 2 0 0 2 2 2 1 1 1 2 1 0 2 0 0 1 2 0 1 1 0 1 2 0 1
 1 1 1 1 1 2 0 2 2 0 0 2 1 2 0 2 2 1 0 0 2 1 2 0 2 2 2 1 2 0 1 2 2 0 2 1 0
 1 0 2 2 0 1 0 2 0 1 1 1 1 1 1 0 1 0 1 0 1 2 1 2 1 0 2 2 2 0 2 2 0 0 0 0 0
 2 2 1 0 1 0 0 2 2 1 1 0 0 1 1 2 1 1 1 2 2 0 1 0 1 2 0 1 0 1 0 2 2 0 2 2 2
 2 1 1 1 2 1 2 0 2 1 0 0 1 2 0 1 2 1 0 2 0 1 2 0 1 1 0 1 1 1 1 2 1 0 2 2 0
 0 0 0 1 0 1 1 0 1 0 2 0 0 0 2 0 0 1 2 2 0 2 2 0 2 0 0 0 2 1 2 0 1 0 1 2 2
 0 1 2 2 0 1 0 0 1 1 0 0 2 1 1 0 1 0 0 2 2 0 2 2 0 1 2 2 1 2 0 2 1 0 2 0 2
 0 1 2 0 0 0 2 1 2 2 2 0 1 1 2 0 1 1 1 2 2 1 1 1 0 2 0 1 0 2 0 0 2 2 2 2 1
 1 2 2 2 1 0 2 0 1 0 0 1 2 1 0 1 1 0 0 0 2 1 1 1 1 2 1 1 1 0 0 1 0 2 2 0 2
 1 2 1 1 2 0 2 1 2 2 1 0 0 2 0 0 0 0 1 2 0 1 2 0 2 2 0 2 0 0 1 1 1 2 2 2 2
 0 0 2 0 1 1 2 2 1 1 0 0 0 2 0 2 1 2 1 0 2 2 2 0 0 1 1 0 0 0 0 2 1 0 0 2 2
 1 0 1 1 0 2 2 1 1 2 1 0 0 1 0 1 2 0 0 2 1 1 0 2 1 0 1 0 2 0 0 2 0 1 0 1 1
 1 0 2 2 0 0 0 1 2 2 0 2 1 0 2 0 2 2 2 0 0 0 0 1 2 2 1 0 0 2 0 2 0 2 1 2 0
 1 0 0 1 0 0 0 0 2 1 1 1 0 0 2 0 0 0 0 0 1 1 1 1 1 2 2 2 2 1 1 2 2 0 0 1 1
 1 2 1 1 0 2 0 0 1 1 2 1 1 1 0 0 1 1 2 0 0 1 2 0 1 2 2 1 1 2 0 0 2 1 0 2 2
 1 2 1 1 0 2 1 0 1 2 0 0 0 2 1 2 0 1 1 1 0 0 2 1 0 1 0 2 2 2 1 1 1 2 1 2 2
 2 0 0 2 2 0 1 2 1 0 2 0 2 0 1 2 1 2 1 2 1 1 0 1 1 1 2 1 2 2 2 2 1 2 0 0 0
 2 1 0 2 2 0 2 1 1 1 0 2 0 1 2 2 1 0 1 0 2 2 1 2 1 1 2 0 0 0 2 2 2 1 0 1 0
 1 2 2 2 0 2 2 1 2 0 0 1 0 1 2 2 1 0 1 2 1 1 0 0 1 2 0 1 0 1 0 0 2 2 2 2 1
 1]"
misspec_tuned__t_df5_noise3__heavy_tail_signal__seed2003__DIVI_p3,run_divi_misspec_robustness_tuned.py,2026-04-02T15:20:35Z,unknown,local,cpu,x86_64,synthetic_heavy_tail_signal,t_df5_noise3,heavy_tail_signal,1000,100,3,0.1,0.9,3.0,101003,2003,DIVI,3,DIVI,1000.0,1.0,120,manual_mult_auto,141.89385332046726,1.0,0.01,1.0,0.1,300,300,3,2,120,240,"[120, 240]",0.8478623242538299,0.8226916118883002,0.14634146341463414,0.946,72,0.72,0.6096136569976807,0.6972870230674744,169197.609375,154610.875,14586.734375,165562.671875,3.6349339485168457,0.9945576269997218,3.2469999950990314e-05,0.9895669269999416,0.0032550599999012775,0.004377639999802341,0.0032985564233331387,455.984375,ok,0,,outputs/misspec_robustness_tuned,"[120, 240]",random_prior,"[0 2 0 2 0 2 1 1 0 0 1 1 2 1 0 2 1 0 0 2 2 2 1 0 1 1 0 1 0 2 1 0 0 2 0 0 0
 0 1 1 1 2 1 2 1 0 2 0 0 2 2 2 0 2 0 0 1 2 2 0 1 1 1 1 0 0 0 1 0 1 2 2 0 0
 0 0 2 2 1 2 0 2 1 2 2 1 2 2 0 2 2 1 1 2 0 0 1 2 2 0 2 0 1 0 2 2 0 0 1 0 0
 0 2 1 1 0 2 2 2 2 2 2 0 1 0 1 0 1 0 2 0 2 1 0 2 1 1 0 2 0 2 2 0 2 2 0 1 1
 0 0 0 2 2 1 1 2 0 2 2 0 2 0 1 2 0 2 0 0 1 1 2 1 0 0 0 2 1 0 2 1 2 1 1 0 1
 1 2 0 1 2 2 0 0 1 2 1 1 1 0 1 0 2 1 1 2 0 0 0 0 1 0 2 2 2 1 1 0 0 2 0 2 2
 1 0 2 2 1 0 0 2 1 1 1 2 0 0 1 1 0 1 0 0 2 1 2 0 1 2 2 0 1 0 1 1 1 1 1 0 2
 0 1 0 1 0 1 1 0 2 1 0 2 1 2 2 2 2 0 2 1 2 1 2 1 2 1 2 2 1 0 1 1 2 0 0 0 2
 2 1 1 0 1 0 2 1 0 1 0 1 2 0 0 2 2 1 1 1 1 2 1 0 2 0 0 1 0 0 1 1 0 1 2 0 1
 1 1 1 2 1 2 0 2 2 0 0 0 1 2 0 0 2 1 0 0 0 1 2 0 2 2 2 1 2 0 1 2 2 0 2 1 0
 1 0 2 2 0 1 0 2 0 1 1 1 1 1 1 0 1 0 1 0 1 2 1 2 1 0 0 2 2 0 0 2 0 0 0 0 0
 2 2 1 0 1 0 0 2 2 1 1 0 0 1 1 2 1 1 1 2 0 0 1 0 1 2 0 1 0 1 0 2 2 0 2 2 2
 2 1 1 1 2 1 2 0 2 1 0 0 1 2 0 1 2 1 0 2 0 1 2 0 1 1 0 1 1 1 1 2 1 0 2 2 0
 0 0 0 2 0 1 1 0 2 0 2 0 0 0 2 0 0 2 2 0 0 2 2 0 2 0 0 0 2 1 2 0 1 2 1 2 0
 0 1 2 0 0 1 0 0 1 1 0 0 2 1 1 0 1 0 0 2 0 0 2 2 0 1 2 2 1 2 0 2 1 0 2 0 2
 0 1 2 0 0 0 0 1 2 2 2 0 1 1 2 0 1 1 1 2 2 1 1 1 0 2 0 1 0 2 0 0 2 2 0 2 1
 1 2 2 2 1 0 2 0 1 0 0 1 2 1 0 1 1 0 0 0 2 1 2 1 1 0 1 1 1 0 0 1 0 2 0 0 2
 1 0 1 1 2 0 2 1 2 2 1 0 0 2 0 0 0 0 1 2 0 1 2 0 2 2 0 2 0 0 1 1 1 2 0 2 2
 0 0 2 0 1 1 0 2 1 1 0 0 0 2 0 2 1 2 1 0 2 2 2 0 0 1 1 0 0 0 0 2 1 0 0 2 2
 1 0 1 1 0 2 2 1 1 2 1 0 0 1 0 1 0 0 0 2 1 1 0 2 1 0 2 0 2 0 0 2 0 1 0 1 1
 1 0 2 2 0 0 0 1 2 2 0 2 1 0 2 0 2 2 0 0 0 0 0 1 2 2 1 0 0 2 0 2 0 2 1 2 0
 1 0 0 1 0 0 0 0 2 1 1 1 0 0 2 0 0 0 0 0 1 1 1 1 1 2 2 2 2 1 1 2 2 0 0 1 1
 1 2 1 1 0 2 0 0 1 1 2 1 1 1 0 0 2 2 2 0 0 1 2 0 1 2 2 1 2 2 0 0 2 1 0 2 2
 1 2 1 1 0 2 1 0 1 0 0 0 0 2 1 2 0 1 1 1 0 0 2 1 0 1 0 2 0 2 1 1 1 2 1 2 2
 2 0 0 2 2 0 2 2 2 0 2 0 2 0 1 2 1 2 1 2 1 1 0 1 1 1 2 1 2 2 2 2 1 2 0 0 0
 2 1 0 0 2 0 2 1 1 1 0 2 0 1 2 2 1 0 1 0 2 2 1 2 1 1 2 0 0 0 2 0 2 1 0 1 0
 1 2 2 0 0 2 2 1 2 0 0 1 0 1 2 2 1 0 1 2 1 1 0 0 1 2 0 1 0 1 0 0 2 2 0 2 2
 1]"
misspec_tuned__t_df5_noise3__heavy_tail_signal__seed2003__kmeans_oracle,run_divi_misspec_robustness_tuned.py,2026-04-02T15:20:35Z,unknown,local,cpu,x86_64,synthetic_heavy_tail_signal,t_df5_noise3,heavy_tail_signal,1000,100,3,0.1,0.9,3.0,101003,2003,kmeans_oracle,nan,KMeans,nan,nan,120,manual_mult_auto,141.89385332046726,1.0,0.01,1.0,0.1,300,nan,3,0,nan,nan,[],0.9820992885460679,0.9670959110507309,nan,0.994,nan,nan,nan,nan,nan,nan,nan,nan,nan,nan,nan,nan,nan,nan,nan,455.984375,ok,0,,outputs/misspec_robustness_tuned
misspec_tuned__t_df5_noise3__heavy_tail_signal__seed2003__gmm_oracle,run_divi_misspec_robustness_tuned.py,2026-04-02T15:20:35Z,unknown,local,cpu,x86_64,synthetic_heavy_tail_signal,t_df5_noise3,heavy_tail_signal,1000,100,3,0.1,0.9,3.0,101003,2003,gmm_oracle,nan,GaussianMixtureDiag,nan,nan,120,manual_mult_auto,141.89385332046726,1.0,0.01,1.0,0.1,300,nan,3,0,nan,nan,[],0.9850571443836785,0.9715480347037165,nan,0.995,nan,nan,nan,nan,nan,nan,nan,nan,nan,nan,nan,nan,nan,nan,nan,455.984375,ok,0,,outputs/misspec_robustness_tuned
misspec_tuned__t_df5_noise3__heavy_tail_signal__seed2004__DIVI_p1,run_divi_misspec_robustness_tuned.py,2026-04-02T15:20:38Z,unknown,local,cpu,x86_64,synthetic_heavy_tail_signal,t_df5_noise3,heavy_tail_signal,1000,100,3,0.1,0.9,3.0,101004,2004,DIVI,1,DIVI,1000.0,1.0,120,manual_mult_auto,141.89385332046726,1.0,0.01,1.0,0.1,300,300,3,2,120,240,"[120, 240]",0.9939940000962764,0.987603151547432,1.0,0.998,10,0.1,0.2760770320892334,0.18178075551986694,187374.453125,180496.546875,6877.90625,184064.90625,3.30954647064209,1.0304778360000455,0.12481053300007261,0.9025178709998727,0.0016709400001673202,0.0024430299999949057,0.003008392903332909,456.36328125,ok,0,,outputs/misspec_robustness_tuned,"[120, 240]",informative_kw_llr,"[1 1 2 1 2 1 0 2 0 0 0 0 2 1 1 2 2 2 1 0 0 0 2 0 2 0 1 0 0 1 0 0 1 0 2 2 2
 1 0 1 0 2 2 2 0 0 1 0 0 2 1 0 1 0 1 2 2 1 1 1 1 2 1 2 0 0 0 2 1 2 0 1 0 2
 1 1 1 0 2 2 1 1 2 1 0 1 0 1 2 2 1 2 2 0 1 2 2 1 2 0 0 1 2 1 1 1 0 2 2 0 0
 1 2 2 1 0 1 0 1 1 1 1 1 0 1 2 0 2 2 1 1 0 2 0 0 2 1 2 0 0 2 0 1 0 1 1 2 2
 1 2 0 0 0 1 1 2 2 1 1 2 0 0 1 2 2 1 0 1 1 1 0 1 2 2 1 0 1 2 2 2 2 2 0 1 2
 0 2 1 1 0 2 1 1 0 2 1 2 1 0 1 1 1 0 0 1 0 2 1 2 0 2 2 0 2 0 1 2 1 0 1 0 0
 0 1 1 1 0 0 1 2 1 0 1 0 0 1 2 2 0 1 0 1 2 1 0 0 2 0 0 2 1 1 2 0 0 2 2 1 0
 0 2 2 0 0 1 1 1 1 0 0 0 0 1 0 1 0 2 1 0 1 0 1 0 1 1 2 1 0 1 2 2 2 0 1 0 2
 1 2 0 0 0 2 2 1 2 0 0 0 2 2 2 1 2 1 0 0 1 1 2 1 2 2 1 2 2 1 1 0 2 1 2 2 1
 2 2 1 0 0 2 0 2 2 2 0 2 1 1 0 0 2 1 0 0 2 2 0 0 0 2 2 2 0 1 1 0 1 0 2 0 2
 2 1 1 1 2 0 2 2 2 2 1 0 1 2 2 0 1 2 1 2 0 0 0 0 1 2 0 1 2 1 1 2 2 2 0 1 1
 2 2 2 0 0 0 1 2 2 1 2 2 0 2 0 0 2 1 2 2 0 2 0 1 0 1 1 0 2 1 2 0 1 0 0 0 2
 1 1 2 2 1 2 1 0 0 2 0 0 1 0 1 0 0 0 2 0 2 2 1 2 0 1 2 0 0 2 0 1 2 2 1 2 1
 1 0 2 2 1 1 2 0 1 2 1 1 0 0 0 1 2 2 2 0 0 0 1 0 2 2 2 0 1 0 2 0 0 2 2 1 1
 2 1 0 0 2 1 2 1 1 1 1 2 0 1 1 0 0 1 1 0 2 2 0 2 0 0 1 1 2 0 2 0 0 1 1 2 2
 0 0 2 0 0 0 1 2 0 0 2 2 2 1 1 0 2 1 1 0 0 0 1 1 0 2 1 2 2 0 0 0 0 2 2 0 2
 1 1 2 2 0 1 2 0 2 1 2 0 1 0 2 1 1 0 1 2 1 2 2 1 2 1 1 0 0 0 2 0 2 2 0 0 2
 0 1 0 2 2 2 1 1 2 1 1 1 0 0 0 0 2 2 0 2 2 1 2 2 2 0 0 0 2 1 2 1 0 0 0 1 1
 1 1 2 0 0 2 1 2 2 2 1 2 0 0 0 1 1 1 0 0 2 0 2 1 2 1 2 2 0 2 0 1 2 0 1 2 1
 1 2 2 0 1 0 0 2 0 1 0 2 2 1 2 0 1 1 1 0 0 2 2 1 2 2 1 2 2 2 2 1 0 0 1 2 1
 0 2 0 0 1 1 2 1 1 1 1 1 1 2 1 1 2 0 2 2 0 0 1 0 0 1 1 0 0 1 1 1 0 1 2 2 0
 1 0 0 1 2 0 0 1 2 1 0 2 1 2 2 0 1 1 1 2 1 1 1 2 2 0 2 2 2 2 2 2 0 0 1 1 2
 2 2 1 2 2 2 2 1 2 2 1 2 0 1 0 1 0 2 1 1 1 0 1 0 1 1 1 0 1 0 1 1 1 0 0 1 2
 1 1 2 2 2 2 0 0 0 2 0 2 2 2 0 0 1 2 0 1 2 1 0 2 1 0 1 1 1 1 0 0 0 1 0 1 0
 2 1 0 2 2 0 0 1 2 2 2 0 0 1 2 0 0 2 0 2 0 1 1 2 1 0 0 2 1 0 0 0 2 1 1 1 2
 2 1 1 1 0 2 1 0 1 0 0 0 0 0 0 0 0 2 0 0 2 2 1 1 2 2 1 2 1 0 2 0 1 0 0 0 1
 0 1 0 2 2 0 1 2 2 0 1 0 2 1 0 1 1 2 1 0 0 2 1 0 1 2 0 1 2 1 1 0 2 2 2 2 1
 2]"
misspec_tuned__t_df5_noise3__heavy_tail_signal__seed2004__DIVI_p2,run_divi_misspec_robustness_tuned.py,2026-04-02T15:20:38Z,unknown,local,cpu,x86_64,synthetic_heavy_tail_signal,t_df5_noise3,heavy_tail_signal,1000,100,3,0.1,0.9,3.0,101004,2004,DIVI,2,DIVI,1000.0,1.0,120,manual_mult_auto,141.89385332046726,1.0,0.01,1.0,0.1,300,300,3,2,120,240,"[120, 240]",0.9939940000962764,0.987603151547432,0.18181818181818182,0.998,100,1.0,0.673768937587738,0.671241044998169,165760.6875,146920.921875,18839.765625,159482.046875,6.278635501861572,0.8439285869999367,3.100000003541936e-05,0.8411871869998322,0.0016976799997792114,0.0021682999999939057,0.002803957289999441,454.71484375,ok,0,,outputs/misspec_robustness_tuned,"[120, 240]",noninformative_uniform,"[1 1 2 1 2 1 0 2 0 0 0 0 2 1 1 2 2 2 1 0 0 0 2 0 2 0 1 0 0 1 0 0 1 0 2 2 2
 1 0 1 0 2 2 2 0 0 1 0 0 2 1 0 1 0 1 2 2 1 1 1 1 2 1 2 0 0 0 2 1 2 0 1 0 2
 1 1 1 0 2 2 1 1 2 1 0 1 0 1 2 2 1 2 2 0 1 2 2 1 2 0 0 1 2 1 1 1 0 2 2 0 0
 1 2 2 1 0 1 0 1 1 1 1 1 0 1 2 0 2 2 1 1 0 2 0 0 2 1 2 0 0 2 0 1 0 1 1 2 2
 1 2 0 0 0 1 1 2 2 1 1 2 0 0 1 2 2 1 0 1 1 1 0 1 2 2 1 0 1 2 2 2 2 2 0 1 2
 0 2 1 1 0 2 1 1 0 2 1 2 1 0 1 1 1 0 0 1 0 2 1 2 0 2 2 0 2 0 1 2 1 0 1 0 0
 0 1 1 1 0 0 1 2 1 0 1 0 0 1 2 2 0 1 0 1 2 1 0 0 2 0 0 2 1 1 2 0 0 2 2 1 0
 0 2 2 0 0 1 1 1 1 0 0 0 0 1 0 1 0 2 1 0 1 0 1 0 1 1 2 1 0 1 2 2 2 0 1 0 2
 1 2 0 0 0 2 2 1 2 0 0 0 2 2 2 1 2 1 0 0 1 1 2 1 2 2 1 2 2 1 1 0 2 1 2 2 1
 2 2 1 0 0 2 0 2 2 2 0 2 1 1 0 0 2 1 0 0 2 2 0 0 0 2 2 2 0 1 1 0 1 0 2 0 2
 2 1 1 1 2 0 2 2 2 2 1 0 1 2 2 0 1 2 1 2 0 0 0 0 1 2 0 1 2 1 1 2 2 2 0 1 1
 2 2 2 0 0 0 1 2 2 1 2 2 0 2 0 0 2 1 2 2 0 2 0 1 0 1 1 0 2 1 2 0 1 0 0 0 2
 1 1 2 2 1 2 1 0 0 2 0 0 1 0 1 0 0 0 2 0 2 2 1 2 0 1 2 0 0 2 0 1 2 2 1 2 1
 1 0 2 2 1 1 2 0 1 2 1 1 0 0 0 1 2 2 2 0 0 0 1 0 2 2 2 0 1 0 2 0 0 2 2 1 1
 2 1 0 0 2 1 2 1 1 1 1 2 0 1 1 0 0 1 1 0 2 2 0 2 0 0 1 1 2 0 2 0 0 1 1 2 2
 0 0 2 0 0 0 1 2 0 0 2 2 2 1 1 0 2 1 1 0 0 0 1 1 0 2 1 2 2 0 0 0 0 2 2 0 2
 1 1 2 2 0 1 2 0 2 1 2 0 1 0 2 1 1 0 1 2 1 2 2 1 2 1 1 0 0 0 2 0 2 2 0 0 2
 0 1 0 2 2 2 1 1 2 1 1 1 0 0 0 0 2 2 0 2 2 1 2 2 2 0 0 0 2 1 2 1 0 0 0 1 1
 1 1 2 0 0 2 1 2 2 2 1 2 0 0 0 1 1 1 0 0 2 0 2 1 2 1 2 2 0 2 0 1 2 0 1 2 1
 1 2 2 0 1 0 0 2 0 1 0 2 2 1 2 0 1 1 1 0 0 2 2 1 2 2 1 2 2 2 2 1 0 0 1 2 1
 0 2 0 0 1 1 2 1 1 1 1 1 1 2 1 1 2 0 2 2 0 0 1 0 0 1 1 0 0 1 1 1 0 1 2 2 0
 1 0 0 1 2 0 0 1 2 1 0 2 1 2 2 0 1 1 1 2 1 1 1 2 2 0 2 2 2 2 2 2 0 0 1 1 2
 2 2 1 2 2 2 2 1 2 2 1 2 0 1 0 1 0 2 1 1 1 0 1 0 1 1 1 0 1 0 1 1 1 0 0 1 2
 1 1 2 2 2 2 0 0 0 2 0 2 2 2 0 0 1 2 0 1 2 1 0 2 1 0 1 1 1 1 0 0 0 1 0 1 0
 2 1 0 2 2 0 0 1 2 2 2 0 0 1 2 0 0 2 0 2 0 1 1 2 1 0 0 2 1 0 0 0 2 1 1 1 2
 2 1 1 1 0 2 1 0 1 0 0 0 0 0 0 0 0 2 0 0 2 2 1 1 2 2 1 2 1 0 2 0 1 0 0 0 1
 0 1 0 2 2 0 1 2 2 0 1 0 2 1 0 1 1 2 1 0 0 2 1 0 1 2 0 1 2 1 1 0 2 2 2 2 1
 2]"
misspec_tuned__t_df5_noise3__heavy_tail_signal__seed2004__DIVI_p3,run_divi_misspec_robustness_tuned.py,2026-04-02T15:20:38Z,unknown,local,cpu,x86_64,synthetic_heavy_tail_signal,t_df5_noise3,heavy_tail_signal,1000,100,3,0.1,0.9,3.0,101004,2004,DIVI,3,DIVI,1000.0,1.0,120,manual_mult_auto,141.89385332046726,1.0,0.01,1.0,0.1,300,300,3,2,120,240,"[120, 240]",0.9970015045323003,0.9938029489046497,0.2285714285714286,0.999,60,0.6,0.5506888628005981,0.5897603034973145,173149.875,158946.25,14203.625,168076.8125,5.073066711425781,0.879671784999573,3.219999962311704e-05,0.8767743650000739,0.0016991699999380216,0.002246819999982108,0.0029225812166669128,464.25,ok,0,,outputs/misspec_robustness_tuned,"[120, 240]",random_prior,"[1 1 2 1 2 1 0 2 0 0 0 0 2 1 1 2 2 2 1 0 0 0 2 0 2 0 1 0 0 1 0 0 1 0 2 2 2
 1 0 1 0 2 2 2 0 0 1 0 0 2 1 0 1 0 1 2 2 1 1 1 1 2 1 2 0 0 0 2 1 2 0 1 0 2
 1 1 1 0 2 2 1 1 2 1 0 1 0 1 2 2 1 2 2 0 1 2 2 1 2 0 0 1 2 1 1 1 0 2 2 0 0
 1 2 2 1 0 1 0 1 1 1 1 1 0 1 2 0 2 2 1 1 0 2 0 0 2 1 2 0 0 2 0 1 0 1 1 2 2
 1 2 0 0 0 1 1 2 2 1 1 2 0 0 1 2 2 1 0 1 1 1 0 1 2 2 1 0 1 2 2 2 2 2 0 1 2
 0 2 1 1 0 2 1 1 0 2 1 2 1 0 1 1 1 0 0 1 0 2 1 2 0 2 2 0 2 0 1 2 1 0 1 0 0
 0 1 1 1 0 0 1 2 1 0 1 0 0 1 2 2 0 1 0 1 2 1 0 0 2 0 0 2 1 1 2 0 0 2 2 1 0
 0 2 2 0 0 1 1 1 1 0 0 0 0 1 0 1 0 2 1 0 1 0 1 0 1 1 2 1 0 1 2 2 2 0 1 0 2
 1 2 0 0 0 2 2 1 2 0 0 0 2 2 2 1 2 1 0 0 1 1 2 1 2 2 1 2 2 1 1 0 2 1 2 2 1
 2 2 1 0 0 2 0 2 2 2 0 2 1 1 0 0 2 1 0 0 2 2 0 0 0 2 2 2 0 1 1 0 1 0 2 0 2
 2 1 1 1 2 0 2 2 2 2 1 0 1 2 2 0 1 2 1 2 0 0 0 0 1 2 0 1 2 1 1 2 2 2 0 1 1
 2 2 2 0 0 0 1 2 2 1 2 2 0 2 0 0 2 1 2 2 0 2 0 1 0 1 1 0 2 1 2 0 1 0 0 0 2
 1 1 2 2 1 2 1 0 0 2 0 0 1 0 1 0 0 0 2 0 2 2 1 2 0 1 2 0 0 2 0 1 2 2 1 2 1
 1 0 2 2 1 1 2 0 1 2 1 1 0 0 0 1 2 2 2 0 0 0 1 0 2 2 2 0 1 0 2 0 0 2 2 1 1
 2 1 0 0 2 1 2 1 1 1 1 2 0 1 1 0 0 1 1 0 2 2 0 2 0 0 1 1 2 0 2 0 0 1 1 2 2
 0 0 2 0 0 0 1 2 0 0 2 2 2 1 1 0 2 1 1 0 0 0 1 1 0 2 1 2 2 0 0 0 0 2 2 0 2
 1 1 2 2 0 1 2 0 2 1 2 0 1 0 2 1 1 0 1 2 1 2 2 1 2 1 1 0 0 0 2 0 2 2 0 0 2
 0 1 0 2 2 2 1 1 2 1 1 1 0 0 0 0 2 2 0 2 2 1 2 2 2 0 0 0 2 1 2 1 0 0 0 1 1
 1 1 2 0 0 2 1 2 2 2 1 2 0 0 0 1 1 1 0 0 2 0 2 1 2 1 2 2 0 2 0 1 2 0 1 2 1
 1 2 2 0 1 0 0 2 0 1 0 2 2 1 2 0 1 1 1 0 0 2 2 1 2 2 1 2 2 2 2 1 0 0 1 2 1
 0 2 0 0 1 1 2 1 1 1 1 1 1 2 1 1 2 0 2 2 0 0 1 0 0 1 1 0 0 1 1 1 0 1 2 2 0
 1 0 0 1 2 0 0 1 2 1 0 2 1 2 2 0 1 1 1 2 1 1 1 2 2 0 2 2 2 2 2 2 0 0 1 1 2
 2 2 1 2 2 2 2 1 2 2 1 2 0 1 0 1 0 0 1 1 1 0 1 0 1 1 1 0 1 0 1 1 1 0 0 1 2
 1 1 2 2 2 2 0 0 0 2 0 2 2 2 0 0 1 2 0 1 2 1 0 2 1 0 1 1 1 1 0 0 0 1 0 1 0
 2 1 0 2 2 0 0 1 2 2 2 0 0 1 2 0 0 2 0 2 0 1 1 2 1 0 0 2 1 0 0 0 2 1 1 1 2
 2 1 1 1 0 2 1 0 1 0 0 0 0 0 0 0 0 2 0 0 2 2 1 1 2 2 1 2 1 0 2 0 1 0 0 0 1
 0 1 0 2 2 0 1 2 2 0 1 0 2 1 0 1 1 2 1 0 0 2 1 0 1 2 0 1 2 1 1 0 2 2 2 2 1
 2]"
misspec_tuned__t_df5_noise3__heavy_tail_signal__seed2004__kmeans_oracle,run_divi_misspec_robustness_tuned.py,2026-04-02T15:20:38Z,unknown,local,cpu,x86_64,synthetic_heavy_tail_signal,t_df5_noise3,heavy_tail_signal,1000,100,3,0.1,0.9,3.0,101004,2004,kmeans_oracle,nan,KMeans,nan,nan,120,manual_mult_auto,141.89385332046726,1.0,0.01,1.0,0.1,300,nan,3,0,nan,nan,[],0.9820813066437447,0.9658312292950557,nan,0.994,nan,nan,nan,nan,nan,nan,nan,nan,nan,nan,nan,nan,nan,nan,nan,459.796875,ok,0,,outputs/misspec_robustness_tuned
misspec_tuned__t_df5_noise3__heavy_tail_signal__seed2004__gmm_oracle,run_divi_misspec_robustness_tuned.py,2026-04-02T15:20:38Z,unknown,local,cpu,x86_64,synthetic_heavy_tail_signal,t_df5_noise3,heavy_tail_signal,1000,100,3,0.1,0.9,3.0,101004,2004,gmm_oracle,nan,GaussianMixtureDiag,nan,nan,120,manual_mult_auto,141.89385332046726,1.0,0.01,1.0,0.1,300,nan,3,0,nan,nan,[],0.9970015045323003,0.9938029489046497,nan,0.999,nan,nan,nan,nan,nan,nan,nan,nan,nan,nan,nan,nan,nan,nan,nan,459.796875,ok,0,,outputs/misspec_robustness_tuned
misspec_tuned__t_df5_noise3__heavy_tail_signal__seed2005__DIVI_p1,run_divi_misspec_robustness_tuned.py,2026-04-02T15:20:41Z,unknown,local,cpu,x86_64,synthetic_heavy_tail_signal,t_df5_noise3,heavy_tail_signal,1000,100,3,0.1,0.9,3.0,101005,2005,DIVI,1,DIVI,1000.0,1.0,120,manual_mult_auto,141.89385332046726,1.0,0.01,1.0,0.1,300,300,3,2,120,240,"[120, 240]",0.9820904867605501,0.9688255298248292,1.0,0.994,10,0.1,0.25638988614082336,0.17001456022262573,188516.109375,181110.34375,7405.765625,185573.109375,2.943006992340088,1.1880603989998235,0.10791156400000546,1.0763464749998093,0.0019768909996855655,0.003301520000150049,0.003587821583332698,465.015625,ok,0,,outputs/misspec_robustness_tuned,"[120, 240]",informative_kw_llr,"[0 2 2 1 1 2 2 0 0 2 1 2 1 1 0 1 1 0 2 2 2 0 0 1 0 2 1 1 1 2 1 0 2 2 1 1 0
 1 1 2 1 2 2 0 0 2 2 2 1 2 2 0 2 1 0 0 0 1 1 0 1 0 1 0 0 0 0 1 0 0 1 0 1 1
 1 1 0 1 1 2 2 2 2 2 2 0 0 2 0 2 1 2 2 1 2 1 1 0 0 1 2 1 1 0 2 0 1 1 0 1 2
 0 0 0 2 1 2 0 1 0 0 1 1 1 0 1 2 1 2 1 1 1 2 2 1 1 2 0 1 0 0 0 1 1 1 0 2 0
 2 2 1 2 2 2 1 2 1 0 0 1 1 2 1 2 2 1 0 0 1 0 0 2 1 0 2 2 1 2 2 1 1 0 2 1 0
 0 1 2 1 1 0 0 0 0 1 2 2 0 2 0 2 0 0 2 2 2 2 1 1 0 1 1 0 2 1 0 2 0 1 2 0 2
 0 1 1 0 0 1 2 1 2 2 1 1 0 2 1 2 1 1 2 2 1 2 1 2 0 1 1 0 0 1 2 0 1 0 0 1 2
 0 0 1 2 1 0 0 1 2 0 0 1 1 1 0 0 2 2 1 2 2 0 0 0 1 2 2 0 1 1 2 0 0 0 1 0 0
 2 1 2 0 1 1 0 1 0 1 1 1 0 0 2 0 0 2 1 0 0 2 0 2 1 2 2 1 1 1 2 2 0 1 2 0 0
 0 2 1 0 0 0 0 1 2 1 2 0 0 0 2 2 1 0 2 0 0 0 1 1 2 1 2 0 2 1 1 2 1 1 2 0 2
 2 2 2 1 2 2 2 2 2 0 1 0 2 1 0 0 2 1 0 0 2 0 1 2 1 2 0 2 1 1 0 2 0 1 2 2 1
 0 2 0 0 2 1 2 0 0 1 2 0 2 1 2 0 1 0 1 2 1 0 0 0 2 0 2 2 2 0 0 2 1 0 2 2 1
 0 1 0 2 2 2 1 2 0 2 1 0 1 1 2 2 0 2 2 2 0 1 0 2 2 2 0 1 1 1 0 1 0 0 1 2 0
 0 2 0 2 0 2 1 0 1 0 2 1 2 0 0 1 2 1 2 0 0 2 2 1 2 0 1 2 2 1 2 0 0 0 0 2 2
 1 0 2 0 2 2 1 2 2 0 0 1 2 0 0 0 2 1 0 0 1 2 2 2 0 2 2 2 0 2 1 2 1 2 2 0 2
 1 0 2 2 2 2 1 0 2 1 2 1 2 1 1 1 0 0 2 1 2 2 2 2 1 0 2 1 2 1 1 0 1 1 1 2 1
 1 1 2 1 1 1 2 1 1 1 1 0 1 1 1 1 1 1 2 1 0 0 0 0 0 0 2 0 2 0 2 0 2 1 0 0 0
 2 0 2 1 1 2 1 2 2 1 2 2 2 2 0 2 1 2 1 2 0 2 0 0 0 1 1 0 0 1 2 1 2 0 1 0 2
 2 0 0 2 0 0 0 0 1 1 0 0 2 2 1 1 0 0 0 1 1 1 2 0 0 2 0 2 1 1 1 1 0 0 2 1 1
 0 1 2 2 0 2 1 0 2 2 0 0 2 2 1 2 2 1 2 2 1 0 0 1 0 0 0 1 1 2 2 1 1 2 1 0 0
 1 2 0 2 0 2 1 0 2 0 2 2 2 0 1 1 2 1 2 1 0 2 0 0 0 0 2 1 0 2 1 0 0 2 2 1 1
 1 1 2 2 1 2 1 2 1 0 1 1 1 0 1 0 0 2 2 1 1 2 1 2 1 2 2 1 1 2 2 2 0 0 1 2 1
 0 2 0 0 2 1 1 2 0 2 0 0 0 0 1 0 1 0 1 0 2 0 1 2 1 1 1 0 1 2 0 0 2 2 1 2 1
 0 1 0 0 2 1 1 2 2 1 2 0 2 1 2 1 1 2 2 1 0 1 2 0 0 2 1 2 1 0 2 0 2 2 1 1 1
 0 0 0 0 2 0 0 0 2 1 1 2 0 1 1 2 0 1 0 1 1 0 0 2 2 1 2 2 1 1 2 0 1 0 2 2 0
 2 0 1 0 0 0 0 0 0 2 0 0 1 0 2 2 0 1 1 2 1 2 0 2 1 0 1 1 0 0 1 0 1 0 2 1 1
 2 0 2 0 0 0 0 0 0 2 0 1 2 1 2 0 1 0 0 2 2 1 1 1 1 1 0 0 0 0 1 1 0 0 1 2 0
 2]"
misspec_tuned__t_df5_noise3__heavy_tail_signal__seed2005__DIVI_p2,run_divi_misspec_robustness_tuned.py,2026-04-02T15:20:41Z,unknown,local,cpu,x86_64,synthetic_heavy_tail_signal,t_df5_noise3,heavy_tail_signal,1000,100,3,0.1,0.9,3.0,101005,2005,DIVI,2,DIVI,1000.0,1.0,120,manual_mult_auto,141.89385332046726,1.0,0.01,1.0,0.1,300,300,3,2,120,240,"[120, 240]",0.9850573247734459,0.9732804641379098,0.18181818181818182,0.995,100,1.0,0.673638105392456,0.6724970936775208,165938.671875,149319.953125,16618.71875,159674.53125,6.264147758483887,1.1595210410000618,4.073999980391818e-05,1.1559132209999916,0.0022313600002235034,0.0029975600000398117,0.003853044069999972,466.921875,ok,0,,outputs/misspec_robustness_tuned,"[120, 240]",noninformative_uniform,"[0 2 2 1 1 2 2 0 0 2 1 2 1 1 0 1 1 0 2 2 2 0 0 1 0 2 1 1 1 2 1 0 2 2 1 1 0
 1 1 2 1 2 2 0 0 2 2 2 1 2 2 0 2 1 0 0 0 1 1 0 1 0 1 0 0 0 0 1 0 0 1 0 1 1
 1 1 0 1 1 2 2 2 2 2 2 0 0 2 0 2 1 2 2 1 2 1 1 0 0 1 2 1 1 0 2 0 1 1 0 1 2
 0 0 0 2 1 2 0 1 0 0 1 1 1 0 1 2 1 2 1 1 1 2 2 1 1 2 0 1 0 0 0 1 1 1 0 2 0
 2 2 1 2 2 2 1 2 1 0 0 1 1 2 1 2 2 1 0 0 1 0 0 2 1 0 2 2 1 2 2 1 1 0 2 1 0
 0 1 2 1 1 0 0 0 0 1 2 2 0 2 0 2 0 0 2 2 2 2 1 1 0 1 1 0 2 1 0 2 0 1 2 0 2
 0 1 1 0 0 1 2 1 2 2 1 1 0 2 1 2 1 1 2 2 1 2 1 2 0 1 1 0 0 1 2 0 1 0 0 1 2
 0 0 1 2 1 0 0 1 2 0 0 1 1 1 0 0 2 2 1 2 2 0 0 0 1 2 2 0 1 1 2 0 0 0 1 0 0
 2 1 2 0 1 1 0 1 0 1 1 1 0 0 2 0 0 2 1 0 0 2 0 2 1 2 2 1 1 1 2 2 0 1 2 0 0
 0 2 1 0 0 0 0 1 2 1 2 0 0 0 2 2 1 0 2 0 0 0 1 1 2 1 2 0 2 1 1 2 1 1 2 0 2
 2 2 2 1 2 2 2 2 2 0 1 0 2 1 0 0 2 1 0 0 2 0 1 2 1 2 0 2 1 1 0 2 0 1 2 2 1
 0 2 0 0 2 1 2 0 0 1 2 0 2 1 2 0 1 0 1 2 1 0 0 0 2 0 2 2 2 0 0 2 1 0 2 2 1
 0 1 0 2 2 2 1 2 0 2 1 0 1 1 2 2 0 2 2 2 0 1 0 2 2 2 0 1 1 1 0 1 0 0 1 2 0
 0 2 0 2 0 2 1 0 1 0 2 1 1 0 0 1 2 1 2 0 0 2 2 1 2 0 1 2 2 1 2 0 0 0 0 2 2
 1 0 2 0 2 2 1 2 2 0 0 1 2 0 0 0 2 1 0 0 1 2 2 2 0 2 2 2 0 2 1 2 1 2 2 0 2
 1 0 2 2 2 2 1 0 2 1 2 1 2 1 1 1 0 0 2 1 2 2 2 2 1 0 2 1 2 1 1 0 1 1 1 2 1
 1 1 2 1 1 1 2 1 1 1 1 0 1 1 1 1 1 1 2 1 0 0 0 0 0 0 2 0 2 0 2 0 2 1 0 0 0
 2 0 2 1 1 2 1 2 2 1 2 2 2 2 0 2 1 2 1 2 0 2 0 0 0 1 1 0 0 1 2 1 2 0 1 0 2
 2 0 0 2 0 0 0 0 1 1 0 0 2 2 1 1 0 0 0 1 1 1 2 0 0 2 0 2 1 1 1 1 0 0 2 1 1
 0 1 2 2 0 2 1 0 2 2 0 0 2 2 1 2 2 1 2 2 1 0 0 1 0 0 0 1 1 2 2 1 1 2 1 0 0
 1 2 0 2 0 2 1 0 2 0 2 2 2 0 1 1 2 1 2 1 0 2 0 0 0 0 2 1 0 2 1 0 0 2 2 1 1
 1 1 2 2 1 2 1 2 1 0 1 1 1 0 1 0 0 2 2 1 1 2 1 2 1 2 2 1 1 2 2 2 0 0 1 2 1
 0 2 0 0 2 1 1 2 0 2 0 0 0 0 1 0 1 0 1 0 2 0 1 2 1 1 1 0 1 2 0 0 2 2 1 2 1
 0 1 0 0 2 1 1 2 2 1 2 0 2 1 2 1 1 2 2 1 0 1 2 0 0 2 1 2 1 0 2 0 2 2 1 1 1
 0 0 0 0 2 0 0 0 2 1 1 2 0 1 1 2 0 1 0 1 1 0 0 2 2 1 2 2 1 1 2 0 1 0 2 2 0
 2 0 1 0 0 0 0 0 0 2 0 0 1 0 2 2 0 1 1 2 1 2 0 2 1 0 1 1 0 0 1 0 1 0 2 1 1
 2 0 2 0 0 0 0 0 0 2 0 1 2 1 2 0 1 0 0 2 2 1 1 1 1 1 0 0 0 0 1 1 0 0 1 2 0
 2]"
misspec_tuned__t_df5_noise3__heavy_tail_signal__seed2005__DIVI_p3,run_divi_misspec_robustness_tuned.py,2026-04-02T15:20:41Z,unknown,local,cpu,x86_64,synthetic_heavy_tail_signal,t_df5_noise3,heavy_tail_signal,1000,100,3,0.1,0.9,3.0,101005,2005,DIVI,3,DIVI,1000.0,1.0,120,manual_mult_auto,141.89385332046726,1.0,0.01,1.0,0.1,300,300,3,2,120,240,"[120, 240]",0.9615231369664329,0.9419498612624687,0.20224719101123595,0.987,79,0.79,0.6467568278312683,0.6819950938224792,166500.078125,152657.34375,13842.734375,162229.640625,4.270440101623535,0.8315433379998467,2.5831000129983295e-05,0.8285345879999113,0.001739399999678426,0.002542220000123052,0.0027617819599997043,464.6328125,ok,0,,outputs/misspec_robustness_tuned,"[120, 240]",random_prior,"[0 2 2 1 1 2 2 0 0 2 1 2 1 1 0 1 1 0 2 2 2 0 0 1 0 2 1 1 1 2 1 0 2 2 1 1 0
 1 1 2 1 2 2 0 0 2 2 2 1 2 2 0 2 1 0 0 0 1 1 0 1 0 1 0 0 0 0 1 0 0 2 0 1 1
 1 1 0 1 1 2 2 2 2 2 2 0 0 2 0 2 1 2 2 1 2 1 2 0 0 1 2 1 1 0 2 0 1 1 0 1 2
 0 0 0 2 1 2 0 1 0 0 1 1 1 0 1 2 1 2 1 1 1 2 2 1 1 2 0 1 0 0 0 1 1 1 0 2 0
 2 2 1 2 2 2 1 2 1 0 0 1 1 2 1 2 2 1 0 0 1 0 0 2 1 0 2 2 1 2 2 1 1 0 2 1 0
 0 1 2 1 1 0 0 0 0 1 2 2 0 2 0 2 0 0 2 2 2 2 1 1 0 1 1 0 2 1 0 2 0 1 2 0 2
 0 1 1 0 0 1 2 1 2 2 1 1 0 2 1 2 1 1 2 2 1 2 1 2 0 1 1 0 0 1 2 0 1 0 0 1 2
 0 0 1 2 1 0 0 1 2 0 0 1 1 1 0 0 2 2 1 2 2 0 0 0 1 2 2 0 1 1 2 0 0 0 1 0 0
 2 1 2 0 1 1 0 1 0 1 1 1 0 0 2 0 0 2 1 0 0 2 0 2 1 2 2 1 1 1 2 2 0 1 2 0 0
 0 2 1 0 0 0 0 1 2 1 2 0 0 0 2 2 1 0 2 0 0 0 1 1 2 1 2 0 2 1 1 2 1 1 2 0 2
 2 2 2 1 2 2 2 2 2 0 1 0 2 1 0 0 2 1 0 0 2 0 1 2 1 2 0 2 1 1 0 2 0 1 2 2 1
 0 2 0 0 2 1 2 0 0 1 2 0 2 1 2 0 1 0 1 2 1 0 0 0 2 0 2 2 2 0 0 2 1 0 2 2 1
 0 1 0 2 2 2 1 2 0 2 1 0 1 1 2 2 0 2 2 2 0 1 0 2 2 2 0 1 1 1 0 1 0 0 1 2 0
 0 2 0 2 0 2 1 0 1 0 2 1 1 0 0 1 2 1 2 0 0 2 2 1 2 0 1 2 2 1 2 0 0 0 0 2 2
 1 0 2 0 2 2 1 2 2 0 0 1 2 0 0 0 2 1 0 0 1 2 2 2 0 2 2 2 0 2 2 2 1 2 2 0 2
 1 0 2 2 2 2 1 0 2 1 2 1 2 1 1 1 0 0 2 1 2 2 2 2 1 0 2 1 2 1 1 0 1 1 1 2 1
 1 1 2 1 1 1 2 1 1 1 1 0 1 1 1 1 1 1 0 1 0 0 0 0 0 0 2 0 2 0 2 0 2 1 0 0 0
 2 0 2 1 1 2 1 2 2 1 2 2 2 2 0 2 1 2 1 2 0 2 0 0 0 1 1 0 0 1 2 1 2 0 1 0 2
 2 0 0 2 0 0 0 0 1 1 0 0 2 2 1 1 0 0 0 1 1 1 2 0 0 2 0 2 1 1 1 1 0 0 2 1 1
 0 1 2 2 0 2 1 0 2 2 0 0 2 2 1 2 2 1 2 2 1 0 0 1 0 0 0 1 1 2 2 1 1 2 1 0 0
 1 2 0 2 0 2 1 0 2 0 2 2 2 0 1 1 2 1 2 1 0 2 0 0 0 0 2 1 0 2 1 0 0 2 2 1 1
 1 1 2 2 1 2 1 2 1 0 1 1 1 0 1 0 0 2 2 1 1 2 1 2 1 2 2 1 1 2 2 2 0 0 1 2 1
 0 2 0 0 2 1 1 2 0 2 0 0 0 0 1 0 1 0 1 0 2 0 1 2 2 1 1 0 1 2 0 0 2 2 1 2 1
 0 1 0 0 2 1 1 2 0 1 2 0 2 1 2 1 1 2 2 1 0 1 2 0 0 2 1 2 1 0 2 0 2 2 1 1 1
 0 0 0 0 2 0 0 0 2 1 1 2 0 1 1 2 0 1 0 1 1 0 0 2 2 1 2 2 1 1 2 0 1 0 2 2 0
 2 0 1 0 0 0 0 0 0 2 0 0 1 0 2 2 0 2 1 2 1 2 0 2 1 0 1 1 0 0 1 0 1 0 2 1 1
 2 0 2 0 0 0 0 0 0 2 0 1 2 1 2 0 1 0 0 2 2 1 1 2 1 1 0 0 0 0 1 1 0 0 1 2 0
 2]"
misspec_tuned__t_df5_noise3__heavy_tail_signal__seed2005__kmeans_oracle,run_divi_misspec_robustness_tuned.py,2026-04-02T15:20:41Z,unknown,local,cpu,x86_64,synthetic_heavy_tail_signal,t_df5_noise3,heavy_tail_signal,1000,100,3,0.1,0.9,3.0,101005,2005,kmeans_oracle,nan,KMeans,nan,nan,120,manual_mult_auto,141.89385332046726,1.0,0.01,1.0,0.1,300,nan,3,0,nan,nan,[],0.9880240722640465,0.9764763717311977,nan,0.996,nan,nan,nan,nan,nan,nan,nan,nan,nan,nan,nan,nan,nan,nan,nan,464.6328125,ok,0,,outputs/misspec_robustness_tuned
misspec_tuned__t_df5_noise3__heavy_tail_signal__seed2005__gmm_oracle,run_divi_misspec_robustness_tuned.py,2026-04-02T15:20:41Z,unknown,local,cpu,x86_64,synthetic_heavy_tail_signal,t_df5_noise3,heavy_tail_signal,1000,100,3,0.1,0.9,3.0,101005,2005,gmm_oracle,nan,GaussianMixtureDiag,nan,nan,120,manual_mult_auto,141.89385332046726,1.0,0.01,1.0,0.1,300,nan,3,0,nan,nan,[],0.9910135858709991,0.9826706392158682,nan,0.997,nan,nan,nan,nan,nan,nan,nan,nan,nan,nan,nan,nan,nan,nan,nan,464.63671875,ok,0,,outputs/misspec_robustness_tuned
misspec_tuned__t_df5_noise3__heavy_tail_signal__seed2006__DIVI_p1,run_divi_misspec_robustness_tuned.py,2026-04-02T15:20:44Z,unknown,local,cpu,x86_64,synthetic_heavy_tail_signal,t_df5_noise3,heavy_tail_signal,1000,100,3,0.1,0.9,3.0,101006,2006,DIVI,1,DIVI,1000.0,1.0,120,manual_mult_auto,141.89385332046726,1.0,0.01,1.0,0.1,300,300,3,2,120,240,"[120, 240]",0.996996990984967,0.9938015906454756,1.0,0.999,10,0.1,0.2627614736557007,0.17555910348892212,187933.890625,181134.9375,6798.953125,184955.828125,2.9780631065368652,1.0731820949999928,0.12616057300010652,0.9430524119998154,0.002133790000243607,0.003408170000056998,0.0031435080399993846,463.4921875,ok,0,,outputs/misspec_robustness_tuned,"[120, 240]",informative_kw_llr,"[2 1 1 0 0 1 0 1 2 0 1 0 0 2 2 1 0 1 1 1 1 0 0 0 1 2 2 0 2 0 0 0 1 2 0 2 2
 0 0 2 0 0 2 1 1 0 0 2 0 2 2 0 2 0 2 1 2 1 1 2 1 1 2 2 1 1 1 0 2 1 2 0 1 0
 2 2 1 1 1 0 1 0 0 2 1 0 1 1 1 2 0 0 0 2 2 2 0 0 0 2 2 2 0 0 2 0 0 1 0 0 1
 0 2 0 1 1 2 1 0 1 1 2 1 1 0 2 0 0 0 1 1 1 1 1 2 1 0 1 0 2 0 2 2 2 2 2 1 0
 0 1 1 2 2 2 1 1 0 2 1 0 0 2 0 0 0 0 1 0 2 0 0 0 0 1 1 2 2 2 1 2 2 2 2 1 2
 1 0 2 2 1 2 2 1 1 2 2 2 1 1 0 0 1 2 1 0 0 2 2 2 2 1 1 2 1 1 2 2 1 2 1 1 1
 2 0 1 1 0 2 2 2 0 1 1 2 1 2 1 2 0 2 1 1 1 2 1 2 0 2 0 1 1 2 2 2 0 2 2 0 2
 2 2 0 1 1 0 1 2 2 1 1 1 1 1 0 0 0 1 1 2 1 1 2 0 2 1 1 2 1 2 2 2 1 0 0 0 0
 1 1 1 0 2 1 0 0 0 0 2 1 2 1 0 0 0 2 0 2 2 2 0 2 0 0 0 1 1 1 0 0 2 0 0 1 0
 1 1 2 2 1 1 2 2 1 2 1 0 0 1 1 1 0 0 1 2 2 2 1 1 0 0 0 2 0 1 0 2 1 0 0 0 0
 1 0 2 1 1 0 2 2 0 1 0 1 0 2 1 0 0 1 1 1 1 1 0 1 2 0 0 1 2 0 0 0 2 0 2 1 0
 1 0 1 1 0 2 2 1 1 2 0 1 0 1 2 1 2 1 2 2 1 1 2 0 1 2 2 1 1 2 1 0 0 1 2 1 2
 0 1 0 0 0 1 1 0 2 2 2 0 1 2 1 2 2 0 2 0 2 0 2 2 1 0 1 2 1 2 1 1 2 2 1 1 0
 1 2 2 1 2 1 0 0 1 2 1 0 0 0 2 1 1 1 2 0 2 0 0 1 2 1 1 2 0 0 2 2 2 0 2 2 2
 2 1 1 1 2 1 0 1 2 1 0 2 0 1 1 1 0 1 2 2 2 2 0 2 2 1 2 0 0 2 2 0 1 1 1 1 2
 0 0 1 2 0 2 2 0 0 0 1 0 2 2 1 1 0 2 0 2 2 1 0 2 1 0 0 2 2 0 0 1 2 2 2 0 0
 1 0 2 2 1 2 0 1 1 0 2 2 2 0 2 2 2 0 1 0 2 0 1 2 0 0 0 2 1 0 1 1 0 1 0 1 1
 2 1 2 1 1 0 0 1 2 1 0 0 1 1 1 1 2 1 2 1 1 1 1 2 2 0 2 1 0 0 0 2 1 1 0 0 0
 1 0 0 2 0 1 1 2 0 2 1 2 2 2 1 2 0 0 0 1 0 2 2 1 2 2 2 1 0 1 0 2 1 0 2 2 0
 0 2 1 2 0 2 1 2 1 2 1 2 0 2 2 1 1 0 1 2 0 2 0 2 0 2 0 0 1 0 0 0 0 0 1 2 0
 2 1 2 0 0 1 0 0 0 0 0 1 0 2 1 2 0 0 1 0 1 1 2 2 0 0 1 0 1 0 0 1 0 2 2 2 1
 0 0 0 1 0 0 0 1 1 2 1 0 0 1 1 1 2 1 2 0 0 2 0 0 2 1 1 0 1 1 1 1 0 0 2 2 2
 2 0 0 1 1 1 1 0 0 2 0 2 1 0 1 2 0 2 1 1 1 2 2 0 0 1 0 2 1 1 2 1 2 0 0 2 0
 0 0 0 2 1 0 1 1 0 0 0 1 2 2 2 2 0 0 0 1 1 2 1 2 1 0 0 0 1 1 2 2 2 0 2 0 1
 0 1 2 2 0 1 0 2 2 1 2 2 2 0 2 0 2 0 0 0 1 1 1 2 0 1 0 2 1 1 1 1 2 1 2 1 2
 2 0 1 1 0 0 1 2 2 0 2 0 0 1 2 2 1 1 0 1 2 1 2 1 2 2 2 2 1 2 0 2 2 0 1 1 2
 1 2 2 1 0 2 2 2 2 1 0 0 1 2 1 2 0 0 0 0 0 2 2 0 2 0 2 0 2 1 0 1 2 1 0 2 0
 1]"
misspec_tuned__t_df5_noise3__heavy_tail_signal__seed2006__DIVI_p2,run_divi_misspec_robustness_tuned.py,2026-04-02T15:20:44Z,unknown,local,cpu,x86_64,synthetic_heavy_tail_signal,t_df5_noise3,heavy_tail_signal,1000,100,3,0.1,0.9,3.0,101006,2006,DIVI,2,DIVI,1000.0,1.0,120,manual_mult_auto,141.89385332046726,1.0,0.01,1.0,0.1,300,300,3,2,120,240,"[120, 240]",0.9939940000962764,0.987603151547432,0.18181818181818182,0.998,100,1.0,0.6708696484565735,0.6702089309692383,165821.703125,147856.625,17965.078125,159740.515625,6.081192493438721,0.9684983199999806,2.9489000098692486e-05,0.9651567619998787,0.0022429600003306405,0.0027132790000905516,0.0032171892066662623,462.08984375,ok,0,,outputs/misspec_robustness_tuned,"[120, 240]",noninformative_uniform,"[2 1 1 0 0 1 0 1 2 0 1 0 0 2 2 1 0 1 1 1 1 0 0 0 1 2 2 0 2 0 0 0 1 2 0 2 2
 0 0 2 0 0 2 1 1 0 0 2 0 2 2 0 2 0 2 1 2 1 1 2 1 1 2 2 1 1 1 0 2 1 2 0 1 0
 2 2 1 1 1 0 1 0 0 2 1 0 1 1 1 2 0 0 0 2 2 2 0 0 1 2 2 2 0 0 2 0 0 1 0 0 1
 0 2 0 1 1 2 1 0 1 1 2 1 1 0 2 0 0 0 1 1 1 1 1 2 1 0 1 0 2 0 2 2 2 2 2 1 0
 0 1 1 2 2 2 1 1 0 2 1 0 0 2 0 0 0 0 1 0 2 0 0 0 0 1 1 2 2 2 1 2 2 2 2 1 2
 1 0 2 2 1 2 2 1 1 2 2 2 1 1 0 0 1 2 1 0 0 2 2 2 2 1 1 2 1 1 2 2 1 2 1 1 1
 2 0 1 1 0 2 2 2 0 1 1 2 1 2 1 2 0 2 1 1 1 2 1 2 0 2 0 1 1 2 2 2 0 2 2 0 2
 2 2 0 1 1 0 1 2 2 1 1 1 1 1 0 0 0 1 1 2 1 1 2 0 2 1 1 2 1 2 2 2 1 0 0 0 0
 1 1 1 0 2 1 0 0 0 0 2 1 2 1 0 0 0 2 0 2 2 2 0 2 0 0 0 1 1 1 0 0 2 0 0 1 0
 1 1 2 2 1 1 2 2 1 2 1 0 0 1 1 1 0 0 1 2 2 2 1 1 0 0 0 2 0 1 0 2 1 0 0 0 0
 1 0 2 1 1 0 2 2 0 1 0 1 0 2 1 0 0 1 1 1 1 1 0 1 2 0 0 1 2 0 0 0 2 0 2 1 0
 1 0 1 1 0 2 2 1 1 2 0 1 0 1 2 1 2 1 2 2 1 1 2 0 1 2 2 1 1 2 1 0 0 1 2 1 2
 0 1 0 0 0 1 1 0 2 2 2 0 1 2 1 2 2 0 2 0 2 0 2 2 1 0 1 2 1 2 1 1 2 2 1 1 0
 1 2 2 1 2 1 0 0 1 2 1 0 0 0 2 1 1 1 2 0 2 0 0 1 2 1 1 2 0 0 2 2 2 0 2 2 2
 2 1 1 1 2 1 0 1 2 1 0 2 0 1 1 1 0 1 2 2 2 2 0 2 2 1 2 0 0 2 2 0 1 1 1 1 2
 0 0 1 2 0 2 2 0 0 0 1 0 2 2 1 1 0 2 0 2 2 1 0 2 1 0 0 2 2 0 0 1 2 2 2 0 0
 1 0 2 2 1 2 0 1 1 0 2 2 2 0 2 2 2 0 1 0 2 0 1 2 0 0 0 2 1 0 1 1 0 1 0 1 1
 2 1 2 1 1 0 0 1 2 1 0 0 1 1 1 1 2 1 2 1 1 1 1 2 2 0 2 1 0 0 0 2 1 1 0 0 0
 1 0 0 2 0 1 1 2 0 2 1 2 2 2 1 2 0 0 0 1 0 2 2 1 2 2 2 1 0 1 0 2 1 0 2 2 0
 0 2 1 2 0 2 1 2 1 2 1 2 0 2 2 1 1 0 1 2 0 2 0 2 0 2 0 0 1 0 0 0 0 0 1 2 0
 2 1 2 0 0 1 0 0 0 0 0 1 0 2 1 2 0 0 1 0 1 1 2 2 0 0 1 0 1 0 0 1 0 2 2 2 1
 0 0 0 1 0 0 0 1 1 2 1 0 0 1 1 1 2 1 2 0 0 2 0 0 2 1 1 0 1 1 1 1 0 0 2 2 2
 2 0 0 1 1 1 1 0 0 2 0 2 1 0 1 2 0 2 1 1 1 2 2 0 0 1 0 2 1 1 2 1 2 0 0 2 0
 0 0 0 2 1 0 1 1 0 0 0 1 2 2 2 2 0 0 0 1 1 2 1 2 1 0 0 0 1 1 2 2 2 0 2 0 1
 0 1 2 2 0 1 0 2 2 1 2 2 2 0 2 0 2 0 0 0 1 1 1 2 0 1 0 2 1 1 1 1 2 1 2 1 2
 2 0 1 1 0 0 1 2 2 0 2 0 0 1 2 2 1 1 0 1 2 1 2 1 2 2 2 2 1 2 0 2 2 0 1 1 2
 1 2 2 1 0 2 2 2 2 1 0 0 1 2 1 2 0 0 0 0 0 2 2 0 2 0 2 0 2 1 0 1 2 1 0 2 0
 1]"
misspec_tuned__t_df5_noise3__heavy_tail_signal__seed2006__DIVI_p3,run_divi_misspec_robustness_tuned.py,2026-04-02T15:20:44Z,unknown,local,cpu,x86_64,synthetic_heavy_tail_signal,t_df5_noise3,heavy_tail_signal,1000,100,3,0.1,0.9,3.0,101006,2006,DIVI,3,DIVI,1000.0,1.0,120,manual_mult_auto,141.89385332046726,1.0,0.01,1.0,0.1,300,300,3,2,120,240,"[120, 240]",0.9850347574184227,0.9720144781949459,0.1686746987951807,0.995,73,0.73,0.6018819212913513,0.6461522579193115,169405.921875,155963.34375,13442.578125,164668.71875,4.737209796905518,0.9399418319999313,3.569000000425149e-05,0.937072371999875,0.001919549999456649,0.002198910000061005,0.003123574573332917,457.89453125,ok,0,,outputs/misspec_robustness_tuned,"[120, 240]",random_prior,"[0 1 1 2 2 1 2 1 0 2 1 2 2 0 0 1 2 1 1 1 1 2 2 2 1 0 0 2 0 2 2 2 1 0 2 0 0
 2 2 0 2 2 0 1 1 2 2 0 2 0 0 2 0 2 0 1 0 1 1 0 1 1 0 0 1 1 1 2 0 1 0 2 1 2
 0 0 1 1 1 2 1 2 2 0 1 2 1 1 1 0 2 2 2 0 0 0 2 2 1 0 0 0 2 2 0 2 2 1 2 2 1
 2 0 2 1 1 0 1 2 1 1 0 1 1 2 0 2 2 2 1 1 1 1 1 0 1 2 1 2 0 2 0 0 0 0 0 1 2
 2 1 1 0 0 0 1 1 2 0 1 2 2 0 2 2 2 2 1 2 0 2 2 2 2 1 1 0 0 0 1 0 0 0 0 1 0
 1 2 0 0 1 0 0 1 1 0 0 0 1 1 2 2 1 0 1 2 2 0 0 0 0 1 1 0 1 1 0 0 1 0 1 1 1
 0 2 1 1 2 0 0 0 2 1 1 0 1 0 1 0 2 0 1 1 1 0 1 0 2 0 2 1 1 0 0 0 2 0 0 2 0
 0 0 2 1 1 2 1 0 0 1 1 1 1 1 2 2 2 1 1 0 1 1 0 2 0 1 1 0 1 0 0 0 1 2 2 2 2
 1 1 1 2 0 1 2 2 2 2 0 1 0 1 2 2 2 0 2 0 0 0 2 0 2 2 2 1 1 1 2 2 0 2 2 1 2
 1 1 0 0 1 1 0 0 1 0 1 2 2 1 1 1 2 2 1 0 0 0 1 1 2 2 2 0 2 1 2 0 1 2 2 2 2
 1 2 0 1 1 2 0 0 1 1 2 1 2 0 1 2 2 1 1 1 1 1 2 1 0 2 2 1 0 2 2 2 0 2 0 1 2
 1 2 1 1 2 0 0 1 1 0 2 1 2 1 0 1 0 1 0 0 1 1 0 2 1 0 0 1 1 0 1 2 2 1 0 1 0
 2 1 2 2 2 1 1 2 0 0 0 2 1 0 1 0 0 2 0 2 0 2 0 0 1 2 1 0 1 0 1 1 0 0 1 1 2
 1 0 0 1 0 1 2 2 1 0 1 2 2 2 0 1 1 1 0 2 0 2 2 1 0 1 1 0 2 2 0 0 0 2 0 0 0
 0 0 1 1 0 1 2 1 0 1 2 0 2 1 1 1 2 1 0 0 0 0 2 0 0 1 0 2 2 0 0 2 1 1 1 1 0
 2 2 1 0 2 0 0 2 2 2 1 2 0 0 1 1 2 0 2 0 0 1 2 0 1 2 2 0 0 2 2 1 0 0 1 2 2
 1 2 0 0 1 0 2 1 1 2 0 0 0 2 0 0 0 2 1 2 0 2 1 0 2 2 2 0 1 2 1 1 1 1 2 1 1
 0 1 0 1 1 2 2 1 0 1 2 2 1 1 1 0 0 1 0 1 1 1 1 0 0 2 0 1 2 2 2 0 1 1 2 2 2
 1 2 2 0 2 1 1 0 2 0 1 0 0 0 1 0 2 2 2 1 2 0 0 1 0 0 0 1 2 1 2 0 1 2 0 0 2
 2 0 1 0 2 0 1 0 1 0 1 0 2 0 0 1 1 2 1 0 2 0 2 0 2 0 2 2 1 2 2 2 2 2 1 0 2
 0 1 0 2 2 1 2 2 2 2 2 1 2 0 1 0 2 2 1 2 1 1 0 0 2 2 1 2 1 2 2 1 2 0 0 0 1
 2 2 2 1 2 2 2 1 1 0 1 2 2 1 1 1 0 1 0 2 2 0 2 2 0 1 1 2 1 1 1 1 2 2 0 0 0
 0 2 2 1 1 1 1 2 2 0 2 0 1 2 1 0 2 0 1 1 1 0 0 2 2 1 2 0 1 1 0 1 0 2 2 0 2
 2 2 2 0 1 2 1 1 2 2 2 1 0 0 0 0 2 2 2 1 1 0 1 0 1 2 2 2 1 1 0 0 0 2 0 2 1
 2 1 0 0 2 1 2 0 0 1 0 0 0 2 0 2 0 2 2 2 1 1 1 0 2 1 2 0 1 1 1 1 0 1 0 1 0
 0 2 1 1 2 2 1 0 0 2 0 2 2 1 0 0 1 1 2 1 0 1 0 1 0 0 0 0 1 0 2 0 0 2 1 1 0
 1 0 0 1 2 0 0 0 0 1 2 2 1 0 1 0 2 2 2 2 2 0 0 2 0 2 0 2 0 1 2 1 0 1 2 0 2
 1]"
misspec_tuned__t_df5_noise3__heavy_tail_signal__seed2006__kmeans_oracle,run_divi_misspec_robustness_tuned.py,2026-04-02T15:20:44Z,unknown,local,cpu,x86_64,synthetic_heavy_tail_signal,t_df5_noise3,heavy_tail_signal,1000,100,3,0.1,0.9,3.0,101006,2006,kmeans_oracle,nan,KMeans,nan,nan,120,manual_mult_auto,141.89385332046726,1.0,0.01,1.0,0.1,300,nan,3,0,nan,nan,[],0.9910045135969009,0.981408846713949,nan,0.997,nan,nan,nan,nan,nan,nan,nan,nan,nan,nan,nan,nan,nan,nan,nan,457.89453125,ok,0,,outputs/misspec_robustness_tuned
misspec_tuned__t_df5_noise3__heavy_tail_signal__seed2006__gmm_oracle,run_divi_misspec_robustness_tuned.py,2026-04-02T15:20:44Z,unknown,local,cpu,x86_64,synthetic_heavy_tail_signal,t_df5_noise3,heavy_tail_signal,1000,100,3,0.1,0.9,3.0,101006,2006,gmm_oracle,nan,GaussianMixtureDiag,nan,nan,120,manual_mult_auto,141.89385332046726,1.0,0.01,1.0,0.1,300,nan,3,0,nan,nan,[],1.0,1.0,nan,1.0,nan,nan,nan,nan,nan,nan,nan,nan,nan,nan,nan,nan,nan,nan,nan,457.89453125,ok,0,,outputs/misspec_robustness_tuned
misspec_tuned__t_df5_noise3__heavy_tail_signal__seed2007__DIVI_p1,run_divi_misspec_robustness_tuned.py,2026-04-02T15:20:47Z,unknown,local,cpu,x86_64,synthetic_heavy_tail_signal,t_df5_noise3,heavy_tail_signal,1000,100,3,0.1,0.9,3.0,101007,2007,DIVI,1,DIVI,1000.0,1.0,120,manual_mult_auto,141.89385332046726,1.0,0.01,1.0,0.1,300,300,3,2,120,240,"[120, 240]",0.9880420722104089,0.9777410259568494,1.0,0.996,10,0.1,0.27020758390426636,0.19468146562576294,187845.40625,180505.4375,7339.96875,184650.046875,3.1953580379486084,0.965639560999989,0.10731797500011453,0.8555690160001177,0.002247469999929308,0.0022564999999303836,0.0028518967200003922,459.80078125,ok,0,,outputs/misspec_robustness_tuned,"[120, 240]",informative_kw_llr,"[1 0 0 1 1 1 1 1 2 1 0 0 2 0 1 2 2 2 1 2 2 2 1 0 0 0 1 2 0 1 0 2 1 1 2 0 2
 2 2 2 1 0 0 1 0 0 2 2 2 2 0 2 0 1 0 0 0 2 2 1 0 0 0 0 1 2 1 1 1 1 2 0 2 0
 0 0 0 0 0 1 2 0 1 0 0 1 2 1 2 0 0 1 2 1 2 2 2 0 2 0 1 1 1 2 1 2 0 1 1 2 0
 1 1 0 2 2 0 1 2 0 2 0 1 0 0 2 2 0 1 1 2 1 2 2 0 1 2 2 1 1 0 1 1 0 1 1 1 0
 0 1 2 2 1 1 0 2 2 0 1 0 2 0 0 1 1 2 0 2 0 0 1 0 0 2 0 0 0 0 1 2 1 2 0 2 1
 2 1 1 1 1 0 1 1 2 0 2 0 1 1 1 2 0 2 1 2 1 1 0 2 1 1 2 1 2 0 0 2 1 0 2 1 1
 1 0 1 0 0 1 2 1 1 2 0 1 0 1 0 0 2 0 1 0 2 0 0 0 0 1 0 2 1 1 2 2 0 0 2 2 2
 0 0 2 0 1 1 2 0 0 0 2 1 0 2 0 1 0 1 2 2 1 2 0 2 1 0 0 0 2 2 0 2 1 2 0 1 1
 0 1 2 2 1 0 2 1 2 0 0 1 2 1 1 1 0 1 0 1 2 1 1 1 0 0 2 0 1 1 2 0 2 1 1 2 0
 0 0 2 0 2 1 2 2 1 2 1 1 0 2 1 0 2 2 0 1 0 0 2 0 0 1 2 0 2 2 2 2 0 1 2 1 0
 2 1 2 2 1 0 1 0 2 2 1 2 0 1 2 1 2 0 2 1 2 1 0 2 0 2 0 0 0 2 0 2 1 1 2 0 2
 2 0 1 1 2 2 1 0 1 0 0 2 0 2 0 0 1 1 1 2 0 2 0 0 2 2 1 1 1 2 2 1 1 2 0 1 1
 2 0 0 1 1 2 0 1 2 1 2 0 0 1 1 2 0 1 0 2 0 2 0 0 0 0 2 0 1 0 1 0 2 0 2 2 0
 2 1 1 2 1 1 2 0 2 2 1 1 1 0 1 1 2 1 2 0 1 1 0 2 2 0 2 2 1 1 0 1 0 0 0 1 0
 0 1 0 0 0 1 2 2 2 2 2 2 2 1 0 2 0 1 0 2 1 1 1 0 0 1 1 2 1 0 2 0 2 0 2 0 1
 1 0 0 0 1 2 0 2 1 2 1 0 1 2 0 2 1 2 0 0 0 2 0 1 0 2 2 2 0 1 0 2 1 1 2 2 0
 1 2 2 1 1 2 0 0 1 2 1 0 2 1 2 2 1 1 0 0 0 2 2 0 2 2 0 2 1 0 0 0 2 0 0 0 1
 2 1 2 2 2 2 2 2 2 1 2 1 0 2 1 2 1 0 0 2 1 2 1 2 1 1 2 2 1 1 2 2 1 2 1 1 1
 2 0 1 0 2 1 1 0 1 0 1 1 2 1 2 2 2 1 0 1 1 1 1 0 2 2 1 1 1 2 1 2 2 2 0 0 2
 2 1 2 2 2 0 0 0 1 1 1 1 0 2 2 2 2 1 1 2 2 0 1 2 1 2 0 1 1 0 0 0 1 1 1 1 2
 2 2 0 0 0 1 1 2 1 2 1 1 1 0 0 2 1 1 2 0 2 1 0 1 0 2 1 0 2 1 1 0 0 2 0 0 2
 0 0 0 2 1 2 0 2 1 2 2 1 2 2 2 1 1 1 0 1 2 2 0 1 1 2 0 0 2 1 1 0 1 1 2 0 1
 1 0 2 0 2 2 0 2 0 1 2 2 1 2 1 2 0 2 2 1 2 2 2 0 0 1 2 0 2 1 1 1 0 2 2 2 1
 2 0 1 2 1 0 2 2 2 0 0 1 0 0 1 2 0 0 2 1 0 1 0 1 1 0 0 1 1 2 1 0 2 0 0 1 0
 2 0 0 0 1 0 2 0 2 0 0 0 1 1 0 2 2 1 2 0 0 2 2 2 2 0 1 0 0 0 1 1 2 0 1 0 2
 2 0 0 2 0 2 2 0 1 1 1 0 1 1 0 0 1 1 2 1 2 0 0 2 1 0 1 1 2 0 2 0 2 1 0 2 2
 0 1 2 0 0 0 2 1 1 0 1 1 1 0 1 0 1 1 1 2 0 2 2 0 0 0 2 0 1 0 2 0 1 1 2 1 0
 2]"
misspec_tuned__t_df5_noise3__heavy_tail_signal__seed2007__DIVI_p2,run_divi_misspec_robustness_tuned.py,2026-04-02T15:20:47Z,unknown,local,cpu,x86_64,synthetic_heavy_tail_signal,t_df5_noise3,heavy_tail_signal,1000,100,3,0.1,0.9,3.0,101007,2007,DIVI,2,DIVI,1000.0,1.0,120,manual_mult_auto,141.89385332046726,1.0,0.01,1.0,0.1,300,300,3,2,120,240,"[120, 240]",0.9850616308503923,0.9715494361121765,0.18181818181818182,0.995,100,1.0,0.6716815829277039,0.6682254076004028,165928.875,147922.703125,18006.171875,159817.8125,6.111064434051514,0.7997499389998666,1.9999999949504854e-05,0.797327869000128,0.0017173299997921276,0.0020242099999450147,0.00265775956333376,459.80078125,ok,0,,outputs/misspec_robustness_tuned,"[120, 240]",noninformative_uniform,"[1 0 0 1 1 1 1 1 2 1 0 0 2 0 1 2 2 2 1 2 2 2 1 0 0 0 1 2 0 1 0 2 1 1 2 0 2
 2 2 2 1 0 0 1 0 0 2 2 2 2 0 2 0 1 0 0 0 2 2 1 0 0 0 0 1 2 1 1 1 1 2 0 2 0
 0 0 0 0 0 1 2 0 1 0 0 1 2 1 2 0 0 1 2 1 2 2 2 0 2 0 1 1 1 2 1 2 0 1 1 2 0
 1 1 0 2 2 0 1 2 0 2 0 1 0 0 2 2 0 1 1 2 1 2 2 0 1 2 2 1 1 0 1 1 0 1 1 1 0
 0 1 2 2 1 1 0 2 2 0 1 0 2 0 0 1 1 2 0 2 0 0 1 0 0 2 0 0 0 0 1 2 1 2 0 2 1
 2 1 1 1 1 0 1 1 2 0 2 0 1 1 1 2 0 2 1 2 1 1 0 2 1 1 2 1 2 0 0 2 0 0 2 1 1
 1 0 1 0 0 1 2 1 1 2 0 1 0 1 0 0 2 0 1 0 1 0 0 0 0 1 0 2 1 1 2 2 0 0 2 2 2
 0 0 2 0 1 1 2 0 0 0 2 1 0 2 0 1 0 1 2 2 1 2 0 2 1 0 0 0 2 2 0 2 1 2 0 1 1
 0 1 2 2 1 0 2 1 2 0 0 1 2 1 1 1 0 1 0 1 2 1 1 1 0 0 2 0 1 1 2 0 2 1 1 2 0
 0 0 2 0 2 1 2 2 1 2 1 1 0 2 1 0 2 2 0 1 0 0 2 0 0 1 2 0 2 2 2 2 0 1 2 1 0
 2 1 2 2 1 0 1 0 2 2 1 2 0 1 2 1 2 0 2 1 2 1 0 2 0 2 0 0 0 2 0 2 1 1 2 0 2
 2 0 1 1 2 2 1 0 1 0 0 2 0 2 0 0 1 1 1 2 0 2 0 0 2 2 1 1 1 2 2 1 1 2 0 1 1
 2 0 0 1 1 2 0 1 2 1 2 0 0 1 1 2 0 1 0 2 0 2 0 0 0 0 2 0 1 0 1 0 2 0 2 2 0
 2 1 1 2 1 1 2 0 2 2 1 1 1 0 1 1 2 1 2 0 1 1 0 2 2 0 2 2 1 1 0 1 0 0 0 1 0
 0 1 0 0 0 1 2 2 2 2 2 2 2 1 0 2 0 1 0 2 1 1 1 0 0 1 1 2 1 0 2 0 2 0 2 0 1
 1 0 0 0 1 2 0 2 1 2 1 0 1 2 0 2 1 2 0 0 0 2 0 1 0 2 2 2 0 1 0 2 1 1 2 2 0
 1 2 2 1 1 2 0 0 1 2 1 0 2 1 2 2 1 1 0 0 0 2 2 0 2 2 0 2 1 0 0 0 2 0 0 0 1
 2 1 2 2 2 2 2 2 2 1 2 1 0 2 1 2 1 0 0 2 1 2 1 2 1 1 2 2 1 1 2 2 1 2 1 1 1
 2 0 1 0 2 1 1 0 1 0 1 1 2 1 2 2 2 1 0 1 1 1 1 0 2 2 1 1 1 2 1 2 2 2 0 0 2
 2 1 2 2 2 0 0 0 1 1 1 1 0 2 2 2 2 1 1 2 2 0 1 2 1 2 0 1 1 0 0 0 1 1 1 1 2
 2 2 0 0 0 1 1 2 1 2 1 1 1 0 0 2 1 1 2 0 2 1 0 1 0 2 1 0 2 1 1 0 0 2 0 0 2
 0 0 0 2 1 2 0 2 1 2 2 1 2 2 2 1 1 1 0 1 2 2 0 1 1 2 0 0 2 1 1 0 1 1 2 0 1
 1 0 2 0 2 2 0 2 0 1 2 2 1 2 1 2 0 2 2 1 2 2 2 0 0 1 2 0 2 1 1 1 0 2 2 2 1
 2 0 1 2 1 0 2 2 2 0 0 1 0 0 1 2 0 0 2 1 0 2 0 1 1 0 0 1 1 2 1 0 2 0 0 1 0
 2 0 0 0 1 0 2 0 2 0 0 0 1 1 0 2 2 1 2 0 0 2 2 2 2 0 1 0 0 0 1 1 2 0 1 0 2
 2 0 0 2 0 2 2 0 1 1 1 0 1 1 0 0 1 1 2 1 2 0 0 2 1 0 1 1 2 0 2 0 2 1 0 2 2
 0 1 2 0 0 0 2 1 1 0 1 1 1 0 1 0 1 1 1 2 0 2 2 0 0 0 2 0 1 0 2 0 1 1 2 1 0
 2]"
misspec_tuned__t_df5_noise3__heavy_tail_signal__seed2007__DIVI_p3,run_divi_misspec_robustness_tuned.py,2026-04-02T15:20:47Z,unknown,local,cpu,x86_64,synthetic_heavy_tail_signal,t_df5_noise3,heavy_tail_signal,1000,100,3,0.1,0.9,3.0,101007,2007,DIVI,3,DIVI,1000.0,1.0,120,manual_mult_auto,141.89385332046726,1.0,0.01,1.0,0.1,300,300,3,2,120,240,"[120, 240]",0.9702682231909626,0.9473874037633708,0.1558441558441558,0.99,67,0.67,0.5999206900596619,0.6649813652038574,169948.078125,156835.890625,13112.1875,165610.1875,4.337884426116943,0.8329535970001416,2.5739999728102703e-05,0.8287825880001947,0.001779419999820675,0.0036632890000873886,0.0027626086266673154,463.109375,ok,0,,outputs/misspec_robustness_tuned,"[120, 240]",random_prior,"[2 1 1 2 2 2 2 2 0 2 1 1 0 1 2 0 0 0 2 0 0 0 2 1 1 1 2 0 1 1 1 0 2 2 0 1 0
 0 0 0 0 1 1 2 1 1 0 0 0 0 1 0 1 2 1 1 1 0 0 2 1 1 1 1 2 0 2 2 2 2 0 1 0 1
 1 1 1 1 1 2 0 1 2 1 1 2 0 2 0 1 1 2 0 2 0 0 0 1 0 1 2 2 2 0 2 0 1 2 2 0 1
 2 2 1 0 0 1 2 0 1 0 1 2 1 1 0 0 1 2 2 0 2 0 0 1 2 0 0 2 2 1 2 2 1 2 2 2 1
 1 2 0 0 2 2 1 0 0 1 2 1 0 1 1 2 2 0 1 0 1 1 2 1 1 0 1 1 1 1 2 0 2 0 1 0 2
 0 2 2 2 2 1 2 2 0 1 0 1 2 2 2 0 1 0 2 0 2 2 1 0 2 2 0 2 0 1 1 0 1 1 0 2 2
 2 1 2 1 1 2 0 2 2 0 1 2 1 2 1 1 0 1 2 1 0 1 1 1 1 2 1 0 2 2 0 0 1 1 0 0 0
 1 1 0 1 2 2 0 1 1 1 0 2 1 0 1 2 1 2 0 0 2 0 1 0 2 1 1 1 0 0 2 0 2 0 1 2 2
 1 2 0 0 2 1 0 2 0 1 1 2 0 2 2 2 1 2 1 2 0 2 2 2 1 1 0 1 2 2 0 1 0 2 2 0 1
 1 1 0 1 0 2 0 0 2 0 2 2 1 0 2 1 0 0 1 2 1 1 0 1 1 2 0 1 0 0 0 0 1 2 0 2 1
 0 2 0 0 2 1 2 1 0 0 2 0 1 2 0 2 0 1 0 2 0 2 1 0 1 0 1 1 1 0 1 0 2 2 0 1 0
 0 1 2 2 0 0 2 1 2 1 1 0 1 0 1 1 2 2 2 0 1 0 1 1 0 0 2 2 2 0 0 2 2 0 1 2 2
 0 1 1 2 2 0 1 2 0 2 0 1 1 2 2 0 1 2 1 0 1 0 1 1 1 1 0 1 2 1 2 1 0 1 0 0 1
 0 2 2 0 2 2 0 1 0 0 2 2 2 1 2 2 0 2 0 1 2 1 1 0 0 1 0 0 2 2 1 2 1 1 1 2 1
 1 2 1 1 1 2 0 0 0 0 0 0 0 2 1 0 1 2 1 0 2 2 2 1 1 2 2 0 2 1 0 1 0 1 0 1 2
 2 1 1 1 2 0 1 0 2 0 2 1 2 0 1 0 2 0 1 1 1 0 1 2 1 0 0 0 1 2 1 0 2 2 0 0 1
 2 0 0 2 2 0 1 1 2 0 2 1 0 2 0 0 2 2 1 1 1 0 0 1 0 0 1 0 2 1 1 1 0 1 1 1 2
 0 2 0 0 0 0 0 0 0 2 0 2 1 0 2 0 2 1 1 0 2 0 2 0 2 2 2 0 2 2 0 0 2 0 2 2 2
 0 1 2 1 0 2 2 1 2 1 2 2 0 2 0 0 0 2 1 2 2 2 2 1 0 0 2 2 2 0 2 0 0 0 1 1 0
 0 2 0 0 0 1 1 1 2 2 2 2 1 0 0 0 0 2 2 0 0 1 2 0 2 0 1 2 2 1 1 1 2 2 2 2 0
 0 0 1 1 1 2 2 0 2 0 2 2 2 1 1 0 2 2 0 1 0 2 1 2 1 0 2 1 0 2 2 1 1 0 1 1 0
 1 1 1 0 2 0 1 0 2 0 0 2 0 0 0 2 2 2 1 2 0 0 1 2 2 0 1 1 0 2 2 1 2 2 0 1 2
 2 1 0 1 0 0 1 0 1 2 0 0 2 0 2 0 1 0 0 2 0 0 0 1 1 2 0 1 0 2 2 2 1 0 0 0 2
 0 1 2 0 2 1 0 0 0 1 1 2 1 1 2 0 1 1 0 2 1 0 1 2 2 1 1 2 2 0 2 1 0 1 1 2 1
 0 1 1 1 2 1 0 1 0 1 1 1 2 2 1 0 0 2 0 1 1 0 0 0 0 1 2 1 1 1 2 0 0 1 2 1 0
 0 1 1 0 1 0 0 1 2 2 2 1 2 2 1 2 2 2 0 0 0 1 1 0 2 1 2 2 0 1 0 1 0 2 1 0 0
 1 2 0 1 1 1 0 2 2 1 2 2 2 1 2 1 2 2 2 0 1 0 0 1 1 1 0 1 2 1 0 1 2 2 0 2 1
 0]"
misspec_tuned__t_df5_noise3__heavy_tail_signal__seed2007__kmeans_oracle,run_divi_misspec_robustness_tuned.py,2026-04-02T15:20:47Z,unknown,local,cpu,x86_64,synthetic_heavy_tail_signal,t_df5_noise3,heavy_tail_signal,1000,100,3,0.1,0.9,3.0,101007,2007,kmeans_oracle,nan,KMeans,nan,nan,120,manual_mult_auto,141.89385332046726,1.0,0.01,1.0,0.1,300,nan,3,0,nan,nan,[],0.9880423248315265,0.9782142101036839,nan,0.996,nan,nan,nan,nan,nan,nan,nan,nan,nan,nan,nan,nan,nan,nan,nan,453.31640625,ok,0,,outputs/misspec_robustness_tuned
misspec_tuned__t_df5_noise3__heavy_tail_signal__seed2007__gmm_oracle,run_divi_misspec_robustness_tuned.py,2026-04-02T15:20:47Z,unknown,local,cpu,x86_64,synthetic_heavy_tail_signal,t_df5_noise3,heavy_tail_signal,1000,100,3,0.1,0.9,3.0,101007,2007,gmm_oracle,nan,GaussianMixtureDiag,nan,nan,120,manual_mult_auto,141.89385332046726,1.0,0.01,1.0,0.1,300,nan,3,0,nan,nan,[],0.9940030543120736,0.9888649712313575,nan,0.998,nan,nan,nan,nan,nan,nan,nan,nan,nan,nan,nan,nan,nan,nan,nan,453.31640625,ok,0,,outputs/misspec_robustness_tuned
misspec_tuned__t_df5_noise3__heavy_tail_signal__seed2008__DIVI_p1,run_divi_misspec_robustness_tuned.py,2026-04-02T15:20:50Z,unknown,local,cpu,x86_64,synthetic_heavy_tail_signal,t_df5_noise3,heavy_tail_signal,1000,100,3,0.1,0.9,3.0,101008,2008,DIVI,1,DIVI,1000.0,1.0,120,manual_mult_auto,141.89385332046726,1.0,0.01,1.0,0.1,300,300,3,2,120,240,"[120, 240]",0.9820992885460679,0.9678759862700554,1.0,0.994,10,0.1,0.26503580808639526,0.18863028287887573,187931.421875,180649.78125,7281.640625,184987.375,2.9440484046936035,0.9983363289998124,0.10660663399994519,0.8887933649998558,0.0016764000001785462,0.002467230000092968,0.0029626445499995194,462.34765625,ok,0,,outputs/misspec_robustness_tuned,"[120, 240]",informative_kw_llr,"[2 1 0 1 1 0 1 1 1 0 2 2 1 2 0 0 2 1 2 1 0 0 1 2 0 0 0 1 2 0 0 2 2 2 0 1 2
 2 1 1 0 0 1 1 1 0 1 0 0 0 2 1 0 1 1 2 0 1 0 1 2 2 2 1 2 0 2 0 1 2 2 2 1 0
 0 0 2 0 1 0 0 0 2 0 0 2 2 1 1 0 2 0 0 0 2 2 0 2 2 2 1 1 0 2 1 0 0 2 2 0 1
 2 2 2 2 2 0 1 0 0 2 1 1 0 2 2 1 1 2 1 2 1 1 1 0 0 2 0 1 2 1 0 1 2 0 0 1 2
 2 1 0 2 0 2 2 2 1 2 0 0 1 1 2 0 0 0 0 0 2 0 2 1 2 2 1 2 2 2 1 2 2 1 2 1 0
 2 2 2 2 0 2 1 2 2 1 2 0 0 2 0 1 1 2 0 1 2 0 0 2 1 0 2 0 1 2 0 2 1 2 0 0 0
 2 2 2 2 2 0 0 2 1 1 2 1 1 0 0 0 2 2 2 1 1 0 2 2 1 0 0 0 0 0 1 1 2 0 2 1 1
 0 2 1 0 0 0 2 1 1 0 0 1 0 2 0 2 2 1 1 1 2 1 2 1 2 0 1 0 2 2 2 1 0 1 2 1 1
 0 1 2 2 0 1 0 2 1 0 0 1 0 1 2 0 0 1 2 2 0 0 2 2 1 1 1 0 1 2 1 0 1 0 0 0 2
 1 0 2 2 1 0 1 2 1 0 2 1 1 2 0 0 0 1 0 0 0 2 2 1 1 2 0 2 2 0 2 1 2 2 1 1 2
 2 2 0 2 1 2 0 2 2 1 1 2 0 2 0 1 2 2 2 2 0 0 2 1 0 0 1 1 0 1 2 2 1 1 2 0 0
 1 1 0 2 2 0 1 1 0 2 2 1 1 2 0 1 0 1 1 0 2 0 0 2 2 1 1 2 2 1 1 0 2 0 0 2 0
 2 2 1 1 1 0 0 2 0 1 0 1 0 1 2 0 2 1 0 1 2 1 1 2 0 1 1 1 2 1 0 1 1 2 1 1 0
 1 2 1 0 1 0 0 0 2 2 0 1 1 1 1 1 0 2 0 2 2 0 0 0 0 0 2 1 0 0 1 0 0 2 1 0 1
 2 0 2 2 2 2 1 0 0 0 1 0 2 0 0 0 0 0 0 1 1 2 0 1 1 0 2 0 0 1 0 1 1 2 2 0 0
 0 1 1 0 2 0 1 2 1 2 0 0 1 0 2 0 1 1 1 1 1 0 0 1 1 0 2 1 0 0 0 1 2 1 1 2 2
 0 2 0 1 1 1 0 0 2 0 0 2 0 1 2 1 2 1 0 2 2 2 1 0 2 2 0 1 1 0 1 2 1 2 0 1 2
 0 0 1 1 1 0 2 2 1 1 0 0 2 1 0 1 1 1 2 0 1 1 1 2 2 2 1 0 1 1 2 1 1 1 0 1 1
 1 2 0 2 2 0 0 1 0 0 2 2 2 0 2 0 2 0 0 1 0 0 1 1 0 1 0 1 2 1 0 0 1 1 1 1 0
 2 1 0 2 1 1 1 1 0 2 1 2 2 2 0 1 0 2 1 1 2 1 2 0 0 0 2 2 1 1 2 0 1 0 1 2 1
 0 2 2 1 2 2 0 1 2 1 0 0 0 2 0 1 2 2 1 2 2 1 2 1 1 0 1 2 1 1 1 1 2 1 2 2 0
 0 1 1 1 0 1 2 0 0 2 2 2 2 0 2 0 1 1 2 2 1 1 2 0 1 1 1 2 0 1 2 0 1 0 0 2 1
 2 0 2 2 0 1 2 0 2 0 2 0 2 2 1 0 0 0 0 1 0 1 0 0 0 2 1 0 0 2 1 2 2 1 0 2 1
 1 2 2 2 2 0 2 0 0 2 0 2 0 1 0 2 0 2 0 2 2 0 0 2 1 1 2 0 2 2 1 0 0 1 1 0 2
 0 2 0 0 2 0 0 0 2 1 2 1 1 1 2 1 2 0 1 2 2 1 0 2 0 1 1 0 0 1 0 1 0 1 1 1 2
 0 1 2 2 0 2 1 1 1 1 0 0 2 1 1 2 1 0 1 0 0 1 2 1 2 1 2 0 0 0 2 0 1 1 1 1 1
 2 0 1 0 0 0 2 2 2 1 2 1 1 2 1 2 1 2 0 2 1 0 1 0 2 2 2 2 1 2 2 1 0 2 1 1 2
 0]"
misspec_tuned__t_df5_noise3__heavy_tail_signal__seed2008__DIVI_p2,run_divi_misspec_robustness_tuned.py,2026-04-02T15:20:50Z,unknown,local,cpu,x86_64,synthetic_heavy_tail_signal,t_df5_noise3,heavy_tail_signal,1000,100,3,0.1,0.9,3.0,101008,2008,DIVI,2,DIVI,1000.0,1.0,120,manual_mult_auto,141.89385332046726,1.0,0.01,1.0,0.1,300,300,3,2,120,240,"[120, 240]",0.9820363794697965,0.9670763922917477,0.18181818181818182,0.994,100,1.0,0.6734750866889954,0.6722713708877563,165920.5625,149050.0,16870.5625,159669.734375,6.250827312469482,0.8162682480001422,1.9520000023476314e-05,0.8119445389997964,0.0022023310002623475,0.003915329999927053,0.0027064817966659877,455.86328125,ok,0,,outputs/misspec_robustness_tuned,"[120, 240]",noninformative_uniform,"[0 2 1 2 2 1 2 2 2 1 0 0 2 0 1 1 0 2 0 2 1 1 2 0 1 1 1 2 0 1 1 0 0 0 2 2 0
 0 2 2 1 1 2 2 2 1 2 1 1 1 0 2 1 2 2 0 1 2 1 2 0 0 0 2 0 1 0 1 2 0 0 0 2 1
 1 1 0 1 2 1 1 1 0 1 1 0 0 2 2 1 0 1 1 1 0 0 1 0 0 0 2 2 1 0 2 1 1 0 0 1 2
 0 0 0 0 0 1 2 1 1 0 2 2 1 0 0 2 2 0 2 0 2 2 2 1 1 0 1 2 0 2 1 2 0 1 1 2 0
 0 2 1 0 1 0 0 0 2 0 1 1 2 2 0 1 1 1 1 1 0 1 0 2 0 0 2 0 0 0 2 0 0 2 0 2 1
 0 0 0 0 1 0 2 0 0 2 0 1 1 0 1 2 2 0 1 2 0 1 1 0 2 1 0 1 2 0 1 0 2 0 1 1 1
 0 0 0 0 0 1 1 0 0 2 0 2 2 1 1 1 0 0 0 2 2 1 0 0 2 1 1 1 1 1 2 2 0 1 0 2 2
 1 0 2 1 1 1 0 2 2 1 1 2 1 0 1 0 0 2 2 2 0 2 0 2 0 1 2 1 0 0 0 2 1 2 0 2 2
 1 2 0 0 1 2 1 0 2 1 1 2 1 2 0 1 1 2 0 0 1 1 0 0 2 2 2 1 2 0 2 1 2 1 1 1 0
 2 1 0 0 2 1 2 0 2 1 0 2 2 0 1 1 1 2 1 1 1 0 0 2 2 0 1 0 0 1 0 2 0 0 2 2 0
 0 0 1 0 2 0 1 0 0 2 2 0 1 0 1 2 0 0 0 0 1 1 0 2 1 1 2 2 1 2 0 0 2 2 0 1 1
 2 2 1 0 0 1 2 2 1 0 0 2 2 0 1 2 1 2 2 1 0 1 1 0 0 2 2 0 0 2 2 1 0 1 1 0 1
 0 0 2 2 2 1 1 0 1 2 1 2 1 2 0 1 0 2 1 2 0 2 2 0 1 2 2 2 0 2 1 2 2 0 2 2 1
 2 0 2 1 2 1 1 1 0 0 1 2 2 2 2 2 1 0 1 0 0 1 1 1 1 1 0 2 1 1 2 1 1 0 2 1 2
 0 1 0 0 0 0 2 1 1 1 2 1 0 1 1 1 1 1 1 2 2 0 1 2 2 1 0 1 1 2 1 2 2 0 0 1 1
 1 2 2 1 0 1 2 0 2 0 1 1 2 1 0 1 2 2 2 2 2 1 1 2 2 1 0 2 1 1 1 2 0 2 2 0 0
 1 0 1 2 2 2 1 1 0 1 1 0 1 2 0 2 0 2 1 0 0 0 2 1 0 0 1 2 2 1 2 0 2 0 1 2 0
 1 1 2 2 2 1 0 0 2 2 1 1 0 2 1 2 2 2 0 1 2 2 2 0 0 0 2 1 2 2 0 2 2 2 1 2 2
 2 0 1 0 0 1 1 2 1 1 0 0 0 1 0 1 0 1 1 2 1 1 2 2 1 2 1 2 0 2 2 1 2 2 2 2 2
 0 2 1 0 2 2 2 2 1 0 2 0 0 0 1 2 1 0 2 2 0 2 0 1 1 1 0 0 2 2 0 1 2 1 2 0 2
 1 0 0 2 0 0 1 2 0 2 1 1 1 0 1 2 0 0 2 0 0 2 0 2 2 1 2 0 2 2 2 2 0 2 0 0 1
 1 2 2 2 1 2 0 1 1 0 0 0 0 1 0 1 2 2 0 0 2 2 0 1 2 2 2 0 1 2 0 1 2 1 1 0 2
 0 1 0 0 1 2 0 1 0 1 0 1 0 0 2 1 1 1 1 2 1 2 1 1 1 0 2 1 1 0 2 0 0 2 1 0 2
 2 0 0 0 0 1 0 1 1 0 1 0 1 2 1 0 1 0 1 0 0 1 1 0 2 2 0 2 0 0 2 1 1 2 2 1 0
 1 0 1 1 0 1 1 1 0 2 0 2 2 2 0 2 0 1 2 0 0 2 1 0 1 2 2 1 1 0 1 2 1 2 2 2 0
 1 2 0 0 1 0 2 2 2 2 1 1 0 2 2 0 2 1 2 1 1 2 0 2 0 2 0 1 1 1 0 1 2 2 2 2 2
 0 1 2 1 1 1 0 0 0 2 0 2 2 0 2 0 2 0 1 0 2 1 2 1 0 0 0 0 2 0 0 2 1 0 2 2 0
 1]"
misspec_tuned__t_df5_noise3__heavy_tail_signal__seed2008__DIVI_p3,run_divi_misspec_robustness_tuned.py,2026-04-02T15:20:50Z,unknown,local,cpu,x86_64,synthetic_heavy_tail_signal,t_df5_noise3,heavy_tail_signal,1000,100,3,0.1,0.9,3.0,101008,2008,DIVI,3,DIVI,1000.0,1.0,120,manual_mult_auto,141.89385332046726,1.0,0.01,1.0,0.1,300,300,3,2,120,240,"[120, 240]",0.9910135316283827,0.9814115884087543,0.20930232558139536,0.997,76,0.76,0.629467785358429,0.6793559789657593,166192.4375,154470.671875,11721.765625,162305.078125,3.8873627185821533,0.8892665240000497,2.3190000320028048e-05,0.8859325050002553,0.0019423299995651178,0.0029042999999546737,0.002953108350000851,460.8203125,ok,0,,outputs/misspec_robustness_tuned,"[120, 240]",random_prior,"[2 1 0 1 1 0 1 1 1 0 2 2 1 2 0 0 2 1 2 1 0 0 1 2 0 0 0 1 2 0 0 2 2 2 1 1 2
 2 1 1 0 0 1 1 1 0 1 0 0 0 2 1 0 1 1 2 0 1 0 1 2 2 2 1 2 0 2 0 1 2 2 2 1 0
 0 0 2 0 1 0 0 0 2 0 0 2 2 1 1 0 2 0 0 0 2 2 0 2 2 2 1 1 0 2 1 0 0 2 2 0 1
 2 2 2 2 2 0 1 0 0 2 1 1 0 2 2 1 1 2 1 2 1 1 1 0 0 2 0 1 2 1 0 1 2 0 0 1 2
 2 1 0 2 0 2 2 2 1 2 0 0 1 1 2 0 0 0 0 0 2 0 2 1 2 2 1 2 2 2 1 2 2 1 2 1 0
 2 2 2 2 0 2 1 2 2 1 2 0 0 2 0 1 1 2 0 1 2 0 0 2 1 0 2 0 1 2 0 2 1 2 0 0 0
 2 2 2 2 2 0 0 2 1 1 2 1 1 0 0 0 2 2 2 1 1 0 2 2 1 0 0 0 0 0 1 1 2 0 2 1 1
 0 2 1 0 0 0 2 1 1 0 0 1 0 2 0 2 2 1 1 1 2 1 2 1 2 0 1 0 2 2 2 1 0 1 2 1 1
 0 1 2 2 0 1 0 2 1 0 0 1 0 1 2 0 0 1 2 2 0 0 2 2 1 1 1 0 0 2 1 0 1 0 0 0 2
 1 0 2 2 1 0 1 2 1 0 2 1 1 2 0 0 0 1 0 0 0 2 2 1 1 2 0 2 2 0 2 1 2 2 1 1 2
 2 2 0 2 1 2 0 2 2 1 1 2 0 2 0 1 2 2 2 2 0 0 2 1 0 0 1 1 0 1 2 2 1 1 2 0 0
 1 1 0 2 2 0 1 1 0 2 2 2 1 2 0 1 0 1 1 0 2 0 0 2 2 1 1 2 2 1 1 0 2 0 0 2 0
 2 2 1 1 1 0 0 2 0 1 0 1 0 1 2 0 2 1 0 1 2 1 1 2 0 1 1 1 2 1 0 1 1 2 1 1 0
 1 2 1 0 1 0 0 0 2 2 0 1 1 1 1 1 0 2 0 2 2 0 0 0 0 0 2 1 0 0 1 0 0 2 1 0 1
 2 0 2 2 2 2 1 0 0 0 1 0 2 0 0 0 0 0 0 1 1 2 0 1 1 0 2 0 0 1 0 1 1 2 2 0 0
 0 1 1 0 2 0 1 2 1 2 0 0 1 0 2 0 1 1 1 1 1 0 0 1 1 0 2 1 0 0 0 1 2 1 1 2 2
 0 2 0 1 1 1 0 0 2 0 0 2 0 1 2 1 2 1 0 2 2 2 1 0 2 2 0 1 1 0 1 2 1 2 0 1 2
 0 0 1 1 1 0 2 2 1 1 0 0 2 1 0 1 1 1 2 0 1 1 1 2 2 2 1 0 1 1 2 1 1 1 0 1 1
 1 2 0 2 2 0 0 1 0 0 2 2 2 0 2 0 2 0 0 1 0 0 1 1 0 1 0 1 2 1 0 0 1 1 1 1 0
 2 1 0 2 1 1 1 1 0 2 1 2 2 2 0 1 0 2 1 1 2 1 2 0 0 0 2 2 1 1 2 0 1 0 1 2 1
 0 2 2 1 2 2 0 1 2 1 0 0 0 2 0 1 2 2 1 2 2 1 2 1 1 0 1 2 1 1 1 1 2 1 2 2 0
 0 1 1 1 0 1 2 0 0 2 2 2 2 0 2 0 1 1 2 2 1 1 2 0 1 1 1 2 0 1 2 0 1 0 0 2 1
 2 0 2 2 0 1 2 0 2 0 2 0 2 2 1 0 0 0 0 1 0 1 0 0 0 2 1 0 0 2 1 2 2 1 0 2 1
 1 2 2 2 2 0 2 0 0 2 0 2 0 1 0 2 0 2 0 2 2 0 0 2 1 1 2 0 2 2 1 0 0 1 1 0 2
 0 2 0 0 2 0 0 0 2 1 2 1 1 1 2 1 2 0 1 2 2 1 0 2 0 1 1 0 0 2 0 1 0 1 1 1 2
 0 1 2 2 0 2 1 1 1 1 0 0 2 1 1 2 1 0 1 0 0 1 2 1 2 1 2 0 0 0 2 0 1 1 1 1 1
 2 0 1 0 0 0 2 2 2 1 2 2 1 2 1 2 1 2 0 2 1 0 1 0 2 2 2 2 1 2 2 1 0 2 1 1 2
 0]"
misspec_tuned__t_df5_noise3__heavy_tail_signal__seed2008__kmeans_oracle,run_divi_misspec_robustness_tuned.py,2026-04-02T15:20:50Z,unknown,local,cpu,x86_64,synthetic_heavy_tail_signal,t_df5_noise3,heavy_tail_signal,1000,100,3,0.1,0.9,3.0,101008,2008,kmeans_oracle,nan,KMeans,nan,nan,120,manual_mult_auto,141.89385332046726,1.0,0.01,1.0,0.1,300,nan,3,0,nan,nan,[],0.9820903246071852,0.9670931002827953,nan,0.994,nan,nan,nan,nan,nan,nan,nan,nan,nan,nan,nan,nan,nan,nan,nan,460.8203125,ok,0,,outputs/misspec_robustness_tuned
misspec_tuned__t_df5_noise3__heavy_tail_signal__seed2008__gmm_oracle,run_divi_misspec_robustness_tuned.py,2026-04-02T15:20:50Z,unknown,local,cpu,x86_64,synthetic_heavy_tail_signal,t_df5_noise3,heavy_tail_signal,1000,100,3,0.1,0.9,3.0,101008,2008,gmm_oracle,nan,GaussianMixtureDiag,nan,nan,120,manual_mult_auto,141.89385332046726,1.0,0.01,1.0,0.1,300,nan,3,0,nan,nan,[],0.9910180270901714,0.9826720995072343,nan,0.997,nan,nan,nan,nan,nan,nan,nan,nan,nan,nan,nan,nan,nan,nan,nan,460.8203125,ok,0,,outputs/misspec_robustness_tuned
misspec_tuned__t_df5_noise3__heavy_tail_signal__seed2009__DIVI_p1,run_divi_misspec_robustness_tuned.py,2026-04-02T15:20:53Z,unknown,local,cpu,x86_64,synthetic_heavy_tail_signal,t_df5_noise3,heavy_tail_signal,1000,100,3,0.1,0.9,3.0,101009,2009,DIVI,1,DIVI,1000.0,1.0,120,manual_mult_auto,141.89385332046726,1.0,0.01,1.0,0.1,300,300,3,2,120,240,"[120, 240]",0.9910316759581931,0.9844087159041643,0.9523809523809523,0.997,11,0.11,0.28020864725112915,0.20358923077583313,187303.609375,178552.625,8750.984375,183853.3125,3.450296401977539,1.6245539370002007,0.15468320200034213,1.466163725000115,0.002416400000129215,0.0029536400002143637,0.00488721241666705,465.78125,ok,0,,outputs/misspec_robustness_tuned,"[120, 240]",informative_kw_llr,"[0 1 0 1 1 1 2 2 1 2 1 1 1 1 0 0 0 2 0 2 2 2 0 1 1 0 1 1 1 1 1 2 1 0 0 2 2
 0 0 0 0 2 2 2 1 2 2 1 1 0 2 0 0 0 0 1 1 1 1 1 0 1 1 1 0 1 0 0 0 0 2 1 2 2
 1 2 1 0 2 2 0 2 2 0 2 1 1 2 0 2 2 0 1 2 1 2 1 0 0 1 0 0 0 1 0 2 1 0 2 1 2
 0 2 0 2 1 1 0 2 1 1 1 2 1 2 2 1 2 1 1 2 2 2 0 1 1 2 1 2 1 1 1 0 0 0 1 2 0
 0 1 0 1 1 0 0 0 2 1 2 2 1 2 2 2 1 0 2 1 1 2 2 1 1 2 0 1 1 1 1 2 1 1 0 2 2
 1 1 0 0 1 0 2 0 1 0 1 2 0 0 2 1 1 0 2 0 2 1 1 0 1 2 1 2 2 1 2 1 1 2 1 1 0
 1 1 0 1 1 2 2 0 2 2 1 0 0 1 0 1 2 1 1 0 1 2 1 0 1 1 2 0 1 2 1 0 0 2 0 2 2
 2 2 1 0 2 1 0 2 2 2 0 0 0 0 2 2 0 0 1 1 0 0 1 2 1 2 2 0 0 0 0 1 1 2 1 2 1
 1 2 0 1 0 2 2 0 0 0 1 2 2 2 0 0 2 1 2 1 1 2 1 1 1 2 2 2 0 1 1 2 0 1 0 2 0
 0 0 2 0 0 1 1 2 0 1 2 1 0 1 1 1 1 2 2 1 0 1 0 2 0 1 0 2 2 1 1 2 2 1 1 0 0
 2 0 2 0 0 2 0 0 1 0 1 1 1 1 2 2 1 0 1 0 2 1 1 1 1 0 1 0 2 0 2 2 1 0 0 1 0
 0 1 2 0 1 0 0 1 2 0 2 2 0 2 1 2 1 2 1 2 2 2 1 0 0 2 0 2 0 0 2 1 0 0 0 1 1
 0 1 1 0 2 2 1 2 0 2 0 1 0 0 2 2 2 1 0 0 1 0 1 2 0 0 2 1 1 0 0 1 1 0 1 2 1
 1 1 2 2 0 0 1 1 1 2 1 0 2 2 2 1 2 0 1 1 2 2 1 0 0 2 1 0 0 0 0 2 2 1 1 2 2
 2 2 0 0 0 1 1 1 2 2 2 1 2 2 1 2 1 0 2 1 0 0 0 0 2 0 0 0 0 2 0 1 0 1 0 1 1
 1 2 1 1 1 0 0 2 1 1 0 0 0 2 1 2 1 1 2 2 0 2 2 2 0 2 1 0 2 0 1 1 2 2 2 2 1
 2 1 0 0 0 0 0 1 1 2 0 2 2 1 1 0 0 0 0 2 1 1 2 0 1 2 0 1 2 0 2 0 0 0 1 2 0
 0 0 0 0 2 0 0 2 1 1 0 0 0 0 1 2 0 0 2 2 0 0 0 1 2 0 0 1 0 0 2 2 2 2 0 2 1
 2 1 0 1 1 0 1 2 2 0 0 1 1 1 2 2 0 0 2 0 1 0 1 2 2 2 2 2 0 1 0 0 2 0 1 0 1
 2 1 1 1 2 0 2 2 2 0 1 1 2 1 0 0 0 0 1 2 2 0 0 0 1 1 1 0 2 2 2 0 0 0 0 2 0
 2 0 1 0 0 1 0 1 0 2 2 1 2 0 0 2 1 1 2 0 1 0 0 0 1 1 1 1 0 0 0 2 1 2 1 2 2
 1 1 0 1 1 0 2 1 2 2 0 0 0 1 1 0 1 1 2 2 1 2 2 1 0 2 1 0 1 1 0 2 1 0 0 1 2
 2 0 2 1 2 0 0 2 1 2 1 2 1 1 2 2 1 2 0 0 0 1 1 1 1 1 2 2 0 2 2 2 2 2 2 2 0
 1 2 2 2 2 2 0 0 1 2 2 1 0 2 1 1 0 2 1 0 1 1 0 0 2 0 1 2 2 1 1 1 0 1 2 0 0
 0 1 2 0 2 0 1 0 2 0 2 1 2 1 0 2 1 2 1 0 1 0 0 0 0 2 1 0 0 0 2 2 1 2 0 0 2
 2 1 1 0 0 0 1 0 2 0 2 2 0 2 0 2 0 1 0 0 2 2 1 2 1 0 1 1 0 2 2 0 1 2 1 0 0
 0 1 0 2 0 1 2 2 2 0 2 2 1 2 2 1 2 2 2 0 2 2 1 2 1 1 2 1 0 2 2 1 1 2 2 2 1
 2]"
misspec_tuned__t_df5_noise3__heavy_tail_signal__seed2009__DIVI_p2,run_divi_misspec_robustness_tuned.py,2026-04-02T15:20:53Z,unknown,local,cpu,x86_64,synthetic_heavy_tail_signal,t_df5_noise3,heavy_tail_signal,1000,100,3,0.1,0.9,3.0,101009,2009,DIVI,2,DIVI,1000.0,1.0,120,manual_mult_auto,141.89385332046726,1.0,0.01,1.0,0.1,300,300,3,2,120,240,"[120, 240]",0.9910316759581931,0.9844087159041643,0.18181818181818182,0.997,100,1.0,0.670763373374939,0.6708977818489075,165871.71875,148867.21875,17004.5,159814.421875,6.0572896003723145,0.8591394959998979,2.7120000140712364e-05,0.8556521769996834,0.0016006179998839798,0.002904339999986405,0.002852173923332278,466.1640625,ok,0,,outputs/misspec_robustness_tuned,"[120, 240]",noninformative_uniform,"[0 1 0 1 1 1 2 2 1 2 1 1 1 1 0 0 0 2 0 2 2 2 0 1 1 0 1 1 1 1 1 2 1 0 0 2 2
 0 0 0 0 2 2 2 1 2 2 1 1 0 2 0 0 0 0 1 1 1 1 1 0 1 1 1 0 1 0 0 0 0 2 1 2 2
 1 2 1 0 2 2 0 2 2 0 2 1 1 2 0 2 2 0 1 2 1 2 1 0 0 1 0 0 0 1 0 2 1 0 2 1 2
 0 2 0 2 1 1 0 2 1 1 1 2 1 2 2 1 2 1 1 2 2 2 0 1 1 2 1 2 1 1 1 0 0 0 1 2 0
 0 1 0 1 1 0 0 0 2 1 2 2 1 2 2 2 1 0 2 1 1 2 2 1 1 2 0 1 1 1 1 2 1 1 0 2 2
 1 1 0 0 1 0 2 0 1 0 1 2 0 0 2 1 1 0 2 0 2 1 1 0 1 2 1 2 2 1 2 1 1 2 1 1 0
 1 1 0 1 1 2 2 0 2 2 1 0 0 1 0 1 2 1 1 0 1 2 1 0 1 1 2 0 1 2 1 0 0 2 0 2 2
 2 2 1 0 2 1 0 2 2 2 0 0 0 0 2 2 0 0 1 1 0 0 1 2 1 2 2 0 0 0 0 1 1 2 1 2 1
 1 2 0 1 0 2 2 0 0 0 1 2 2 2 0 0 2 1 2 1 1 2 1 1 1 2 2 2 0 1 1 2 0 1 0 2 0
 0 0 2 0 0 1 1 2 0 1 2 1 0 1 1 1 1 2 2 1 0 1 0 2 0 1 0 2 2 1 1 2 2 1 1 0 0
 2 0 2 0 0 2 0 0 1 0 1 1 1 1 2 2 1 0 1 0 2 1 1 1 1 0 1 0 2 0 2 2 1 0 0 1 0
 0 1 2 0 1 0 0 1 2 0 2 2 0 2 1 2 1 2 1 2 2 2 1 0 0 2 0 2 0 0 2 1 0 0 0 1 1
 0 1 1 0 2 2 1 2 0 2 0 1 0 0 2 2 2 1 0 0 1 0 1 2 0 0 2 1 1 0 0 1 1 0 1 2 1
 1 1 2 2 0 0 1 1 1 2 1 0 2 2 2 1 2 0 1 1 2 2 1 0 0 2 1 0 0 0 0 2 2 1 1 2 2
 2 2 0 0 0 1 1 1 2 2 2 1 2 2 1 2 1 0 2 1 0 0 0 0 2 0 0 0 0 2 0 1 0 1 0 1 1
 1 2 1 1 1 0 0 2 1 1 0 0 0 2 1 2 1 1 2 2 0 2 2 2 0 2 1 0 2 0 1 1 2 2 2 2 1
 2 1 0 0 0 0 0 1 1 2 0 2 2 1 1 0 0 0 0 2 1 1 2 0 1 2 0 1 2 0 2 0 0 0 1 2 0
 0 0 0 0 2 0 0 2 1 1 0 0 0 0 1 2 0 0 2 2 0 0 0 1 2 0 0 1 0 0 2 2 2 2 0 2 1
 2 1 0 1 1 0 1 2 2 0 0 1 1 1 2 2 0 0 2 0 1 0 1 2 2 2 2 2 0 1 0 0 2 0 1 0 1
 2 1 1 1 2 0 2 2 2 0 1 1 2 1 0 0 0 0 1 2 2 0 0 0 1 1 1 0 2 2 2 0 0 0 0 2 0
 2 0 1 0 0 1 0 1 0 2 2 1 2 0 0 2 1 1 2 0 1 0 0 0 1 1 1 1 0 0 0 2 1 2 1 2 2
 1 1 0 1 1 0 2 1 2 2 0 0 0 1 1 0 1 1 2 2 1 2 2 1 0 2 1 0 1 1 0 2 1 0 0 1 2
 2 0 2 1 2 0 0 2 1 2 1 2 1 1 2 2 1 2 0 0 0 1 1 1 1 1 2 2 0 2 2 2 2 2 2 2 0
 1 2 2 2 2 2 0 0 1 2 2 1 0 2 1 1 0 2 1 0 1 1 0 0 2 0 1 2 2 1 1 1 0 1 2 0 0
 0 1 2 0 2 0 1 0 2 0 2 1 2 1 0 2 1 2 1 0 1 0 0 0 0 2 1 0 0 0 2 2 1 2 0 0 2
 2 1 1 0 0 0 1 0 2 0 2 2 0 2 0 2 0 1 0 0 2 2 1 2 1 0 1 1 0 2 2 0 1 2 1 0 0
 0 1 0 2 0 1 2 2 2 0 2 2 1 2 2 1 2 2 2 0 2 2 1 2 1 1 2 1 0 2 2 1 1 2 2 2 1
 2]"
misspec_tuned__t_df5_noise3__heavy_tail_signal__seed2009__DIVI_p3,run_divi_misspec_robustness_tuned.py,2026-04-02T15:20:53Z,unknown,local,cpu,x86_64,synthetic_heavy_tail_signal,t_df5_noise3,heavy_tail_signal,1000,100,3,0.1,0.9,3.0,101009,2009,DIVI,3,DIVI,1000.0,1.0,120,manual_mult_auto,141.89385332046726,1.0,0.01,1.0,0.1,300,300,3,2,120,240,"[120, 240]",0.9026869493081783,0.8715740252941991,0.19277108433734938,0.966,73,0.73,0.6307653784751892,0.6614470481872559,167213.90625,155273.796875,11940.109375,163514.40625,3.699507236480713,0.9882090700002664,2.3570000394101953e-05,0.9850874099997782,0.0018818809999174846,0.002670150000085414,0.0032836246999992606,460.18359375,ok,0,,outputs/misspec_robustness_tuned,"[120, 240]",random_prior,"[0 1 0 1 1 1 2 2 1 2 1 1 1 1 0 0 0 2 0 2 2 2 0 1 1 0 1 1 1 1 1 1 1 0 0 2 2
 0 0 0 0 2 2 2 1 2 2 1 1 0 2 0 0 0 0 1 0 0 1 2 0 1 1 1 0 1 0 0 0 0 2 1 2 2
 1 2 1 0 2 2 0 2 2 0 2 1 1 2 0 2 2 0 1 2 1 2 1 0 0 1 0 0 0 1 0 2 1 0 2 1 1
 0 2 0 2 1 1 0 2 1 1 1 2 1 2 2 1 2 1 1 2 2 2 0 1 1 2 1 2 1 1 1 0 0 0 1 2 0
 0 1 0 1 1 0 0 0 2 1 2 2 1 2 2 2 1 0 2 1 1 2 2 1 1 2 0 1 1 1 1 2 1 1 0 2 2
 1 1 0 0 1 0 1 0 1 0 1 1 0 0 2 1 1 0 2 0 1 1 1 0 1 2 1 2 2 2 2 1 1 2 2 1 0
 1 1 0 1 1 2 2 0 2 2 1 0 0 1 0 1 2 1 1 0 1 2 1 0 1 1 2 0 1 2 1 0 0 2 0 2 2
 2 2 1 0 2 1 0 2 2 2 0 0 0 0 2 2 0 0 1 1 0 0 1 2 1 2 2 0 0 0 0 1 1 2 1 2 1
 1 2 0 1 0 2 2 0 0 0 1 2 2 2 0 0 2 1 2 1 1 2 1 1 1 2 2 2 0 1 1 2 0 1 0 2 0
 0 0 1 0 0 1 1 2 0 1 2 1 0 1 1 1 2 2 2 1 0 1 0 1 0 1 0 2 1 1 2 2 2 1 1 0 0
 2 0 2 0 0 2 0 0 1 0 1 1 1 1 2 2 1 0 1 0 2 1 1 1 1 0 1 0 2 0 2 2 1 0 0 1 0
 0 1 2 0 1 0 0 1 2 0 2 2 0 2 1 2 0 2 1 2 2 2 1 0 0 2 0 2 0 0 2 1 0 0 0 2 1
 0 1 1 0 2 2 1 2 0 2 0 1 0 0 1 2 2 1 0 0 1 0 1 2 0 0 2 1 1 0 0 1 1 0 1 2 1
 1 1 2 2 0 0 1 1 1 2 1 0 2 2 2 1 2 0 1 1 2 2 1 0 0 2 1 0 0 0 0 2 2 1 1 1 2
 2 2 0 0 0 1 1 1 2 2 2 1 2 2 1 2 1 0 2 2 0 0 0 0 2 0 0 0 0 2 0 1 0 1 0 1 1
 1 2 1 1 1 0 0 2 1 1 0 0 0 2 1 2 1 1 2 2 0 2 2 2 0 2 1 0 1 0 1 1 1 2 2 2 1
 2 1 0 0 0 0 0 2 1 2 0 2 2 1 2 0 0 0 0 2 1 1 2 0 1 2 0 1 2 0 2 0 0 0 1 2 0
 0 0 0 0 2 0 0 2 1 1 0 0 0 0 1 2 0 0 2 2 0 0 0 1 2 0 0 1 0 0 2 2 2 2 0 2 1
 2 1 0 1 1 0 1 2 2 0 0 1 1 1 2 2 0 0 2 0 1 0 1 2 2 2 2 2 0 1 0 0 2 0 1 0 1
 1 1 1 1 2 0 2 2 2 0 1 1 2 2 0 0 0 0 1 2 2 0 0 0 1 1 1 0 2 2 2 0 0 0 0 2 0
 2 0 1 0 0 1 0 1 0 2 2 1 1 0 0 2 2 1 2 0 1 0 0 0 1 1 1 1 0 0 0 2 2 2 1 2 2
 1 1 0 1 1 0 2 1 2 2 0 0 0 1 1 0 1 1 2 2 1 2 2 1 0 2 1 0 1 1 0 2 1 0 0 1 2
 2 0 1 1 2 0 0 2 1 2 1 2 1 1 1 2 1 2 0 0 0 1 1 1 1 1 2 2 0 2 2 2 2 2 2 2 0
 1 2 2 2 2 2 0 0 1 2 2 1 0 2 1 1 0 2 1 0 1 1 0 0 2 0 1 2 2 1 1 1 0 1 2 0 0
 0 1 2 0 2 0 1 0 2 0 2 1 2 1 0 2 1 2 1 0 1 0 0 0 0 1 1 0 0 0 2 2 1 2 0 0 2
 2 1 1 0 0 0 1 0 2 0 2 2 0 2 0 2 0 1 0 0 2 2 1 2 1 0 1 1 0 2 2 0 1 1 1 0 0
 0 1 0 2 0 1 2 2 2 0 2 2 1 2 2 1 2 2 2 0 2 2 1 2 1 1 2 1 0 2 2 1 1 2 2 2 1
 2]"
misspec_tuned__t_df5_noise3__heavy_tail_signal__seed2009__kmeans_oracle,run_divi_misspec_robustness_tuned.py,2026-04-02T15:20:53Z,unknown,local,cpu,x86_64,synthetic_heavy_tail_signal,t_df5_noise3,heavy_tail_signal,1000,100,3,0.1,0.9,3.0,101009,2009,kmeans_oracle,nan,KMeans,nan,nan,120,manual_mult_auto,141.89385332046726,1.0,0.01,1.0,0.1,300,nan,3,0,nan,nan,[],0.9940030000150241,0.9876059147486765,nan,0.998,nan,nan,nan,nan,nan,nan,nan,nan,nan,nan,nan,nan,nan,nan,nan,460.18359375,ok,0,,outputs/misspec_robustness_tuned
misspec_tuned__t_df5_noise3__heavy_tail_signal__seed2009__gmm_oracle,run_divi_misspec_robustness_tuned.py,2026-04-02T15:20:53Z,unknown,local,cpu,x86_64,synthetic_heavy_tail_signal,t_df5_noise3,heavy_tail_signal,1000,100,3,0.1,0.9,3.0,101009,2009,gmm_oracle,nan,GaussianMixtureDiag,nan,nan,120,manual_mult_auto,141.89385332046726,1.0,0.01,1.0,0.1,300,nan,3,0,nan,nan,[],0.9970015045323003,0.9938029489046497,nan,0.999,nan,nan,nan,nan,nan,nan,nan,nan,nan,nan,nan,nan,nan,nan,nan,460.18359375,ok,0,,outputs/misspec_robustness_tuned
misspec_tuned__t_df5_noise3__heavy_tail_signal__seed2010__DIVI_p1,run_divi_misspec_robustness_tuned.py,2026-04-02T15:20:56Z,unknown,local,cpu,x86_64,synthetic_heavy_tail_signal,t_df5_noise3,heavy_tail_signal,1000,100,3,0.1,0.9,3.0,101010,2010,DIVI,1,DIVI,1000.0,1.0,120,manual_mult_auto,141.89385332046726,1.0,0.01,1.0,0.1,300,300,3,2,120,240,"[120, 240]",0.9850754056337918,0.9740660118624991,1.0,0.995,10,0.1,0.2792727053165436,0.19150084257125854,187383.140625,178299.171875,9083.96875,184027.953125,3.3551931381225586,1.2261899169998287,0.12185166300014316,1.100864263999938,0.001875670000572427,0.00276138000026549,0.00366954754666646,465.3984375,ok,0,,outputs/misspec_robustness_tuned,"[120, 240]",informative_kw_llr,"[2 0 1 2 0 2 2 0 1 0 0 2 1 1 0 0 2 2 0 1 1 1 0 0 1 2 0 2 2 0 0 1 0 2 1 1 2
 1 1 2 1 2 2 1 1 0 0 1 0 0 2 0 1 2 1 2 2 0 2 1 2 2 1 0 0 1 0 2 0 0 0 1 0 2
 1 1 2 1 2 0 0 0 2 2 1 2 1 1 1 1 1 0 2 1 0 1 1 1 0 0 1 1 2 0 0 2 1 2 0 2 1
 1 2 2 0 2 2 2 1 1 2 2 2 0 0 1 0 2 1 1 0 1 0 2 1 2 1 1 0 0 0 0 1 1 1 0 2 2
 2 2 0 2 0 0 2 2 2 2 1 1 1 2 2 0 2 0 1 1 2 1 1 0 2 0 1 2 0 0 0 0 1 0 1 1 0
 1 0 2 1 1 1 2 1 1 0 2 1 2 1 0 2 1 1 1 2 2 0 1 0 1 0 2 0 1 1 1 1 1 0 0 2 0
 2 1 1 0 1 1 2 2 1 0 1 0 2 2 2 0 2 0 0 1 0 2 1 0 1 2 0 2 1 2 1 0 2 0 2 0 0
 1 0 1 1 0 1 2 1 2 2 1 0 0 0 0 1 1 0 1 2 1 0 2 1 2 0 0 2 0 2 2 0 2 1 0 2 0
 2 0 2 2 1 1 1 0 1 2 1 1 0 2 1 1 1 2 0 0 1 1 0 0 2 1 2 2 2 0 2 1 1 2 2 1 0
 2 0 0 2 2 1 2 0 0 2 1 0 2 0 2 1 1 1 2 0 1 0 0 0 1 2 2 1 1 1 0 1 2 1 2 2 1
 1 2 1 1 0 0 1 2 2 2 0 1 0 2 2 2 0 0 2 0 2 1 1 1 1 2 2 2 1 2 0 0 1 1 1 2 0
 0 0 1 0 1 2 2 1 1 0 1 2 0 0 0 2 0 2 1 0 0 2 2 2 2 0 0 2 2 2 1 1 0 1 0 0 2
 2 2 1 1 1 1 0 2 2 0 0 2 1 1 2 1 1 0 0 2 2 1 0 1 2 1 2 2 1 1 1 2 0 0 1 2 0
 2 0 0 0 0 2 0 0 2 0 2 1 2 0 0 0 2 2 1 0 2 0 1 0 1 0 0 1 1 2 1 0 1 0 1 1 0
 0 1 2 1 2 1 0 2 0 0 1 2 1 0 1 2 2 1 0 2 2 2 1 2 2 2 2 2 1 1 2 0 1 0 2 1 1
 1 1 2 0 1 2 2 0 0 1 0 2 2 2 0 0 2 1 2 2 2 1 1 1 0 2 0 2 2 1 2 0 1 0 2 2 2
 2 1 0 2 0 0 2 1 2 1 0 1 0 1 1 1 2 1 1 2 0 0 1 1 0 1 0 0 0 0 1 2 1 2 1 0 0
 0 0 0 2 1 1 2 2 2 0 0 0 1 0 1 2 0 0 1 2 2 2 1 2 0 0 2 0 1 0 2 1 2 2 1 2 0
 0 2 2 2 2 0 2 1 1 2 2 0 0 0 0 0 1 2 0 0 0 0 0 0 1 1 1 2 2 0 1 1 2 0 2 1 2
 2 0 2 0 0 1 1 1 2 1 2 1 2 0 0 1 0 2 2 0 1 1 0 0 0 1 1 2 2 1 2 0 0 2 0 1 2
 2 2 0 2 2 1 1 1 2 0 2 1 0 2 2 0 1 0 1 1 1 2 2 1 0 0 2 2 2 0 0 2 2 2 0 1 2
 0 2 0 2 0 1 0 1 2 2 1 0 2 1 1 2 0 0 1 0 1 0 2 1 2 2 2 0 0 1 2 0 0 2 1 0 1
 1 1 0 0 2 2 1 0 2 0 1 0 1 1 0 1 2 1 0 1 1 1 2 1 1 0 1 0 2 2 1 1 1 0 1 2 2
 0 2 1 2 1 0 2 1 1 0 0 1 1 1 2 1 0 2 2 0 2 1 0 0 0 0 2 2 0 0 2 0 0 0 0 2 0
 0 0 1 0 2 1 2 1 1 1 1 0 1 0 1 0 1 0 1 1 0 2 2 2 1 1 0 1 2 2 2 0 1 0 0 0 1
 1 1 0 0 0 2 0 1 2 2 2 1 1 2 2 0 1 1 1 1 1 1 1 0 0 2 2 1 0 1 1 2 1 1 0 0 0
 0 0 0 1 0 2 0 2 2 2 0 1 2 1 1 2 0 2 0 2 1 0 1 2 2 0 1 2 2 2 0 0 0 2 1 2 2
 0]"
misspec_tuned__t_df5_noise3__heavy_tail_signal__seed2010__DIVI_p2,run_divi_misspec_robustness_tuned.py,2026-04-02T15:20:56Z,unknown,local,cpu,x86_64,synthetic_heavy_tail_signal,t_df5_noise3,heavy_tail_signal,1000,100,3,0.1,0.9,3.0,101010,2010,DIVI,2,DIVI,1000.0,1.0,120,manual_mult_auto,141.89385332046726,1.0,0.01,1.0,0.1,300,300,3,2,120,240,"[120, 240]",0.9910180270901714,0.9826720995072343,0.18181818181818182,0.997,100,1.0,0.67315274477005,0.6718471050262451,165905.5625,147437.375,18468.1875,159682.265625,6.223301410675049,1.1035064429997874,3.47400000464404e-05,1.0983082049997392,0.0022618700004386483,0.004578239999773359,0.0036610273499991307,460.8203125,ok,0,,outputs/misspec_robustness_tuned,"[120, 240]",noninformative_uniform,"[2 0 1 2 0 2 2 0 1 0 0 2 1 1 0 0 2 2 0 1 1 1 0 0 1 2 0 2 2 0 0 1 0 2 1 1 2
 1 1 2 1 2 2 1 1 0 0 1 0 0 2 0 1 2 1 2 2 0 2 1 2 2 1 0 0 1 0 2 0 0 0 1 0 2
 1 1 2 1 2 0 0 0 2 2 1 2 1 1 1 1 1 0 2 1 0 1 1 1 0 0 2 1 2 0 0 2 1 2 0 2 1
 1 2 2 0 2 2 2 1 1 2 2 2 0 0 1 0 2 1 1 0 1 0 2 1 2 1 1 0 0 0 0 1 1 1 0 2 2
 2 2 0 2 0 0 2 2 2 2 1 1 1 2 2 0 2 0 1 1 2 1 1 0 2 0 1 2 0 0 0 0 1 0 1 1 0
 1 0 2 1 1 1 2 1 1 0 2 1 2 1 0 2 1 1 1 2 2 0 1 0 1 0 2 0 1 1 2 1 1 0 0 2 0
 2 1 1 0 1 1 2 2 1 0 1 0 2 2 2 0 2 0 0 1 0 2 1 0 1 2 0 2 1 2 1 0 2 0 2 0 0
 1 0 1 1 0 1 2 1 2 2 1 0 0 0 0 1 1 0 1 2 1 0 2 1 2 0 0 2 0 2 2 0 2 1 0 2 0
 2 0 2 2 1 1 1 0 1 2 1 1 0 2 1 1 1 2 0 0 1 1 0 0 2 1 2 2 2 0 2 1 1 2 2 1 0
 2 0 0 2 2 1 2 0 0 2 1 0 2 0 2 1 1 1 2 0 1 0 0 0 1 2 2 1 1 1 0 1 2 1 2 2 1
 1 2 1 1 0 0 1 2 2 2 0 1 0 2 2 2 0 0 2 0 2 1 1 1 1 2 2 2 1 2 0 0 1 1 1 2 0
 0 0 1 0 1 2 2 1 1 0 1 2 0 0 0 2 0 2 1 0 0 2 2 2 2 0 0 2 2 2 1 1 0 1 0 0 2
 2 2 1 1 1 1 0 2 2 0 0 2 1 1 2 1 1 0 0 2 2 1 0 1 2 1 2 2 1 1 1 2 0 0 1 2 0
 2 0 0 0 0 2 0 0 2 0 2 1 2 0 0 0 2 2 1 0 2 0 1 0 1 0 0 1 1 2 1 0 1 0 1 1 0
 0 1 2 1 2 1 0 2 0 0 1 2 1 0 1 2 2 1 0 2 2 2 1 2 2 2 2 2 1 1 2 0 1 0 2 1 1
 1 1 2 0 1 2 2 0 0 1 0 2 2 2 0 0 2 1 2 2 2 1 1 1 0 2 0 2 2 1 2 0 1 0 2 2 2
 2 1 0 2 0 0 2 1 2 1 0 1 0 1 1 1 2 1 1 2 0 0 1 1 0 1 0 0 0 0 1 2 1 2 1 0 0
 0 0 0 2 1 1 2 2 2 0 0 0 1 0 1 2 0 0 1 2 2 2 1 2 0 0 2 0 1 0 2 1 2 2 1 2 0
 0 2 2 2 2 0 2 1 1 2 2 0 0 0 0 0 1 2 0 0 0 0 0 0 1 1 1 2 2 0 1 1 2 0 2 1 2
 2 0 2 0 0 1 1 1 2 1 2 1 2 0 0 1 0 2 2 0 1 1 0 0 0 1 1 2 2 1 2 0 0 2 0 1 2
 2 2 0 2 2 1 1 1 2 0 2 1 0 2 2 0 1 0 1 1 1 2 2 1 0 0 2 2 2 0 0 2 2 2 0 1 2
 0 2 0 2 0 1 0 1 2 2 1 0 2 1 1 2 0 0 1 0 1 0 2 1 2 2 2 0 0 1 2 0 0 2 1 0 1
 1 1 0 0 2 2 1 0 2 0 1 0 1 1 0 1 2 1 0 1 1 1 2 1 1 0 1 0 2 2 1 1 1 0 1 2 2
 0 2 1 2 1 0 2 1 1 0 0 1 1 1 2 2 0 2 2 0 2 1 0 0 0 0 2 2 0 0 2 0 0 0 0 2 0
 0 0 2 0 2 1 2 1 1 1 1 0 1 0 1 0 1 0 1 1 0 2 2 2 1 1 0 1 2 2 2 0 1 0 0 0 1
 1 1 0 0 0 2 0 1 2 2 2 1 1 2 2 0 1 1 1 1 1 1 1 0 0 2 2 1 0 1 1 2 1 1 0 0 0
 0 0 0 1 0 2 0 2 2 2 0 1 2 1 1 2 0 2 0 2 1 0 1 2 2 0 1 2 2 2 0 0 0 2 1 2 2
 0]"
misspec_tuned__t_df5_noise3__heavy_tail_signal__seed2010__DIVI_p3,run_divi_misspec_robustness_tuned.py,2026-04-02T15:20:56Z,unknown,local,cpu,x86_64,synthetic_heavy_tail_signal,t_df5_noise3,heavy_tail_signal,1000,100,3,0.1,0.9,3.0,101010,2010,DIVI,3,DIVI,1000.0,1.0,120,manual_mult_auto,141.89385332046726,1.0,0.01,1.0,0.1,300,300,3,2,120,240,"[120, 240]",0.9701705575022409,0.9516736855165676,0.2380952380952381,0.99,74,0.74,0.613581657409668,0.692997932434082,167122.921875,154875.78125,12247.140625,163369.46875,3.753448963165283,1.0925929239997458,4.781000006914837e-05,1.0895701740000732,0.0033122199997706048,0.0023186090002127457,0.003631900580000244,461.83984375,ok,0,,outputs/misspec_robustness_tuned,"[120, 240]",random_prior,"[1 0 2 1 0 1 1 0 2 0 0 1 2 2 0 0 1 1 0 2 2 2 0 0 2 1 0 1 1 0 0 2 0 1 2 2 1
 2 2 1 2 1 1 2 2 0 0 2 0 0 1 0 2 1 2 1 1 0 1 2 1 1 2 0 0 2 0 1 0 0 0 2 0 1
 2 2 1 2 1 0 0 0 1 1 2 1 2 2 2 2 2 0 1 2 0 2 2 2 0 0 1 2 1 0 0 1 2 1 0 1 1
 2 1 1 0 1 1 1 2 2 1 1 1 0 1 2 0 1 2 2 0 2 0 1 2 1 2 2 0 0 0 0 2 2 2 0 1 1
 1 1 0 1 0 0 1 1 1 1 2 2 2 1 1 0 1 0 2 2 1 2 2 0 1 0 2 1 0 0 0 0 2 0 2 2 0
 2 0 1 2 2 2 1 2 2 0 1 2 1 2 0 1 2 2 2 1 1 0 2 0 2 0 1 0 2 2 1 2 2 0 0 1 0
 1 2 2 0 2 2 1 1 1 0 2 0 1 1 1 0 1 0 0 2 0 1 2 0 1 1 0 1 2 1 1 0 1 0 1 0 0
 2 1 2 2 0 2 1 2 1 1 2 0 0 0 0 2 2 0 2 1 2 0 1 2 1 0 0 1 0 1 1 0 1 2 0 1 0
 1 0 1 1 2 2 2 0 2 1 2 2 0 1 2 2 2 1 0 0 2 2 0 0 1 2 1 1 1 0 1 2 2 1 1 2 0
 1 0 0 1 1 2 1 0 0 1 2 0 1 0 1 2 2 2 1 0 2 0 0 0 2 1 1 2 2 2 0 2 1 2 1 1 2
 2 1 1 2 0 0 2 1 1 1 0 2 0 1 1 1 0 0 1 0 1 2 2 2 2 1 1 1 2 1 0 0 2 2 2 1 0
 0 0 2 0 2 1 1 2 2 0 2 0 0 0 0 1 0 1 2 0 0 1 1 1 1 0 0 1 1 1 2 2 0 2 0 0 1
 1 1 2 2 2 2 0 1 1 0 0 1 2 2 1 2 2 0 0 1 1 2 0 2 1 2 1 1 2 2 2 1 0 0 2 1 0
 1 0 0 0 0 1 0 0 1 0 1 2 1 0 0 0 1 1 2 0 1 0 2 0 2 0 0 2 2 1 2 0 2 0 2 2 0
 0 2 1 2 1 2 0 1 0 0 2 1 2 0 2 1 1 2 0 1 1 1 2 1 1 1 1 1 2 2 1 0 2 0 1 2 2
 2 2 1 0 2 1 1 0 0 2 0 1 1 1 0 0 1 2 1 1 1 2 2 2 0 1 0 1 1 1 1 0 2 0 1 1 1
 1 2 0 1 0 0 1 2 1 2 0 2 0 2 2 2 1 2 2 1 0 0 2 2 0 2 0 0 0 0 2 1 2 1 2 0 0
 0 0 0 1 2 2 1 1 1 0 0 0 2 0 2 1 0 0 2 1 1 1 2 1 0 0 1 0 2 0 1 2 1 1 2 1 0
 0 1 1 1 1 0 1 2 2 1 1 0 0 0 0 0 2 1 0 0 0 0 0 0 2 2 2 1 1 0 2 2 1 0 1 2 1
 1 0 1 0 0 2 2 2 1 2 1 2 1 0 0 2 0 1 1 0 2 2 0 0 0 2 2 1 1 2 1 0 0 1 0 2 1
 1 1 0 1 1 2 2 2 1 0 1 2 0 1 1 0 2 0 2 2 2 1 1 2 0 0 1 1 1 0 0 1 1 1 0 2 1
 0 1 0 1 0 2 0 2 1 1 2 0 1 2 2 1 0 0 2 0 2 0 1 2 1 1 1 0 0 2 1 0 0 1 2 0 2
 2 2 0 0 1 1 2 0 1 0 2 0 2 2 0 2 1 2 0 2 2 2 1 2 2 0 2 0 1 1 2 2 2 0 2 1 1
 0 1 2 1 2 0 1 2 2 0 0 2 2 2 1 1 0 1 1 0 1 2 0 0 0 0 1 1 0 0 1 0 0 0 0 1 0
 0 0 1 0 1 2 1 2 2 2 2 0 2 0 2 0 2 0 2 2 0 1 1 1 2 2 0 2 1 1 1 0 2 0 0 0 2
 2 2 0 0 0 1 0 2 1 1 1 2 2 1 1 0 2 2 2 2 2 2 2 0 0 1 1 2 0 2 2 1 2 2 0 0 0
 0 0 0 2 0 1 0 1 1 1 0 2 1 2 2 1 0 1 0 1 2 0 2 1 1 0 2 1 1 1 0 0 0 1 2 1 1
 0]"
misspec_tuned__t_df5_noise3__heavy_tail_signal__seed2010__kmeans_oracle,run_divi_misspec_robustness_tuned.py,2026-04-02T15:20:56Z,unknown,local,cpu,x86_64,synthetic_heavy_tail_signal,t_df5_noise3,heavy_tail_signal,1000,100,3,0.1,0.9,3.0,101010,2010,kmeans_oracle,nan,KMeans,nan,nan,120,manual_mult_auto,141.89385332046726,1.0,0.01,1.0,0.1,300,nan,3,0,nan,nan,[],0.9850751804194254,0.9732861815222104,nan,0.995,nan,nan,nan,nan,nan,nan,nan,nan,nan,nan,nan,nan,nan,nan,nan,461.84375,ok,0,,outputs/misspec_robustness_tuned
misspec_tuned__t_df5_noise3__heavy_tail_signal__seed2010__gmm_oracle,run_divi_misspec_robustness_tuned.py,2026-04-02T15:20:56Z,unknown,local,cpu,x86_64,synthetic_heavy_tail_signal,t_df5_noise3,heavy_tail_signal,1000,100,3,0.1,0.9,3.0,101010,2010,gmm_oracle,nan,GaussianMixtureDiag,nan,nan,120,manual_mult_auto,141.89385332046726,1.0,0.01,1.0,0.1,300,nan,3,0,nan,nan,[],0.9880420722104089,0.9777410259568494,nan,0.996,nan,nan,nan,nan,nan,nan,nan,nan,nan,nan,nan,nan,nan,nan,nan,461.84375,ok,0,,outputs/misspec_robustness_tuned
misspec_tuned__t_df5_noise3__heavy_tail_signal__seed2011__DIVI_p1,run_divi_misspec_robustness_tuned.py,2026-04-02T15:21:00Z,unknown,local,cpu,x86_64,synthetic_heavy_tail_signal,t_df5_noise3,heavy_tail_signal,1000,100,3,0.1,0.9,3.0,101011,2011,DIVI,1,DIVI,1000.0,1.0,120,manual_mult_auto,141.89385332046726,1.0,0.01,1.0,0.1,300,300,3,2,120,240,"[120, 240]",0.9791460539500467,0.9629515821048664,1.0,0.993,10,0.1,0.2689070999622345,0.1888214498758316,187758.875,180888.78125,6870.09375,184672.140625,3.086740016937256,1.0018760090001706,0.11128217499981474,0.8878338140002597,0.0017226399995706743,0.0022217900000214286,0.0029594460466675324,450.6484375,ok,0,,outputs/misspec_robustness_tuned,"[120, 240]",informative_kw_llr,"[0 0 2 0 1 2 2 1 0 2 0 0 0 2 1 0 1 0 0 2 1 2 1 1 0 0 0 1 1 2 1 2 2 2 0 1 2
 0 1 1 2 1 0 1 1 0 2 2 0 1 0 2 2 1 0 1 1 2 1 2 1 1 1 0 1 1 0 2 2 0 2 1 2 2
 1 1 1 2 1 2 0 0 2 2 1 2 1 1 1 1 1 1 2 0 1 2 0 1 2 0 0 0 1 2 1 1 2 1 2 2 2
 0 0 0 1 0 0 2 0 1 0 1 1 1 1 2 2 2 2 0 2 0 2 0 0 2 0 1 0 2 2 2 2 0 1 2 0 2
 0 1 0 2 0 1 0 1 1 0 2 0 0 2 0 2 2 1 0 0 1 0 1 1 0 0 0 1 1 1 0 1 2 1 1 2 2
 1 1 0 1 0 2 2 1 0 1 2 1 2 2 2 0 0 0 2 1 2 2 0 0 0 1 0 1 1 0 0 0 0 1 2 1 0
 2 2 0 0 0 1 1 2 2 2 1 0 2 1 2 2 2 2 0 1 1 2 0 1 1 0 2 1 1 0 2 2 2 2 1 0 0
 1 2 1 2 1 2 0 0 1 1 1 0 2 0 2 0 0 0 2 1 2 2 1 1 1 1 2 2 0 2 0 1 0 0 0 2 2
 1 2 2 0 1 0 1 2 2 0 2 1 0 2 1 2 1 0 0 2 1 0 0 1 0 1 2 1 1 2 2 0 0 2 1 1 0
 2 1 2 1 1 0 2 1 2 1 2 1 1 0 2 1 0 1 0 2 0 2 0 0 1 0 1 1 2 1 0 0 1 2 1 2 0
 0 2 2 0 0 0 0 0 2 0 0 1 1 2 2 0 2 1 2 1 0 1 0 0 1 0 1 1 2 0 0 2 2 2 1 0 1
 2 1 2 1 2 0 0 2 1 0 0 1 1 2 0 1 2 1 1 2 0 2 0 1 2 2 1 0 2 0 1 0 1 0 2 2 2
 1 0 2 0 0 1 2 2 1 2 1 2 1 2 1 0 0 1 0 2 1 1 0 0 1 1 2 0 1 1 0 0 2 0 0 1 2
 2 2 0 0 2 2 2 1 2 1 0 1 1 0 0 2 2 2 0 0 0 2 1 0 1 1 1 1 0 0 2 0 1 1 0 2 2
 1 1 0 1 2 2 1 1 2 1 1 1 2 2 2 2 0 2 0 0 1 2 2 0 0 2 2 0 0 2 1 0 0 1 1 1 2
 2 1 1 1 2 2 0 2 0 1 1 2 1 0 2 1 0 0 2 2 1 2 0 1 0 2 0 1 0 0 0 2 0 1 0 2 1
 2 1 1 0 0 0 0 1 1 2 0 0 0 2 0 2 0 2 2 2 0 2 2 0 0 0 2 2 2 1 0 0 0 2 1 2 1
 0 2 1 2 2 0 1 1 0 1 0 1 1 0 1 1 1 0 1 0 2 1 2 0 0 1 1 0 0 0 2 1 1 1 0 0 2
 2 0 0 0 0 2 1 1 1 1 2 2 1 2 2 2 2 2 2 0 1 0 2 1 1 0 2 0 0 2 0 1 1 2 2 1 1
 0 2 0 0 2 2 0 0 0 1 2 2 2 1 2 1 0 0 1 1 2 1 1 2 0 2 0 0 1 0 0 0 1 0 1 2 2
 0 0 2 2 0 0 0 2 2 1 0 2 2 2 0 1 0 0 2 0 2 1 1 2 0 1 0 1 0 1 0 2 1 1 0 1 0
 0 1 2 0 2 0 1 1 2 2 2 2 1 1 1 1 0 0 2 0 1 0 2 2 2 0 1 0 0 0 0 2 2 0 2 1 1
 1 0 0 1 2 0 2 2 0 2 0 2 0 0 2 2 1 1 2 0 1 2 1 2 1 0 2 1 1 1 1 0 0 1 2 1 0
 2 2 0 1 0 1 1 1 2 1 1 0 1 1 0 0 2 0 1 1 2 0 0 1 2 2 0 1 0 2 1 2 2 0 0 2 1
 1 1 1 1 1 2 0 0 2 2 2 2 1 0 0 2 2 2 1 1 0 2 0 1 2 0 0 1 2 0 2 2 2 2 2 0 1
 2 1 0 0 0 2 2 1 1 2 1 2 1 0 2 2 0 1 1 1 1 0 1 1 1 0 0 1 2 2 2 2 0 1 2 0 0
 0 2 2 1 2 0 2 2 0 2 2 1 0 2 0 0 1 1 2 2 2 2 2 0 1 1 2 2 1 1 2 0 2 0 1 2 1
 1]"
misspec_tuned__t_df5_noise3__heavy_tail_signal__seed2011__DIVI_p2,run_divi_misspec_robustness_tuned.py,2026-04-02T15:21:00Z,unknown,local,cpu,x86_64,synthetic_heavy_tail_signal,t_df5_noise3,heavy_tail_signal,1000,100,3,0.1,0.9,3.0,101011,2011,DIVI,2,DIVI,1000.0,1.0,120,manual_mult_auto,141.89385332046726,1.0,0.01,1.0,0.1,300,300,3,2,120,240,"[120, 240]",0.9498964493557296,0.928084455772359,0.18181818181818182,0.983,100,1.0,0.6740802526473999,0.6740745306015015,166260.078125,149119.265625,17140.8125,159984.625,6.275450706481934,0.8396059869996861,2.221000022473163e-05,0.8370019680000951,0.001896270000088407,0.0021753690002697113,0.0027900065600003168,462.48046875,ok,0,,outputs/misspec_robustness_tuned,"[120, 240]",noninformative_uniform,"[0 0 2 0 1 2 2 1 0 2 0 0 0 2 1 0 1 0 0 2 1 2 1 1 0 0 0 1 1 2 1 2 2 2 0 1 2
 0 1 1 2 1 0 1 1 0 2 2 0 1 0 2 2 1 0 1 1 2 1 2 1 1 1 0 1 1 0 2 2 0 2 1 2 2
 1 1 1 2 1 2 0 0 2 2 1 2 1 1 1 1 1 1 2 0 1 2 0 1 2 0 0 0 1 2 1 1 2 1 2 2 2
 0 0 0 1 0 0 2 0 1 0 1 1 1 1 2 2 2 2 0 2 0 2 0 0 2 0 0 0 2 2 2 2 0 1 2 0 2
 0 1 0 2 0 1 0 1 1 0 2 0 0 2 0 2 2 1 0 0 1 0 1 1 0 0 0 1 1 1 0 1 2 1 1 2 2
 1 1 0 1 0 2 2 1 0 1 2 1 1 2 2 0 0 0 2 1 2 2 0 0 0 1 0 1 1 0 0 0 0 1 1 1 0
 1 2 0 0 0 1 1 2 2 2 1 0 2 1 2 2 2 2 0 1 1 2 0 1 1 0 2 1 1 0 2 2 1 2 1 0 0
 1 2 1 2 1 2 0 0 1 1 1 0 2 0 2 0 0 0 2 0 2 2 1 1 1 1 2 2 0 2 0 1 0 0 0 2 2
 1 2 1 0 1 0 0 2 2 0 2 1 0 2 1 2 1 0 0 2 1 0 0 1 0 1 2 1 1 2 2 0 0 2 1 1 0
 2 1 2 1 1 0 2 1 2 1 2 1 1 0 2 1 0 1 0 1 0 2 0 0 1 0 1 1 2 1 0 0 0 2 1 2 0
 0 2 2 0 0 0 0 0 2 0 0 1 1 2 2 0 2 1 2 1 0 1 0 0 1 0 1 1 2 0 0 2 2 2 1 0 1
 2 1 2 1 2 0 0 2 1 0 0 1 1 2 0 1 1 1 1 2 0 2 0 1 2 2 1 0 2 0 1 0 1 0 2 2 2
 1 0 2 0 0 1 2 2 1 2 1 2 1 2 1 0 0 1 0 2 1 1 0 0 1 1 2 0 1 1 0 0 2 0 0 1 2
 2 2 0 0 2 2 2 1 2 1 0 1 1 0 0 2 2 2 0 0 0 2 1 0 1 1 1 1 0 0 2 0 1 1 0 2 2
 1 1 0 1 2 2 1 1 2 1 1 1 2 1 2 2 0 2 0 0 1 2 2 0 0 2 2 0 0 2 1 0 0 1 1 1 2
 2 1 1 1 2 2 0 1 0 1 1 2 1 0 2 1 0 0 2 2 1 2 0 0 0 1 0 1 0 0 0 2 0 1 0 2 1
 2 1 1 0 0 0 0 1 1 2 0 0 0 2 0 2 0 2 2 2 0 2 2 0 0 0 2 2 2 1 0 0 0 2 1 2 1
 0 2 1 2 2 0 1 1 0 1 0 1 1 0 1 1 1 0 1 0 2 1 2 0 0 1 1 0 0 0 2 1 1 1 0 0 2
 2 0 0 0 0 2 1 1 1 1 2 2 0 2 2 2 2 2 2 0 1 0 2 1 1 0 2 0 0 2 0 1 1 2 2 1 1
 0 2 0 0 2 2 0 0 0 1 2 2 2 1 2 1 0 0 1 1 2 1 1 2 0 2 0 0 1 0 0 0 1 0 1 2 2
 0 0 2 2 0 0 0 2 2 1 0 2 2 2 0 1 0 0 2 0 2 1 1 2 0 1 0 1 0 1 0 2 1 1 0 1 0
 0 1 2 0 2 0 1 1 2 2 2 2 1 1 1 1 0 0 2 0 1 0 2 2 2 0 1 0 0 0 0 2 2 0 2 1 1
 1 0 0 1 2 0 2 2 0 2 0 1 0 0 2 2 1 1 2 0 1 2 1 2 1 0 2 1 1 1 1 0 0 1 2 1 0
 2 2 0 1 0 1 1 1 2 1 1 0 1 1 0 0 2 0 1 1 2 0 0 1 2 2 0 1 0 2 1 2 2 0 0 2 1
 1 1 1 1 1 2 0 0 2 2 2 2 1 0 0 2 2 2 1 1 0 2 0 1 2 0 0 1 2 0 2 2 2 2 2 0 1
 2 1 0 0 0 2 2 1 1 2 1 2 1 0 2 2 0 1 1 1 1 0 1 1 1 0 0 1 2 2 2 2 0 1 1 0 0
 0 2 2 1 2 0 2 2 0 2 2 1 0 2 0 0 1 1 2 2 2 2 2 0 1 1 2 2 1 1 2 0 2 0 1 2 1
 1]"
misspec_tuned__t_df5_noise3__heavy_tail_signal__seed2011__DIVI_p3,run_divi_misspec_robustness_tuned.py,2026-04-02T15:21:00Z,unknown,local,cpu,x86_64,synthetic_heavy_tail_signal,t_df5_noise3,heavy_tail_signal,1000,100,3,0.1,0.9,3.0,101011,2011,DIVI,3,DIVI,1000.0,1.0,120,manual_mult_auto,141.89385332046726,1.0,0.01,1.0,0.1,300,300,3,2,120,240,"[120, 240]",0.9411268694112569,0.9105888629532847,0.14457831325301204,0.98,73,0.73,0.615975022315979,0.6935197114944458,169079.53125,157007.796875,12071.734375,165083.625,3.9959027767181396,1.2858973150000566,2.1939999896858353e-05,1.2827015049997499,0.003003481000177999,0.0027835989999402955,0.0042756716833325,457.77734375,ok,0,,outputs/misspec_robustness_tuned,"[120, 240]",random_prior,"[0 0 1 0 2 1 1 2 0 1 0 0 0 1 2 0 2 0 0 1 2 1 2 2 0 0 0 2 2 1 2 1 1 1 0 2 1
 0 2 2 1 2 0 2 2 0 1 1 0 2 0 1 1 2 0 2 2 1 2 1 2 2 2 0 2 2 0 1 1 0 1 2 1 1
 2 2 2 1 2 1 0 0 1 1 2 1 2 2 2 2 2 2 1 0 2 1 0 2 1 0 0 0 2 2 2 2 1 2 1 1 1
 0 0 0 2 0 0 1 0 2 0 2 2 2 2 1 1 1 1 0 1 0 1 0 0 1 0 2 0 1 1 1 1 0 2 2 0 1
 0 2 0 1 0 2 0 2 2 0 1 0 0 1 0 1 1 2 0 0 2 0 2 2 0 0 0 2 2 2 0 2 1 2 2 1 1
 2 2 0 2 0 1 1 2 0 2 1 2 2 1 1 0 0 0 1 2 1 1 0 0 0 2 0 2 2 0 0 0 0 2 1 2 0
 2 1 0 0 0 2 2 1 1 1 2 0 1 2 1 1 1 1 0 2 2 1 0 2 2 0 1 2 2 0 1 1 2 1 2 0 0
 2 1 2 1 2 1 0 0 2 2 2 0 1 0 1 0 0 0 1 2 1 1 2 2 2 2 1 1 0 1 0 2 0 0 0 1 1
 2 1 1 0 2 0 2 1 1 0 1 2 0 1 2 1 2 0 0 1 2 0 0 2 0 2 1 2 2 1 1 0 0 1 2 2 0
 1 2 1 2 2 0 1 2 1 2 1 2 2 0 2 2 0 2 0 1 0 1 0 0 2 0 2 2 1 2 0 0 2 1 2 1 0
 0 1 1 0 0 0 0 0 1 0 0 2 2 1 1 0 1 2 1 2 0 2 0 0 2 0 2 2 1 0 0 1 1 1 2 0 2
 1 2 1 2 1 0 0 1 2 0 0 2 2 1 0 2 1 2 2 1 0 1 0 2 1 1 2 0 1 0 2 0 2 0 1 1 1
 2 0 1 0 0 2 1 1 2 1 2 1 2 1 2 0 0 2 0 1 2 2 0 0 2 2 1 0 2 2 0 0 1 0 0 2 1
 1 1 0 0 1 1 1 2 1 2 0 2 2 0 0 1 1 1 0 0 0 1 2 0 2 2 2 2 0 0 1 0 2 2 0 1 1
 2 2 0 2 1 1 2 2 1 2 2 2 1 1 1 1 0 1 0 0 2 1 1 0 0 1 1 0 0 1 2 0 0 2 2 2 1
 1 2 2 2 1 1 0 1 0 0 2 1 2 0 1 2 0 0 1 1 2 1 0 2 2 2 0 2 0 0 0 1 0 2 0 1 2
 1 2 2 0 0 0 0 2 2 1 0 0 0 1 0 1 0 1 1 1 0 1 1 0 0 0 1 1 1 2 0 0 0 1 2 1 2
 0 2 2 1 1 0 2 2 0 2 0 2 2 0 2 2 2 0 2 0 1 2 1 0 0 2 2 0 0 0 1 2 2 2 0 0 1
 1 0 0 0 0 1 2 2 2 2 1 1 0 1 1 1 1 1 1 0 2 0 1 2 2 0 1 0 0 1 0 2 2 1 1 2 2
 2 1 0 0 1 1 0 0 0 2 1 1 1 2 1 2 0 0 2 2 1 2 2 1 0 1 0 0 2 0 0 0 2 0 2 1 1
 0 0 1 1 0 0 0 1 1 2 0 1 1 1 0 2 0 0 1 0 1 2 2 1 0 2 0 2 0 2 0 1 2 2 0 2 0
 0 2 2 0 1 0 2 2 1 1 1 1 2 2 2 2 2 0 1 0 2 0 1 1 1 0 2 0 0 0 0 1 1 0 1 2 2
 2 0 0 2 1 0 1 1 0 1 0 1 0 0 1 1 2 2 1 0 2 1 2 1 2 0 1 2 2 2 2 0 0 2 1 2 0
 1 1 0 2 0 2 2 2 1 2 2 0 2 2 0 0 1 0 2 2 1 0 0 2 1 1 0 2 0 1 2 1 1 0 0 1 0
 2 2 2 2 2 1 0 0 1 1 1 2 2 0 0 1 1 1 2 2 0 1 0 2 1 0 0 2 1 0 1 1 1 1 1 0 2
 1 2 0 0 0 1 1 2 2 1 2 1 2 0 1 1 0 2 2 2 2 0 2 2 2 0 0 2 2 1 1 1 0 2 1 0 0
 0 1 1 2 1 0 1 1 0 1 1 2 0 1 0 0 2 2 1 1 1 1 1 0 2 2 1 1 2 2 1 0 1 0 2 1 2
 2]"
misspec_tuned__t_df5_noise3__heavy_tail_signal__seed2011__kmeans_oracle,run_divi_misspec_robustness_tuned.py,2026-04-02T15:21:00Z,unknown,local,cpu,x86_64,synthetic_heavy_tail_signal,t_df5_noise3,heavy_tail_signal,1000,100,3,0.1,0.9,3.0,101011,2011,kmeans_oracle,nan,KMeans,nan,nan,120,manual_mult_auto,141.89385332046726,1.0,0.01,1.0,0.1,300,nan,3,0,nan,nan,[],0.9850573698702072,0.9720212719430543,nan,0.995,nan,nan,nan,nan,nan,nan,nan,nan,nan,nan,nan,nan,nan,nan,nan,457.77734375,ok,0,,outputs/misspec_robustness_tuned
misspec_tuned__t_df5_noise3__heavy_tail_signal__seed2011__gmm_oracle,run_divi_misspec_robustness_tuned.py,2026-04-02T15:21:00Z,unknown,local,cpu,x86_64,synthetic_heavy_tail_signal,t_df5_noise3,heavy_tail_signal,1000,100,3,0.1,0.9,3.0,101011,2011,gmm_oracle,nan,GaussianMixtureDiag,nan,nan,120,manual_mult_auto,141.89385332046726,1.0,0.01,1.0,0.1,300,nan,3,0,nan,nan,[],0.9850754056337918,0.9740660118624991,nan,0.995,nan,nan,nan,nan,nan,nan,nan,nan,nan,nan,nan,nan,nan,nan,nan,457.77734375,ok,0,,outputs/misspec_robustness_tuned
misspec_tuned__t_df5_noise3__heavy_tail_signal__seed2012__DIVI_p1,run_divi_misspec_robustness_tuned.py,2026-04-02T15:21:03Z,unknown,local,cpu,x86_64,synthetic_heavy_tail_signal,t_df5_noise3,heavy_tail_signal,1000,100,3,0.1,0.9,3.0,101012,2012,DIVI,1,DIVI,1000.0,1.0,120,manual_mult_auto,141.89385332046726,1.0,0.01,1.0,0.1,300,300,3,2,120,240,"[120, 240]",0.9880150542461731,0.9764736300326563,0.9523809523809523,0.996,11,0.11,0.28105616569519043,0.20587146282196045,187614.578125,177826.9375,9787.640625,184081.84375,3.5327296257019043,1.1675790009999218,0.13763566300031016,1.02543858800027,0.002295070000400301,0.0038301399999909336,0.003418128626667567,457.39453125,ok,0,,outputs/misspec_robustness_tuned,"[120, 240]",informative_kw_llr,"[1 2 1 0 0 2 1 1 0 0 2 1 0 0 0 0 2 0 2 0 2 1 2 2 2 2 0 1 0 2 1 0 2 1 2 2 0
 0 1 0 2 1 2 2 1 2 1 2 2 2 2 1 1 2 0 2 0 1 2 1 0 2 1 1 2 1 2 0 0 1 2 1 0 1
 1 2 1 1 1 1 1 1 2 0 1 2 0 0 0 0 2 0 0 1 0 2 0 0 0 1 2 2 1 0 0 2 1 2 1 0 1
 1 1 1 0 2 2 2 0 0 1 1 1 0 2 0 1 2 1 0 0 2 0 0 1 1 0 0 2 1 0 2 2 2 1 0 2 0
 2 1 0 1 2 1 0 2 1 0 2 1 1 2 2 0 0 2 1 0 1 1 0 2 2 2 2 2 2 1 0 1 2 1 0 1 2
 2 2 2 0 0 1 1 1 0 1 1 0 2 0 1 2 0 2 1 2 0 0 2 0 2 2 1 0 2 0 0 1 1 2 2 0 0
 1 1 0 2 1 2 1 2 2 2 1 1 1 2 1 1 0 0 2 0 1 0 2 2 0 2 1 0 2 1 0 0 0 1 2 2 2
 1 0 0 0 2 0 1 1 0 2 0 2 0 2 0 1 0 1 2 0 0 0 0 2 1 0 0 2 0 2 2 2 1 1 1 2 2
 1 1 0 0 2 2 1 0 1 0 2 2 1 1 0 1 2 0 1 0 2 2 0 0 2 0 2 1 1 0 2 0 2 1 0 1 2
 0 2 1 0 1 1 2 0 0 1 0 0 0 2 1 0 1 0 1 0 2 2 2 1 1 2 0 2 2 2 1 2 2 2 0 1 0
 2 1 0 0 1 2 0 0 0 0 2 2 2 0 1 0 2 1 1 1 0 2 1 0 2 2 2 0 0 1 1 1 1 1 0 0 1
 2 1 1 2 1 1 1 1 0 1 1 1 0 2 0 1 0 0 0 2 2 1 0 2 1 1 1 0 0 0 0 1 2 0 1 2 2
 1 2 1 0 0 1 1 0 0 0 2 2 0 1 0 0 0 2 2 2 0 0 0 1 0 2 0 2 0 1 2 0 2 2 1 2 0
 0 0 2 1 0 2 0 2 0 1 2 2 1 0 1 0 2 1 1 0 1 1 1 2 2 0 1 2 0 0 2 2 1 2 0 0 2
 1 1 2 1 0 2 2 1 0 0 1 2 0 1 1 1 0 1 1 0 2 2 0 0 1 0 1 0 2 2 1 1 0 0 0 1 2
 1 0 2 1 1 2 0 0 2 0 0 1 0 2 2 0 0 1 0 0 1 0 1 1 2 1 1 0 0 0 2 0 2 2 2 0 1
 1 2 1 1 1 1 0 2 2 0 0 2 2 1 0 0 0 2 1 0 0 1 1 2 0 0 1 1 0 1 2 2 1 2 0 1 1
 0 2 1 1 2 2 2 2 1 1 2 0 2 2 2 1 1 2 0 2 2 2 1 2 0 1 2 2 1 2 0 1 2 2 2 2 1
 0 0 1 0 2 2 0 1 0 2 2 0 2 0 1 0 2 0 0 1 0 1 1 0 2 0 0 1 0 2 0 0 2 1 2 2 1
 2 1 0 2 2 2 2 0 1 1 2 1 2 2 1 1 0 2 1 2 2 2 0 0 2 1 0 0 2 2 1 0 2 0 1 2 0
 2 0 1 2 2 1 1 1 2 1 2 1 0 0 2 0 1 0 2 2 0 1 2 1 1 1 1 2 2 1 2 1 1 0 2 1 0
 2 2 0 2 2 1 0 2 2 0 2 1 1 1 0 2 1 0 2 1 0 0 1 1 1 1 2 1 1 1 0 1 0 1 1 1 2
 0 1 2 1 0 2 2 2 0 2 0 0 0 2 2 1 2 0 1 1 1 1 1 0 0 2 1 1 1 1 0 1 1 1 1 2 0
 0 2 2 0 0 2 1 2 1 0 0 1 0 2 1 0 2 1 1 2 0 1 1 1 2 2 2 0 1 2 2 2 1 1 0 0 1
 2 0 1 1 2 0 0 0 0 0 1 1 0 0 0 2 1 2 0 2 1 2 1 2 0 0 2 2 2 1 2 0 1 2 2 2 1
 2 1 1 0 0 0 2 0 1 1 1 1 0 0 0 2 1 0 1 0 1 0 1 1 1 1 1 0 1 2 0 2 1 1 1 0 2
 1 0 0 0 2 2 2 0 1 2 0 0 0 2 2 1 1 2 2 0 1 2 1 1 2 1 0 0 0 0 2 1 2 0 2 0 2
 2]"
misspec_tuned__t_df5_noise3__heavy_tail_signal__seed2012__DIVI_p2,run_divi_misspec_robustness_tuned.py,2026-04-02T15:21:03Z,unknown,local,cpu,x86_64,synthetic_heavy_tail_signal,t_df5_noise3,heavy_tail_signal,1000,100,3,0.1,0.9,3.0,101012,2012,DIVI,2,DIVI,1000.0,1.0,120,manual_mult_auto,141.89385332046726,1.0,0.01,1.0,0.1,300,300,3,2,120,240,"[120, 240]",0.9880150542461731,0.9764736300326563,0.18181818181818182,0.996,100,1.0,0.672177791595459,0.6693166494369507,166059.015625,148284.46875,17774.546875,159929.4375,6.129570960998535,1.2350845169999047,2.5091000225074822e-05,1.2288443079996796,0.0024034900002334325,0.00566212000012456,0.004096147693332265,457.90234375,ok,0,,outputs/misspec_robustness_tuned,"[120, 240]",noninformative_uniform,"[1 2 1 0 0 2 1 1 0 0 2 1 0 0 0 0 2 0 2 0 2 1 2 2 2 2 0 1 0 2 1 0 2 1 2 2 0
 0 1 0 2 1 2 2 1 2 1 2 2 2 2 1 1 2 0 2 0 1 2 1 0 2 1 1 2 1 2 0 0 1 2 1 0 1
 1 2 1 1 1 1 1 1 2 0 1 2 0 0 0 0 2 0 0 1 0 2 0 0 0 1 2 2 1 0 0 2 1 2 1 0 1
 1 1 1 0 2 2 2 0 0 1 1 1 0 2 0 1 2 1 0 0 2 0 0 1 1 0 0 2 1 0 2 2 2 1 0 2 0
 2 1 0 1 2 1 0 2 1 0 2 1 1 2 2 0 0 2 1 0 1 1 0 2 2 2 2 2 2 1 0 1 2 1 0 1 2
 2 2 2 0 0 1 1 1 0 1 1 0 2 0 1 2 0 2 1 2 0 0 2 0 2 2 1 0 2 0 0 1 1 2 2 0 0
 1 1 0 2 1 2 1 2 2 2 1 1 1 2 1 1 0 0 2 0 1 0 2 2 0 2 1 0 2 1 0 0 0 1 2 2 2
 1 0 0 0 2 0 1 1 0 2 0 2 0 2 0 1 0 1 2 0 0 0 0 2 1 0 0 2 0 2 2 2 1 1 1 2 2
 1 1 0 0 2 2 1 0 1 0 2 2 1 1 0 1 2 0 1 0 2 2 0 0 2 0 2 1 1 0 2 0 2 1 0 1 2
 0 2 1 0 1 1 2 0 0 1 0 0 0 2 1 0 1 0 1 0 2 2 2 1 1 2 0 2 2 2 1 2 2 2 0 1 0
 2 1 0 0 1 2 0 0 0 0 2 2 2 0 1 0 2 1 1 1 0 2 1 0 2 2 2 0 0 1 1 1 1 1 0 0 1
 2 1 1 2 1 1 1 1 0 1 1 1 0 2 0 1 0 0 0 2 2 1 0 2 1 1 1 0 0 0 0 1 2 0 1 2 2
 1 2 1 0 0 1 1 0 0 0 2 2 0 1 0 0 0 2 2 2 0 0 0 1 0 2 0 2 0 1 2 0 2 2 1 2 0
 0 0 2 1 0 2 0 2 0 1 2 2 1 0 1 0 2 1 1 0 1 1 1 2 2 0 1 2 0 0 2 2 1 2 0 0 2
 1 1 2 1 0 2 2 1 0 0 1 2 0 1 1 1 0 1 1 0 2 2 0 0 1 0 1 0 2 2 1 1 0 0 0 1 2
 1 0 2 1 1 2 0 0 2 0 0 1 0 2 2 0 0 1 0 0 1 0 1 1 2 1 1 0 0 0 2 0 2 2 2 0 1
 1 2 1 1 1 1 0 2 2 0 0 2 2 1 0 0 0 2 1 0 0 1 1 2 0 0 1 1 0 1 2 2 1 2 0 1 1
 0 2 1 1 2 2 2 2 1 1 2 0 2 2 2 1 1 2 0 2 2 2 1 2 0 1 2 2 1 2 0 1 2 2 2 2 1
 0 0 1 0 2 2 0 1 0 2 2 0 2 0 1 0 2 0 0 1 0 1 1 0 2 0 0 1 0 2 0 0 2 1 2 2 1
 2 1 0 2 2 2 2 0 1 1 2 1 2 2 1 1 0 2 1 2 2 2 0 0 2 1 0 0 2 2 1 0 2 0 1 2 0
 2 0 1 2 2 1 1 1 2 1 2 1 0 0 2 0 1 0 2 2 0 1 2 1 1 1 1 2 2 1 2 1 1 0 2 1 0
 2 2 0 2 2 1 0 2 2 0 2 1 1 1 0 2 1 0 2 1 0 0 1 1 1 1 2 1 1 1 0 1 0 1 1 1 2
 0 1 2 1 0 2 2 2 0 2 0 0 0 2 2 1 2 0 1 1 1 1 1 0 0 2 1 1 1 1 0 1 1 1 1 2 0
 0 2 2 0 0 2 1 2 1 0 0 1 0 2 1 0 2 1 1 2 0 1 1 1 2 2 2 0 1 2 2 2 1 1 0 0 1
 2 0 1 1 2 0 0 0 0 0 1 1 0 0 0 2 1 2 0 2 1 2 1 2 0 0 2 2 2 1 2 0 1 2 2 2 1
 2 1 1 0 0 0 2 0 1 1 1 1 0 0 0 2 1 0 1 0 1 0 1 1 1 1 1 0 1 2 0 2 1 1 1 0 2
 1 0 0 0 2 2 2 0 1 2 0 0 0 2 2 1 1 2 2 0 1 2 1 1 2 1 0 0 0 0 2 1 2 0 2 0 2
 2]"
misspec_tuned__t_df5_noise3__heavy_tail_signal__seed2012__DIVI_p3,run_divi_misspec_robustness_tuned.py,2026-04-02T15:21:03Z,unknown,local,cpu,x86_64,synthetic_heavy_tail_signal,t_df5_noise3,heavy_tail_signal,1000,100,3,0.1,0.9,3.0,101012,2012,DIVI,3,DIVI,1000.0,1.0,120,manual_mult_auto,141.89385332046726,1.0,0.01,1.0,0.1,300,300,3,2,120,240,"[120, 240]",0.4640492784949713,0.5826105127010309,0.16,0.627,65,0.65,0.5655006170272827,0.6613782644271851,172593.3125,160843.796875,11749.515625,168842.3125,3.751004934310913,1.0665412859998469,3.700000024764449e-05,1.0637418860001162,0.0028201899999658053,0.0020947299999534152,0.003545806286667054,459.046875,ok,0,,outputs/misspec_robustness_tuned,"[120, 240]",random_prior,"[0 2 0 0 0 1 0 0 0 0 1 0 0 0 0 0 2 0 1 0 2 0 2 1 2 2 0 0 0 2 0 0 2 0 2 1 0
 0 0 0 2 0 2 2 0 2 0 1 2 2 2 0 1 1 0 2 0 0 1 0 0 2 0 1 2 0 1 0 0 0 2 0 0 0
 0 2 0 0 0 0 0 0 1 0 0 2 0 0 0 0 2 0 0 0 0 1 0 0 0 0 1 1 0 0 0 2 0 2 0 0 0
 0 0 0 0 2 2 2 0 0 0 0 0 0 2 0 0 1 0 0 0 2 0 0 0 1 0 0 2 0 0 2 2 2 0 0 2 0
 2 0 0 0 2 0 0 2 0 0 2 0 0 2 2 0 0 1 1 0 0 0 0 1 2 2 2 1 2 0 0 0 2 1 0 0 2
 2 1 1 0 0 0 0 0 0 1 0 0 2 0 0 2 0 2 0 2 0 0 2 0 2 2 0 0 2 0 0 0 0 2 2 0 0
 0 0 0 2 0 1 2 1 2 1 0 0 0 2 0 0 0 0 2 0 1 0 2 1 0 2 0 0 2 0 0 0 0 0 2 2 2
 0 0 0 0 1 0 0 0 0 2 0 2 0 1 0 0 0 0 1 0 0 0 0 2 1 0 0 1 0 2 2 2 0 1 0 1 2
 0 0 0 0 2 1 0 0 0 0 2 2 0 0 0 0 2 0 0 0 2 2 0 0 1 0 2 0 0 0 2 0 2 0 0 0 2
 0 2 0 0 0 0 2 0 0 0 0 0 0 2 0 0 0 0 0 0 2 2 1 0 0 2 0 1 2 2 1 1 1 2 0 0 0
 2 1 0 0 0 1 0 0 0 0 2 2 2 0 0 0 2 0 0 0 0 2 0 0 1 2 2 0 0 0 0 1 0 0 0 0 0
 2 1 0 2 0 0 0 0 0 1 0 0 0 2 0 0 0 0 0 2 2 0 0 2 0 0 0 0 0 0 0 0 2 0 0 2 2
 1 2 0 0 0 0 0 0 0 0 2 2 0 0 0 0 0 2 2 2 0 0 0 1 0 2 0 2 0 1 2 0 1 2 0 2 0
 0 0 2 0 0 2 0 2 0 0 2 1 0 0 0 0 2 0 1 0 0 0 0 1 2 0 0 2 0 0 2 2 0 2 0 0 2
 0 0 1 0 0 2 2 0 0 0 0 2 0 0 2 0 0 1 0 0 2 2 0 0 0 0 0 0 2 2 0 2 0 0 0 0 2
 0 0 2 1 0 2 0 0 2 0 0 0 0 2 2 0 0 0 0 0 0 0 0 0 2 0 0 0 0 0 2 0 2 2 2 0 0
 0 2 0 0 0 0 0 2 2 0 0 2 2 0 0 0 0 2 0 0 0 0 0 2 0 0 0 0 0 0 2 2 0 2 0 0 0
 0 2 0 0 1 2 2 2 0 0 2 0 2 2 2 0 0 2 0 2 2 1 0 2 0 0 2 2 0 2 0 2 2 1 2 1 0
 0 0 0 0 2 2 0 0 0 2 2 0 1 0 0 0 1 0 0 1 0 0 0 0 2 0 0 0 0 2 0 0 2 0 2 2 0
 2 0 0 2 2 2 2 0 0 0 2 0 1 2 1 0 0 2 0 2 2 2 0 0 2 0 0 0 2 2 0 0 2 0 0 2 0
 2 0 0 1 2 0 0 1 1 0 2 0 0 0 2 0 0 0 1 2 0 0 1 0 0 0 0 2 2 0 2 1 0 0 2 0 0
 2 1 0 2 2 1 0 2 1 0 1 0 0 0 0 2 1 0 2 0 0 0 0 0 0 0 1 0 1 0 0 0 0 0 1 0 1
 0 0 1 0 0 2 2 2 0 2 0 0 0 2 2 0 2 0 0 0 0 0 0 0 0 1 0 0 0 0 0 0 0 0 0 2 0
 0 2 2 0 0 2 0 2 0 0 0 0 0 2 0 0 1 0 0 2 0 0 0 0 2 2 2 0 1 2 2 2 0 0 0 0 2
 2 0 0 0 2 0 0 0 0 0 0 1 0 0 0 1 0 2 0 2 0 1 0 1 0 0 1 1 2 1 1 0 0 2 2 2 0
 2 0 0 0 0 0 2 0 0 0 0 0 0 0 0 2 0 0 0 0 0 0 0 0 0 0 0 0 0 2 0 2 1 0 0 0 1
 0 0 0 0 2 2 2 0 0 2 0 0 0 1 2 0 1 1 2 0 0 2 0 0 2 0 0 0 0 0 2 0 1 0 2 0 2
 2]"
misspec_tuned__t_df5_noise3__heavy_tail_signal__seed2012__kmeans_oracle,run_divi_misspec_robustness_tuned.py,2026-04-02T15:21:03Z,unknown,local,cpu,x86_64,synthetic_heavy_tail_signal,t_df5_noise3,heavy_tail_signal,1000,100,3,0.1,0.9,3.0,101012,2012,kmeans_oracle,nan,KMeans,nan,nan,120,manual_mult_auto,141.89385332046726,1.0,0.01,1.0,0.1,300,nan,3,0,nan,nan,[],0.9820993425706257,0.9670958171464081,nan,0.994,nan,nan,nan,nan,nan,nan,nan,nan,nan,nan,nan,nan,nan,nan,nan,451.796875,ok,0,,outputs/misspec_robustness_tuned
misspec_tuned__t_df5_noise3__heavy_tail_signal__seed2012__gmm_oracle,run_divi_misspec_robustness_tuned.py,2026-04-02T15:21:03Z,unknown,local,cpu,x86_64,synthetic_heavy_tail_signal,t_df5_noise3,heavy_tail_signal,1000,100,3,0.1,0.9,3.0,101012,2012,gmm_oracle,nan,GaussianMixtureDiag,nan,nan,120,manual_mult_auto,141.89385332046726,1.0,0.01,1.0,0.1,300,nan,3,0,nan,nan,[],0.559622104943858,0.6908724355129657,nan,0.665,nan,nan,nan,nan,nan,nan,nan,nan,nan,nan,nan,nan,nan,nan,nan,451.83984375,ok,0,,outputs/misspec_robustness_tuned
misspec_tuned__t_df5_noise3__heavy_tail_signal__seed2013__DIVI_p1,run_divi_misspec_robustness_tuned.py,2026-04-02T15:21:07Z,unknown,local,cpu,x86_64,synthetic_heavy_tail_signal,t_df5_noise3,heavy_tail_signal,1000,100,3,0.1,0.9,3.0,101013,2013,DIVI,1,DIVI,1000.0,1.0,120,manual_mult_auto,141.89385332046726,1.0,0.01,1.0,0.1,300,300,3,2,120,240,"[120, 240]",0.996996990984967,0.9938015906454756,1.0,0.999,10,0.1,0.2536517381668091,0.16659535467624664,188576.859375,181695.75,6881.109375,185650.15625,2.9267094135284424,1.0252293379999173,0.10931173500011937,0.9132127329999093,0.0017974699999285804,0.00219582999989143,0.003044042443333031,463.54296875,ok,0,,outputs/misspec_robustness_tuned,"[120, 240]",informative_kw_llr,"[0 1 0 1 2 0 0 0 1 0 2 0 1 1 0 1 2 2 0 0 0 1 1 0 0 1 1 1 0 1 2 1 1 1 0 1 2
 0 1 2 2 2 2 1 0 2 0 0 0 0 2 2 2 2 2 0 2 0 2 2 1 2 0 1 1 1 0 2 0 2 2 0 0 0
 0 0 0 2 1 0 2 2 2 0 0 1 0 2 1 2 1 2 0 2 1 0 2 0 0 1 2 2 0 0 1 2 1 0 2 1 1
 1 2 2 2 2 1 0 2 1 2 0 1 2 0 1 0 2 2 2 2 1 2 0 2 1 1 1 0 1 0 1 2 1 2 2 1 0
 0 0 2 1 0 1 1 1 1 2 2 1 0 1 0 1 1 0 1 1 2 2 2 1 2 0 2 0 1 1 1 1 0 1 1 2 1
 2 2 0 0 2 2 1 1 1 0 0 0 0 0 1 2 1 0 0 2 2 0 0 1 2 1 1 1 2 0 2 2 2 2 2 1 0
 2 2 2 1 0 2 2 1 1 2 0 2 1 0 1 0 0 1 1 0 1 2 1 2 1 1 2 0 2 1 2 0 1 0 1 0 2
 2 0 1 0 1 1 1 2 0 1 0 0 0 1 2 1 0 2 0 2 1 2 2 1 2 2 0 0 0 0 2 2 2 2 2 0 1
 1 0 0 1 2 2 1 2 1 1 0 1 2 0 0 2 1 2 2 1 0 0 0 0 0 1 2 0 2 0 2 2 1 0 2 0 1
 0 2 2 1 0 2 2 1 2 2 0 2 0 1 0 1 2 2 0 0 0 2 1 1 1 1 2 2 1 1 2 1 2 0 0 2 0
 0 0 0 2 1 0 2 1 0 0 1 1 1 2 1 0 2 1 0 1 2 1 0 2 2 1 0 0 1 1 2 0 0 0 0 0 0
 0 2 1 2 2 1 1 1 0 1 0 0 0 1 2 0 0 0 2 0 0 2 0 2 2 0 0 2 2 0 2 1 0 0 1 1 1
 1 0 2 2 1 0 1 2 0 0 0 0 1 1 0 0 0 1 0 2 2 0 1 2 1 2 0 1 1 1 0 2 1 1 0 0 2
 2 1 2 1 0 2 0 1 1 0 0 0 0 1 2 2 2 2 0 1 0 1 0 2 2 1 2 0 2 2 2 1 2 2 2 1 0
 2 2 0 1 1 0 0 0 2 2 2 1 0 2 1 0 0 0 2 0 2 1 1 1 2 2 1 1 1 1 2 1 0 0 2 1 2
 2 1 2 2 2 0 1 0 1 1 1 1 0 1 1 0 0 0 2 2 2 2 0 2 2 2 2 1 2 0 1 1 2 2 2 2 0
 1 0 1 0 1 0 1 0 2 1 2 2 2 2 1 2 2 0 2 2 2 0 0 1 1 2 1 1 2 2 2 0 2 1 2 0 0
 2 0 1 2 2 1 1 0 0 2 2 0 1 0 1 2 1 2 2 0 0 1 1 1 2 1 2 0 1 1 0 1 2 1 0 1 0
 2 1 1 1 0 1 2 2 1 0 1 1 1 2 1 1 2 2 1 0 1 2 1 0 1 2 0 2 2 0 1 2 2 2 1 1 1
 1 1 0 0 2 1 1 2 0 1 1 2 1 0 2 1 1 1 0 0 1 1 2 0 1 1 1 0 0 1 1 2 0 1 2 1 2
 2 1 1 1 0 0 1 0 0 0 0 0 1 1 2 0 2 0 0 1 2 0 1 1 1 2 2 1 2 2 0 0 0 2 1 0 2
 2 1 2 1 2 2 2 2 1 0 0 1 1 2 1 2 1 0 1 2 0 2 2 0 1 0 0 2 2 2 1 0 0 0 2 2 0
 0 2 2 1 2 2 1 0 2 2 0 0 1 0 1 2 1 0 0 0 2 1 0 1 0 0 2 1 0 1 0 2 2 1 2 1 2
 2 1 0 1 0 0 2 0 2 2 2 2 2 0 0 2 2 1 0 2 0 2 2 0 0 2 1 1 2 1 1 0 0 0 0 2 1
 0 1 0 2 0 0 1 1 2 1 0 2 1 1 0 1 0 1 0 0 0 1 1 1 1 2 2 0 1 2 0 2 0 1 2 0 2
 2 2 0 2 2 0 2 2 1 1 0 2 1 2 0 1 0 1 0 0 0 1 2 0 1 0 2 1 2 2 1 0 1 0 0 0 2
 2 0 0 1 1 0 1 0 1 1 1 1 1 0 1 0 1 0 2 1 2 1 1 0 1 0 0 2 1 2 1 1 2 0 0 0 0
 0]"
misspec_tuned__t_df5_noise3__heavy_tail_signal__seed2013__DIVI_p2,run_divi_misspec_robustness_tuned.py,2026-04-02T15:21:07Z,unknown,local,cpu,x86_64,synthetic_heavy_tail_signal,t_df5_noise3,heavy_tail_signal,1000,100,3,0.1,0.9,3.0,101013,2013,DIVI,2,DIVI,1000.0,1.0,120,manual_mult_auto,141.89385332046726,1.0,0.01,1.0,0.1,300,300,3,2,120,240,"[120, 240]",0.996996990984967,0.9938015906454756,0.18181818181818182,0.999,100,1.0,0.6736343502998352,0.6716755032539368,165940.734375,146755.625,19185.109375,159671.46875,6.269262313842773,0.810740338999949,2.7968999802396866e-05,0.8080573279999044,0.0022235599999476108,0.0021100999997543113,0.0026935244266663477,461.25390625,ok,0,,outputs/misspec_robustness_tuned,"[120, 240]",noninformative_uniform,"[0 1 0 1 2 0 0 0 1 0 2 0 1 1 0 1 2 2 0 0 0 1 1 0 0 1 1 1 0 1 2 1 1 1 0 1 2
 0 1 2 2 2 2 1 0 2 0 0 0 0 2 2 2 2 2 0 2 0 2 2 1 2 0 1 1 1 0 2 0 2 2 0 0 0
 0 0 0 2 1 0 2 2 2 0 0 1 0 2 1 2 1 2 0 2 1 0 2 0 0 1 2 2 0 0 1 2 1 0 2 1 1
 1 2 2 2 2 1 0 2 1 2 0 1 2 0 1 0 2 2 2 2 1 2 0 2 1 1 1 0 1 0 1 2 1 2 2 1 0
 0 0 2 1 0 1 1 1 1 2 2 1 0 1 0 1 1 0 1 1 2 2 2 1 2 0 2 0 1 1 1 1 0 1 1 2 1
 2 2 0 0 2 2 1 1 1 0 0 0 0 0 1 2 1 0 0 2 2 0 0 1 2 1 1 1 2 0 2 2 2 2 2 1 0
 2 2 2 1 0 2 2 1 1 2 0 2 1 0 1 0 0 1 1 0 1 2 1 2 1 1 2 0 2 1 2 0 1 0 1 0 2
 2 0 1 0 1 1 1 2 0 1 0 0 0 1 2 1 0 2 0 2 1 2 2 1 2 2 0 0 0 0 2 2 2 2 2 0 1
 1 0 0 1 2 2 1 2 1 1 0 1 2 0 0 2 1 2 2 1 0 0 0 0 0 1 2 0 2 0 2 2 1 0 2 0 1
 0 2 2 1 0 2 2 1 2 2 0 2 0 1 0 1 2 2 0 0 0 2 1 1 1 1 2 2 1 1 2 1 2 0 0 2 0
 0 0 0 2 1 0 2 1 0 0 1 1 1 2 1 0 2 1 0 1 2 1 0 2 2 1 0 0 1 1 2 0 0 0 0 0 0
 0 2 1 2 2 1 1 1 0 1 0 0 0 1 2 0 0 0 2 0 0 2 0 2 2 0 0 2 2 0 2 1 0 0 1 1 1
 1 0 2 2 1 0 1 2 0 0 0 0 1 1 0 0 0 1 0 2 2 0 1 2 1 2 0 1 1 1 0 2 1 1 0 0 2
 2 1 2 1 0 2 0 1 1 0 0 0 0 1 2 2 2 2 0 1 0 1 0 2 2 1 2 0 2 2 2 1 2 2 2 1 0
 2 2 0 1 1 0 0 0 2 2 2 1 0 2 1 0 0 0 2 0 2 1 1 1 2 2 1 1 1 1 2 1 0 0 2 1 2
 2 1 2 2 2 0 1 0 1 1 1 1 0 1 1 0 0 0 2 2 2 2 0 2 2 2 2 1 2 0 1 1 2 2 2 2 0
 1 0 1 0 1 0 1 0 2 1 2 2 2 2 1 2 2 0 2 2 2 0 0 1 1 2 1 1 2 2 2 0 2 1 2 0 0
 2 0 1 2 2 1 1 0 0 2 2 0 1 0 1 2 1 2 2 0 0 1 1 1 2 1 2 0 1 1 0 1 2 1 0 1 0
 2 1 1 1 0 1 2 2 1 0 1 1 1 2 1 1 2 2 1 0 1 2 1 0 1 2 0 2 2 0 1 2 2 2 1 1 1
 1 1 0 0 2 1 1 2 0 1 1 2 1 0 2 1 1 1 0 0 1 1 2 0 1 1 1 0 0 1 1 2 0 1 2 1 2
 2 1 1 1 0 0 1 0 0 0 0 0 1 1 2 0 2 0 0 1 2 0 1 1 1 2 2 1 2 2 0 0 0 2 1 0 2
 2 1 2 1 2 2 2 2 1 0 0 1 1 2 1 2 1 0 1 2 0 2 2 0 1 0 0 2 2 2 1 0 0 0 2 2 0
 0 2 2 1 2 2 1 0 2 2 0 0 1 0 1 2 1 0 0 0 2 1 0 1 0 0 2 1 0 1 0 2 2 1 2 1 2
 2 1 0 1 0 0 2 0 2 2 2 2 2 0 0 2 2 1 0 2 0 2 2 0 0 2 1 1 2 1 1 0 0 0 0 2 1
 0 1 0 2 0 0 1 1 2 1 0 2 1 1 0 1 0 1 0 0 0 1 1 1 1 2 2 0 1 2 0 2 0 1 2 0 2
 2 2 0 2 2 0 2 2 1 1 0 2 1 2 0 1 0 1 0 0 0 1 2 0 1 0 2 1 2 2 1 0 1 0 0 0 2
 2 0 0 1 1 0 1 0 1 1 1 1 1 0 1 0 1 0 2 1 2 1 1 0 1 0 0 2 1 2 1 1 2 0 0 0 0
 0]"
misspec_tuned__t_df5_noise3__heavy_tail_signal__seed2013__DIVI_p3,run_divi_misspec_robustness_tuned.py,2026-04-02T15:21:07Z,unknown,local,cpu,x86_64,synthetic_heavy_tail_signal,t_df5_noise3,heavy_tail_signal,1000,100,3,0.1,0.9,3.0,101013,2013,DIVI,3,DIVI,1000.0,1.0,120,manual_mult_auto,141.89385332046726,1.0,0.01,1.0,0.1,300,300,3,2,120,240,"[120, 240]",0.9790567596171209,0.9651895906730107,0.21333333333333335,0.993,65,0.65,0.5721791982650757,0.6329174041748047,170992.578125,158210.59375,12781.984375,166822.9375,4.169641494750977,0.8231896980000784,2.3329999748966657e-05,0.8205322979997618,0.0016399210003328335,0.0022225900002013077,0.002735107659999206,463.16015625,ok,0,,outputs/misspec_robustness_tuned,"[120, 240]",random_prior,"[0 2 0 2 1 0 0 0 2 0 1 0 2 2 0 2 1 1 0 0 0 2 2 0 0 2 2 2 0 2 1 2 2 2 0 2 1
 0 2 1 1 1 1 2 0 1 0 0 0 0 1 1 1 1 1 0 1 0 1 1 2 1 0 2 2 2 0 1 0 1 1 0 0 0
 0 0 0 1 2 0 1 1 1 0 0 2 0 1 2 1 2 1 0 1 2 0 1 0 0 2 1 1 0 0 2 2 2 0 1 2 2
 2 2 1 1 1 2 0 1 2 1 0 2 1 0 2 0 1 1 1 1 2 1 0 1 2 2 2 0 2 0 2 1 2 1 1 2 0
 0 0 1 2 0 2 2 2 2 1 1 2 0 2 0 2 2 0 2 2 1 1 1 2 1 0 1 0 2 2 2 2 0 2 2 1 2
 1 1 0 0 1 1 2 2 2 0 0 0 0 0 2 1 2 0 0 1 1 0 0 2 1 2 2 2 1 0 2 1 1 1 1 2 0
 1 1 1 2 0 1 1 2 2 1 0 1 2 0 2 0 0 2 2 0 2 1 2 1 2 2 1 0 1 2 1 0 2 0 2 0 1
 1 0 2 0 2 2 2 1 0 2 0 0 0 2 1 2 0 1 0 1 2 1 1 2 1 1 0 0 0 0 1 1 1 1 1 0 2
 2 0 0 2 1 1 2 1 2 2 0 2 1 0 0 1 2 1 1 2 0 0 2 0 0 2 1 0 1 0 1 1 2 0 1 0 2
 0 1 1 2 0 1 1 2 1 1 0 1 0 2 0 2 1 1 0 0 0 1 2 2 2 2 1 1 2 2 1 2 1 0 0 1 0
 0 0 0 1 2 0 1 2 0 0 2 2 2 1 2 0 1 2 0 2 1 2 0 1 1 2 0 0 2 2 1 0 0 0 0 0 0
 0 1 2 1 1 2 2 2 0 2 0 0 0 2 1 0 0 0 1 0 0 1 0 1 1 0 0 1 1 0 1 2 0 0 2 2 2
 2 0 1 1 2 0 2 1 0 0 0 0 2 2 0 0 0 2 0 1 1 0 2 1 2 1 0 2 2 2 0 1 2 2 0 0 1
 1 2 1 2 0 1 0 2 2 0 0 0 0 2 1 1 1 1 0 2 0 2 0 1 1 2 1 0 1 1 1 2 1 2 1 2 0
 1 1 0 2 2 0 0 0 1 1 1 2 0 1 2 0 0 0 1 0 1 2 2 2 1 1 2 2 2 2 1 2 0 0 1 2 1
 1 2 1 1 1 0 2 0 2 2 2 2 0 2 2 0 0 0 1 1 1 1 0 1 1 1 1 2 1 0 2 2 1 1 1 1 0
 2 0 2 0 2 0 2 0 1 2 1 1 1 1 2 1 1 0 1 1 1 0 0 2 2 1 2 2 1 1 1 0 1 2 1 0 0
 1 0 2 1 1 2 2 0 0 1 1 0 2 0 2 1 2 1 1 0 0 2 2 2 1 2 1 0 2 2 0 2 1 2 0 2 0
 2 2 2 2 0 2 1 1 2 0 2 2 2 1 2 2 1 1 2 0 2 1 2 0 2 1 0 1 1 0 2 1 1 1 2 2 2
 2 2 0 0 1 2 2 1 0 2 2 1 2 0 1 2 2 2 0 0 2 2 1 0 2 2 2 0 0 2 2 1 0 2 1 2 1
 1 2 2 2 0 0 2 0 0 0 0 0 2 2 1 0 1 0 0 2 1 0 2 2 2 1 1 2 1 1 0 0 0 1 2 0 1
 1 2 1 2 1 1 1 1 2 0 0 2 2 1 2 1 2 0 2 1 0 1 1 0 2 0 0 1 1 1 2 0 0 0 1 1 0
 0 1 1 2 1 1 2 0 1 1 0 0 2 0 2 1 2 0 0 0 1 2 0 2 0 0 1 2 0 2 0 1 1 2 1 2 1
 1 2 0 2 0 0 1 0 1 1 1 1 1 0 0 1 1 2 0 1 0 1 1 0 0 1 2 2 1 2 2 0 0 0 0 1 2
 0 2 0 1 0 0 2 2 1 2 0 1 2 2 0 2 0 2 0 0 0 2 2 2 2 1 1 0 2 1 0 1 0 2 1 0 1
 1 1 0 1 1 0 1 1 2 2 0 1 2 1 0 2 0 2 0 0 0 2 1 0 2 0 1 2 1 1 2 0 2 0 0 0 1
 1 0 0 2 2 0 2 0 2 2 2 2 2 0 2 0 2 0 1 2 1 2 2 0 2 0 0 1 2 1 2 2 1 0 0 0 0
 0]"
misspec_tuned__t_df5_noise3__heavy_tail_signal__seed2013__kmeans_oracle,run_divi_misspec_robustness_tuned.py,2026-04-02T15:21:07Z,unknown,local,cpu,x86_64,synthetic_heavy_tail_signal,t_df5_noise3,heavy_tail_signal,1000,100,3,0.1,0.9,3.0,101013,2013,kmeans_oracle,nan,KMeans,nan,nan,120,manual_mult_auto,141.89385332046726,1.0,0.01,1.0,0.1,300,nan,3,0,nan,nan,[],0.996996990984967,0.9938015906454756,nan,0.999,nan,nan,nan,nan,nan,nan,nan,nan,nan,nan,nan,nan,nan,nan,nan,448.28125,ok,0,,outputs/misspec_robustness_tuned
misspec_tuned__t_df5_noise3__heavy_tail_signal__seed2013__gmm_oracle,run_divi_misspec_robustness_tuned.py,2026-04-02T15:21:07Z,unknown,local,cpu,x86_64,synthetic_heavy_tail_signal,t_df5_noise3,heavy_tail_signal,1000,100,3,0.1,0.9,3.0,101013,2013,gmm_oracle,nan,GaussianMixtureDiag,nan,nan,120,manual_mult_auto,141.89385332046726,1.0,0.01,1.0,0.1,300,nan,3,0,nan,nan,[],0.996996990984967,0.9938015906454756,nan,0.999,nan,nan,nan,nan,nan,nan,nan,nan,nan,nan,nan,nan,nan,nan,nan,448.28125,ok,0,,outputs/misspec_robustness_tuned
misspec_tuned__t_df5_noise3__heavy_tail_signal__seed2014__DIVI_p1,run_divi_misspec_robustness_tuned.py,2026-04-02T15:21:09Z,unknown,local,cpu,x86_64,synthetic_heavy_tail_signal,t_df5_noise3,heavy_tail_signal,1000,100,3,0.1,0.9,3.0,101014,2014,DIVI,1,DIVI,1000.0,1.0,120,manual_mult_auto,141.89385332046726,1.0,0.01,1.0,0.1,300,300,3,2,120,240,"[120, 240]",0.98503951470867,0.9740548104569952,1.0,0.995,10,0.1,0.27878469228744507,0.20188438892364502,187631.6875,181157.59375,6474.09375,184172.25,3.4594364166259766,1.2416286960001344,0.12429814300003272,1.1123539139998684,0.001962940000339586,0.004476639999666077,0.003707846379999561,460.6171875,ok,0,,outputs/misspec_robustness_tuned,"[120, 240]",informative_kw_llr,"[0 1 1 2 0 2 0 2 1 0 1 1 1 1 0 2 2 2 0 2 0 0 1 1 2 0 2 2 1 1 0 2 2 0 0 0 0
 1 1 0 1 1 0 0 1 1 0 1 0 0 1 1 0 1 0 0 0 2 2 1 1 0 1 2 0 2 1 0 2 2 2 0 2 2
 2 1 0 1 0 0 0 2 1 0 2 0 1 2 2 0 0 0 0 1 0 0 0 2 1 2 0 1 0 0 0 0 2 0 1 1 2
 2 0 0 0 0 2 0 1 0 0 2 1 1 1 2 1 0 2 0 1 1 1 2 1 0 1 2 2 2 1 2 2 1 0 1 0 1
 1 2 2 1 2 1 2 0 2 1 2 1 1 1 1 1 2 2 0 1 0 2 1 2 0 1 0 2 0 2 0 0 0 1 1 2 2
 0 2 0 1 0 1 0 0 2 2 1 0 2 1 0 1 0 2 1 0 2 2 2 1 1 0 2 1 2 1 1 0 1 1 1 0 0
 1 1 2 0 2 2 2 1 0 2 2 2 0 2 1 2 0 1 2 2 1 1 2 0 2 2 1 2 1 2 2 1 1 0 0 2 1
 2 0 0 2 0 0 0 1 0 2 0 1 1 2 2 2 1 2 2 1 2 1 0 2 2 0 0 0 0 1 2 0 2 0 1 1 2
 0 0 0 0 1 0 1 1 0 2 0 2 1 0 0 2 1 0 1 1 2 0 0 0 0 0 2 1 0 2 2 1 0 2 2 1 1
 1 1 1 2 1 1 0 2 0 0 0 1 1 0 2 0 1 1 2 2 2 0 0 0 2 0 0 1 1 0 2 0 2 2 1 2 1
 2 1 2 0 2 1 1 0 2 2 1 0 0 2 2 2 0 2 0 1 2 0 2 1 2 1 0 0 1 1 1 0 1 0 2 2 2
 0 2 0 1 2 2 2 0 2 1 0 1 0 1 1 0 1 1 0 0 0 1 2 0 2 2 1 1 0 1 0 1 2 2 2 2 0
 0 2 2 1 1 0 0 0 0 1 2 0 2 1 1 0 0 1 0 2 1 1 0 1 1 2 2 2 1 0 2 2 1 2 1 1 0
 1 0 2 2 1 0 2 2 2 1 2 2 1 0 2 0 0 1 2 2 2 1 2 2 1 0 2 2 0 0 1 1 1 2 0 1 2
 2 2 0 0 0 2 2 0 0 1 2 2 0 2 1 2 0 1 0 0 2 0 0 1 0 0 1 1 1 1 0 2 1 1 1 1 1
 0 2 2 1 2 0 1 0 0 0 2 1 2 0 2 2 0 1 2 0 0 2 1 2 0 2 1 1 0 1 2 1 2 0 0 0 2
 2 1 0 1 0 2 1 2 0 2 1 2 0 1 2 1 1 2 0 2 0 1 1 1 1 1 2 0 1 0 0 1 1 2 2 1 0
 1 0 1 1 1 2 1 1 2 1 0 2 2 1 2 2 2 1 0 2 1 2 0 1 1 2 2 1 2 0 0 2 2 0 0 1 1
 2 1 0 1 1 1 2 2 2 2 1 1 0 0 2 1 2 2 2 2 2 2 2 0 1 0 0 0 0 2 0 2 1 2 0 1 1
 0 2 0 1 2 1 0 0 1 0 1 1 2 0 0 2 0 2 2 1 1 0 0 2 1 0 1 0 2 0 1 0 0 0 0 2 2
 0 0 2 2 0 1 1 2 1 0 1 0 2 0 1 1 0 2 1 0 0 1 0 2 1 0 1 0 0 2 0 0 2 0 0 1 1
 2 2 0 2 2 0 1 2 1 0 2 1 1 2 0 2 1 2 2 2 2 1 0 2 1 0 2 0 1 1 0 0 1 2 0 2 2
 2 2 0 0 2 1 1 1 0 1 0 2 0 1 2 0 2 0 2 1 2 0 2 1 0 2 0 0 0 1 1 0 1 0 1 2 2
 2 0 1 0 2 2 2 1 1 0 0 0 2 1 1 1 0 0 0 2 1 1 2 2 2 1 1 1 2 1 2 1 1 1 1 0 2
 0 1 0 1 1 2 1 0 2 0 0 0 2 2 1 1 1 2 2 1 1 1 0 2 2 1 1 0 0 1 0 1 1 2 2 0 0
 1 1 1 0 2 2 1 0 0 1 1 2 2 0 1 1 2 1 0 0 1 0 2 1 2 0 0 2 1 1 0 0 1 2 1 0 2
 2 0 1 0 1 2 2 1 2 1 1 0 0 1 1 1 1 1 2 0 2 0 0 2 2 1 1 1 0 2 1 1 2 2 0 2 1
 2]"
misspec_tuned__t_df5_noise3__heavy_tail_signal__seed2014__DIVI_p2,run_divi_misspec_robustness_tuned.py,2026-04-02T15:21:09Z,unknown,local,cpu,x86_64,synthetic_heavy_tail_signal,t_df5_noise3,heavy_tail_signal,1000,100,3,0.1,0.9,3.0,101014,2014,DIVI,2,DIVI,1000.0,1.0,120,manual_mult_auto,141.89385332046726,1.0,0.01,1.0,0.1,300,300,3,2,120,240,"[120, 240]",0.98503951470867,0.9740548104569952,0.18181818181818182,0.995,100,1.0,0.6739535331726074,0.6755191087722778,166014.1875,148460.59375,17553.59375,159698.40625,6.315774917602539,1.2049630589999651,4.033999994135229e-05,1.200972788999934,0.0023261699998329277,0.003236629999719298,0.0040032426299997795,461.37890625,ok,0,,outputs/misspec_robustness_tuned,"[120, 240]",noninformative_uniform,"[0 1 1 2 0 2 0 2 1 0 1 1 1 1 0 2 2 2 0 2 0 0 1 1 2 0 2 2 1 1 0 2 2 0 0 0 0
 1 1 0 1 1 0 0 1 1 0 1 0 0 1 1 0 1 0 0 0 2 2 1 1 0 1 2 0 2 1 0 2 2 2 0 2 2
 2 1 0 1 0 0 0 2 1 0 2 0 1 2 2 0 0 0 0 1 0 0 0 2 1 2 0 1 0 0 0 0 2 0 1 1 2
 2 0 0 0 0 2 0 1 0 0 2 1 1 1 2 1 0 2 0 1 1 1 2 1 0 1 2 2 2 1 2 2 1 0 1 0 1
 1 2 2 1 2 1 2 0 2 1 2 1 1 1 1 1 2 2 0 1 0 2 1 2 0 1 0 2 0 2 0 0 0 1 1 2 2
 0 2 0 1 0 1 0 0 2 2 1 0 2 1 0 1 0 2 1 0 2 2 2 1 1 0 2 1 2 1 1 0 1 1 1 0 0
 1 1 2 0 2 2 2 1 0 2 2 2 0 2 1 2 0 1 2 2 1 1 2 0 2 2 1 2 1 2 2 1 1 0 0 2 1
 2 0 0 2 0 0 0 1 0 2 0 1 1 2 2 2 1 2 2 1 2 1 0 2 2 0 0 0 0 1 2 0 2 0 1 1 2
 0 0 0 0 1 0 1 1 0 2 0 2 1 0 0 2 1 0 1 1 2 0 0 0 0 0 2 1 0 2 2 1 0 2 2 1 1
 1 1 1 2 1 1 0 2 0 0 0 1 1 0 2 0 1 1 2 2 2 0 0 0 2 0 0 1 1 0 2 0 2 2 1 2 1
 2 1 2 0 2 1 1 0 2 2 1 0 0 2 2 2 0 2 0 1 2 0 2 1 2 1 0 0 1 1 1 0 1 0 2 2 2
 0 2 0 1 2 2 2 0 2 1 0 1 0 1 1 0 1 1 0 0 0 1 2 0 2 2 1 1 0 1 0 1 2 2 2 2 0
 0 2 2 1 1 0 0 0 0 1 2 0 2 1 1 0 0 1 0 2 1 1 0 1 1 2 2 2 1 0 2 2 1 2 1 1 0
 1 0 2 2 1 0 2 2 2 1 2 2 1 0 2 0 0 1 2 2 2 1 2 2 1 0 2 2 0 0 1 1 1 2 0 1 2
 2 2 0 0 0 2 2 0 0 1 2 2 0 2 1 2 0 1 0 0 2 0 0 1 0 0 1 1 1 1 0 2 1 1 1 1 1
 0 2 2 1 2 0 1 0 0 0 2 1 2 0 2 2 0 1 2 0 0 2 1 2 0 2 1 1 0 1 2 1 2 0 0 0 2
 2 1 0 1 0 2 1 2 0 2 1 2 0 1 2 1 1 2 0 2 0 1 1 1 1 1 2 0 1 0 0 1 1 2 2 1 0
 1 0 2 1 1 2 1 1 2 1 0 2 2 1 2 2 2 1 0 2 1 2 0 1 1 2 2 1 2 0 0 2 2 0 0 1 1
 2 1 0 1 1 1 2 2 2 2 1 1 0 0 2 1 2 2 2 2 2 2 2 0 1 0 0 0 0 2 0 2 1 2 0 1 1
 0 2 0 1 2 1 0 0 1 0 1 1 2 0 0 2 0 2 2 1 1 0 0 2 1 0 1 0 2 0 1 0 0 0 0 2 2
 0 0 2 2 0 1 1 2 1 0 1 0 2 0 1 1 0 2 1 0 0 1 0 2 1 0 1 0 0 2 0 0 2 0 0 1 1
 2 2 0 1 2 0 1 2 1 0 2 1 1 2 0 2 1 2 2 2 2 1 0 2 1 0 2 0 1 1 0 0 1 2 0 2 2
 2 2 0 0 2 1 1 1 0 1 0 2 0 1 2 0 2 0 2 1 2 0 2 1 0 2 0 0 0 1 1 0 1 0 1 2 2
 2 0 1 0 2 2 2 1 1 0 0 0 2 1 1 1 0 0 0 2 1 1 2 2 2 1 1 1 2 1 2 1 1 1 1 0 2
 0 1 0 1 1 2 1 0 2 0 0 0 2 2 1 1 1 2 2 1 1 1 0 2 2 1 1 0 0 1 0 1 1 2 2 0 0
 1 1 1 0 2 2 1 0 0 1 1 2 2 0 1 1 2 1 0 0 1 0 2 1 2 0 0 2 1 1 0 0 1 2 1 0 2
 2 0 1 0 1 2 2 1 2 1 1 0 0 1 1 1 1 1 2 0 2 0 0 2 2 1 1 1 0 2 1 1 2 2 0 2 1
 2]"
misspec_tuned__t_df5_noise3__heavy_tail_signal__seed2014__DIVI_p3,run_divi_misspec_robustness_tuned.py,2026-04-02T15:21:09Z,unknown,local,cpu,x86_64,synthetic_heavy_tail_signal,t_df5_noise3,heavy_tail_signal,1000,100,3,0.1,0.9,3.0,101014,2014,DIVI,3,DIVI,1000.0,1.0,120,manual_mult_auto,141.89385332046726,1.0,0.01,1.0,0.1,300,300,3,2,120,240,"[120, 240]",0.9761390448376084,0.9590174963101367,0.23076923076923075,0.992,68,0.68,0.5922932624816895,0.6221036911010742,170937.8125,156994.078125,13943.734375,165504.0625,5.433742046356201,1.1432379220000257,4.828999999517691e-05,1.1394427019999966,0.002184529999794904,0.0028996600003665662,0.0037981423399999887,459.08984375,ok,0,,outputs/misspec_robustness_tuned,"[120, 240]",random_prior,"[0 1 1 2 0 2 0 2 1 0 1 1 1 1 0 2 2 2 0 2 0 0 1 1 2 0 2 2 1 1 0 2 2 0 0 0 0
 1 1 0 1 1 0 0 1 1 0 1 0 0 1 1 0 1 0 0 0 2 2 1 1 0 1 2 0 2 1 0 2 2 2 0 2 2
 2 1 0 1 0 0 0 2 1 0 2 0 1 2 2 0 0 0 0 1 0 0 0 2 1 2 0 1 0 0 0 0 2 0 1 1 2
 2 0 0 0 0 2 0 1 0 0 2 1 1 1 2 1 0 2 0 1 1 1 2 1 0 1 2 2 2 1 2 2 1 0 1 0 1
 1 2 2 1 2 1 2 0 2 1 2 1 1 1 1 1 2 2 0 1 0 2 1 2 0 1 0 2 0 2 0 0 0 1 1 2 2
 0 2 0 1 0 1 0 0 2 2 1 0 2 1 0 1 0 2 1 0 2 2 2 1 1 0 2 1 2 1 1 0 1 1 1 0 0
 1 1 2 0 2 2 2 1 0 2 2 1 0 2 1 2 0 1 2 2 1 1 2 0 2 2 1 2 1 2 2 1 1 0 0 2 1
 2 0 0 2 0 0 0 1 0 2 0 1 1 2 2 2 1 2 2 1 2 1 0 2 2 0 0 0 0 1 2 0 2 0 1 1 2
 0 0 0 0 1 0 1 1 0 2 0 2 1 0 0 2 1 0 1 1 2 0 0 0 0 0 2 1 0 2 2 1 0 2 2 0 1
 1 1 1 2 1 1 0 2 0 0 0 1 1 0 2 0 1 1 2 2 2 0 0 0 2 0 0 1 1 0 2 0 2 2 1 2 1
 2 1 2 0 2 1 1 0 2 2 1 0 0 2 2 2 0 2 0 1 2 0 2 1 2 1 0 0 1 1 1 0 1 0 2 2 2
 0 2 0 1 2 2 2 0 2 1 0 1 0 1 1 0 1 1 0 0 0 1 2 0 2 2 1 1 0 1 0 1 2 2 2 2 0
 0 2 2 1 1 0 0 0 0 1 2 0 2 1 1 0 0 1 0 2 1 1 0 1 1 2 2 2 1 0 2 2 1 2 1 1 0
 1 0 2 2 1 0 2 2 2 1 2 2 1 0 2 0 0 1 2 2 2 1 2 2 1 0 2 2 0 0 1 1 1 2 0 1 2
 2 2 0 0 0 2 2 0 0 1 2 2 0 2 1 2 0 1 0 0 2 0 0 1 0 0 1 1 1 1 0 2 1 1 1 1 1
 0 2 2 1 2 0 1 0 0 0 2 1 2 0 2 2 0 1 2 0 0 2 1 2 0 2 1 1 0 1 2 1 2 0 0 0 2
 2 1 0 1 0 2 1 2 0 2 1 2 0 1 2 1 1 2 0 2 0 1 1 1 1 1 2 0 1 0 0 1 1 2 2 1 0
 1 0 2 1 1 2 1 1 2 1 0 2 2 1 2 2 2 1 0 2 1 2 0 1 1 2 2 1 2 0 0 2 2 0 0 1 1
 2 1 0 1 1 1 2 2 2 2 1 1 0 0 2 1 2 2 2 2 2 2 2 0 1 0 0 0 0 2 0 2 1 2 0 1 1
 0 2 0 1 2 1 0 0 1 0 1 1 2 0 0 2 0 2 2 1 1 0 0 2 1 0 1 0 2 0 1 0 0 0 0 2 2
 0 0 2 2 0 1 1 2 1 0 1 0 2 0 1 1 0 2 1 0 0 1 0 2 1 0 1 0 0 2 0 0 2 0 0 1 1
 2 2 0 1 2 0 1 2 1 0 2 1 1 2 0 2 1 2 2 2 2 1 0 2 1 0 2 0 1 1 0 0 1 2 0 2 2
 2 2 0 0 2 1 1 1 0 1 0 2 0 1 2 0 2 0 2 1 2 0 2 1 0 2 0 0 0 1 1 0 1 0 1 2 2
 2 0 1 0 2 2 2 1 1 0 0 0 2 1 1 1 0 0 0 2 1 1 2 2 2 1 1 1 2 1 2 1 1 0 1 0 2
 0 1 0 1 1 2 1 0 2 0 0 0 2 2 1 1 1 2 2 1 1 1 0 2 2 1 1 0 0 1 0 1 1 2 2 0 0
 1 1 1 0 2 2 1 0 0 1 1 2 2 0 1 1 2 1 0 0 1 0 2 1 2 0 0 2 1 1 0 0 1 2 1 0 2
 2 0 1 0 1 2 2 1 2 1 1 0 0 1 1 1 1 1 2 0 2 0 0 2 2 1 1 1 0 2 1 1 2 2 0 2 1
 2]"
misspec_tuned__t_df5_noise3__heavy_tail_signal__seed2014__kmeans_oracle,run_divi_misspec_robustness_tuned.py,2026-04-02T15:21:09Z,unknown,local,cpu,x86_64,synthetic_heavy_tail_signal,t_df5_noise3,heavy_tail_signal,1000,100,3,0.1,0.9,3.0,101014,2014,kmeans_oracle,nan,KMeans,nan,nan,120,manual_mult_auto,141.89385332046726,1.0,0.01,1.0,0.1,300,nan,3,0,nan,nan,[],0.9879971631101125,0.9777270917565057,nan,0.996,nan,nan,nan,nan,nan,nan,nan,nan,nan,nan,nan,nan,nan,nan,nan,459.08984375,ok,0,,outputs/misspec_robustness_tuned
misspec_tuned__t_df5_noise3__heavy_tail_signal__seed2014__gmm_oracle,run_divi_misspec_robustness_tuned.py,2026-04-02T15:21:09Z,unknown,local,cpu,x86_64,synthetic_heavy_tail_signal,t_df5_noise3,heavy_tail_signal,1000,100,3,0.1,0.9,3.0,101014,2014,gmm_oracle,nan,GaussianMixtureDiag,nan,nan,120,manual_mult_auto,141.89385332046726,1.0,0.01,1.0,0.1,300,nan,3,0,nan,nan,[],0.9910000724863901,0.9826665111229348,nan,0.997,nan,nan,nan,nan,nan,nan,nan,nan,nan,nan,nan,nan,nan,nan,nan,459.08984375,ok,0,,outputs/misspec_robustness_tuned
misspec_tuned__t_df5_noise3__heavy_tail_signal__seed2015__DIVI_p1,run_divi_misspec_robustness_tuned.py,2026-04-02T15:21:13Z,unknown,local,cpu,x86_64,synthetic_heavy_tail_signal,t_df5_noise3,heavy_tail_signal,1000,100,3,0.1,0.9,3.0,101015,2015,DIVI,1,DIVI,1000.0,1.0,120,manual_mult_auto,141.89385332046726,1.0,0.01,1.0,0.1,300,300,3,2,120,240,"[120, 240]",0.9880603965741082,0.980258922507307,0.9523809523809523,0.996,11,0.11,0.2529163360595703,0.1687372326850891,188510.84375,181567.203125,6943.640625,185831.234375,2.6796159744262695,0.8817098550002811,0.11317606400007207,0.7657970509999359,0.0017545399996379274,0.0022531499998876825,0.002552656836666453,460.49609375,ok,0,,outputs/misspec_robustness_tuned,"[120, 240]",informative_kw_llr,"[2 2 1 2 2 2 2 0 1 0 2 2 1 1 1 1 0 1 0 2 1 0 1 2 0 0 1 1 0 2 0 1 2 0 1 2 2
 2 2 1 0 2 2 0 1 2 0 0 0 0 2 2 2 1 1 2 2 2 1 1 0 1 1 1 1 2 2 2 1 0 0 2 0 2
 1 1 1 1 0 2 0 1 2 0 2 2 1 0 2 2 2 0 0 2 0 1 0 0 1 2 2 1 2 0 2 2 0 1 0 2 1
 0 1 1 2 2 0 0 0 2 1 1 0 2 0 1 0 2 2 1 1 2 2 1 1 1 2 0 2 2 1 1 0 1 2 0 1 1
 1 1 1 2 1 2 2 0 2 2 0 0 1 1 1 1 0 0 2 0 0 1 1 2 2 2 1 1 1 0 1 0 0 2 2 0 0
 0 1 0 1 1 0 1 0 1 2 1 1 0 1 2 2 1 1 0 1 0 0 1 1 1 1 2 2 2 0 1 2 1 1 2 1 2
 1 0 0 1 2 0 0 0 2 1 1 1 0 0 1 0 0 1 0 2 2 0 2 2 2 0 2 2 1 0 2 0 2 1 1 0 2
 0 1 0 2 0 0 1 2 2 0 1 1 0 0 2 1 0 2 1 1 1 2 2 1 0 1 1 1 2 0 0 2 0 2 1 2 2
 1 0 2 1 2 2 0 2 2 1 0 0 0 0 0 2 2 2 2 1 1 0 2 2 2 1 0 2 2 0 1 1 0 0 0 0 0
 2 2 1 0 2 0 0 2 2 0 2 2 0 1 0 2 2 1 0 1 2 0 2 2 1 1 0 1 0 2 0 1 1 1 2 1 0
 0 0 0 1 1 2 0 2 0 2 0 0 2 0 1 1 1 2 1 1 2 0 0 0 2 0 1 2 2 2 2 2 1 0 1 0 0
 0 0 0 1 1 0 0 2 1 0 1 0 0 2 1 1 1 2 2 2 2 0 1 0 2 1 2 2 1 0 0 2 0 0 2 1 1
 2 2 0 1 2 2 1 1 0 1 1 1 1 0 2 2 2 0 2 0 1 0 0 2 1 0 0 0 1 0 1 1 1 0 1 2 0
 1 2 2 2 1 2 2 1 2 2 2 2 1 0 2 2 2 2 0 0 1 1 0 1 0 0 1 2 2 0 2 0 1 2 1 2 1
 2 0 1 2 2 1 1 0 0 0 2 1 0 0 0 1 2 0 2 2 0 2 0 0 2 1 2 1 2 1 0 2 1 2 1 0 1
 1 2 1 1 0 1 1 2 2 0 2 0 1 0 0 0 0 1 0 1 1 0 2 0 1 0 2 1 1 1 1 2 1 2 2 2 0
 0 1 2 2 2 2 1 2 1 0 2 1 0 0 2 1 0 1 0 2 1 0 1 0 2 0 0 0 2 0 0 2 2 0 1 2 1
 2 1 0 0 1 2 0 0 1 0 2 0 2 0 1 1 0 0 1 1 2 1 0 2 2 1 0 0 1 1 1 0 0 2 1 0 2
 0 2 0 0 1 2 2 1 1 0 0 2 1 2 1 2 2 2 0 1 1 2 1 0 1 0 0 1 2 0 0 2 1 0 0 2 2
 0 0 2 2 2 0 0 1 2 1 0 0 0 0 2 0 2 0 2 2 1 0 1 0 0 1 1 0 1 0 1 0 2 0 1 0 2
 1 1 0 2 0 2 2 1 0 0 0 2 1 1 1 0 1 2 1 0 1 0 0 2 0 2 0 0 0 2 0 2 1 0 1 0 0
 1 0 2 0 2 1 1 1 1 1 1 0 2 0 2 2 1 2 1 0 2 0 1 0 1 2 1 1 0 0 1 2 1 0 0 2 1
 1 0 2 2 0 0 2 0 1 1 0 2 1 1 1 0 0 1 0 1 1 1 2 2 1 0 1 0 2 0 2 0 1 1 1 0 0
 1 2 1 0 2 2 1 0 1 1 1 1 1 2 1 2 0 0 1 1 0 1 1 0 1 1 1 2 0 0 1 0 0 2 2 2 2
 1 0 0 2 0 2 2 1 1 2 0 1 2 1 2 2 1 2 1 2 1 0 1 2 2 1 2 1 2 2 2 0 1 0 0 1 2
 1 1 1 1 2 0 0 2 0 0 0 0 0 0 2 1 1 1 2 2 1 0 2 2 1 0 1 2 2 1 1 0 0 2 2 0 1
 1 1 2 2 2 2 2 1 2 0 0 0 2 2 2 1 2 2 1 0 1 0 2 2 0 1 1 1 1 2 1 0 0 2 2 2 0
 2]"
misspec_tuned__t_df5_noise3__heavy_tail_signal__seed2015__DIVI_p2,run_divi_misspec_robustness_tuned.py,2026-04-02T15:21:13Z,unknown,local,cpu,x86_64,synthetic_heavy_tail_signal,t_df5_noise3,heavy_tail_signal,1000,100,3,0.1,0.9,3.0,101015,2015,DIVI,2,DIVI,1000.0,1.0,120,manual_mult_auto,141.89385332046726,1.0,0.01,1.0,0.1,300,300,3,2,120,240,"[120, 240]",0.985097882876736,0.9740729268372729,0.18181818181818182,0.995,100,1.0,0.6701262593269348,0.6691248416900635,165988.234375,146701.046875,19287.1875,159970.0625,6.018172740936279,0.8872448939996502,2.3399999918183312e-05,0.8836489650002477,0.0015276899998752924,0.0031322899999395304,0.002945496550000826,457.94921875,ok,0,,outputs/misspec_robustness_tuned,"[120, 240]",noninformative_uniform,"[2 2 1 2 2 2 2 0 1 0 2 2 1 1 1 1 0 1 0 2 1 0 1 2 0 0 1 1 0 2 0 1 2 0 1 2 2
 2 2 1 0 2 2 0 1 2 0 0 0 0 2 2 2 1 1 2 2 2 1 1 0 1 1 1 1 2 2 2 1 0 0 2 0 2
 1 1 1 1 0 2 0 1 2 0 2 2 1 0 2 2 2 0 0 2 0 1 0 0 1 2 2 1 2 0 2 2 0 1 0 2 1
 0 1 1 2 2 0 0 0 2 1 1 0 2 0 1 0 2 2 1 1 2 2 1 1 1 2 0 2 2 1 1 0 1 2 0 1 1
 1 1 1 2 1 2 2 0 2 2 0 0 1 1 1 1 0 0 2 0 0 1 1 2 2 2 1 1 1 0 1 0 0 2 2 0 0
 0 1 0 1 1 0 1 0 1 2 1 1 0 1 2 2 1 1 0 1 0 0 1 1 1 1 2 2 2 0 1 2 1 1 2 1 2
 1 0 0 1 2 0 0 0 2 1 1 1 0 0 1 0 0 1 0 2 2 0 2 2 2 0 2 2 1 0 2 0 2 1 1 0 2
 0 1 0 2 0 0 1 2 2 0 1 1 0 0 2 1 0 2 1 1 1 2 2 1 0 1 1 1 2 0 0 2 0 2 1 2 2
 1 0 2 1 2 2 0 2 2 1 0 0 0 0 0 2 2 2 2 1 1 0 2 2 2 1 0 2 2 0 1 1 0 0 0 0 0
 2 2 1 0 2 0 0 2 2 0 2 2 0 1 0 2 2 1 0 1 2 0 2 2 1 1 0 1 0 2 0 1 1 1 2 1 0
 0 0 0 1 1 2 0 2 0 2 0 0 2 0 1 1 1 2 1 2 2 0 0 0 2 0 1 2 2 2 2 2 1 0 1 0 0
 0 0 0 1 1 0 0 2 1 0 1 0 0 2 1 1 1 2 2 2 2 0 1 0 2 1 2 2 1 0 0 2 0 0 2 1 1
 2 2 0 1 2 2 1 1 0 1 1 1 1 0 2 2 2 0 2 0 1 0 0 2 1 0 0 0 1 0 1 1 1 0 1 2 0
 1 2 2 2 1 2 2 1 2 2 2 2 1 0 2 2 2 2 0 0 1 1 0 1 0 0 1 2 2 0 2 0 1 2 1 2 1
 2 0 1 2 2 1 1 0 0 0 2 1 0 0 0 1 2 0 2 2 0 2 0 0 2 1 2 1 2 1 0 2 1 2 1 0 1
 1 2 1 1 0 1 1 2 2 0 2 0 1 0 0 0 0 1 0 1 1 0 2 0 1 0 2 1 1 1 1 2 1 2 2 2 0
 0 1 2 2 2 2 1 2 1 0 2 1 0 0 2 1 0 1 0 2 1 0 1 0 2 0 0 0 2 0 0 2 2 0 1 2 1
 2 1 0 0 1 2 0 0 1 0 2 0 2 0 1 1 0 0 1 1 2 1 0 2 2 1 0 0 1 1 1 0 0 2 1 0 2
 0 2 0 0 1 2 2 1 1 0 0 2 1 2 1 2 2 2 0 1 1 2 1 0 1 0 0 1 2 0 0 2 1 0 0 2 2
 0 0 2 2 2 0 0 1 2 1 0 0 0 0 2 0 2 0 2 2 1 0 1 0 0 1 1 0 1 0 1 0 2 0 1 0 2
 1 1 0 2 0 2 2 1 0 0 0 2 1 1 1 0 1 2 1 0 1 0 0 2 0 2 0 0 0 2 0 2 1 0 1 0 0
 1 0 2 0 2 1 1 1 1 1 1 0 2 0 2 2 1 2 1 0 2 0 1 0 1 2 1 1 0 0 1 2 1 0 0 2 1
 1 0 2 2 0 0 2 0 1 1 0 2 1 1 1 0 0 1 0 1 1 1 2 2 1 0 1 0 2 0 2 0 1 1 1 0 0
 1 2 1 0 2 2 1 0 1 1 1 1 1 2 1 2 0 0 1 1 0 1 1 0 1 1 1 2 0 0 1 0 0 2 2 2 2
 1 0 0 2 0 2 2 1 1 2 0 1 2 1 2 2 1 2 1 2 1 0 1 2 2 1 2 1 2 2 2 0 1 0 0 1 2
 1 1 1 1 2 0 0 2 0 0 0 0 0 0 2 1 1 1 2 2 1 0 2 2 1 0 1 2 2 1 1 0 0 2 2 0 1
 1 1 2 2 2 2 2 1 2 0 0 0 2 2 2 1 2 2 1 0 1 0 2 2 0 1 1 1 1 2 1 0 0 2 2 2 0
 2]"
misspec_tuned__t_df5_noise3__heavy_tail_signal__seed2015__DIVI_p3,run_divi_misspec_robustness_tuned.py,2026-04-02T15:21:13Z,unknown,local,cpu,x86_64,synthetic_heavy_tail_signal,t_df5_noise3,heavy_tail_signal,1000,100,3,0.1,0.9,3.0,101015,2015,DIVI,3,DIVI,1000.0,1.0,120,manual_mult_auto,141.89385332046726,1.0,0.01,1.0,0.1,300,300,3,2,120,240,"[120, 240]",0.9820812525647541,0.9653577594739047,0.23076923076923075,0.994,68,0.68,0.6074303388595581,0.6674349308013916,168499.53125,155312.109375,13187.421875,164368.15625,4.131382942199707,0.7319058729999597,4.278999995221966e-05,0.7285891129999982,0.0016293499998027983,0.0028209900001456845,0.0024286303766666607,463.546875,ok,0,,outputs/misspec_robustness_tuned,"[120, 240]",random_prior,"[1 1 0 1 1 1 1 2 0 2 1 1 0 0 0 0 2 0 2 1 0 2 0 1 2 2 0 0 2 1 2 0 1 2 0 1 1
 1 1 0 2 1 1 2 0 1 2 2 2 2 1 1 1 0 0 1 1 1 0 0 2 0 0 0 0 1 1 1 0 2 2 1 2 1
 0 0 0 0 2 1 2 0 1 2 1 1 0 2 1 1 1 2 2 1 2 0 2 2 0 1 1 0 1 2 1 1 2 0 2 1 0
 2 0 1 1 1 2 2 2 1 0 0 2 1 2 0 2 1 1 0 0 1 1 0 0 0 1 2 1 1 0 0 2 0 1 2 0 0
 0 0 0 1 0 1 1 2 1 1 2 2 0 0 0 0 2 2 1 2 2 0 0 1 1 1 0 0 0 2 0 2 2 1 1 2 2
 2 0 2 0 0 2 0 2 0 1 0 0 2 0 1 1 0 0 2 0 2 2 0 0 0 0 1 1 1 2 0 1 0 0 1 0 1
 0 2 2 0 1 2 2 2 1 0 0 0 2 2 0 2 2 0 2 1 1 2 1 1 1 2 1 1 0 2 1 2 1 0 0 2 1
 2 0 2 1 2 2 0 1 1 2 0 0 2 2 1 0 2 1 0 0 0 1 1 0 2 0 0 0 1 2 2 1 2 1 0 1 1
 0 2 1 0 1 1 2 1 1 0 2 2 2 2 2 1 1 1 1 0 0 2 1 1 1 0 2 1 1 2 0 0 2 2 2 2 2
 1 1 0 2 1 2 2 1 1 2 1 1 2 0 2 1 1 0 2 0 1 2 1 1 0 0 2 0 2 1 2 0 0 0 1 0 2
 2 2 2 0 1 1 2 1 2 1 2 2 1 2 0 0 0 1 0 1 1 2 2 2 1 2 0 1 1 1 1 1 0 2 0 2 2
 2 2 2 0 0 2 2 1 0 2 0 2 2 1 0 0 0 1 1 1 1 2 0 2 1 0 1 1 0 2 2 1 2 2 1 0 0
 1 1 2 0 1 1 0 0 2 0 0 0 0 2 1 1 1 2 1 2 0 2 2 1 0 2 2 2 0 2 0 0 0 2 0 1 2
 0 1 1 1 0 1 1 0 1 1 1 1 0 2 1 1 1 1 2 2 0 0 2 0 2 2 0 1 1 2 1 2 0 1 0 1 0
 1 2 0 1 1 0 0 2 2 2 1 0 2 2 2 0 1 2 1 1 2 1 2 2 1 0 1 0 1 0 2 1 0 1 0 2 0
 0 2 0 0 2 0 0 1 1 2 1 2 0 2 2 2 2 0 2 0 0 2 1 2 0 2 1 0 0 0 0 1 0 1 1 1 2
 2 0 1 1 1 1 0 1 0 2 1 0 2 2 1 0 2 0 2 1 0 2 0 2 1 2 2 2 1 2 2 1 1 2 0 1 0
 2 0 2 2 0 1 2 2 0 2 1 2 1 2 0 0 2 2 0 0 1 0 2 1 1 0 2 1 0 0 0 2 2 1 0 2 1
 2 1 2 2 0 1 1 0 0 2 2 1 0 1 0 1 1 1 2 0 0 1 0 2 0 2 2 0 1 2 2 1 0 2 2 1 1
 2 2 1 1 1 2 2 0 1 0 2 2 2 2 1 2 1 2 1 1 0 2 0 2 2 0 0 2 0 2 0 2 1 2 0 2 1
 0 0 2 1 2 1 1 0 2 2 2 1 0 0 0 2 0 1 0 2 0 2 2 1 2 1 2 2 2 1 2 1 0 2 0 2 2
 0 2 1 2 1 0 0 0 0 0 0 2 1 2 1 1 0 1 0 2 1 2 0 2 0 1 0 0 2 2 0 1 0 2 2 1 0
 0 2 1 1 2 2 1 2 0 0 2 1 0 0 0 2 2 0 2 0 0 0 1 1 0 2 0 2 1 2 1 2 0 0 0 2 2
 0 1 0 2 1 1 0 2 0 0 0 0 0 1 0 1 2 2 0 0 2 0 0 2 0 0 0 1 2 2 0 2 2 1 1 1 1
 0 2 2 1 2 1 1 0 0 1 2 0 1 0 1 1 0 1 0 1 0 2 0 1 1 0 1 0 1 1 1 2 0 2 2 0 1
 0 0 0 0 1 2 2 1 2 2 2 2 2 2 1 0 0 0 1 1 0 2 1 1 0 2 0 1 1 0 0 2 2 1 1 2 0
 0 0 1 1 1 1 1 0 1 2 2 2 1 1 1 0 1 1 0 2 0 2 1 1 2 0 0 0 0 1 0 2 2 1 1 1 2
 1]"
misspec_tuned__t_df5_noise3__heavy_tail_signal__seed2015__kmeans_oracle,run_divi_misspec_robustness_tuned.py,2026-04-02T15:21:13Z,unknown,local,cpu,x86_64,synthetic_heavy_tail_signal,t_df5_noise3,heavy_tail_signal,1000,100,3,0.1,0.9,3.0,101015,2015,kmeans_oracle,nan,KMeans,nan,nan,120,manual_mult_auto,141.89385332046726,1.0,0.01,1.0,0.1,300,nan,3,0,nan,nan,[],0.9850756308413613,0.9740656765028031,nan,0.995,nan,nan,nan,nan,nan,nan,nan,nan,nan,nan,nan,nan,nan,nan,nan,448.28515625,ok,0,,outputs/misspec_robustness_tuned
misspec_tuned__t_df5_noise3__heavy_tail_signal__seed2015__gmm_oracle,run_divi_misspec_robustness_tuned.py,2026-04-02T15:21:13Z,unknown,local,cpu,x86_64,synthetic_heavy_tail_signal,t_df5_noise3,heavy_tail_signal,1000,100,3,0.1,0.9,3.0,101015,2015,gmm_oracle,nan,GaussianMixtureDiag,nan,nan,120,manual_mult_auto,141.89385332046726,1.0,0.01,1.0,0.1,300,nan,3,0,nan,nan,[],0.9850753155488609,0.9720268583502855,nan,0.995,nan,nan,nan,nan,nan,nan,nan,nan,nan,nan,nan,nan,nan,nan,nan,448.28515625,ok,0,,outputs/misspec_robustness_tuned
misspec_tuned__t_df5_noise3__heavy_tail_signal__seed2016__DIVI_p1,run_divi_misspec_robustness_tuned.py,2026-04-02T15:21:16Z,unknown,local,cpu,x86_64,synthetic_heavy_tail_signal,t_df5_noise3,heavy_tail_signal,1000,100,3,0.1,0.9,3.0,101016,2016,DIVI,1,DIVI,1000.0,1.0,120,manual_mult_auto,141.89385332046726,1.0,0.01,1.0,0.1,300,300,3,2,120,240,"[120, 240]",0.9850754506758495,0.9740658946372667,1.0,0.995,10,0.1,0.23805378377437592,0.15331655740737915,189350.515625,182705.328125,6645.1875,186980.8125,2.3697025775909424,1.2870454040003096,0.12822127299978092,1.1548160010001993,0.002372031000049901,0.003507710000121733,0.0038493866700006645,467.10546875,ok,0,,outputs/misspec_robustness_tuned,"[120, 240]",informative_kw_llr,"[0 0 1 1 2 0 1 1 2 1 0 2 2 2 1 2 1 0 0 0 1 0 1 2 2 0 2 0 0 1 0 2 2 0 1 0 0
 0 0 1 1 0 0 2 1 2 1 0 1 0 1 1 0 1 0 2 2 0 2 0 2 2 2 2 2 0 0 1 1 1 0 2 2 0
 1 1 2 1 1 0 2 1 1 1 1 2 1 0 1 2 0 2 2 1 0 0 1 1 1 2 2 1 0 2 2 0 0 2 1 1 0
 0 2 0 0 0 2 0 2 2 1 1 0 1 0 1 1 0 0 2 1 0 0 0 2 2 2 2 0 2 0 2 0 0 2 0 2 2
 1 0 1 1 0 1 1 2 1 2 1 0 1 1 2 1 1 0 0 1 1 0 0 1 2 0 1 1 1 1 0 1 0 1 0 0 1
 2 1 2 0 2 1 2 0 0 2 1 0 2 2 2 0 2 1 2 1 2 2 2 0 0 2 2 2 1 1 2 0 1 1 1 1 2
 2 0 0 2 1 2 1 0 1 1 0 2 2 0 1 2 2 0 0 1 1 0 1 1 0 0 2 1 0 1 1 1 0 0 0 1 2
 1 0 1 0 2 2 1 1 1 1 1 2 1 2 2 2 0 2 1 2 2 0 2 0 1 2 1 0 0 1 2 2 0 2 2 2 1
 0 1 1 1 0 1 2 1 1 1 2 2 0 0 1 0 0 1 1 0 1 2 0 2 1 0 0 0 2 0 1 2 2 2 1 0 1
 0 0 0 0 2 1 2 2 1 2 1 2 2 0 0 1 0 1 0 0 1 0 1 1 2 0 0 1 0 1 1 1 1 2 1 0 1
 2 2 2 1 1 1 2 0 1 2 2 1 0 2 1 0 1 2 0 2 1 0 0 2 0 0 2 2 0 0 1 0 0 1 0 0 2
 2 2 2 0 0 2 2 0 1 0 2 2 0 2 2 2 1 1 2 1 0 1 0 2 0 0 0 0 2 2 2 0 0 0 0 1 2
 1 1 1 1 1 0 0 0 1 1 2 0 1 1 1 2 1 1 2 2 0 0 1 0 2 0 1 1 0 0 0 2 0 2 0 0 1
 2 1 0 2 2 0 0 2 1 0 1 1 0 1 0 0 2 1 1 1 1 1 0 2 2 1 1 1 1 1 1 1 1 1 2 2 1
 1 0 2 0 1 0 2 0 0 2 0 0 2 0 0 2 2 1 0 0 1 0 1 1 1 0 0 0 0 0 2 1 1 1 1 1 0
 0 1 1 1 0 2 1 2 0 1 1 1 0 2 2 2 1 1 2 2 0 0 1 1 1 2 2 2 0 1 1 2 2 1 1 0 2
 2 2 2 1 2 1 2 0 2 0 2 2 2 0 0 2 1 2 2 2 2 2 1 1 2 0 2 1 0 0 0 2 2 0 1 2 1
 0 0 2 0 2 0 2 0 2 2 0 2 2 1 0 0 0 0 2 0 0 2 2 2 1 0 1 2 1 1 2 2 0 0 1 2 0
 1 2 1 0 2 1 0 1 1 0 0 0 2 2 2 1 1 0 1 2 1 0 0 0 2 2 0 0 1 0 0 0 2 0 2 2 2
 2 2 0 0 0 2 1 0 1 2 2 1 0 2 1 1 0 0 2 0 1 2 1 2 0 2 2 0 0 0 1 1 0 0 1 2 2
 2 0 0 2 2 1 2 2 2 2 0 2 0 0 1 2 0 1 1 1 2 0 2 2 2 2 0 1 1 0 1 1 1 2 1 0 0
 0 1 0 1 0 0 0 2 2 0 0 0 0 2 2 0 0 1 1 2 1 2 2 0 1 0 0 1 1 0 0 0 0 0 0 1 1
 2 0 1 1 1 0 0 0 0 0 2 2 2 2 1 2 0 0 1 1 0 2 1 0 0 1 2 2 1 1 2 0 1 2 1 1 0
 2 0 2 1 1 1 1 0 0 1 2 1 0 0 2 1 1 1 2 1 2 1 1 1 1 1 1 1 2 1 0 1 1 1 1 2 0
 2 2 2 1 0 2 1 2 2 2 0 2 2 2 0 0 1 2 0 2 1 2 2 2 0 1 0 1 2 0 2 2 1 2 1 0 2
 1 2 0 1 1 1 1 1 0 0 2 1 1 0 0 2 2 2 2 2 1 0 2 0 2 2 0 0 2 1 0 1 0 2 2 2 0
 0 2 2 0 0 2 2 0 2 1 1 0 1 2 2 2 2 1 2 0 0 0 1 1 1 2 1 1 1 1 2 2 1 2 2 1 2
 2]"
misspec_tuned__t_df5_noise3__heavy_tail_signal__seed2016__DIVI_p2,run_divi_misspec_robustness_tuned.py,2026-04-02T15:21:16Z,unknown,local,cpu,x86_64,synthetic_heavy_tail_signal,t_df5_noise3,heavy_tail_signal,1000,100,3,0.1,0.9,3.0,101016,2016,DIVI,2,DIVI,1000.0,1.0,120,manual_mult_auto,141.89385332046726,1.0,0.01,1.0,0.1,300,300,3,2,120,240,"[120, 240]",0.9850618111862713,0.9732818295884061,0.18181818181818182,0.995,100,1.0,0.672414243221283,0.6716960668563843,166130.953125,148568.875,17562.078125,159981.0,6.14995002746582,0.9875483089999761,4.939999962516595e-05,0.9846493899999587,0.0020038999996359053,0.002251570000225911,0.0032821646333331955,463.29296875,ok,0,,outputs/misspec_robustness_tuned,"[120, 240]",noninformative_uniform,"[0 0 1 1 2 0 1 1 2 1 0 2 2 2 1 2 1 0 0 0 1 0 1 2 2 0 2 0 0 1 0 2 2 0 1 0 0
 0 0 1 1 0 0 2 1 2 1 0 1 0 1 1 0 1 0 2 2 0 2 0 2 2 2 2 2 0 0 1 1 1 0 2 2 0
 1 1 2 1 1 0 2 1 1 1 1 2 1 0 1 2 0 2 2 1 0 0 1 1 1 2 2 1 0 2 2 0 0 2 1 1 0
 0 2 0 0 0 2 0 2 2 1 1 0 1 0 1 1 0 0 2 1 0 0 0 2 2 2 2 0 2 0 2 0 0 2 0 2 2
 1 0 1 1 0 1 1 2 1 2 1 0 1 1 2 1 1 0 0 1 1 0 0 1 2 0 1 1 1 1 0 1 0 1 0 0 1
 2 1 2 0 2 1 2 0 0 2 1 0 2 2 2 0 2 1 2 1 2 2 2 0 0 2 2 2 1 1 2 0 1 1 1 1 2
 2 0 0 2 1 2 1 0 1 1 0 2 2 0 1 2 2 0 0 1 1 0 1 1 0 0 2 1 0 1 1 1 0 0 0 1 2
 1 0 1 0 2 2 1 1 1 1 1 2 1 2 2 2 0 2 1 2 2 0 2 0 1 2 1 0 0 1 2 2 0 2 2 2 1
 0 1 1 1 0 1 2 1 1 1 2 2 0 0 1 0 0 1 1 0 1 2 0 2 1 0 0 0 2 0 1 2 2 2 1 0 1
 0 0 0 0 2 1 2 2 1 2 1 2 2 0 0 1 0 1 0 0 1 0 1 1 2 0 0 1 0 1 1 1 1 2 1 0 1
 2 2 2 1 1 1 2 0 1 2 2 1 0 2 1 0 1 2 0 2 1 0 0 2 0 0 2 2 0 0 1 0 0 1 0 0 2
 2 2 2 0 0 2 2 0 1 0 2 2 0 2 2 2 1 1 2 1 0 1 0 2 0 0 0 0 2 2 2 0 0 0 0 1 2
 1 1 1 1 1 0 0 0 1 1 2 0 1 1 1 2 1 1 2 2 0 0 1 0 2 0 1 1 0 0 0 2 0 2 0 0 1
 2 1 0 2 2 0 0 2 1 0 1 1 0 1 0 0 2 1 1 1 1 1 0 2 2 1 1 1 1 1 1 1 1 1 2 2 1
 1 0 2 0 1 0 2 0 0 2 0 0 2 0 0 2 2 1 0 0 1 0 1 1 1 0 0 0 0 0 2 1 1 1 1 1 0
 0 1 1 1 0 2 1 2 0 1 1 1 0 2 2 2 1 1 2 2 0 0 1 1 1 2 2 2 0 1 1 2 2 1 1 0 2
 2 2 2 1 2 1 2 0 2 0 2 2 2 0 0 2 1 2 2 2 2 2 1 1 2 0 2 1 0 0 0 2 2 0 1 2 1
 0 0 2 0 2 0 2 0 2 2 0 2 2 1 0 0 0 0 2 0 0 2 2 2 1 0 1 2 1 1 2 2 0 0 1 2 0
 1 2 1 0 2 1 0 1 1 0 0 0 2 2 2 1 1 0 1 2 1 0 0 0 2 2 0 0 1 0 0 0 2 0 2 2 2
 2 2 0 0 0 2 1 0 1 2 2 1 0 2 1 1 0 0 2 0 1 2 1 2 0 2 2 0 0 0 1 1 0 0 1 2 2
 2 0 0 2 2 1 2 2 2 2 0 2 0 0 1 2 0 1 1 1 2 0 2 2 2 2 0 1 1 0 1 1 1 2 1 0 0
 0 1 0 1 0 0 0 2 2 0 0 0 0 2 2 0 0 1 1 2 1 2 2 0 1 0 0 1 1 0 0 0 0 0 0 1 1
 2 0 1 1 1 0 0 0 0 0 2 2 2 2 1 2 0 0 1 1 0 2 1 0 0 1 2 2 2 1 2 0 1 2 1 1 0
 2 0 2 1 1 1 1 0 0 1 2 1 0 0 2 1 1 1 2 1 2 1 1 1 1 1 1 1 2 1 0 1 1 1 1 2 0
 2 2 2 1 0 2 1 2 2 2 0 2 2 2 0 0 1 2 0 2 1 2 2 2 0 1 0 1 2 0 2 2 1 2 1 0 2
 1 2 0 1 1 1 1 1 0 0 2 1 1 0 0 2 2 2 2 2 1 0 2 0 2 2 0 0 2 1 0 1 0 2 2 2 0
 0 2 2 0 0 2 2 0 2 1 1 0 1 2 2 2 2 1 2 0 0 0 1 0 1 2 1 1 1 1 2 2 1 2 2 1 2
 2]"
misspec_tuned__t_df5_noise3__heavy_tail_signal__seed2016__DIVI_p3,run_divi_misspec_robustness_tuned.py,2026-04-02T15:21:16Z,unknown,local,cpu,x86_64,synthetic_heavy_tail_signal,t_df5_noise3,heavy_tail_signal,1000,100,3,0.1,0.9,3.0,101016,2016,DIVI,3,DIVI,1000.0,1.0,120,manual_mult_auto,141.89385332046726,1.0,0.01,1.0,0.1,300,300,3,2,120,240,"[120, 240]",0.9821178102467791,0.9701473142877053,0.225,0.994,70,0.7,0.5814500451087952,0.649869441986084,170788.453125,156405.078125,14383.375,166138.140625,4.650313377380371,0.893368234999798,2.479999966453761e-05,0.8891473250000672,0.0016530899997633242,0.003731199999947421,0.0029638244166668905,459.4765625,ok,0,,outputs/misspec_robustness_tuned,"[120, 240]",random_prior,"[0 0 1 1 2 0 1 1 2 1 0 2 2 2 1 2 1 0 0 0 1 0 1 2 2 0 2 0 0 1 0 2 2 0 1 0 0
 0 0 1 1 0 0 2 1 2 1 0 1 0 1 1 0 1 0 2 2 0 2 0 2 2 2 2 2 0 0 1 1 1 0 2 2 0
 1 1 2 1 1 0 2 1 1 1 1 2 1 0 1 2 0 2 2 1 0 0 1 1 1 2 2 1 0 2 2 0 0 2 1 1 0
 0 2 0 0 0 2 0 2 2 1 1 0 1 0 1 1 0 0 2 1 0 0 0 2 2 2 2 0 2 0 2 0 0 2 0 2 2
 1 0 1 1 0 1 1 2 1 2 1 0 1 1 2 1 1 0 0 1 1 0 0 1 2 0 1 1 1 1 0 1 0 1 0 0 1
 2 1 2 0 2 1 2 0 0 2 1 0 2 2 2 0 2 2 2 1 2 2 2 0 0 2 2 2 1 1 2 0 1 1 1 1 2
 2 0 0 2 1 2 1 0 1 1 0 2 2 0 1 2 2 0 0 1 1 0 1 1 0 0 2 1 0 1 1 1 0 0 0 1 2
 1 0 1 0 2 2 1 1 1 1 1 2 1 2 2 2 0 2 1 2 2 0 2 0 1 2 1 0 0 1 2 2 0 2 2 2 1
 0 1 1 1 0 1 2 1 1 1 2 2 0 0 1 0 0 1 1 0 1 2 0 2 1 0 0 0 2 0 1 2 2 2 1 0 1
 0 0 0 0 2 1 2 1 1 2 1 2 2 0 0 1 0 1 0 0 1 0 1 1 2 0 0 1 0 1 1 1 1 2 1 0 1
 2 2 2 1 1 1 2 0 1 2 2 1 0 2 1 0 1 2 0 2 1 0 0 2 0 0 2 2 0 0 1 0 0 1 0 0 2
 2 2 2 0 0 2 2 0 1 0 2 2 0 2 2 2 1 1 2 1 0 1 0 2 0 0 0 0 2 2 2 0 0 0 0 1 2
 1 1 1 1 1 0 0 0 1 1 2 0 1 1 1 2 1 1 2 2 0 0 1 0 2 0 1 1 0 0 0 2 0 2 0 0 1
 2 1 0 2 2 0 0 2 1 0 1 1 0 1 0 0 2 1 1 1 1 1 0 2 2 1 1 1 1 1 1 1 1 1 2 2 1
 1 0 2 0 1 0 2 0 0 2 0 0 2 0 0 2 2 1 0 0 1 0 1 1 1 0 0 0 0 0 2 1 1 1 1 1 0
 0 1 1 1 0 2 1 2 0 1 1 1 0 2 2 2 1 1 1 2 0 0 1 1 1 2 2 2 0 1 1 2 2 1 1 0 2
 2 2 2 1 2 1 2 0 2 0 2 2 2 0 0 2 1 2 2 2 2 2 1 1 2 0 2 1 0 0 0 2 2 0 1 2 1
 0 0 2 0 2 0 2 0 2 2 0 2 2 1 0 0 0 0 2 0 0 2 2 2 1 0 1 2 1 1 2 2 0 0 1 2 0
 1 2 1 0 2 1 0 1 1 0 0 0 2 2 2 1 1 0 1 2 1 0 0 0 2 2 0 0 1 0 0 0 2 0 2 2 2
 2 2 0 0 0 2 1 0 1 2 2 1 0 2 1 1 0 0 2 0 1 2 1 2 0 2 2 0 0 0 1 1 0 0 1 2 2
 2 0 0 2 2 1 2 2 2 2 0 2 0 0 1 2 0 1 1 1 2 0 2 2 2 2 0 1 1 0 1 1 1 2 1 0 0
 0 1 0 1 0 0 0 2 2 0 0 0 0 2 2 0 0 1 1 1 1 2 2 0 1 0 0 1 1 0 0 0 0 0 0 1 1
 2 0 1 1 1 0 0 0 0 0 2 2 2 2 1 2 0 0 1 1 0 2 1 0 0 1 2 2 2 1 2 0 1 2 1 1 0
 2 0 2 1 1 1 1 0 0 1 2 1 0 0 2 1 1 1 2 1 2 1 1 1 1 1 1 1 2 1 0 1 1 1 1 2 0
 2 2 2 1 0 2 1 2 2 2 0 2 2 2 0 0 1 2 0 2 1 2 2 2 0 1 0 1 2 0 2 2 1 2 1 0 2
 1 2 0 1 1 1 1 1 0 0 2 1 1 0 0 2 2 2 2 2 1 0 2 0 2 2 0 0 2 1 0 1 0 2 2 2 0
 0 2 2 0 0 2 2 0 2 1 1 0 1 2 2 2 2 1 2 0 0 0 1 1 1 2 1 1 1 1 2 2 1 2 2 1 2
 2]"
misspec_tuned__t_df5_noise3__heavy_tail_signal__seed2016__kmeans_oracle,run_divi_misspec_robustness_tuned.py,2026-04-02T15:21:16Z,unknown,local,cpu,x86_64,synthetic_heavy_tail_signal,t_df5_noise3,heavy_tail_signal,1000,100,3,0.1,0.9,3.0,101016,2016,kmeans_oracle,nan,KMeans,nan,nan,120,manual_mult_auto,141.89385332046726,1.0,0.01,1.0,0.1,300,nan,3,0,nan,nan,[],0.9820721804675636,0.9653550835951477,nan,0.994,nan,nan,nan,nan,nan,nan,nan,nan,nan,nan,nan,nan,nan,nan,nan,459.4765625,ok,0,,outputs/misspec_robustness_tuned
misspec_tuned__t_df5_noise3__heavy_tail_signal__seed2016__gmm_oracle,run_divi_misspec_robustness_tuned.py,2026-04-02T15:21:16Z,unknown,local,cpu,x86_64,synthetic_heavy_tail_signal,t_df5_noise3,heavy_tail_signal,1000,100,3,0.1,0.9,3.0,101016,2016,gmm_oracle,nan,GaussianMixtureDiag,nan,nan,120,manual_mult_auto,141.89385332046726,1.0,0.01,1.0,0.1,300,nan,3,0,nan,nan,[],0.9910180813057349,0.9826720129848483,nan,0.997,nan,nan,nan,nan,nan,nan,nan,nan,nan,nan,nan,nan,nan,nan,nan,459.4765625,ok,0,,outputs/misspec_robustness_tuned
misspec_tuned__t_df5_noise3__heavy_tail_signal__seed2017__DIVI_p1,run_divi_misspec_robustness_tuned.py,2026-04-02T15:21:19Z,unknown,local,cpu,x86_64,synthetic_heavy_tail_signal,t_df5_noise3,heavy_tail_signal,1000,100,3,0.1,0.9,3.0,101017,2017,DIVI,1,DIVI,1000.0,1.0,120,manual_mult_auto,141.89385332046726,1.0,0.01,1.0,0.1,300,300,3,2,120,240,"[120, 240]",0.9940030181141498,0.9888650156468761,0.9523809523809523,0.998,11,0.11,0.27431586384773254,0.18377289175987244,187774.578125,180409.28125,7365.296875,184475.25,3.299325942993164,0.902972494000096,0.11074055400013094,0.7894630289997622,0.0016279709998343606,0.0023011409998616728,0.0026315434299992073,462.78515625,ok,0,,outputs/misspec_robustness_tuned,"[120, 240]",informative_kw_llr,"[0 1 2 1 1 2 1 2 1 2 2 0 2 2 1 2 0 1 2 0 0 2 1 2 1 1 1 0 2 1 2 2 1 2 0 1 2
 0 2 1 2 2 1 2 1 0 1 0 0 1 1 2 0 2 2 0 2 0 1 1 0 1 1 1 0 0 2 2 2 2 2 0 0 0
 2 0 2 2 2 0 1 2 2 0 2 2 2 2 2 0 0 2 1 0 2 2 0 1 0 0 0 1 0 0 0 1 1 0 2 2 0
 2 2 2 0 2 1 2 1 0 2 2 1 1 2 1 1 0 0 2 1 1 0 2 1 2 0 0 0 1 0 0 2 2 2 1 1 0
 0 1 2 1 1 2 1 2 0 0 1 1 2 0 1 2 0 0 1 0 0 0 0 2 2 2 0 2 1 2 0 1 2 1 1 1 2
 1 1 2 2 1 2 2 2 0 1 0 1 0 1 0 1 1 2 1 2 2 0 2 0 1 2 1 2 0 0 0 0 2 1 2 2 1
 2 2 0 0 1 1 0 2 0 0 0 1 2 1 2 1 0 2 1 1 0 2 0 2 2 2 2 1 1 2 1 1 0 1 0 0 2
 0 0 1 1 1 2 0 1 2 2 0 2 2 1 0 2 2 0 0 1 1 1 0 0 1 1 2 2 0 2 2 1 1 1 0 1 0
 1 2 2 1 2 0 2 1 0 0 1 2 2 0 2 0 1 2 0 0 1 2 1 2 0 1 2 0 1 0 0 0 2 1 2 1 0
 0 1 0 1 2 1 2 2 1 0 1 2 2 1 0 1 0 2 0 1 1 0 2 1 2 2 2 1 2 2 1 2 2 0 2 1 0
 2 2 0 2 2 2 0 0 1 1 0 1 2 2 2 0 0 1 2 2 1 0 2 0 1 0 1 2 1 0 2 2 2 1 1 1 0
 2 1 2 0 1 2 0 2 1 0 2 2 0 1 1 2 2 1 2 0 0 0 0 1 2 2 1 1 0 2 1 2 2 0 2 2 0
 2 0 0 0 1 0 1 0 0 1 2 1 1 1 2 2 0 1 2 2 2 2 1 2 2 0 0 0 0 2 1 1 1 1 1 0 1
 0 1 1 2 0 2 2 0 1 2 0 1 0 0 0 2 2 1 2 0 2 1 1 1 0 2 0 2 2 0 2 0 2 2 0 2 2
 2 2 2 0 0 1 1 1 1 0 0 0 1 2 1 2 2 0 0 0 1 2 1 1 1 2 0 2 1 0 2 1 2 1 0 0 1
 1 1 1 1 0 2 2 0 0 0 2 2 1 1 1 1 0 2 2 2 0 0 0 0 0 1 1 0 0 1 0 0 1 1 1 1 2
 2 2 1 1 2 0 0 0 0 1 0 1 0 2 2 1 0 2 1 0 0 0 0 0 2 2 1 0 2 2 1 0 0 2 2 2 1
 0 0 1 1 1 0 1 1 1 0 0 2 0 1 0 2 0 1 0 0 1 1 0 0 2 1 2 1 0 1 2 0 0 2 1 1 0
 0 0 0 2 0 1 2 1 2 1 2 0 0 0 2 2 0 2 2 2 0 2 0 0 2 1 1 1 2 0 0 0 2 1 1 1 0
 1 0 0 2 2 1 2 0 1 2 1 1 2 0 2 2 1 0 2 1 0 0 2 1 0 1 2 2 0 2 2 1 0 0 2 1 0
 1 2 1 1 2 1 1 1 1 0 1 1 2 0 0 2 0 1 0 1 1 1 1 1 1 1 0 1 1 1 0 0 1 1 1 0 0
 1 2 1 1 0 2 0 2 1 0 0 1 1 2 1 2 0 1 1 2 1 0 0 2 1 1 0 1 2 1 0 0 2 0 2 0 0
 1 2 0 1 1 0 1 2 0 1 1 2 2 1 0 2 2 0 0 1 0 1 2 0 1 1 1 0 2 0 0 1 1 1 0 1 1
 1 0 2 1 2 1 0 2 2 0 0 2 2 2 1 0 0 1 2 0 0 2 0 2 0 1 2 0 2 1 2 0 2 1 0 2 1
 1 2 2 0 1 2 1 0 0 0 0 2 1 1 2 0 0 2 0 0 2 2 0 0 1 2 0 0 1 0 2 1 2 1 2 2 2
 0 2 2 1 1 1 0 2 2 0 1 0 2 2 2 1 2 1 2 1 1 0 1 0 0 2 0 1 1 0 2 1 2 1 1 2 1
 0 0 1 1 0 0 1 0 0 1 2 2 2 0 2 2 1 2 0 0 0 1 2 1 1 1 2 0 0 2 2 0 0 0 1 0 0
 2]"
misspec_tuned__t_df5_noise3__heavy_tail_signal__seed2017__DIVI_p2,run_divi_misspec_robustness_tuned.py,2026-04-02T15:21:19Z,unknown,local,cpu,x86_64,synthetic_heavy_tail_signal,t_df5_noise3,heavy_tail_signal,1000,100,3,0.1,0.9,3.0,101017,2017,DIVI,2,DIVI,1000.0,1.0,120,manual_mult_auto,141.89385332046726,1.0,0.01,1.0,0.1,300,300,3,2,120,240,"[120, 240]",0.9910181084132711,0.984404667429668,0.18181818181818182,0.997,100,1.0,0.6727777123451233,0.670539379119873,166039.6875,148670.625,17369.0625,159839.421875,6.2002692222595215,0.9003769040000407,2.5260000256821513e-05,0.8952540949999275,0.001875099999779195,0.004676829000345606,0.0029841803166664248,456.6796875,ok,0,,outputs/misspec_robustness_tuned,"[120, 240]",noninformative_uniform,"[0 1 2 1 1 2 1 2 1 2 2 0 2 2 1 2 0 1 2 0 0 2 1 2 1 1 1 0 2 1 2 2 1 2 0 1 2
 0 2 1 2 2 1 2 1 0 1 0 0 1 1 2 0 2 2 0 2 0 1 1 0 1 1 1 0 0 2 2 2 2 2 0 0 0
 2 0 2 2 2 0 1 2 2 0 2 2 2 2 2 0 0 2 1 0 2 2 0 1 0 0 0 1 0 0 0 1 1 0 2 2 0
 2 2 2 0 2 1 2 1 0 2 2 1 1 2 1 1 0 0 2 1 1 0 2 1 2 0 0 0 1 0 0 2 2 2 1 1 0
 0 1 2 1 1 2 1 2 0 0 1 1 2 0 1 2 0 0 1 0 0 0 0 2 2 2 0 2 1 2 0 1 2 1 1 1 2
 1 1 2 2 1 2 2 2 0 1 0 1 0 1 0 1 1 2 1 2 2 0 2 0 1 2 1 2 0 0 0 0 2 1 2 2 1
 2 2 0 0 1 1 0 2 0 0 0 1 2 1 2 1 0 2 1 1 0 2 0 2 2 2 2 1 1 2 1 1 0 1 0 0 2
 0 0 1 1 1 2 0 1 2 2 0 2 2 1 0 2 2 0 0 1 1 1 0 0 1 1 2 2 0 2 2 1 1 1 0 1 0
 1 2 2 1 2 0 2 1 0 0 1 2 2 0 2 0 1 2 0 0 1 2 1 2 0 1 2 0 1 0 0 0 2 1 2 1 0
 0 1 0 1 2 1 2 2 1 0 1 2 2 1 0 1 0 2 0 1 1 0 2 1 2 2 2 1 2 2 1 2 2 0 2 1 0
 2 2 0 2 2 2 0 0 1 1 0 1 2 2 2 0 0 1 2 2 1 0 2 0 1 0 1 2 1 0 2 2 2 1 1 1 0
 2 1 2 0 1 2 0 2 1 0 2 2 0 1 1 2 2 1 2 0 0 0 0 1 2 2 1 1 0 2 1 2 2 0 2 2 0
 2 0 0 0 1 0 1 0 0 1 2 1 1 1 2 2 0 1 2 2 2 2 1 2 2 0 0 0 0 2 1 1 1 1 1 0 1
 0 1 1 2 0 2 2 0 1 2 0 1 0 0 0 2 2 1 2 0 2 1 1 1 0 2 0 2 2 0 2 0 2 2 0 2 2
 2 2 2 0 0 1 1 1 1 0 0 0 1 2 1 2 2 0 0 0 1 2 1 1 1 2 0 2 1 0 2 1 2 1 0 0 1
 1 1 1 1 0 2 2 0 0 0 2 2 1 1 1 1 0 2 2 2 0 0 0 0 0 1 1 0 0 1 0 0 1 1 1 1 2
 2 2 1 1 2 0 0 0 0 1 0 1 0 2 2 1 0 2 1 0 0 0 0 0 2 2 1 0 2 2 1 0 0 2 2 2 1
 0 0 1 1 1 0 1 1 1 0 0 2 0 1 0 2 0 1 0 0 1 1 0 0 2 1 2 1 0 1 2 0 0 2 1 1 0
 0 0 0 2 0 1 2 1 2 1 2 0 0 0 2 2 0 2 2 2 0 2 0 0 2 1 1 1 2 0 0 0 2 1 1 1 0
 1 0 0 2 2 1 2 0 1 2 1 1 2 0 2 2 1 0 2 1 0 0 2 1 0 1 2 2 0 2 2 1 0 0 2 1 0
 1 2 1 1 2 1 1 1 1 0 1 1 2 0 0 2 0 1 0 1 1 1 1 1 1 1 0 1 1 1 0 0 1 1 1 0 0
 1 2 1 1 0 2 0 2 1 0 0 1 1 2 1 2 0 1 1 2 1 0 0 2 1 1 0 1 2 1 0 0 2 0 2 0 0
 1 2 0 1 1 0 1 2 0 1 1 2 2 1 0 2 2 0 0 1 0 1 2 0 1 1 1 0 2 0 0 2 1 1 0 1 1
 1 0 2 1 2 1 0 2 2 0 0 2 2 2 1 0 0 1 2 0 0 2 0 2 0 1 2 0 2 1 2 0 2 1 0 2 1
 1 2 2 0 1 2 1 0 0 0 0 2 1 1 2 0 0 2 0 0 2 2 0 0 1 2 0 0 1 0 2 1 2 1 2 2 2
 0 2 2 1 1 1 0 2 2 0 1 0 2 2 2 1 2 1 2 1 1 0 1 0 0 2 0 1 1 0 2 1 2 1 1 2 1
 0 0 1 1 0 0 1 0 0 1 2 2 2 0 2 2 1 2 0 0 0 1 2 1 1 1 2 0 0 2 2 0 0 0 1 0 0
 2]"
misspec_tuned__t_df5_noise3__heavy_tail_signal__seed2017__DIVI_p3,run_divi_misspec_robustness_tuned.py,2026-04-02T15:21:19Z,unknown,local,cpu,x86_64,synthetic_heavy_tail_signal,t_df5_noise3,heavy_tail_signal,1000,100,3,0.1,0.9,3.0,101017,2017,DIVI,3,DIVI,1000.0,1.0,120,manual_mult_auto,141.89385332046726,1.0,0.01,1.0,0.1,300,300,3,2,120,240,"[120, 240]",0.9790928297835501,0.9663885036288373,0.22222222222222224,0.993,71,0.71,0.620735764503479,0.6915897727012634,167513.40625,153244.28125,14269.125,163370.984375,4.142423629760742,0.9676709509999455,5.668999983754475e-05,0.9632244409999657,0.001812190000237024,0.003903209999862156,0.0032107481366665525,455.66015625,ok,0,,outputs/misspec_robustness_tuned,"[120, 240]",random_prior,"[0 2 2 1 1 2 1 2 1 2 2 0 2 2 1 2 0 1 2 0 0 2 1 2 1 1 1 0 2 1 2 2 1 2 0 1 2
 0 2 1 2 2 1 2 1 0 1 0 0 1 1 2 0 2 2 0 2 0 1 1 0 1 1 1 0 0 2 2 2 2 2 0 0 0
 2 0 2 2 2 0 1 2 2 0 2 2 2 2 2 0 0 2 1 0 2 2 0 1 0 0 0 1 0 0 0 1 1 0 2 2 0
 2 2 2 0 2 1 2 1 0 2 2 1 1 2 1 1 0 0 2 1 1 0 2 1 2 0 0 0 1 0 0 2 2 2 1 1 0
 0 1 2 1 1 2 1 2 0 0 1 1 2 0 1 2 0 0 1 0 0 0 0 2 2 2 0 2 1 2 0 1 2 1 1 1 2
 1 1 2 2 1 2 2 2 0 1 0 1 0 1 0 1 1 2 2 2 2 0 2 0 1 2 1 2 0 0 0 0 2 1 2 2 1
 2 2 0 0 1 1 0 2 0 0 0 1 2 1 2 1 0 2 1 1 0 2 0 2 2 2 2 1 1 2 1 1 0 1 0 0 2
 0 0 1 1 1 2 0 1 2 2 0 2 2 1 0 2 2 0 0 1 1 1 0 0 1 1 2 2 0 2 2 1 1 1 0 1 0
 1 2 2 1 2 0 2 1 0 0 1 2 2 0 2 0 1 2 0 0 1 2 2 2 0 1 2 0 1 0 0 0 2 1 2 1 0
 0 1 0 1 2 1 2 2 1 0 1 2 2 1 0 1 0 2 0 1 1 0 2 1 2 2 2 1 2 2 1 2 2 0 2 1 0
 2 2 0 2 2 2 0 0 1 1 0 1 2 2 2 0 0 1 2 2 1 0 2 0 1 0 1 2 1 0 2 2 2 1 1 1 0
 2 1 2 0 1 2 0 2 1 0 2 2 0 1 1 2 2 1 2 0 0 0 0 1 2 2 1 1 2 2 1 2 2 0 2 2 0
 2 0 0 0 1 0 1 0 0 1 2 1 1 1 2 2 0 1 2 2 2 2 1 2 2 0 0 0 0 2 1 1 1 1 1 0 1
 0 1 1 2 0 2 2 0 1 2 0 1 0 0 0 2 2 1 2 0 2 1 1 1 0 2 0 2 2 0 2 0 2 2 0 2 2
 2 2 2 0 0 1 1 1 1 0 0 0 1 2 1 2 2 0 0 0 1 2 1 1 1 2 0 2 1 0 2 1 2 1 0 0 1
 1 1 1 1 0 2 2 0 0 0 2 2 1 1 1 1 0 2 2 2 0 0 0 0 0 1 1 0 0 1 0 0 1 1 1 1 2
 2 2 1 1 2 0 0 0 0 1 0 1 0 2 2 1 0 2 1 0 0 0 0 0 2 2 1 0 2 2 1 0 0 2 2 2 1
 0 0 1 1 1 0 1 1 1 0 0 2 0 1 0 2 0 1 0 0 1 1 0 0 2 1 2 1 0 1 2 0 0 2 1 1 0
 0 0 0 2 0 1 2 1 2 1 2 0 0 0 2 2 0 2 2 2 0 2 0 0 2 1 1 1 2 0 0 0 2 1 1 1 0
 1 0 0 2 2 1 2 0 1 2 1 1 2 0 2 2 1 0 2 1 0 0 2 1 0 1 2 2 0 2 2 1 0 0 2 1 0
 1 2 1 1 2 1 1 1 1 0 1 1 2 0 0 2 0 1 0 1 1 1 1 1 1 1 0 1 1 1 0 0 1 1 1 0 0
 1 2 1 1 0 2 0 2 1 0 0 1 1 2 1 2 0 1 1 2 1 0 0 2 1 1 0 1 2 1 0 0 2 0 2 0 0
 1 2 0 1 1 0 1 2 0 1 1 2 2 1 0 2 2 0 0 1 0 1 2 0 1 1 1 0 2 0 0 2 1 1 0 1 1
 1 0 2 1 2 1 0 2 2 0 0 2 2 2 1 0 0 1 2 0 0 2 0 2 0 1 2 0 2 1 2 0 2 1 0 2 1
 1 2 2 0 1 2 1 0 0 0 0 2 1 1 2 0 0 2 0 0 2 2 0 0 1 2 0 0 1 0 2 1 2 1 2 2 2
 0 2 2 1 1 1 0 2 2 0 1 0 2 2 2 1 2 1 2 1 1 0 1 0 0 2 0 1 1 0 2 1 2 1 1 2 1
 0 0 1 1 0 0 1 0 0 1 2 2 2 0 2 2 1 2 0 0 0 1 2 1 1 1 2 0 0 2 2 0 0 0 1 0 0
 2]"
misspec_tuned__t_df5_noise3__heavy_tail_signal__seed2017__kmeans_oracle,run_divi_misspec_robustness_tuned.py,2026-04-02T15:21:19Z,unknown,local,cpu,x86_64,synthetic_heavy_tail_signal,t_df5_noise3,heavy_tail_signal,1000,100,3,0.1,0.9,3.0,101017,2017,kmeans_oracle,nan,KMeans,nan,nan,120,manual_mult_auto,141.89385332046726,1.0,0.01,1.0,0.1,300,nan,3,0,nan,nan,[],0.98503466708773,0.9720146233937363,nan,0.995,nan,nan,nan,nan,nan,nan,nan,nan,nan,nan,nan,nan,nan,nan,nan,455.66015625,ok,0,,outputs/misspec_robustness_tuned
misspec_tuned__t_df5_noise3__heavy_tail_signal__seed2017__gmm_oracle,run_divi_misspec_robustness_tuned.py,2026-04-02T15:21:19Z,unknown,local,cpu,x86_64,synthetic_heavy_tail_signal,t_df5_noise3,heavy_tail_signal,1000,100,3,0.1,0.9,3.0,101017,2017,gmm_oracle,nan,GaussianMixtureDiag,nan,nan,120,manual_mult_auto,141.89385332046726,1.0,0.01,1.0,0.1,300,nan,3,0,nan,nan,[],0.9940030181141498,0.9888650156468761,nan,0.998,nan,nan,nan,nan,nan,nan,nan,nan,nan,nan,nan,nan,nan,nan,nan,455.66015625,ok,0,,outputs/misspec_robustness_tuned
misspec_tuned__t_df5_noise3__heavy_tail_signal__seed2018__DIVI_p1,run_divi_misspec_robustness_tuned.py,2026-04-02T15:21:22Z,unknown,local,cpu,x86_64,synthetic_heavy_tail_signal,t_df5_noise3,heavy_tail_signal,1000,100,3,0.1,0.9,3.0,101018,2018,DIVI,1,DIVI,1000.0,1.0,120,manual_mult_auto,141.89385332046726,1.0,0.01,1.0,0.1,300,300,3,2,120,240,"[120, 240]",0.9703141186466525,0.9534513953907161,1.0,0.99,10,0.1,0.26145821809768677,0.1683022379875183,188306.578125,181373.75,6932.828125,185421.671875,2.8849036693573,1.4573707360000299,0.1345597029999226,1.3200139329997,0.0017325700005130784,0.002097909999974945,0.004400046443332334,469.65234375,ok,0,,outputs/misspec_robustness_tuned,"[120, 240]",informative_kw_llr,"[1 0 0 0 0 1 1 2 1 2 2 2 2 2 0 1 0 1 0 1 2 0 1 1 1 2 0 2 1 0 1 1 0 2 2 0 1
 0 1 0 1 0 0 0 2 0 2 0 0 0 2 1 1 2 1 2 1 2 1 2 2 1 0 0 2 0 0 0 0 0 0 1 1 1
 1 2 1 2 0 1 0 2 1 2 1 0 2 0 1 0 0 2 2 1 2 0 0 0 1 1 2 1 1 2 2 1 0 0 0 0 1
 1 2 0 0 0 2 2 0 2 2 2 2 2 0 0 0 2 2 1 0 1 0 2 2 1 2 0 2 0 2 0 0 1 0 0 0 2
 0 2 1 1 0 1 0 0 0 0 1 2 2 1 2 2 1 1 2 1 2 2 2 0 1 2 2 1 0 0 1 0 2 1 0 2 0
 2 2 0 2 1 0 2 2 2 1 0 0 1 2 0 0 0 2 2 1 2 1 1 1 2 1 2 0 1 0 1 0 0 1 2 2 1
 2 0 2 1 1 1 1 1 2 0 2 1 0 2 2 2 2 0 1 1 2 0 0 2 1 0 1 0 1 0 0 0 0 2 1 0 2
 1 0 0 0 1 1 2 0 0 1 1 0 1 0 1 1 0 1 2 1 2 1 1 0 0 0 0 0 1 1 2 1 1 2 0 1 1
 2 2 1 2 2 0 1 0 0 2 0 1 1 1 0 2 2 2 0 0 0 2 2 0 1 2 0 1 1 0 2 2 1 0 0 0 1
 1 2 0 1 1 1 2 2 1 0 0 1 2 0 1 0 2 0 1 2 1 0 1 1 1 1 0 2 2 2 0 0 0 1 0 1 2
 0 2 0 0 1 1 2 2 0 0 2 2 2 0 2 0 2 2 1 0 1 2 1 1 2 1 2 2 1 2 0 0 2 2 1 2 2
 0 0 2 2 2 1 1 1 0 2 0 2 0 0 1 0 1 0 1 1 0 0 2 1 2 1 1 1 2 2 1 0 0 0 0 0 1
 1 0 0 0 2 0 2 2 2 0 1 2 0 1 2 1 2 1 0 1 1 2 2 2 1 0 1 1 2 1 0 1 0 1 0 0 1
 1 0 0 1 2 1 1 0 1 2 2 1 1 1 2 0 2 2 2 2 1 1 1 1 1 2 0 1 0 1 2 0 1 2 2 2 1
 0 2 2 1 2 0 0 0 2 0 2 2 2 2 1 0 0 1 0 1 0 1 2 2 2 0 0 2 0 0 1 2 2 0 0 0 2
 0 1 2 2 2 0 1 0 2 0 2 0 1 1 1 1 0 1 0 2 0 2 2 1 1 0 1 2 0 1 1 2 1 1 1 2 1
 2 1 1 0 0 1 1 0 1 2 1 0 0 0 2 1 2 1 0 1 0 2 1 0 0 2 0 1 2 2 0 2 1 0 2 2 0
 1 2 0 0 1 1 1 2 2 0 0 2 1 2 2 2 2 2 0 0 2 2 1 2 2 2 1 2 2 1 0 1 1 0 0 2 2
 1 1 0 1 0 2 2 2 2 2 1 1 0 2 2 1 1 2 0 0 0 0 2 0 2 0 0 2 2 0 1 0 1 1 1 1 2
 2 1 0 1 1 0 2 2 0 2 1 0 1 0 1 2 1 1 1 0 2 0 0 2 2 0 0 2 1 2 0 1 0 2 0 0 2
 2 1 1 2 0 2 2 2 1 1 1 0 2 1 2 2 2 0 0 1 0 1 2 2 0 1 1 0 0 2 1 0 2 1 2 0 1
 1 1 2 2 0 2 2 2 0 1 1 0 1 1 2 1 1 2 2 0 0 1 1 1 0 0 0 0 2 1 1 0 2 0 0 0 2
 1 2 2 1 2 2 0 1 1 2 0 0 1 0 1 0 2 1 2 2 2 0 0 0 1 1 1 2 1 2 2 1 2 2 2 0 0
 0 0 1 0 1 1 1 0 2 0 2 1 1 0 1 1 0 1 2 2 2 0 2 2 0 2 1 2 1 0 2 0 1 0 1 0 2
 2 1 0 0 1 1 2 1 0 1 2 0 1 2 0 0 1 0 2 2 0 0 2 2 1 1 0 1 2 0 1 1 1 0 1 0 2
 0 2 0 0 2 0 2 2 1 1 1 0 2 2 1 0 1 1 1 1 2 2 2 1 1 2 1 2 2 1 0 0 0 1 0 2 1
 1 0 0 1 2 1 0 1 0 1 2 1 2 2 0 0 0 0 2 0 0 2 0 1 0 0 0 0 2 2 2 0 0 2 2 0 2
 1]"
misspec_tuned__t_df5_noise3__heavy_tail_signal__seed2018__DIVI_p2,run_divi_misspec_robustness_tuned.py,2026-04-02T15:21:22Z,unknown,local,cpu,x86_64,synthetic_heavy_tail_signal,t_df5_noise3,heavy_tail_signal,1000,100,3,0.1,0.9,3.0,101018,2018,DIVI,2,DIVI,1000.0,1.0,120,manual_mult_auto,141.89385332046726,1.0,0.01,1.0,0.1,300,300,3,2,120,240,"[120, 240]",0.439864217584022,0.6214734009390349,0.18181818181818182,0.53,100,1.0,0.6730892658233643,0.6743695735931396,167005.890625,149572.90625,17432.984375,160782.375,6.223517894744873,0.8454844170000797,1.964900002349168e-05,0.8428413980000187,0.0016145910003615427,0.0022779200003242295,0.002809471326666729,456.296875,ok,0,,outputs/misspec_robustness_tuned,"[120, 240]",noninformative_uniform,"[0 0 0 0 0 0 2 1 0 1 2 1 2 1 0 0 0 0 0 0 2 0 0 0 0 2 0 1 0 0 0 0 0 1 1 0 0
 0 0 0 0 0 0 0 2 0 1 0 0 0 2 0 0 1 0 1 0 2 2 2 1 0 0 0 1 0 0 0 0 0 0 0 0 0
 0 1 0 2 0 0 0 2 0 1 0 0 2 0 0 0 0 2 1 0 1 0 0 0 0 0 1 0 0 2 1 0 0 0 0 0 0
 0 1 0 0 0 2 2 0 1 1 1 2 1 0 0 0 2 1 0 0 0 0 2 2 2 2 0 2 0 1 0 0 0 0 0 0 2
 0 2 0 0 0 0 0 0 0 0 0 1 2 0 2 1 0 0 2 0 1 2 2 0 0 1 1 0 0 0 0 0 1 0 0 1 0
 1 2 0 1 0 0 2 2 1 0 0 0 0 1 0 0 0 1 2 2 2 0 0 0 2 0 1 0 0 0 2 0 0 0 2 1 0
 1 0 2 0 0 0 0 0 1 0 1 0 0 1 1 1 2 0 0 0 1 0 0 1 0 0 0 0 0 0 0 0 0 2 0 0 2
 0 0 0 0 0 0 2 0 0 0 0 0 0 0 0 0 0 0 1 0 2 0 0 0 0 0 0 0 0 0 1 0 0 1 0 0 0
 2 1 0 2 2 0 0 0 0 1 0 0 0 0 0 1 1 1 0 0 0 2 1 0 0 1 0 0 0 0 2 2 0 0 0 0 0
 0 1 0 0 0 0 2 1 0 0 0 0 2 0 0 0 1 0 0 1 0 0 0 0 0 0 0 1 1 2 0 0 0 0 0 0 2
 0 1 0 0 0 0 1 1 0 0 2 1 2 0 1 0 2 1 0 0 0 2 0 0 1 0 1 1 0 2 0 0 1 2 0 1 1
 0 0 1 2 2 0 0 0 0 2 0 2 0 0 0 0 0 0 0 0 0 0 2 0 2 0 0 0 1 1 0 0 0 0 0 0 0
 0 0 0 0 1 0 1 1 1 0 0 1 0 0 1 0 1 0 0 0 0 1 1 2 0 0 1 0 1 2 0 0 0 0 0 0 0
 0 0 0 0 1 0 0 0 0 2 1 0 0 0 1 0 1 1 1 2 0 0 0 0 0 1 0 0 0 1 1 0 0 2 2 1 0
 0 1 2 0 1 0 0 0 2 0 2 2 2 1 0 0 0 0 0 0 0 0 2 1 2 0 0 1 0 0 0 2 2 0 0 0 1
 0 0 1 2 1 0 0 0 1 0 2 0 0 0 0 0 0 0 0 1 0 2 1 0 0 0 0 2 0 0 0 1 0 0 0 1 0
 1 0 0 0 0 0 0 0 0 2 0 0 0 0 2 0 1 0 0 0 0 2 0 0 0 1 0 0 2 1 0 2 0 0 1 2 0
 0 2 0 0 0 0 0 1 1 0 0 1 0 2 2 1 2 2 0 0 1 2 0 1 1 2 0 1 1 0 0 0 0 0 0 2 1
 0 2 0 0 0 2 1 1 1 2 0 0 0 2 1 0 0 1 0 0 0 0 1 0 1 0 0 1 1 0 0 0 0 0 0 0 1
 1 0 0 0 0 0 1 2 0 1 0 0 0 0 0 2 0 0 2 0 1 0 0 2 1 0 0 1 0 1 0 0 0 1 0 0 2
 1 0 0 2 0 2 1 2 0 0 0 0 1 0 2 2 2 0 0 0 0 0 2 2 0 0 0 0 0 1 0 0 2 0 1 0 0
 0 0 1 2 0 2 2 1 0 0 0 0 0 0 1 0 0 1 2 0 0 0 0 0 0 0 0 0 1 0 0 0 2 0 0 0 2
 0 1 2 0 1 2 0 0 0 1 0 0 0 0 0 0 2 0 2 1 1 0 0 0 0 0 0 1 0 2 2 0 1 1 2 0 0
 0 0 0 0 0 0 0 0 2 0 1 0 0 0 0 0 0 0 1 2 2 0 1 1 0 1 0 2 0 0 2 0 0 0 0 0 2
 1 0 0 0 0 0 2 0 0 0 1 0 0 2 0 0 0 0 1 1 0 0 1 1 0 0 0 0 1 0 0 0 0 0 0 0 1
 0 1 0 0 2 0 1 2 0 0 0 0 2 1 0 0 0 0 0 0 1 2 1 0 0 1 0 1 1 0 0 0 0 0 0 1 0
 0 0 0 0 2 0 0 0 0 0 2 0 1 1 0 0 0 0 1 0 0 1 0 0 0 0 0 0 2 2 2 0 0 2 1 0 2
 0]"
misspec_tuned__t_df5_noise3__heavy_tail_signal__seed2018__DIVI_p3,run_divi_misspec_robustness_tuned.py,2026-04-02T15:21:22Z,unknown,local,cpu,x86_64,synthetic_heavy_tail_signal,t_df5_noise3,heavy_tail_signal,1000,100,3,0.1,0.9,3.0,101018,2018,DIVI,3,DIVI,1000.0,1.0,120,manual_mult_auto,141.89385332046726,1.0,0.01,1.0,0.1,300,300,3,2,120,240,"[120, 240]",0.964370349038738,0.9397370183708805,0.175,0.988,70,0.7,0.608084499835968,0.686796247959137,168585.5,154619.8125,13965.6875,164487.984375,4.0975141525268555,0.8637507559997175,2.223999990746961e-05,0.8611140159996467,0.0015181899998424342,0.002236360000097193,0.0028703800533321556,469.65234375,ok,0,,outputs/misspec_robustness_tuned,"[120, 240]",random_prior,"[1 2 2 2 2 1 1 0 1 0 0 0 0 0 2 1 2 1 2 1 0 2 1 1 1 0 2 0 1 2 1 1 2 0 0 2 1
 2 1 2 1 2 2 2 0 2 0 2 2 2 0 1 1 0 1 0 1 0 1 0 0 1 2 2 0 2 2 2 2 2 2 1 1 1
 1 0 1 0 2 1 2 0 1 0 1 2 0 2 1 2 2 0 0 1 0 2 2 2 1 1 0 1 1 0 0 1 2 2 2 2 1
 1 0 2 1 2 0 0 2 0 0 0 0 0 2 2 2 0 0 1 2 1 2 0 0 1 0 2 0 2 0 2 2 1 2 2 2 0
 2 0 1 1 2 1 2 2 2 2 1 0 0 1 0 0 1 1 0 1 0 0 0 2 1 0 0 1 2 2 1 2 0 1 2 0 2
 0 0 2 0 1 2 0 0 0 1 2 2 1 0 2 2 2 0 0 1 0 1 1 1 0 1 0 2 1 2 1 2 2 1 0 0 1
 0 2 0 1 2 1 1 1 0 2 0 1 2 0 0 0 0 2 1 1 0 2 2 0 1 2 1 2 1 1 2 2 2 0 1 2 0
 1 2 2 2 1 1 0 1 2 1 1 2 1 2 1 1 1 1 0 1 0 1 1 2 2 2 2 2 1 1 0 1 1 0 2 1 1
 0 0 1 0 0 2 1 1 2 0 2 1 1 1 2 0 0 0 2 2 2 0 0 2 1 0 2 1 1 2 0 0 1 2 2 2 1
 1 0 2 1 1 1 0 0 1 2 2 1 0 2 1 2 0 2 1 0 1 2 1 1 1 1 2 0 0 0 2 2 2 1 2 1 0
 2 0 2 2 1 1 0 0 2 2 0 0 0 2 0 2 0 0 1 2 1 0 1 1 0 1 0 0 1 0 2 2 0 0 1 0 0
 2 2 0 0 0 1 1 1 2 0 2 0 2 2 1 2 1 2 1 1 2 2 0 1 0 1 1 1 0 0 1 2 2 2 2 2 1
 1 2 2 2 0 2 0 0 0 2 1 0 2 1 0 1 0 1 2 1 1 0 0 0 1 2 1 1 0 1 2 1 2 1 2 2 1
 1 2 2 1 0 1 1 2 1 0 0 1 1 1 0 2 0 0 0 0 1 1 1 1 1 0 2 1 2 0 0 2 1 0 0 0 1
 2 0 0 1 0 2 2 2 0 1 0 0 0 0 1 2 2 1 2 1 2 1 0 0 0 2 2 0 2 2 1 0 0 2 2 2 0
 2 1 0 0 0 2 1 2 0 2 0 2 1 1 1 1 2 1 2 0 2 0 0 1 1 2 1 0 2 1 1 0 1 1 1 0 1
 0 1 1 2 2 1 1 2 1 0 1 2 2 2 0 1 0 1 2 1 2 0 1 2 2 0 2 1 0 0 2 0 1 2 0 0 2
 1 0 2 2 1 1 1 0 0 1 2 0 1 0 0 0 0 0 2 2 0 0 1 0 0 0 1 0 0 1 2 1 1 2 2 0 0
 1 0 2 1 2 0 0 0 0 0 1 1 2 0 0 1 1 0 2 2 2 2 0 2 0 1 2 0 0 2 1 2 1 1 1 1 0
 0 1 2 1 1 2 0 0 2 0 1 2 1 2 1 0 1 1 1 2 0 2 2 0 0 2 2 0 1 0 2 1 2 0 2 2 0
 0 1 1 0 2 0 0 0 1 1 1 2 0 1 0 0 0 2 2 1 2 1 0 0 2 1 1 2 2 0 1 2 0 1 0 1 1
 1 1 0 0 2 0 0 0 2 1 1 2 1 1 0 1 1 0 0 2 2 1 1 1 2 2 2 2 0 1 1 2 0 2 2 2 0
 1 0 0 1 0 0 2 1 1 0 2 1 1 2 1 2 0 1 0 0 0 2 2 2 1 1 1 0 1 0 0 1 0 0 0 2 2
 2 2 1 2 1 1 1 2 0 2 0 1 1 2 1 1 2 1 0 0 0 2 0 0 2 0 1 0 1 2 0 2 1 2 1 2 0
 0 1 2 2 1 1 0 1 2 1 0 2 1 0 2 2 1 2 0 0 2 2 0 0 1 1 2 1 0 2 1 1 1 1 1 2 0
 2 0 2 2 0 2 0 0 1 1 1 2 0 0 1 2 1 1 1 1 0 0 0 1 1 0 1 0 0 1 2 2 2 1 2 0 1
 1 2 2 1 0 1 2 1 2 1 0 1 0 0 2 2 2 2 0 2 2 0 2 1 2 2 2 2 0 0 0 2 2 0 0 2 0
 1]"
misspec_tuned__t_df5_noise3__heavy_tail_signal__seed2018__kmeans_oracle,run_divi_misspec_robustness_tuned.py,2026-04-02T15:21:22Z,unknown,local,cpu,x86_64,synthetic_heavy_tail_signal,t_df5_noise3,heavy_tail_signal,1000,100,3,0.1,0.9,3.0,101018,2018,kmeans_oracle,nan,KMeans,nan,nan,120,manual_mult_auto,141.89385332046726,1.0,0.01,1.0,0.1,300,nan,3,0,nan,nan,[],0.9761748282088182,0.9567624711507501,nan,0.992,nan,nan,nan,nan,nan,nan,nan,nan,nan,nan,nan,nan,nan,nan,nan,448.4140625,ok,0,,outputs/misspec_robustness_tuned
misspec_tuned__t_df5_noise3__heavy_tail_signal__seed2018__gmm_oracle,run_divi_misspec_robustness_tuned.py,2026-04-02T15:21:22Z,unknown,local,cpu,x86_64,synthetic_heavy_tail_signal,t_df5_noise3,heavy_tail_signal,1000,100,3,0.1,0.9,3.0,101018,2018,gmm_oracle,nan,GaussianMixtureDiag,nan,nan,120,manual_mult_auto,141.89385332046726,1.0,0.01,1.0,0.1,300,nan,3,0,nan,nan,[],0.9940030362131663,0.9876058551993107,nan,0.998,nan,nan,nan,nan,nan,nan,nan,nan,nan,nan,nan,nan,nan,nan,nan,448.4140625,ok,0,,outputs/misspec_robustness_tuned
misspec_tuned__t_df5_noise3__heavy_tail_signal__seed2019__DIVI_p1,run_divi_misspec_robustness_tuned.py,2026-04-02T15:21:25Z,unknown,local,cpu,x86_64,synthetic_heavy_tail_signal,t_df5_noise3,heavy_tail_signal,1000,100,3,0.1,0.9,3.0,101019,2019,DIVI,1,DIVI,1000.0,1.0,120,manual_mult_auto,141.89385332046726,1.0,0.01,1.0,0.1,300,300,3,2,120,240,"[120, 240]",0.9910090090450812,0.9814102388518787,1.0,0.997,10,0.1,0.26473870873451233,0.1757795661687851,188234.75,181760.609375,6474.140625,185101.140625,3.133606195449829,1.013157358999706,0.11675832500031902,0.8920636549996743,0.0018743289997473767,0.0038221499999053776,0.002973545516665581,457.19140625,ok,0,,outputs/misspec_robustness_tuned,"[120, 240]",informative_kw_llr,"[1 2 2 2 2 0 2 0 2 1 0 0 0 0 1 0 1 0 1 2 0 1 0 2 0 1 0 1 2 2 2 1 0 0 2 1 1
 1 0 1 2 0 1 0 0 0 0 2 1 2 0 0 2 0 0 1 0 2 0 0 1 1 2 1 0 0 2 2 1 2 2 1 0 2
 0 2 0 2 2 1 0 1 1 1 1 0 0 1 2 2 1 0 1 0 0 1 1 2 0 0 1 1 2 1 1 1 1 0 0 2 2
 2 2 2 1 1 1 1 2 2 2 2 0 0 1 1 0 0 2 0 2 1 1 1 1 2 0 0 2 1 0 1 2 1 1 2 2 1
 1 0 1 1 1 1 0 1 2 2 0 2 2 2 1 2 1 1 1 1 2 0 2 0 0 1 0 0 1 1 0 1 2 2 0 2 0
 0 0 1 2 1 1 0 2 2 2 0 1 2 1 1 1 2 0 1 0 0 2 1 1 1 2 0 0 2 1 0 0 2 0 0 2 1
 1 1 0 2 1 2 0 2 2 0 1 0 1 2 1 1 2 1 0 2 0 1 1 0 2 1 1 1 1 2 1 2 2 2 0 2 2
 0 1 0 1 1 0 1 1 1 0 0 0 0 1 0 2 0 2 1 2 1 1 0 0 2 0 1 1 1 0 0 2 0 0 1 0 0
 1 2 2 0 1 0 2 2 1 1 0 0 0 2 1 2 1 2 0 0 1 2 2 1 0 1 0 0 1 1 1 2 2 1 2 2 1
 2 0 0 1 0 2 2 0 2 1 0 0 1 2 2 1 0 2 2 1 1 2 0 0 1 2 0 2 2 0 0 0 0 2 2 2 1
 0 1 2 1 0 2 2 0 1 2 2 2 0 2 1 1 2 1 0 0 2 1 0 0 1 1 0 0 1 0 2 0 2 0 0 1 0
 1 1 2 2 1 1 2 0 1 2 1 2 1 0 0 0 0 0 0 2 2 0 1 1 1 1 2 2 1 0 0 1 0 0 1 0 2
 2 1 1 1 2 2 1 0 2 1 2 2 2 1 0 0 2 2 0 2 2 2 0 0 0 1 2 0 0 1 0 1 1 2 0 1 2
 0 1 2 2 1 1 1 1 2 0 2 0 1 2 2 1 0 1 0 0 0 2 0 2 2 1 0 2 1 2 0 0 0 0 2 2 1
 2 0 0 1 0 0 1 0 0 1 2 1 2 1 0 0 0 0 1 0 1 0 1 1 0 1 1 1 0 1 2 2 2 0 1 0 1
 2 0 0 0 0 0 1 2 2 2 0 0 1 1 0 1 2 2 2 0 2 0 2 0 1 2 1 2 2 2 0 0 2 2 2 2 1
 0 2 2 2 1 0 0 1 2 1 2 0 1 1 0 1 2 0 2 0 1 2 1 2 0 2 1 2 1 1 2 1 1 0 1 0 0
 2 0 2 1 2 0 1 1 0 1 1 1 2 1 1 2 1 1 0 1 0 0 0 1 0 1 1 0 1 0 1 1 1 0 1 0 1
 2 2 1 2 1 2 2 1 2 0 0 2 2 1 0 1 2 2 0 1 0 2 0 1 1 2 0 0 1 1 2 2 2 2 1 0 1
 2 1 1 1 0 2 2 0 0 0 2 0 1 0 0 1 1 2 1 1 2 1 0 1 1 2 1 1 1 2 1 2 0 0 0 2 2
 1 2 0 0 1 2 1 2 2 2 2 0 2 0 0 2 1 0 2 2 0 2 2 0 1 0 2 2 0 0 2 0 1 2 1 2 1
 2 1 0 2 0 1 2 2 2 1 1 2 0 2 1 0 1 2 2 1 1 2 2 1 0 0 1 0 2 1 0 2 0 1 2 1 2
 0 1 2 1 2 2 0 0 1 2 0 1 2 0 2 1 1 2 0 0 0 0 0 2 1 0 1 1 2 1 0 0 2 0 1 2 0
 2 0 1 0 1 1 2 0 0 0 0 2 2 1 1 2 1 2 0 1 1 2 2 1 0 1 2 2 0 0 2 2 2 0 0 2 2
 2 1 0 0 1 2 2 2 0 2 2 0 2 1 2 0 2 2 1 0 1 0 1 0 1 1 2 2 0 0 1 1 2 0 2 0 2
 1 0 2 0 0 1 1 1 0 2 0 1 1 0 1 2 1 0 0 0 0 1 1 2 0 0 0 2 2 2 1 1 2 2 1 2 0
 2 2 2 2 2 2 2 2 2 1 2 2 0 2 0 2 0 1 2 2 0 1 2 1 0 0 2 2 0 2 0 0 0 1 1 0 1
 1]"
misspec_tuned__t_df5_noise3__heavy_tail_signal__seed2019__DIVI_p2,run_divi_misspec_robustness_tuned.py,2026-04-02T15:21:25Z,unknown,local,cpu,x86_64,synthetic_heavy_tail_signal,t_df5_noise3,heavy_tail_signal,1000,100,3,0.1,0.9,3.0,101019,2019,DIVI,2,DIVI,1000.0,1.0,120,manual_mult_auto,141.89385332046726,1.0,0.01,1.0,0.1,300,300,3,2,120,240,"[120, 240]",0.9761303152408938,0.9602023751802985,0.18181818181818182,0.992,100,1.0,0.6710413098335266,0.6697363257408142,166069.453125,147786.265625,18283.1875,160004.46875,6.064987659454346,0.8709919560001254,2.232999986517825e-05,0.8681659260000743,0.001668179999342101,0.0023311600002671184,0.0028938864200002477,458.71484375,ok,0,,outputs/misspec_robustness_tuned,"[120, 240]",noninformative_uniform,"[2 1 1 1 1 0 1 0 1 2 0 0 0 0 2 0 2 0 2 1 0 2 0 1 0 2 0 2 2 1 1 2 0 0 1 2 2
 2 0 2 1 0 2 0 0 0 0 1 2 1 0 0 1 0 0 2 0 1 0 0 2 2 1 2 0 0 1 1 2 1 1 2 0 1
 0 1 0 1 1 2 0 2 2 2 2 0 0 2 1 1 2 0 2 0 0 2 2 1 0 0 2 2 1 2 2 2 2 0 0 1 1
 1 1 1 2 2 2 2 1 1 1 1 0 0 2 2 0 0 1 0 1 2 2 2 2 1 0 0 1 2 0 2 1 2 2 1 1 2
 2 0 2 2 2 2 0 2 1 1 0 1 1 1 2 1 2 2 2 2 1 0 1 0 0 2 0 0 2 2 0 2 1 1 0 1 0
 0 0 2 1 2 2 0 1 1 1 0 2 1 2 2 2 1 0 2 0 0 1 2 2 2 1 0 0 1 2 0 0 1 0 0 1 2
 2 2 0 1 2 1 0 1 1 0 2 0 2 1 2 2 1 2 0 1 0 2 2 0 1 2 2 2 2 1 2 1 1 1 0 1 1
 0 2 0 2 2 0 2 2 2 0 0 0 0 2 0 1 0 1 2 1 2 2 0 0 1 0 2 2 2 0 0 1 0 0 2 0 0
 2 1 1 0 2 0 1 1 2 2 0 0 0 1 2 1 2 1 0 0 2 1 1 2 0 2 0 0 2 2 2 1 1 2 1 1 2
 1 0 0 2 0 1 1 0 1 2 0 0 2 1 1 2 0 1 1 2 2 1 0 0 2 1 0 1 1 0 0 0 0 1 1 1 2
 0 2 1 2 0 1 1 0 2 1 1 1 0 1 2 2 1 2 0 0 1 2 0 0 2 2 0 0 2 0 1 0 1 0 0 2 0
 2 2 1 1 2 2 1 0 2 1 2 1 2 0 0 0 0 0 0 1 1 0 2 2 2 2 1 1 2 0 0 2 0 0 2 0 1
 1 2 2 2 1 1 2 0 1 2 1 1 1 2 0 0 1 1 0 1 1 1 0 0 0 2 1 0 0 2 0 2 2 1 0 2 1
 0 2 1 1 2 2 2 2 1 0 1 0 2 1 1 2 0 2 0 0 0 1 0 1 1 2 0 1 2 1 0 0 0 0 1 1 2
 1 0 0 2 0 0 2 0 0 2 1 2 1 2 0 0 0 0 2 0 2 0 2 2 0 2 2 2 0 2 1 1 1 0 2 0 2
 1 0 0 0 0 0 2 1 1 1 0 0 2 2 0 2 1 1 1 0 1 0 1 0 2 1 2 1 1 1 0 0 1 1 1 1 2
 0 1 1 1 2 0 0 2 1 2 1 0 2 2 0 2 1 0 1 0 2 1 2 1 0 1 2 1 2 2 1 2 2 0 2 0 0
 1 0 1 2 1 0 2 2 0 2 2 2 1 2 2 1 2 2 0 2 0 0 0 2 0 2 2 0 2 0 2 2 2 0 2 0 2
 1 1 2 1 2 1 1 2 1 0 0 1 1 2 0 2 1 1 0 2 0 1 0 2 2 1 0 0 2 2 1 1 2 1 2 0 2
 1 2 2 2 0 1 1 0 0 0 1 0 2 0 0 2 2 1 2 2 1 2 0 2 2 1 2 2 2 1 2 1 0 0 0 1 1
 2 1 0 0 2 1 2 1 1 1 1 0 1 0 0 1 2 0 1 1 0 1 1 0 2 0 1 1 0 0 1 0 2 1 2 1 2
 1 2 0 1 0 2 1 1 1 2 2 1 0 1 2 0 2 1 1 2 2 1 1 2 0 0 2 0 1 2 0 1 0 2 1 2 1
 0 2 1 2 1 1 0 0 2 1 0 2 2 0 1 2 2 1 0 0 0 0 0 1 2 0 2 2 1 2 0 0 1 0 2 1 0
 1 0 2 0 2 2 1 0 0 0 0 1 1 2 2 1 2 1 0 2 2 1 1 2 0 2 1 1 0 0 1 1 1 0 0 1 1
 1 2 0 0 2 1 2 1 0 2 1 0 1 2 1 0 1 1 2 0 2 0 2 0 2 2 1 1 0 0 2 2 1 0 1 0 1
 2 0 1 0 0 2 2 2 0 1 0 2 2 0 2 1 2 0 0 0 0 2 2 1 0 0 0 1 1 1 2 2 1 1 2 1 0
 1 1 1 1 1 1 1 1 1 2 1 1 0 1 0 1 0 2 1 1 0 2 1 2 0 0 1 1 0 1 0 0 0 2 2 0 2
 2]"
misspec_tuned__t_df5_noise3__heavy_tail_signal__seed2019__DIVI_p3,run_divi_misspec_robustness_tuned.py,2026-04-02T15:21:25Z,unknown,local,cpu,x86_64,synthetic_heavy_tail_signal,t_df5_noise3,heavy_tail_signal,1000,100,3,0.1,0.9,3.0,101019,2019,DIVI,3,DIVI,1000.0,1.0,120,manual_mult_auto,141.89385332046726,1.0,0.01,1.0,0.1,300,300,3,2,120,240,"[120, 240]",0.976075992818794,0.9584644926389506,0.21176470588235294,0.992,75,0.75,0.613594651222229,0.6918834447860718,167878.0625,154927.609375,12950.453125,163957.8125,3.920248031616211,1.1827521899999738,2.863000008801464e-05,1.1786656499998571,0.002878969999983383,0.003595088999645668,0.003928885499999524,456.046875,ok,0,,outputs/misspec_robustness_tuned,"[120, 240]",random_prior,"[1 2 2 2 2 0 2 0 2 1 0 0 0 0 1 0 1 0 1 2 0 1 0 2 0 1 0 1 1 2 2 1 0 0 2 1 1
 1 0 1 2 0 1 0 0 0 0 2 1 2 0 0 2 0 0 1 0 2 0 0 1 1 2 1 0 0 2 2 1 2 2 1 0 2
 0 2 0 2 2 1 0 1 1 1 1 0 0 1 2 2 1 0 1 0 0 1 1 2 0 0 1 1 2 1 1 1 1 0 0 2 2
 2 2 2 1 1 1 1 2 2 2 2 0 0 1 1 0 0 2 0 2 1 1 1 1 2 0 0 2 1 0 1 2 1 1 2 2 1
 1 0 1 1 1 1 0 1 2 2 0 2 2 2 1 2 1 1 1 1 2 0 2 0 0 1 0 0 1 1 1 1 2 2 0 2 0
 0 0 1 2 1 1 0 2 2 2 0 1 2 1 1 1 2 0 1 0 0 2 1 1 1 2 0 0 2 1 0 0 2 0 0 2 1
 1 1 0 2 1 2 0 2 2 0 1 0 1 2 1 1 2 1 0 2 0 1 1 0 2 1 1 1 1 2 1 2 2 2 0 2 2
 0 1 0 1 1 0 1 1 1 0 0 0 0 1 0 2 0 2 1 2 1 1 0 0 2 0 1 1 1 0 0 2 0 0 1 0 0
 1 2 2 0 1 0 2 2 1 1 0 0 0 2 1 2 1 2 0 0 1 2 2 1 0 1 0 0 1 1 1 2 2 1 2 2 1
 2 0 0 1 0 2 2 0 2 1 0 0 1 2 2 1 0 2 2 1 1 2 0 0 1 2 0 2 2 0 0 0 0 2 2 2 1
 0 1 2 1 0 2 2 0 1 2 2 2 0 2 1 1 2 1 0 0 2 1 0 0 1 1 0 0 1 0 2 0 2 0 0 1 0
 1 1 2 2 1 1 2 0 1 2 1 2 1 0 0 0 0 0 0 2 2 0 1 1 1 1 2 2 1 0 0 1 0 0 1 0 2
 2 1 1 1 2 2 1 0 2 1 2 2 2 1 0 0 2 2 0 2 2 2 0 0 0 1 2 0 0 1 0 1 1 2 0 1 2
 0 1 2 2 1 1 1 1 2 0 2 0 1 2 2 1 0 1 0 0 0 2 0 2 2 1 0 2 1 2 0 0 0 0 2 2 1
 2 0 0 1 0 0 1 0 0 1 2 1 2 1 0 0 0 0 1 0 1 0 1 1 0 1 1 1 0 1 2 2 2 0 1 0 1
 2 0 0 0 0 0 1 2 2 2 0 0 1 1 0 1 2 2 2 0 2 0 2 0 1 2 1 2 2 2 0 0 2 2 2 2 1
 0 2 2 2 1 0 0 1 2 1 2 0 1 1 0 1 2 0 2 0 1 2 1 2 0 2 1 2 1 1 2 1 1 0 1 0 0
 2 0 2 1 2 0 1 1 0 1 1 1 2 1 1 2 1 1 0 1 0 0 0 1 0 1 1 0 1 0 1 1 1 0 1 0 1
 2 2 1 2 1 2 2 1 2 0 0 2 2 1 0 1 2 2 0 1 0 2 0 1 1 2 0 0 1 1 2 2 1 2 1 0 1
 2 1 1 1 0 2 2 0 0 0 2 0 1 0 0 1 1 2 1 1 2 1 0 1 1 2 1 1 1 2 1 2 0 0 0 2 2
 1 2 0 0 1 2 1 2 2 2 2 0 2 0 0 2 1 0 2 2 0 2 2 1 1 0 2 2 0 0 2 0 1 2 1 2 1
 2 1 0 2 0 1 2 2 2 1 1 2 0 2 1 0 1 2 2 1 1 2 2 1 0 0 1 0 2 1 0 2 0 1 2 1 2
 0 1 2 1 2 2 0 0 1 2 0 1 2 0 2 1 1 2 0 0 0 0 0 2 1 0 1 1 2 1 0 0 2 0 1 2 0
 2 0 1 0 1 1 2 0 0 0 0 2 2 1 1 2 1 2 0 1 1 2 2 1 0 1 2 2 0 0 2 2 2 0 0 2 2
 2 1 0 0 1 2 2 2 0 2 2 0 2 1 2 0 2 2 1 0 1 0 1 0 1 1 2 2 0 0 1 1 2 0 2 0 2
 1 0 2 0 0 1 1 1 0 2 0 1 1 0 1 2 1 1 0 0 0 1 1 2 0 0 0 2 2 2 1 1 2 2 1 2 0
 2 2 2 2 2 2 2 2 2 1 2 2 0 2 0 2 0 1 2 2 0 1 2 1 0 0 2 2 0 2 0 0 0 1 1 0 1
 1]"
misspec_tuned__t_df5_noise3__heavy_tail_signal__seed2019__kmeans_oracle,run_divi_misspec_robustness_tuned.py,2026-04-02T15:21:25Z,unknown,local,cpu,x86_64,synthetic_heavy_tail_signal,t_df5_noise3,heavy_tail_signal,1000,100,3,0.1,0.9,3.0,101019,2019,kmeans_oracle,nan,KMeans,nan,nan,120,manual_mult_auto,141.89385332046726,1.0,0.01,1.0,0.1,300,nan,3,0,nan,nan,[],0.9850977029763195,0.9732930557184721,nan,0.995,nan,nan,nan,nan,nan,nan,nan,nan,nan,nan,nan,nan,nan,nan,nan,448.2890625,ok,0,,outputs/misspec_robustness_tuned
misspec_tuned__t_df5_noise3__heavy_tail_signal__seed2019__gmm_oracle,run_divi_misspec_robustness_tuned.py,2026-04-02T15:21:25Z,unknown,local,cpu,x86_64,synthetic_heavy_tail_signal,t_df5_noise3,heavy_tail_signal,1000,100,3,0.1,0.9,3.0,101019,2019,gmm_oracle,nan,GaussianMixtureDiag,nan,nan,120,manual_mult_auto,141.89385332046726,1.0,0.01,1.0,0.1,300,nan,3,0,nan,nan,[],0.9970015045323003,0.9938029489046497,nan,0.999,nan,nan,nan,nan,nan,nan,nan,nan,nan,nan,nan,nan,nan,nan,nan,448.2890625,ok,0,,outputs/misspec_robustness_tuned
misspec_tuned__rho0.6_block10_noise3__correlated_noise__seed2000__DIVI_p1,run_divi_misspec_robustness_tuned.py,2026-04-02T15:21:28Z,unknown,local,cpu,x86_64,synthetic_correlated_noise,rho0.6_block10_noise3,correlated_noise,200,100,3,0.1,0.9,3.0,21000,2000,DIVI,1,DIVI,200.0,1.0,120,manual_mult_auto,141.89385332046726,1.0,0.01,1.0,0.1,300,300,3,2,120,240,"[120, 240]",0.520743903630666,0.5635823558642301,0.27397260273972607,0.765,63,0.63,0.5770859718322754,0.6466528177261353,33617.16796875,31157.212890625,2459.955078125,32956.32421875,3.3042166233062744,0.7577854410001237,0.20170030899998892,0.5544863820000501,0.0011041399993700907,0.0009672699998191092,0.001848287940000167,450.44921875,ok,0,,outputs/misspec_robustness_tuned,"[120, 240]",informative_kw_llr,"[2 0 0 2 0 0 0 1 0 0 2 0 2 2 1 0 1 0 1 0 0 2 0 0 0 2 0 0 0 0 2 2 2 2 0 0 2
 0 1 0 1 2 2 2 0 0 2 1 1 0 0 2 2 1 2 0 2 2 1 1 1 2 2 2 0 2 0 1 0 1 1 1 1 2
 0 1 0 2 1 2 0 0 1 0 2 0 1 0 2 2 1 0 0 1 0 2 1 2 1 1 2 2 2 1 1 2 1 0 1 1 1
 0 2 1 1 1 0 0 0 1 1 0 1 1 1 2 0 0 2 0 0 2 2 1 2 2 2 0 1 1 0 2 1 0 2 1 2 1
 2 0 2 2 2 0 0 1 0 1 1 1 1 0 0 2 2 1 1 0 0 1 1 1 1 2 2 1 1 2 1 2 0 2 1 0 2
 0 1 0 1 0 2 1 2 1 2 2 0 0 1 2]"
misspec_tuned__rho0.6_block10_noise3__correlated_noise__seed2000__DIVI_p2,run_divi_misspec_robustness_tuned.py,2026-04-02T15:21:28Z,unknown,local,cpu,x86_64,synthetic_correlated_noise,rho0.6_block10_noise3,correlated_noise,200,100,3,0.1,0.9,3.0,21000,2000,DIVI,2,DIVI,200.0,1.0,120,manual_mult_auto,141.89385332046726,1.0,0.01,1.0,0.1,300,300,3,2,120,240,"[120, 240]",0.020420821282419486,0.027626269077361425,0.18181818181818182,0.425,100,1.0,0.6732805371284485,0.6720342636108398,33397.1328125,29791.251953125,3605.880859375,32152.853515625,6.221393585205078,0.41334118900022077,1.871999984359718e-05,0.41157462899991515,0.0016837699999996403,0.0014439199999287666,0.001371915429999717,450.6796875,ok,0,,outputs/misspec_robustness_tuned,"[120, 240]",noninformative_uniform,"[2 0 0 2 2 1 0 0 0 0 0 1 0 2 1 2 0 1 2 0 0 0 2 2 1 1 0 0 2 0 0 2 0 0 0 1 2
 0 1 0 2 2 0 0 0 1 0 1 1 0 0 0 0 1 0 2 1 0 1 2 1 0 0 1 0 2 1 1 0 2 1 1 0 0
 2 0 2 0 1 1 0 1 1 2 0 0 1 0 1 0 1 1 0 0 2 0 2 2 1 1 0 1 0 1 1 1 2 1 1 2 0
 2 1 0 0 1 2 0 2 1 1 1 0 1 1 2 0 0 0 0 0 0 0 1 1 2 1 0 2 2 0 0 0 2 2 1 0 0
 2 2 2 2 1 0 2 1 2 0 2 2 2 0 2 1 0 0 1 0 0 0 0 1 1 0 1 2 1 0 1 2 2 0 1 0 0
 0 1 0 1 2 0 2 1 1 2 2 0 1 1 1]"
misspec_tuned__rho0.6_block10_noise3__correlated_noise__seed2000__DIVI_p3,run_divi_misspec_robustness_tuned.py,2026-04-02T15:21:28Z,unknown,local,cpu,x86_64,synthetic_correlated_noise,rho0.6_block10_noise3,correlated_noise,200,100,3,0.1,0.9,3.0,21000,2000,DIVI,3,DIVI,200.0,1.0,120,manual_mult_auto,141.89385332046726,1.0,0.01,1.0,0.1,300,300,3,2,120,240,"[120, 240]",0.05564150270449553,0.059947109559690036,0.07894736842105263,0.47,66,0.66,0.5861819982528687,0.6747754812240601,34039.17578125,31462.826171875,2576.349609375,33251.33203125,3.939216136932373,0.41790497800002413,3.5319999824423576e-05,0.4163729179999791,0.0010905300000558782,0.0009938200000760844,0.001387909726666597,450.6796875,ok,0,,outputs/misspec_robustness_tuned,"[120, 240]",random_prior,"[1 1 0 1 0 0 1 1 0 0 0 2 0 2 1 2 1 0 2 0 1 0 0 0 2 2 0 0 0 0 2 0 1 2 0 2 1
 0 2 2 2 0 1 1 0 2 0 2 2 1 1 1 1 2 1 0 2 0 2 2 1 1 0 1 0 1 1 1 1 1 2 1 2 1
 0 1 0 1 2 2 0 2 2 1 1 1 2 2 1 1 2 2 0 1 2 1 1 2 2 2 0 2 0 2 2 2 1 1 2 0 2
 0 2 1 1 2 1 0 0 2 2 2 2 2 1 0 1 2 1 0 0 0 2 1 2 0 2 0 2 1 0 1 2 1 0 2 1 2
 0 0 1 0 2 0 0 2 0 0 1 0 1 1 1 2 0 1 2 0 0 1 0 2 1 0 2 0 2 1 2 1 1 0 2 0 1
 0 2 0 2 1 2 1 2 2 1 1 0 1 2 2]"
misspec_tuned__rho0.6_block10_noise3__correlated_noise__seed2000__kmeans_oracle,run_divi_misspec_robustness_tuned.py,2026-04-02T15:21:28Z,unknown,local,cpu,x86_64,synthetic_correlated_noise,rho0.6_block10_noise3,correlated_noise,200,100,3,0.1,0.9,3.0,21000,2000,kmeans_oracle,nan,KMeans,nan,nan,120,manual_mult_auto,141.89385332046726,1.0,0.01,1.0,0.1,300,nan,3,0,nan,nan,[],0.38193117609861904,0.4117017711368445,nan,0.695,nan,nan,nan,nan,nan,nan,nan,nan,nan,nan,nan,nan,nan,nan,nan,447.21484375,ok,0,,outputs/misspec_robustness_tuned
misspec_tuned__rho0.6_block10_noise3__correlated_noise__seed2000__gmm_oracle,run_divi_misspec_robustness_tuned.py,2026-04-02T15:21:28Z,unknown,local,cpu,x86_64,synthetic_correlated_noise,rho0.6_block10_noise3,correlated_noise,200,100,3,0.1,0.9,3.0,21000,2000,gmm_oracle,nan,GaussianMixtureDiag,nan,nan,120,manual_mult_auto,141.89385332046726,1.0,0.01,1.0,0.1,300,nan,3,0,nan,nan,[],0.48704575089290775,0.5370722678957597,nan,0.735,nan,nan,nan,nan,nan,nan,nan,nan,nan,nan,nan,nan,nan,nan,nan,447.21484375,ok,0,,outputs/misspec_robustness_tuned
misspec_tuned__rho0.6_block10_noise3__correlated_noise__seed2001__DIVI_p1,run_divi_misspec_robustness_tuned.py,2026-04-02T15:21:30Z,unknown,local,cpu,x86_64,synthetic_correlated_noise,rho0.6_block10_noise3,correlated_noise,200,100,3,0.1,0.9,3.0,21001,2001,DIVI,1,DIVI,200.0,1.0,120,manual_mult_auto,141.89385332046726,1.0,0.01,1.0,0.1,300,300,3,2,120,240,"[120, 240]",0.25433160605325944,0.2902812405978328,0.2380952380952381,0.595,74,0.74,0.622931957244873,0.6676954030990601,33487.05078125,30465.35546875,3021.6953125,32568.166015625,4.594429969787598,0.5352759630000037,0.11293068399982076,0.4203924690000349,0.0010527999997975712,0.0012715000002572197,0.0014013082300001164,450.7578125,ok,0,,outputs/misspec_robustness_tuned,"[120, 240]",informative_kw_llr,"[0 1 2 1 0 0 1 1 0 2 0 0 2 0 1 1 2 0 1 2 2 1 1 2 2 1 0 1 1 1 1 2 0 0 1 1 2
 1 1 0 2 1 1 0 0 2 2 2 0 2 0 2 2 1 1 0 0 0 0 0 0 0 0 2 1 1 2 0 0 0 0 2 2 1
 1 1 2 1 1 0 0 1 0 0 0 0 0 2 1 2 0 1 2 0 2 0 2 1 2 0 0 2 0 1 1 0 0 1 1 0 2
 0 0 0 1 0 1 2 2 0 2 1 0 1 0 2 0 2 2 1 1 0 2 2 1 2 0 0 0 0 0 1 2 2 2 2 0 2
 2 2 0 2 0 0 1 2 2 2 0 1 0 2 1 1 1 0 0 1 0 1 1 1 0 0 0 2 1 2 1 1 1 2 0 0 2
 2 0 1 0 0 2 1 1 2 2 0 2 2 0 2]"
misspec_tuned__rho0.6_block10_noise3__correlated_noise__seed2001__DIVI_p2,run_divi_misspec_robustness_tuned.py,2026-04-02T15:21:30Z,unknown,local,cpu,x86_64,synthetic_correlated_noise,rho0.6_block10_noise3,correlated_noise,200,100,3,0.1,0.9,3.0,21001,2001,DIVI,2,DIVI,200.0,1.0,120,manual_mult_auto,141.89385332046726,1.0,0.01,1.0,0.1,300,300,3,2,120,240,"[120, 240]",0.34427452949238097,0.3700454778845727,0.18181818181818182,0.675,100,1.0,0.6689810752868652,0.6689783930778503,33208.65234375,29788.57421875,3420.078125,32031.451171875,5.8859968185424805,0.397369518999767,2.1719999949709745e-05,0.39602789900027346,0.0010736199997154472,0.0009574390001034772,0.0013200929966675783,450.22265625,ok,0,,outputs/misspec_robustness_tuned,"[120, 240]",noninformative_uniform,"[0 2 0 1 2 2 1 0 1 0 1 0 0 1 1 2 0 2 1 0 2 1 1 2 2 1 0 1 1 1 1 2 2 0 1 1 0
 1 1 0 0 0 1 1 2 0 0 2 0 0 2 2 1 1 1 2 0 0 1 0 0 2 1 0 1 2 0 1 2 1 2 0 0 1
 1 1 2 1 1 2 2 2 2 0 1 0 2 0 2 2 0 1 2 1 0 1 0 1 0 1 1 2 1 1 1 1 0 1 1 0 0
 2 0 0 2 1 1 0 0 0 0 1 2 1 0 0 0 0 0 1 2 0 1 0 1 2 0 2 1 0 0 1 2 0 2 1 2 0
 0 2 2 0 2 0 0 0 0 0 2 2 1 1 2 1 1 1 0 2 1 1 1 2 2 1 0 0 2 0 2 1 1 0 1 0 0
 2 0 1 0 2 2 1 2 2 0 0 0 0 0 0]"
misspec_tuned__rho0.6_block10_noise3__correlated_noise__seed2001__DIVI_p3,run_divi_misspec_robustness_tuned.py,2026-04-02T15:21:30Z,unknown,local,cpu,x86_64,synthetic_correlated_noise,rho0.6_block10_noise3,correlated_noise,200,100,3,0.1,0.9,3.0,21001,2001,DIVI,3,DIVI,200.0,1.0,120,manual_mult_auto,141.89385332046726,1.0,0.01,1.0,0.1,300,300,3,2,120,240,"[120, 240]",0.18504899242824127,0.20835802561970349,0.20454545454545456,0.58,78,0.78,0.6458282470703125,0.6687146425247192,33215.4140625,30546.509765625,2668.904296875,32414.5078125,4.004531383514404,0.40136054999993576,2.3600000076839933e-05,0.40010015000007115,0.001276909999887721,0.0008826700000099663,0.0013336671666669038,450.453125,ok,0,,outputs/misspec_robustness_tuned,"[120, 240]",random_prior,"[2 1 2 1 1 0 0 0 0 2 1 2 2 0 0 1 0 0 0 2 0 1 0 0 1 0 0 0 0 2 0 1 1 2 0 0 0
 0 0 2 2 2 0 0 1 2 2 1 0 0 1 1 0 0 0 1 2 2 0 2 2 0 0 2 0 0 0 0 0 0 1 0 2 0
 0 0 1 0 0 2 0 1 0 2 0 2 0 0 1 1 0 0 0 0 2 0 2 0 2 0 0 1 0 0 0 0 2 0 1 2 2
 2 2 2 0 0 1 1 2 2 2 0 0 0 0 2 0 2 2 1 1 2 0 2 0 1 2 0 0 2 0 0 1 2 1 0 0 2
 2 1 0 2 1 2 2 2 2 2 1 0 0 2 1 0 1 0 0 1 0 0 0 1 1 0 2 2 1 0 1 0 0 2 0 0 2
 1 2 1 2 1 1 0 1 1 2 0 2 2 2 2]"
misspec_tuned__rho0.6_block10_noise3__correlated_noise__seed2001__kmeans_oracle,run_divi_misspec_robustness_tuned.py,2026-04-02T15:21:30Z,unknown,local,cpu,x86_64,synthetic_correlated_noise,rho0.6_block10_noise3,correlated_noise,200,100,3,0.1,0.9,3.0,21001,2001,kmeans_oracle,nan,KMeans,nan,nan,120,manual_mult_auto,141.89385332046726,1.0,0.01,1.0,0.1,300,nan,3,0,nan,nan,[],0.3316664520952336,0.349848335617998,nan,0.61,nan,nan,nan,nan,nan,nan,nan,nan,nan,nan,nan,nan,nan,nan,nan,450.453125,ok,0,,outputs/misspec_robustness_tuned
misspec_tuned__rho0.6_block10_noise3__correlated_noise__seed2001__gmm_oracle,run_divi_misspec_robustness_tuned.py,2026-04-02T15:21:30Z,unknown,local,cpu,x86_64,synthetic_correlated_noise,rho0.6_block10_noise3,correlated_noise,200,100,3,0.1,0.9,3.0,21001,2001,gmm_oracle,nan,GaussianMixtureDiag,nan,nan,120,manual_mult_auto,141.89385332046726,1.0,0.01,1.0,0.1,300,nan,3,0,nan,nan,[],0.4862575015246771,0.5595440684160579,nan,0.69,nan,nan,nan,nan,nan,nan,nan,nan,nan,nan,nan,nan,nan,nan,nan,450.453125,ok,0,,outputs/misspec_robustness_tuned
misspec_tuned__rho0.6_block10_noise3__correlated_noise__seed2002__DIVI_p1,run_divi_misspec_robustness_tuned.py,2026-04-02T15:21:31Z,unknown,local,cpu,x86_64,synthetic_correlated_noise,rho0.6_block10_noise3,correlated_noise,200,100,3,0.1,0.9,3.0,21002,2002,DIVI,1,DIVI,200.0,1.0,120,manual_mult_auto,141.89385332046726,1.0,0.01,1.0,0.1,300,300,3,2,120,240,"[120, 240]",0.5077966193876464,0.5621702729059532,0.21505376344086022,0.735,83,0.83,0.6848601698875427,0.7470086812973022,32304.033203125,29558.650390625,2745.3828125,31569.548828125,3.672421932220459,0.4971994950001317,0.10682467499964332,0.388951779999843,0.001022331000513077,0.0009294700003010803,0.00129650593333281,450.45703125,ok,0,,outputs/misspec_robustness_tuned,"[120, 240]",informative_kw_llr,"[1 2 2 0 2 1 2 2 2 1 0 2 1 1 1 1 2 2 1 2 0 0 1 0 0 0 0 1 1 2 1 0 1 0 2 0 2
 2 1 1 1 2 2 1 0 2 2 1 2 2 0 1 1 0 0 2 1 0 1 1 0 1 2 0 1 0 1 0 1 2 0 2 0 1
 0 1 2 1 0 0 1 1 2 1 2 2 1 2 0 1 2 1 1 2 2 0 1 0 2 0 0 1 1 1 0 0 2 1 2 0 1
 1 0 0 0 0 1 0 2 1 1 2 0 2 2 1 2 0 2 1 0 2 1 0 0 1 2 1 1 0 1 1 0 2 1 2 0 0
 1 0 1 2 0 2 2 0 0 1 1 0 1 0 0 0 0 1 0 2 1 1 2 0 2 0 0 1 0 2 1 1 0 2 0 1 0
 0 0 0 1 2 1 0 1 2 0 1 2 1 1 2]"
misspec_tuned__rho0.6_block10_noise3__correlated_noise__seed2002__DIVI_p2,run_divi_misspec_robustness_tuned.py,2026-04-02T15:21:31Z,unknown,local,cpu,x86_64,synthetic_correlated_noise,rho0.6_block10_noise3,correlated_noise,200,100,3,0.1,0.9,3.0,21002,2002,DIVI,2,DIVI,200.0,1.0,120,manual_mult_auto,141.89385332046726,1.0,0.01,1.0,0.1,300,300,3,2,120,240,"[120, 240]",0.37360048162922344,0.46130930058003966,0.18181818181818182,0.625,100,1.0,0.6732317209243774,0.671084463596344,33184.125,29773.9453125,3410.1796875,31940.228515625,6.219485282897949,0.4167824479995943,1.8829999589797808e-05,0.4154463090003446,0.001225930000146036,0.0009674400002950279,0.0013848210300011488,450.53515625,ok,0,,outputs/misspec_robustness_tuned,"[120, 240]",noninformative_uniform,"[0 0 2 0 2 1 2 1 2 1 0 1 0 1 0 0 2 2 0 2 0 0 1 0 0 0 0 1 2 2 0 0 1 0 2 0 2
 2 0 1 0 2 2 0 0 2 2 0 0 1 0 1 2 0 0 2 1 0 0 1 0 1 2 0 1 0 0 0 1 2 0 2 0 0
 0 1 2 1 0 0 1 1 2 2 2 2 0 2 0 1 1 0 1 2 0 0 1 0 0 0 0 1 0 0 0 0 2 1 2 0 0
 0 0 0 0 0 1 0 2 1 1 2 0 2 2 0 1 0 1 1 0 0 0 0 0 1 2 1 0 0 0 0 0 1 1 2 0 0
 1 0 0 2 0 2 2 0 0 0 0 0 0 0 0 0 0 0 0 2 0 0 2 0 2 0 0 1 0 2 1 1 0 1 0 1 0
 0 0 0 1 2 0 0 0 2 0 1 1 1 0 2]"
misspec_tuned__rho0.6_block10_noise3__correlated_noise__seed2002__DIVI_p3,run_divi_misspec_robustness_tuned.py,2026-04-02T15:21:31Z,unknown,local,cpu,x86_64,synthetic_correlated_noise,rho0.6_block10_noise3,correlated_noise,200,100,3,0.1,0.9,3.0,21002,2002,DIVI,3,DIVI,200.0,1.0,120,manual_mult_auto,141.89385332046726,1.0,0.01,1.0,0.1,300,300,3,2,120,240,"[120, 240]",0.023962317832643125,0.031398097636711884,0.15189873417721517,0.415,69,0.69,0.582202672958374,0.6660425662994385,34119.203125,31471.09375,2648.109375,33300.53125,4.09335470199585,0.3852478010003324,2.0060000224475516e-05,0.38398314000005485,0.0009362899995721818,0.000907290000213834,0.0012799438000001828,450.9140625,ok,0,,outputs/misspec_robustness_tuned,"[120, 240]",random_prior,"[1 1 0 0 0 1 0 0 1 2 1 2 0 1 0 0 1 0 1 1 2 2 2 2 1 0 1 0 0 1 0 2 1 0 1 0 0
 0 0 2 1 2 0 1 2 0 2 0 1 0 2 2 1 0 0 2 1 0 1 2 0 1 1 1 1 1 1 0 1 0 1 2 1 1
 1 2 2 1 2 2 1 1 2 1 0 0 1 0 1 1 2 2 2 0 0 1 0 0 2 1 2 1 2 0 0 1 2 2 1 0 1
 0 0 0 1 0 2 2 2 1 2 2 0 1 0 0 2 1 2 0 1 1 2 2 1 1 2 0 1 2 0 2 0 2 2 0 0 1
 1 1 1 1 1 2 1 0 1 2 2 1 0 1 2 1 2 1 1 0 1 1 0 0 0 1 1 0 0 1 1 2 1 2 1 2 1
 1 0 1 0 0 0 0 2 0 1 2 1 2 0 1]"
misspec_tuned__rho0.6_block10_noise3__correlated_noise__seed2002__kmeans_oracle,run_divi_misspec_robustness_tuned.py,2026-04-02T15:21:31Z,unknown,local,cpu,x86_64,synthetic_correlated_noise,rho0.6_block10_noise3,correlated_noise,200,100,3,0.1,0.9,3.0,21002,2002,kmeans_oracle,nan,KMeans,nan,nan,120,manual_mult_auto,141.89385332046726,1.0,0.01,1.0,0.1,300,nan,3,0,nan,nan,[],0.29241707340805156,0.31770485073440835,nan,0.635,nan,nan,nan,nan,nan,nan,nan,nan,nan,nan,nan,nan,nan,nan,nan,450.9140625,ok,0,,outputs/misspec_robustness_tuned
misspec_tuned__rho0.6_block10_noise3__correlated_noise__seed2002__gmm_oracle,run_divi_misspec_robustness_tuned.py,2026-04-02T15:21:31Z,unknown,local,cpu,x86_64,synthetic_correlated_noise,rho0.6_block10_noise3,correlated_noise,200,100,3,0.1,0.9,3.0,21002,2002,gmm_oracle,nan,GaussianMixtureDiag,nan,nan,120,manual_mult_auto,141.89385332046726,1.0,0.01,1.0,0.1,300,nan,3,0,nan,nan,[],0.4389010481097321,0.48689176048359223,nan,0.695,nan,nan,nan,nan,nan,nan,nan,nan,nan,nan,nan,nan,nan,nan,nan,450.9140625,ok,0,,outputs/misspec_robustness_tuned
misspec_tuned__rho0.6_block10_noise3__correlated_noise__seed2003__DIVI_p1,run_divi_misspec_robustness_tuned.py,2026-04-02T15:21:33Z,unknown,local,cpu,x86_64,synthetic_correlated_noise,rho0.6_block10_noise3,correlated_noise,200,100,3,0.1,0.9,3.0,21003,2003,DIVI,1,DIVI,200.0,1.0,120,manual_mult_auto,141.89385332046726,1.0,0.01,1.0,0.1,300,300,3,2,120,240,"[120, 240]",0.6190131838847264,0.6756603429673829,0.3278688524590164,0.84,51,0.51,0.5574861764907837,0.5141202211380005,34029.234375,31677.326171875,2351.908203125,33158.82421875,4.352041721343994,0.4992071950000536,0.10812725499999942,0.389612020000186,0.001068001000021468,0.0009833399999479298,0.0012987067333339534,450.83984375,ok,0,,outputs/misspec_robustness_tuned,"[120, 240]",informative_kw_llr,"[2 1 0 1 0 2 1 2 0 0 1 0 2 1 0 0 0 1 0 0 2 0 1 0 0 1 0 1 2 0 0 1 0 0 0 2 0
 0 2 2 0 2 2 1 2 0 2 1 0 0 2 1 0 2 1 0 2 1 1 0 1 0 0 0 1 2 0 2 2 0 2 2 0 1
 1 0 2 0 2 0 1 1 2 0 0 0 0 0 2 0 2 1 1 2 2 1 2 1 0 1 2 0 1 2 1 0 1 0 0 2 0
 1 0 2 0 0 0 0 2 0 0 1 0 0 2 1 1 0 2 2 0 1 2 1 0 2 2 1 1 2 0 1 0 0 0 2 0 1
 1 2 1 2 2 2 0 2 0 0 0 2 2 0 0 2 0 0 1 2 1 0 1 2 2 0 1 2 0 0 1 2 0 0 0 0 0
 1 2 2 0 0 0 1 2 0 2 0 0 0 2 0]"
misspec_tuned__rho0.6_block10_noise3__correlated_noise__seed2003__DIVI_p2,run_divi_misspec_robustness_tuned.py,2026-04-02T15:21:33Z,unknown,local,cpu,x86_64,synthetic_correlated_noise,rho0.6_block10_noise3,correlated_noise,200,100,3,0.1,0.9,3.0,21003,2003,DIVI,2,DIVI,200.0,1.0,120,manual_mult_auto,141.89385332046726,1.0,0.01,1.0,0.1,300,300,3,2,120,240,"[120, 240]",0.5176902611090561,0.5591059136400733,0.18181818181818182,0.785,100,1.0,0.6713194847106934,0.6709617972373962,33177.57421875,29380.923828125,3796.650390625,31964.23828125,6.066686630249023,0.377300059999925,1.6449999748147093e-05,0.3761059819998991,0.000987389999863808,0.0008802399997875909,0.0012536866066663302,450.83984375,ok,0,,outputs/misspec_robustness_tuned,"[120, 240]",noninformative_uniform,"[2 1 0 1 0 2 1 2 1 0 1 0 2 1 0 0 0 1 0 0 2 0 1 0 2 1 0 1 2 0 0 1 0 0 0 1 0
 0 2 2 0 2 2 2 2 0 2 2 0 2 2 0 0 2 0 0 2 2 1 0 1 0 1 2 0 2 1 1 2 0 1 2 0 1
 1 0 2 0 1 0 0 1 2 0 0 0 0 0 2 0 2 1 1 2 2 1 2 1 0 1 2 0 1 2 1 1 1 0 0 2 0
 1 0 2 0 0 0 0 2 0 0 1 0 0 2 1 0 0 2 2 0 1 2 0 0 2 2 0 1 2 0 1 0 0 0 1 0 1
 1 2 0 2 2 2 0 2 0 0 0 1 2 0 0 2 0 0 1 2 1 0 1 2 2 0 1 2 0 0 1 2 0 0 0 0 0
 1 2 2 0 0 0 1 2 0 2 0 0 0 2 0]"
misspec_tuned__rho0.6_block10_noise3__correlated_noise__seed2003__DIVI_p3,run_divi_misspec_robustness_tuned.py,2026-04-02T15:21:33Z,unknown,local,cpu,x86_64,synthetic_correlated_noise,rho0.6_block10_noise3,correlated_noise,200,100,3,0.1,0.9,3.0,21003,2003,DIVI,3,DIVI,200.0,1.0,120,manual_mult_auto,141.89385332046726,1.0,0.01,1.0,0.1,300,300,3,2,120,240,"[120, 240]",0.39688807725223557,0.45015244449288455,0.14634146341463414,0.66,72,0.72,0.6110226511955261,0.6994213461875916,33580.2265625,30558.765625,3021.4609375,32834.6796875,3.7277305126190186,0.3958964199996444,1.8939999790745787e-05,0.39459910999994463,0.0009424499999113323,0.0009755599999152764,0.001315330366666482,450.15234375,ok,0,,outputs/misspec_robustness_tuned,"[120, 240]",random_prior,"[2 2 0 2 0 2 2 2 0 0 1 0 2 2 0 0 0 2 0 0 1 0 1 0 1 1 0 1 2 0 0 1 0 0 0 1 0
 0 1 2 0 2 1 1 2 1 2 1 0 2 2 0 0 2 1 0 1 1 1 0 2 0 1 1 2 2 1 2 1 0 1 1 0 2
 2 0 2 0 2 0 2 2 2 1 0 0 0 0 1 0 2 2 1 2 2 1 1 2 0 2 2 0 1 2 1 0 2 0 0 2 1
 2 0 2 0 0 1 0 2 2 0 2 0 0 1 2 1 0 1 2 0 2 1 2 0 2 2 0 0 2 0 1 0 0 0 1 0 1
 2 2 2 1 2 2 0 1 0 0 0 2 2 0 0 2 0 0 1 1 0 0 2 1 2 0 2 1 0 0 2 1 0 0 0 0 0
 1 1 2 0 0 0 2 1 0 2 0 0 0 2 2]"
misspec_tuned__rho0.6_block10_noise3__correlated_noise__seed2003__kmeans_oracle,run_divi_misspec_robustness_tuned.py,2026-04-02T15:21:33Z,unknown,local,cpu,x86_64,synthetic_correlated_noise,rho0.6_block10_noise3,correlated_noise,200,100,3,0.1,0.9,3.0,21003,2003,kmeans_oracle,nan,KMeans,nan,nan,120,manual_mult_auto,141.89385332046726,1.0,0.01,1.0,0.1,300,nan,3,0,nan,nan,[],0.21813670911131655,0.22434811960452636,nan,0.545,nan,nan,nan,nan,nan,nan,nan,nan,nan,nan,nan,nan,nan,nan,nan,450.15234375,ok,0,,outputs/misspec_robustness_tuned
misspec_tuned__rho0.6_block10_noise3__correlated_noise__seed2003__gmm_oracle,run_divi_misspec_robustness_tuned.py,2026-04-02T15:21:33Z,unknown,local,cpu,x86_64,synthetic_correlated_noise,rho0.6_block10_noise3,correlated_noise,200,100,3,0.1,0.9,3.0,21003,2003,gmm_oracle,nan,GaussianMixtureDiag,nan,nan,120,manual_mult_auto,141.89385332046726,1.0,0.01,1.0,0.1,300,nan,3,0,nan,nan,[],0.40828868933635515,0.4585106623378658,nan,0.675,nan,nan,nan,nan,nan,nan,nan,nan,nan,nan,nan,nan,nan,nan,nan,450.15234375,ok,0,,outputs/misspec_robustness_tuned
misspec_tuned__rho0.6_block10_noise3__correlated_noise__seed2004__DIVI_p1,run_divi_misspec_robustness_tuned.py,2026-04-02T15:21:34Z,unknown,local,cpu,x86_64,synthetic_correlated_noise,rho0.6_block10_noise3,correlated_noise,200,100,3,0.1,0.9,3.0,21004,2004,DIVI,1,DIVI,200.0,1.0,120,manual_mult_auto,141.89385332046726,1.0,0.01,1.0,0.1,300,300,3,2,120,240,"[120, 240]",0.3691309998536215,0.433148379438639,0.22471910112359553,0.615,79,0.79,0.6622302532196045,0.7342993021011353,32332.05078125,29934.87109375,2397.1796875,31814.009765625,2.590203285217285,0.5250174840002728,0.10941907500000525,0.4140322289999858,0.0009861989997261844,0.0010413900004095922,0.0013801074299999527,451.453125,ok,0,,outputs/misspec_robustness_tuned,"[120, 240]",informative_kw_llr,"[1 1 0 1 2 0 2 2 0 0 1 0 0 2 2 0 0 2 1 0 2 0 1 2 2 2 0 2 0 0 0 0 0 1 1 2 0
 0 2 0 2 1 0 1 2 0 2 0 2 2 0 1 0 2 1 0 0 0 1 2 2 0 0 2 0 0 0 1 1 2 2 1 0 0
 0 1 2 2 2 2 0 2 1 2 2 1 0 0 0 2 1 2 1 2 0 1 0 0 2 1 0 0 2 2 0 0 0 0 0 1 0
 1 2 2 0 1 2 0 1 2 1 0 0 1 0 0 2 1 0 0 1 1 2 1 0 2 2 0 1 0 0 2 0 0 2 0 2 2
 0 0 1 1 2 2 0 2 1 0 1 1 1 1 1 0 0 0 0 2 0 2 2 0 2 0 0 0 1 2 0 0 2 0 0 0 0
 0 2 0 1 0 0 2 0 0 2 0 0 2 0 0]"
misspec_tuned__rho0.6_block10_noise3__correlated_noise__seed2004__DIVI_p2,run_divi_misspec_robustness_tuned.py,2026-04-02T15:21:34Z,unknown,local,cpu,x86_64,synthetic_correlated_noise,rho0.6_block10_noise3,correlated_noise,200,100,3,0.1,0.9,3.0,21004,2004,DIVI,2,DIVI,200.0,1.0,120,manual_mult_auto,141.89385332046726,1.0,0.01,1.0,0.1,300,300,3,2,120,240,"[120, 240]",0.36983634456074543,0.43324218801720266,0.18181818181818182,0.62,100,1.0,0.6751421093940735,0.6740975379943848,33149.23046875,29370.513671875,3778.716796875,31878.447265625,6.35391092300415,0.3967153899998266,1.9969999812019523e-05,0.3952813400001105,0.0009173000003102061,0.0010794600002554944,0.001317604466667035,450.765625,ok,0,,outputs/misspec_robustness_tuned,"[120, 240]",noninformative_uniform,"[1 1 0 2 2 0 2 2 0 1 1 0 0 2 0 0 0 2 1 1 2 0 1 2 2 2 0 2 0 0 0 0 0 1 1 2 0
 0 1 0 2 1 0 1 2 0 2 0 2 2 0 1 0 2 1 0 0 0 1 2 2 0 0 2 0 0 0 1 1 1 2 1 0 0
 0 1 2 2 1 1 0 2 2 2 2 1 0 0 0 1 0 2 1 2 0 1 0 0 2 1 0 0 2 2 0 0 0 0 0 1 0
 2 2 2 0 1 2 0 1 2 2 0 0 1 0 0 2 1 0 0 1 1 1 1 0 1 1 0 1 0 0 2 0 0 2 0 1 1
 0 0 1 1 1 1 0 2 1 0 1 2 1 1 1 0 0 0 0 2 0 1 2 0 1 0 0 0 1 2 0 0 2 0 0 0 0
 1 2 0 1 0 0 2 0 0 1 0 0 2 0 0]"
misspec_tuned__rho0.6_block10_noise3__correlated_noise__seed2004__DIVI_p3,run_divi_misspec_robustness_tuned.py,2026-04-02T15:21:34Z,unknown,local,cpu,x86_64,synthetic_correlated_noise,rho0.6_block10_noise3,correlated_noise,200,100,3,0.1,0.9,3.0,21004,2004,DIVI,3,DIVI,200.0,1.0,120,manual_mult_auto,141.89385332046726,1.0,0.01,1.0,0.1,300,300,3,2,120,240,"[120, 240]",0.35787642328390057,0.39188924725911045,0.2285714285714286,0.665,60,0.6,0.551659107208252,0.5875890254974365,34622.046875,31719.923828125,2902.123046875,33600.16015625,5.109427452087402,0.4056998589999239,2.9069999982311856e-05,0.40440345899969543,0.0009528909999971802,0.0009003200002553058,0.0013480115299989847,450.84375,ok,0,,outputs/misspec_robustness_tuned,"[120, 240]",random_prior,"[2 2 0 2 1 2 1 2 0 1 2 0 0 1 1 0 0 2 2 1 0 2 2 2 0 2 0 1 0 2 0 0 0 2 1 2 0
 0 1 0 1 2 0 1 1 0 1 0 2 1 0 2 0 1 2 0 0 0 2 1 1 0 0 1 0 0 0 2 1 1 1 1 2 0
 0 2 1 1 2 1 0 1 2 1 2 2 0 0 0 1 2 1 2 1 0 1 0 2 0 2 0 0 1 0 0 0 2 0 0 2 0
 2 0 1 0 2 1 0 2 1 2 0 0 1 0 0 1 2 2 0 2 1 1 1 0 1 1 0 1 2 0 1 0 0 1 0 1 1
 2 0 2 2 1 1 0 2 2 0 1 2 2 2 2 0 0 0 0 1 0 1 1 0 1 0 0 0 2 2 0 0 2 0 0 2 0
 1 1 0 2 0 0 1 0 0 1 0 0 1 0 2]"
misspec_tuned__rho0.6_block10_noise3__correlated_noise__seed2004__kmeans_oracle,run_divi_misspec_robustness_tuned.py,2026-04-02T15:21:34Z,unknown,local,cpu,x86_64,synthetic_correlated_noise,rho0.6_block10_noise3,correlated_noise,200,100,3,0.1,0.9,3.0,21004,2004,kmeans_oracle,nan,KMeans,nan,nan,120,manual_mult_auto,141.89385332046726,1.0,0.01,1.0,0.1,300,nan,3,0,nan,nan,[],0.3047058903646265,0.3415078281226801,nan,0.655,nan,nan,nan,nan,nan,nan,nan,nan,nan,nan,nan,nan,nan,nan,nan,447.2265625,ok,0,,outputs/misspec_robustness_tuned
misspec_tuned__rho0.6_block10_noise3__correlated_noise__seed2004__gmm_oracle,run_divi_misspec_robustness_tuned.py,2026-04-02T15:21:34Z,unknown,local,cpu,x86_64,synthetic_correlated_noise,rho0.6_block10_noise3,correlated_noise,200,100,3,0.1,0.9,3.0,21004,2004,gmm_oracle,nan,GaussianMixtureDiag,nan,nan,120,manual_mult_auto,141.89385332046726,1.0,0.01,1.0,0.1,300,nan,3,0,nan,nan,[],0.26692319162147066,0.3390208996407655,nan,0.67,nan,nan,nan,nan,nan,nan,nan,nan,nan,nan,nan,nan,nan,nan,nan,447.2265625,ok,0,,outputs/misspec_robustness_tuned
misspec_tuned__rho0.6_block10_noise3__correlated_noise__seed2005__DIVI_p1,run_divi_misspec_robustness_tuned.py,2026-04-02T15:21:35Z,unknown,local,cpu,x86_64,synthetic_correlated_noise,rho0.6_block10_noise3,correlated_noise,200,100,3,0.1,0.9,3.0,21005,2005,DIVI,1,DIVI,200.0,1.0,120,manual_mult_auto,141.89385332046726,1.0,0.01,1.0,0.1,300,300,3,2,120,240,"[120, 240]",0.3097437449054934,0.34473877776374473,0.30303030303030304,0.64,56,0.56,0.5784674286842346,0.5963940620422363,33720.63671875,31613.625,2107.01171875,32991.4453125,3.6459643840789795,0.5466860420001467,0.11489723399972718,0.43032517800020287,0.0012031800001750526,0.0009711200000310782,0.0014344172600006763,449.8515625,ok,0,,outputs/misspec_robustness_tuned,"[120, 240]",informative_kw_llr,"[2 1 1 2 2 1 0 1 2 0 1 1 1 0 2 2 0 1 1 1 2 0 0 1 0 2 1 0 2 1 2 0 0 2 1 2 0
 2 0 2 2 1 1 0 1 0 2 1 2 0 1 0 2 1 0 1 0 2 1 0 1 0 2 2 2 2 0 1 2 0 0 0 2 1
 1 1 0 0 1 2 2 1 1 0 1 1 1 1 2 1 0 1 1 0 1 1 1 2 0 1 1 0 0 0 0 2 1 1 2 1 1
 1 0 1 1 2 2 1 2 0 1 1 0 0 1 2 0 1 0 0 1 0 1 2 1 1 2 1 0 2 1 0 1 2 0 0 1 0
 2 0 2 0 0 0 2 2 0 0 0 0 1 2 2 1 0 1 0 1 0 1 2 1 0 0 2 2 1 1 0 0 2 1 2 1 1
 0 0 1 1 0 0 1 2 1 2 0 2 1 1 0]"
misspec_tuned__rho0.6_block10_noise3__correlated_noise__seed2005__DIVI_p2,run_divi_misspec_robustness_tuned.py,2026-04-02T15:21:35Z,unknown,local,cpu,x86_64,synthetic_correlated_noise,rho0.6_block10_noise3,correlated_noise,200,100,3,0.1,0.9,3.0,21005,2005,DIVI,2,DIVI,200.0,1.0,120,manual_mult_auto,141.89385332046726,1.0,0.01,1.0,0.1,300,300,3,2,120,240,"[120, 240]",0.4109058122165552,0.4629441737817178,0.18181818181818182,0.695,100,1.0,0.6746318936347961,0.6740989685058594,33194.4453125,29790.638671875,3403.806640625,31930.9765625,6.317338943481445,0.43551496700001735,2.76799996754562e-05,0.4339649990001817,0.0010907490000136022,0.0010697990001062863,0.0014465499966672722,450.765625,ok,0,,outputs/misspec_robustness_tuned,"[120, 240]",noninformative_uniform,"[1 1 2 0 2 2 0 1 2 0 2 2 1 0 0 0 0 1 2 1 0 0 0 1 0 2 1 1 0 2 0 0 0 2 1 0 0
 0 0 0 0 2 2 0 2 0 1 1 2 0 1 1 2 1 1 2 0 1 2 0 2 0 2 1 0 2 0 1 2 0 0 0 0 2
 2 1 0 0 1 2 2 1 2 0 2 1 1 2 0 1 0 1 1 0 1 1 1 2 0 1 1 0 0 0 0 0 2 2 2 2 2
 2 0 2 2 0 1 2 2 0 2 2 0 0 1 0 0 2 0 0 1 0 1 0 1 2 2 1 0 2 1 1 1 0 0 0 1 0
 1 0 0 0 0 0 0 2 0 0 0 0 1 0 2 1 0 1 1 2 0 1 2 2 0 0 0 0 1 1 0 0 2 2 1 1 1
 0 0 2 2 0 0 1 0 1 0 0 0 1 1 1]"
misspec_tuned__rho0.6_block10_noise3__correlated_noise__seed2005__DIVI_p3,run_divi_misspec_robustness_tuned.py,2026-04-02T15:21:35Z,unknown,local,cpu,x86_64,synthetic_correlated_noise,rho0.6_block10_noise3,correlated_noise,200,100,3,0.1,0.9,3.0,21005,2005,DIVI,3,DIVI,200.0,1.0,120,manual_mult_auto,141.89385332046726,1.0,0.01,1.0,0.1,300,300,3,2,120,240,"[120, 240]",0.03553088011507409,0.05065269394948175,0.1590909090909091,0.45,78,0.78,0.6461244821548462,0.6816333532333374,33262.796875,30475.08203125,2787.71484375,32429.955078125,4.1642165184021,0.4269427680001172,3.113999991910532e-05,0.4253863779999847,0.0011011689998667862,0.001051140000072337,0.0014179545933332824,450.234375,ok,0,,outputs/misspec_robustness_tuned,"[120, 240]",random_prior,"[2 2 1 2 1 1 2 0 1 0 0 0 2 0 0 1 2 0 0 1 0 0 0 1 0 0 0 2 0 0 0 0 0 1 2 0 0
 0 0 1 0 1 0 2 0 2 2 0 2 1 0 2 0 0 0 1 2 2 0 0 1 0 0 0 2 0 0 2 1 2 0 0 0 0
 0 1 2 0 2 0 2 2 1 0 1 1 2 1 0 0 0 1 2 0 0 0 1 0 0 2 2 0 0 2 2 2 1 1 0 0 0
 1 0 1 2 0 2 1 0 0 1 1 2 0 0 2 2 0 0 0 2 0 1 2 0 0 0 0 1 0 2 0 0 0 2 2 1 0
 1 2 0 0 0 0 0 0 0 2 0 0 1 1 2 2 0 1 0 0 2 1 1 1 2 0 2 0 1 2 0 0 0 1 2 1 1
 1 0 1 0 0 1 2 0 1 0 0 2 2 2 0]"
misspec_tuned__rho0.6_block10_noise3__correlated_noise__seed2005__kmeans_oracle,run_divi_misspec_robustness_tuned.py,2026-04-02T15:21:35Z,unknown,local,cpu,x86_64,synthetic_correlated_noise,rho0.6_block10_noise3,correlated_noise,200,100,3,0.1,0.9,3.0,21005,2005,kmeans_oracle,nan,KMeans,nan,nan,120,manual_mult_auto,141.89385332046726,1.0,0.01,1.0,0.1,300,nan,3,0,nan,nan,[],0.35854220653417934,0.3881748293093151,nan,0.605,nan,nan,nan,nan,nan,nan,nan,nan,nan,nan,nan,nan,nan,nan,nan,450.234375,ok,0,,outputs/misspec_robustness_tuned
misspec_tuned__rho0.6_block10_noise3__correlated_noise__seed2005__gmm_oracle,run_divi_misspec_robustness_tuned.py,2026-04-02T15:21:35Z,unknown,local,cpu,x86_64,synthetic_correlated_noise,rho0.6_block10_noise3,correlated_noise,200,100,3,0.1,0.9,3.0,21005,2005,gmm_oracle,nan,GaussianMixtureDiag,nan,nan,120,manual_mult_auto,141.89385332046726,1.0,0.01,1.0,0.1,300,nan,3,0,nan,nan,[],0.24560540789202345,0.30346256446971265,nan,0.6,nan,nan,nan,nan,nan,nan,nan,nan,nan,nan,nan,nan,nan,nan,nan,450.234375,ok,0,,outputs/misspec_robustness_tuned
misspec_tuned__rho0.6_block10_noise3__correlated_noise__seed2006__DIVI_p1,run_divi_misspec_robustness_tuned.py,2026-04-02T15:21:37Z,unknown,local,cpu,x86_64,synthetic_correlated_noise,rho0.6_block10_noise3,correlated_noise,200,100,3,0.1,0.9,3.0,21006,2006,DIVI,1,DIVI,200.0,1.0,120,manual_mult_auto,141.89385332046726,1.0,0.01,1.0,0.1,300,300,3,2,120,240,"[120, 240]",0.4994864787827511,0.58415923367551,0.2857142857142857,0.705,60,0.6,0.5556070804595947,0.6046402454376221,34090.91015625,31366.314453125,2724.595703125,33136.9140625,4.7699761390686035,0.5237350940001306,0.11140009400014605,0.4107971890002773,0.0009639089998927375,0.0010287800000696734,0.0013693239633342576,450.38671875,ok,0,,outputs/misspec_robustness_tuned,"[120, 240]",informative_kw_llr,"[2 2 2 1 1 1 0 2 0 2 1 0 0 1 2 0 0 0 1 0 2 1 0 1 0 0 1 1 1 0 1 1 1 1 0 0 1
 2 1 2 1 1 1 2 0 0 1 1 2 0 1 0 0 1 1 1 1 0 2 1 1 2 0 2 0 2 0 0 2 1 2 0 2 2
 0 1 2 2 0 0 2 0 2 0 2 1 1 0 1 1 0 2 0 1 1 2 1 1 1 1 1 2 2 0 2 1 1 0 1 1 0
 1 0 1 0 2 0 1 0 2 1 0 0 2 2 0 2 1 1 2 2 0 0 0 2 1 1 2 0 0 2 0 2 1 1 1 1 1
 2 1 2 2 0 1 2 2 0 0 0 1 2 1 1 1 1 2 2 1 0 1 0 0 1 0 0 0 1 1 2 0 2 1 0 2 0
 0 2 2 1 0 1 1 1 1 0 2 1 2 0 2]"
misspec_tuned__rho0.6_block10_noise3__correlated_noise__seed2006__DIVI_p2,run_divi_misspec_robustness_tuned.py,2026-04-02T15:21:37Z,unknown,local,cpu,x86_64,synthetic_correlated_noise,rho0.6_block10_noise3,correlated_noise,200,100,3,0.1,0.9,3.0,21006,2006,DIVI,2,DIVI,200.0,1.0,120,manual_mult_auto,141.89385332046726,1.0,0.01,1.0,0.1,300,300,3,2,120,240,"[120, 240]",0.4912912694919945,0.5785067476820738,0.18181818181818182,0.675,100,1.0,0.6724464297294617,0.6715350151062012,33070.69921875,29437.677734375,3633.021484375,31834.044921875,6.183263778686523,0.4121138890000111,2.5970000024244655e-05,0.4106703289999132,0.0009602299996913644,0.0009999499998230021,0.0013689010966663772,450.84375,ok,0,,outputs/misspec_robustness_tuned,"[120, 240]",noninformative_uniform,"[2 2 2 1 2 1 0 2 0 1 1 0 0 1 2 0 0 0 1 0 2 2 0 1 0 0 2 1 1 0 2 2 1 1 0 0 1
 2 2 2 1 1 1 2 0 0 1 2 1 0 2 0 0 2 1 1 2 0 2 2 1 1 0 1 0 1 0 0 2 2 1 0 2 2
 0 1 1 1 0 0 2 0 2 0 2 1 1 0 1 2 0 2 0 1 1 1 2 2 1 1 1 2 1 0 2 1 1 0 1 1 0
 1 0 1 0 1 0 2 0 2 1 0 0 2 2 0 1 1 1 2 2 0 0 0 2 2 2 1 0 0 2 0 2 2 1 2 1 1
 2 1 2 1 0 1 2 1 0 0 0 2 2 1 2 2 1 2 2 1 0 1 0 0 1 0 0 0 2 2 1 0 1 1 0 1 0
 0 1 2 1 0 1 1 1 1 0 2 1 1 0 1]"
misspec_tuned__rho0.6_block10_noise3__correlated_noise__seed2006__DIVI_p3,run_divi_misspec_robustness_tuned.py,2026-04-02T15:21:37Z,unknown,local,cpu,x86_64,synthetic_correlated_noise,rho0.6_block10_noise3,correlated_noise,200,100,3,0.1,0.9,3.0,21006,2006,DIVI,3,DIVI,200.0,1.0,120,manual_mult_auto,141.89385332046726,1.0,0.01,1.0,0.1,300,300,3,2,120,240,"[120, 240]",0.48392273119785684,0.5581775659618691,0.1686746987951807,0.665,73,0.73,0.6027868390083313,0.6491982936859131,33780.69921875,31005.4765625,2775.22265625,32824.22265625,4.7823872566223145,0.4294970870000725,3.337099997224868e-05,0.42798689899973397,0.0012526099994829565,0.0009935900002346898,0.0014266229966657799,450.69140625,ok,0,,outputs/misspec_robustness_tuned,"[120, 240]",random_prior,"[2 2 2 2 1 2 0 1 0 2 2 0 0 1 2 0 0 0 1 0 2 2 0 1 0 0 2 1 1 0 1 1 2 1 0 0 1
 1 1 2 1 1 0 2 0 0 2 2 2 0 2 0 0 2 1 1 1 0 1 2 1 1 0 1 0 1 0 0 2 1 1 0 2 1
 0 1 1 2 0 0 2 0 2 0 1 1 1 0 1 2 0 2 0 1 1 1 2 1 1 1 2 1 1 0 2 1 2 0 1 1 0
 1 0 1 0 2 0 2 0 2 1 0 0 1 1 0 1 2 1 2 2 0 0 0 2 2 2 1 0 0 1 0 2 1 1 2 1 1
 2 1 1 2 0 2 1 1 0 0 0 2 2 2 2 1 2 2 2 1 0 1 0 0 1 0 0 0 1 2 1 0 1 1 0 1 0
 0 2 2 1 0 1 1 2 1 0 2 1 1 0 2]"
misspec_tuned__rho0.6_block10_noise3__correlated_noise__seed2006__kmeans_oracle,run_divi_misspec_robustness_tuned.py,2026-04-02T15:21:37Z,unknown,local,cpu,x86_64,synthetic_correlated_noise,rho0.6_block10_noise3,correlated_noise,200,100,3,0.1,0.9,3.0,21006,2006,kmeans_oracle,nan,KMeans,nan,nan,120,manual_mult_auto,141.89385332046726,1.0,0.01,1.0,0.1,300,nan,3,0,nan,nan,[],0.2793391718845043,0.3097647862949593,nan,0.615,nan,nan,nan,nan,nan,nan,nan,nan,nan,nan,nan,nan,nan,nan,nan,450.69140625,ok,0,,outputs/misspec_robustness_tuned
misspec_tuned__rho0.6_block10_noise3__correlated_noise__seed2006__gmm_oracle,run_divi_misspec_robustness_tuned.py,2026-04-02T15:21:37Z,unknown,local,cpu,x86_64,synthetic_correlated_noise,rho0.6_block10_noise3,correlated_noise,200,100,3,0.1,0.9,3.0,21006,2006,gmm_oracle,nan,GaussianMixtureDiag,nan,nan,120,manual_mult_auto,141.89385332046726,1.0,0.01,1.0,0.1,300,nan,3,0,nan,nan,[],0.053680465674753895,0.07230142042553374,nan,0.46,nan,nan,nan,nan,nan,nan,nan,nan,nan,nan,nan,nan,nan,nan,nan,450.69140625,ok,0,,outputs/misspec_robustness_tuned
misspec_tuned__rho0.6_block10_noise3__correlated_noise__seed2007__DIVI_p1,run_divi_misspec_robustness_tuned.py,2026-04-02T15:21:38Z,unknown,local,cpu,x86_64,synthetic_correlated_noise,rho0.6_block10_noise3,correlated_noise,200,100,3,0.1,0.9,3.0,21007,2007,DIVI,1,DIVI,200.0,1.0,120,manual_mult_auto,141.89385332046726,1.0,0.01,1.0,0.1,300,300,3,2,120,240,"[120, 240]",0.3944890675262138,0.4828523552678614,0.22988505747126434,0.66,77,0.77,0.6334603428840637,0.6803555488586426,33223.48046875,29922.333984375,3301.146484375,32295.765625,4.638566017150879,0.5145193140001538,0.12896260300021822,0.38416079999979047,0.0009855999996943865,0.0009106500001507811,0.0012805359999993016,450.69140625,ok,0,,outputs/misspec_robustness_tuned,"[120, 240]",informative_kw_llr,"[0 0 0 1 1 1 2 2 2 1 0 1 1 1 2 1 2 2 0 1 1 0 0 2 1 0 0 0 0 2 0 0 0 2 2 0 0
 2 0 0 0 0 2 0 1 2 0 2 2 2 0 0 0 1 2 0 0 1 0 0 0 0 0 0 2 2 0 2 0 0 1 2 1 0
 2 0 0 1 1 2 0 2 1 0 2 0 0 1 1 0 0 2 2 1 0 2 0 0 1 1 0 2 2 2 0 0 0 1 2 1 0
 0 0 2 2 0 1 0 0 0 2 1 1 2 0 0 0 1 1 0 2 2 0 0 0 0 0 1 1 2 0 1 0 2 0 2 0 1
 2 1 2 0 1 1 1 0 0 0 0 0 0 0 1 0 0 0 2 0 0 0 0 2 0 0 2 1 0 0 0 1 0 2 0 2 2
 0 0 0 0 0 0 0 0 0 0 1 1 1 0 0]"
misspec_tuned__rho0.6_block10_noise3__correlated_noise__seed2007__DIVI_p2,run_divi_misspec_robustness_tuned.py,2026-04-02T15:21:38Z,unknown,local,cpu,x86_64,synthetic_correlated_noise,rho0.6_block10_noise3,correlated_noise,200,100,3,0.1,0.9,3.0,21007,2007,DIVI,2,DIVI,200.0,1.0,120,manual_mult_auto,141.89385332046726,1.0,0.01,1.0,0.1,300,300,3,2,120,240,"[120, 240]",0.3518462796912577,0.3921192010139722,0.18181818181818182,0.615,100,1.0,0.6727741956710815,0.6725857853889465,33225.56640625,29615.146484375,3610.419921875,31993.9765625,6.157954216003418,0.5449030820000189,2.1459999970829813e-05,0.5433517129999927,0.0012270500001250184,0.001145629999882658,0.0018111723766666425,450.69140625,ok,0,,outputs/misspec_robustness_tuned,"[120, 240]",noninformative_uniform,"[0 0 0 2 0 1 2 2 2 1 0 1 2 1 2 1 2 1 0 1 1 0 0 2 1 2 0 0 0 2 0 2 0 2 2 0 2
 2 0 0 0 0 2 0 1 2 0 1 2 2 0 0 2 1 2 0 0 2 2 0 0 0 0 0 2 2 0 2 0 0 1 2 1 0
 2 0 0 1 1 2 0 2 1 0 2 2 0 1 1 2 0 2 2 1 2 2 0 0 1 1 0 2 2 2 0 0 0 1 2 1 0
 0 0 2 2 0 1 0 0 0 2 1 1 2 2 0 0 1 1 2 2 2 0 0 0 0 0 1 1 2 0 2 0 2 0 1 0 1
 2 2 2 0 1 1 1 2 0 0 0 0 0 0 1 2 0 0 2 0 0 0 2 2 0 2 2 1 0 0 1 1 2 2 0 2 2
 2 0 0 0 0 2 0 0 0 2 1 1 1 0 0]"
misspec_tuned__rho0.6_block10_noise3__correlated_noise__seed2007__DIVI_p3,run_divi_misspec_robustness_tuned.py,2026-04-02T15:21:38Z,unknown,local,cpu,x86_64,synthetic_correlated_noise,rho0.6_block10_noise3,correlated_noise,200,100,3,0.1,0.9,3.0,21007,2007,DIVI,3,DIVI,200.0,1.0,120,manual_mult_auto,141.89385332046726,1.0,0.01,1.0,0.1,300,300,3,2,120,240,"[120, 240]",0.041865399511278115,0.0654477471203128,0.13157894736842105,0.455,66,0.66,0.6005442142486572,0.6693362593650818,33943.81640625,31214.12890625,2729.6875,33063.48828125,4.401636600494385,0.5325247420000778,2.475100018273224e-05,0.5302999030000137,0.001234750000094209,0.0017622889999984181,0.001767666343333379,450.69140625,ok,0,,outputs/misspec_robustness_tuned,"[120, 240]",random_prior,"[1 1 0 2 2 2 2 2 0 2 0 2 1 2 1 2 1 1 0 2 2 1 0 0 0 1 0 1 0 0 0 1 1 0 0 0 2
 1 1 1 0 0 0 1 2 0 0 0 1 1 0 1 1 2 0 0 0 2 1 0 1 0 0 0 2 2 0 1 1 1 2 0 1 1
 0 0 0 2 0 0 1 2 2 1 1 0 0 1 2 1 0 0 0 2 1 0 0 0 1 0 1 0 1 2 0 0 1 1 0 2 0
 1 0 1 0 0 2 2 0 0 2 2 2 2 0 0 2 2 1 2 2 1 0 0 0 1 1 0 0 1 0 1 0 1 0 0 0 0
 0 0 0 0 1 1 2 0 1 0 1 0 0 1 2 1 1 0 2 0 0 0 2 2 0 0 2 2 1 0 1 2 0 2 1 0 0
 0 0 0 2 2 0 0 0 0 0 2 0 2 0 1]"
misspec_tuned__rho0.6_block10_noise3__correlated_noise__seed2007__kmeans_oracle,run_divi_misspec_robustness_tuned.py,2026-04-02T15:21:38Z,unknown,local,cpu,x86_64,synthetic_correlated_noise,rho0.6_block10_noise3,correlated_noise,200,100,3,0.1,0.9,3.0,21007,2007,kmeans_oracle,nan,KMeans,nan,nan,120,manual_mult_auto,141.89385332046726,1.0,0.01,1.0,0.1,300,nan,3,0,nan,nan,[],0.3535355363189526,0.3728830197559665,nan,0.645,nan,nan,nan,nan,nan,nan,nan,nan,nan,nan,nan,nan,nan,nan,nan,450.69140625,ok,0,,outputs/misspec_robustness_tuned
misspec_tuned__rho0.6_block10_noise3__correlated_noise__seed2007__gmm_oracle,run_divi_misspec_robustness_tuned.py,2026-04-02T15:21:38Z,unknown,local,cpu,x86_64,synthetic_correlated_noise,rho0.6_block10_noise3,correlated_noise,200,100,3,0.1,0.9,3.0,21007,2007,gmm_oracle,nan,GaussianMixtureDiag,nan,nan,120,manual_mult_auto,141.89385332046726,1.0,0.01,1.0,0.1,300,nan,3,0,nan,nan,[],0.008481030341539474,0.01623291509750803,nan,0.4,nan,nan,nan,nan,nan,nan,nan,nan,nan,nan,nan,nan,nan,nan,nan,450.69140625,ok,0,,outputs/misspec_robustness_tuned
misspec_tuned__rho0.6_block10_noise3__correlated_noise__seed2008__DIVI_p1,run_divi_misspec_robustness_tuned.py,2026-04-02T15:21:40Z,unknown,local,cpu,x86_64,synthetic_correlated_noise,rho0.6_block10_noise3,correlated_noise,200,100,3,0.1,0.9,3.0,21008,2008,DIVI,1,DIVI,200.0,1.0,120,manual_mult_auto,141.89385332046726,1.0,0.01,1.0,0.1,300,300,3,2,120,240,"[120, 240]",0.1559296902808353,0.17708240378224002,0.16842105263157894,0.475,85,0.85,0.684170663356781,0.7405382394790649,32443.27734375,29834.818359375,2608.458984375,31760.3984375,3.414391279220581,0.7749840910000785,0.21452313899999353,0.5587122120000458,0.0013662779997503094,0.0009555990000080783,0.0018623740400001527,451.53515625,ok,0,,outputs/misspec_robustness_tuned,"[120, 240]",informative_kw_llr,"[1 2 0 2 2 0 1 0 0 0 2 0 2 2 2 1 0 1 2 2 0 1 0 1 1 1 2 0 0 1 1 2 2 2 1 0 0
 2 2 1 1 2 2 0 0 1 2 1 1 0 2 1 2 1 2 0 1 2 2 1 2 1 1 2 2 0 1 0 2 1 2 1 2 2
 1 1 2 1 2 1 1 2 1 2 1 1 1 2 0 0 0 0 2 2 1 2 2 1 2 1 0 1 1 0 0 1 2 0 0 2 1
 2 1 0 2 0 1 1 2 0 2 1 0 1 0 1 1 0 2 2 0 1 2 1 0 0 0 2 2 2 1 2 1 1 1 2 2 2
 0 0 2 0 0 2 1 2 1 0 1 1 2 2 0 0 1 2 1 1 0 1 0 2 0 1 0 0 2 0 0 2 2 2 2 2 1
 2 2 0 0 0 0 0 1 0 2 2 2 1 2 0]"
misspec_tuned__rho0.6_block10_noise3__correlated_noise__seed2008__DIVI_p2,run_divi_misspec_robustness_tuned.py,2026-04-02T15:21:40Z,unknown,local,cpu,x86_64,synthetic_correlated_noise,rho0.6_block10_noise3,correlated_noise,200,100,3,0.1,0.9,3.0,21008,2008,DIVI,2,DIVI,200.0,1.0,120,manual_mult_auto,141.89385332046726,1.0,0.01,1.0,0.1,300,300,3,2,120,240,"[120, 240]",0.24504190561211195,0.2644338321905314,0.18181818181818182,0.62,100,1.0,0.6747746467590332,0.6740686893463135,33234.9765625,29897.962890625,3337.013671875,31974.3046875,6.303356647491455,0.3961728999997831,3.703999982462847e-05,0.39484635000007984,0.0009580400001141243,0.0009332999998150626,0.0013161545000002662,450.16015625,ok,0,,outputs/misspec_robustness_tuned,"[120, 240]",noninformative_uniform,"[2 2 1 0 0 0 1 0 1 2 2 0 2 0 2 1 0 1 2 0 0 1 1 1 1 1 2 0 0 1 2 2 0 0 1 1 0
 0 2 1 2 2 2 0 0 1 0 1 0 0 2 2 1 1 2 1 2 0 2 1 2 1 1 0 0 1 1 0 2 2 2 1 0 2
 2 1 0 2 0 1 1 0 1 2 2 0 1 2 0 1 1 0 2 0 0 2 2 1 0 1 0 2 2 1 0 2 2 0 2 2 1
 2 1 0 0 1 1 2 2 1 0 2 0 2 1 1 1 0 2 2 0 1 2 1 0 1 0 0 2 0 1 0 1 1 1 2 0 0
 1 0 2 0 2 0 1 2 1 1 2 0 0 2 0 0 2 2 2 1 0 1 0 0 1 1 0 0 0 0 0 0 2 2 0 0 1
 0 2 1 0 0 0 0 1 0 0 0 2 1 0 2]"
misspec_tuned__rho0.6_block10_noise3__correlated_noise__seed2008__DIVI_p3,run_divi_misspec_robustness_tuned.py,2026-04-02T15:21:40Z,unknown,local,cpu,x86_64,synthetic_correlated_noise,rho0.6_block10_noise3,correlated_noise,200,100,3,0.1,0.9,3.0,21008,2008,DIVI,3,DIVI,200.0,1.0,120,manual_mult_auto,141.89385332046726,1.0,0.01,1.0,0.1,300,300,3,2,120,240,"[120, 240]",0.011274973966123347,0.022873490550540134,0.20930232558139536,0.41,76,0.76,0.6307069659233093,0.681668758392334,33452.16796875,30976.513671875,2475.654296875,32655.78515625,3.98191499710083,0.4046735799997805,2.652000011948985e-05,0.4032483900000443,0.001024079999751848,0.000954959999944549,0.0013441613000001477,451.078125,ok,0,,outputs/misspec_robustness_tuned,"[120, 240]",random_prior,"[2 0 1 2 2 1 0 0 1 0 2 1 0 0 0 2 2 0 0 0 0 0 1 0 0 0 2 2 0 0 0 0 2 0 0 2 1
 2 2 2 0 2 0 1 0 2 2 2 0 1 0 2 2 2 0 1 0 2 2 0 0 0 0 2 1 1 2 0 0 0 0 2 2 0
 0 2 2 2 2 0 2 0 0 2 2 0 1 0 0 1 1 1 0 2 2 2 0 2 2 2 0 1 0 1 0 2 0 1 0 0 1
 0 1 1 0 0 1 0 1 0 2 2 1 0 1 2 0 1 0 2 0 2 0 2 1 1 1 0 0 0 2 2 0 1 0 2 2 2
 1 1 0 1 1 2 0 0 1 1 0 2 2 0 1 1 0 0 0 2 1 2 1 2 1 0 2 1 2 1 1 2 0 0 0 2 2
 2 2 0 1 1 1 1 2 1 2 0 0 1 2 0]"
misspec_tuned__rho0.6_block10_noise3__correlated_noise__seed2008__kmeans_oracle,run_divi_misspec_robustness_tuned.py,2026-04-02T15:21:40Z,unknown,local,cpu,x86_64,synthetic_correlated_noise,rho0.6_block10_noise3,correlated_noise,200,100,3,0.1,0.9,3.0,21008,2008,kmeans_oracle,nan,KMeans,nan,nan,120,manual_mult_auto,141.89385332046726,1.0,0.01,1.0,0.1,300,nan,3,0,nan,nan,[],0.06895742192967011,0.07779483523961904,nan,0.44,nan,nan,nan,nan,nan,nan,nan,nan,nan,nan,nan,nan,nan,nan,nan,447.23046875,ok,0,,outputs/misspec_robustness_tuned
misspec_tuned__rho0.6_block10_noise3__correlated_noise__seed2008__gmm_oracle,run_divi_misspec_robustness_tuned.py,2026-04-02T15:21:40Z,unknown,local,cpu,x86_64,synthetic_correlated_noise,rho0.6_block10_noise3,correlated_noise,200,100,3,0.1,0.9,3.0,21008,2008,gmm_oracle,nan,GaussianMixtureDiag,nan,nan,120,manual_mult_auto,141.89385332046726,1.0,0.01,1.0,0.1,300,nan,3,0,nan,nan,[],0.22726313664011472,0.289108457236466,nan,0.56,nan,nan,nan,nan,nan,nan,nan,nan,nan,nan,nan,nan,nan,nan,nan,447.23046875,ok,0,,outputs/misspec_robustness_tuned
misspec_tuned__rho0.6_block10_noise3__correlated_noise__seed2009__DIVI_p1,run_divi_misspec_robustness_tuned.py,2026-04-02T15:21:42Z,unknown,local,cpu,x86_64,synthetic_correlated_noise,rho0.6_block10_noise3,correlated_noise,200,100,3,0.1,0.9,3.0,21009,2009,DIVI,1,DIVI,200.0,1.0,120,manual_mult_auto,141.89385332046726,1.0,0.01,1.0,0.1,300,300,3,2,120,240,"[120, 240]",0.4357389783905714,0.4959810048859373,0.25641025641025644,0.725,68,0.68,0.604174017906189,0.7117828130722046,33297.1015625,30857.314453125,2439.787109375,32609.791015625,3.436544179916382,0.5064977040001395,0.10733903499976805,0.3976755800003957,0.000962959999924351,0.000973340000200551,0.0013255852666679857,450.6171875,ok,0,,outputs/misspec_robustness_tuned,"[120, 240]",informative_kw_llr,"[1 1 2 0 0 0 0 0 1 0 0 2 0 0 1 1 1 2 1 2 2 0 2 2 0 2 0 1 2 0 0 0 0 1 0 1 0
 1 2 1 0 1 1 0 2 0 2 0 1 1 2 0 0 2 0 2 2 1 0 1 0 1 1 0 2 0 0 0 0 0 1 2 1 1
 1 1 1 1 2 0 0 1 1 0 0 0 0 0 2 0 2 1 2 1 0 1 2 2 1 2 0 0 1 0 0 0 0 1 2 2 2
 0 2 0 0 0 1 1 0 2 2 1 0 1 0 0 2 0 0 0 0 1 0 0 2 0 2 0 0 1 0 0 2 0 0 0 0 2
 1 0 2 0 0 2 0 0 2 2 2 1 2 0 2 0 2 1 0 0 0 1 0 0 1 2 1 0 1 0 0 0 0 1 2 0 1
 0 0 2 1 0 2 2 2 1 2 0 1 0 1 2]"
misspec_tuned__rho0.6_block10_noise3__correlated_noise__seed2009__DIVI_p2,run_divi_misspec_robustness_tuned.py,2026-04-02T15:21:42Z,unknown,local,cpu,x86_64,synthetic_correlated_noise,rho0.6_block10_noise3,correlated_noise,200,100,3,0.1,0.9,3.0,21009,2009,DIVI,2,DIVI,200.0,1.0,120,manual_mult_auto,141.89385332046726,1.0,0.01,1.0,0.1,300,300,3,2,120,240,"[120, 240]",0.4170483679162955,0.4658148753780117,0.18181818181818182,0.655,100,1.0,0.6721392869949341,0.6738718152046204,33151.3671875,29602.451171875,3548.916015625,31924.28125,6.135438442230225,0.384319680000317,2.2259999695961596e-05,0.38293776099999377,0.001012099999570637,0.0010117699998772878,0.0012764592033333126,451.0,ok,0,,outputs/misspec_robustness_tuned,"[120, 240]",noninformative_uniform,"[0 0 0 1 2 2 1 2 0 1 1 2 1 1 1 0 0 2 0 0 0 1 0 2 1 0 1 0 0 1 1 2 2 0 1 0 1
 0 0 0 1 0 0 1 2 1 0 1 0 0 0 2 1 0 2 0 2 0 1 0 2 0 0 1 1 2 1 2 2 1 0 1 0 1
 0 0 0 0 0 1 1 1 0 2 1 2 2 2 2 1 0 0 0 0 2 0 1 2 0 0 2 2 0 2 1 1 2 0 2 0 2
 1 0 1 1 2 0 0 2 0 2 0 1 0 2 2 0 1 1 1 2 0 1 2 2 2 2 1 1 0 1 2 2 1 1 1 1 0
 0 1 0 2 1 0 1 1 2 0 2 0 2 2 2 1 0 0 1 2 2 0 1 2 0 0 0 1 0 1 2 1 2 0 2 1 0
 1 2 0 0 2 0 2 0 0 0 1 0 2 0 2]"
misspec_tuned__rho0.6_block10_noise3__correlated_noise__seed2009__DIVI_p3,run_divi_misspec_robustness_tuned.py,2026-04-02T15:21:42Z,unknown,local,cpu,x86_64,synthetic_correlated_noise,rho0.6_block10_noise3,correlated_noise,200,100,3,0.1,0.9,3.0,21009,2009,DIVI,3,DIVI,200.0,1.0,120,manual_mult_auto,141.89385332046726,1.0,0.01,1.0,0.1,300,300,3,2,120,240,"[120, 240]",0.005400580834281002,0.015474254942334165,0.19277108433734938,0.395,73,0.73,0.6310310363769531,0.6711190342903137,33403.984375,31052.548828125,2351.435546875,32671.9609375,3.6601169109344482,0.41293796799982374,2.1629999992001103e-05,0.4116324189999432,0.0009703609994176077,0.000956898999902478,0.001372108063333144,450.6171875,ok,0,,outputs/misspec_robustness_tuned,"[120, 240]",random_prior,"[0 2 0 2 0 2 1 2 1 1 1 0 1 2 2 0 1 0 0 2 0 2 0 2 1 0 2 2 0 1 2 2 2 2 1 1 1
 0 2 0 1 1 1 2 0 2 0 1 2 0 0 0 2 1 2 0 0 1 1 2 0 1 2 1 1 2 2 0 2 1 0 1 1 2
 1 1 1 1 1 1 1 1 1 2 0 0 0 1 0 0 0 1 1 0 2 0 1 0 2 0 0 0 1 0 2 2 0 2 0 0 0
 1 0 1 1 2 1 0 1 0 0 1 1 0 0 0 0 2 1 1 0 1 2 0 1 1 0 1 0 1 2 0 0 2 1 1 1 2
 2 1 0 1 2 0 2 1 0 0 2 1 2 0 0 2 2 0 1 0 0 1 2 2 1 1 1 1 1 2 2 1 2 2 0 2 2
 2 2 0 1 0 0 0 0 1 0 1 1 0 1 0]"
misspec_tuned__rho0.6_block10_noise3__correlated_noise__seed2009__kmeans_oracle,run_divi_misspec_robustness_tuned.py,2026-04-02T15:21:42Z,unknown,local,cpu,x86_64,synthetic_correlated_noise,rho0.6_block10_noise3,correlated_noise,200,100,3,0.1,0.9,3.0,21009,2009,kmeans_oracle,nan,KMeans,nan,nan,120,manual_mult_auto,141.89385332046726,1.0,0.01,1.0,0.1,300,nan,3,0,nan,nan,[],0.23777512493815506,0.29756916121050175,nan,0.595,nan,nan,nan,nan,nan,nan,nan,nan,nan,nan,nan,nan,nan,nan,nan,450.6171875,ok,0,,outputs/misspec_robustness_tuned
misspec_tuned__rho0.6_block10_noise3__correlated_noise__seed2009__gmm_oracle,run_divi_misspec_robustness_tuned.py,2026-04-02T15:21:42Z,unknown,local,cpu,x86_64,synthetic_correlated_noise,rho0.6_block10_noise3,correlated_noise,200,100,3,0.1,0.9,3.0,21009,2009,gmm_oracle,nan,GaussianMixtureDiag,nan,nan,120,manual_mult_auto,141.89385332046726,1.0,0.01,1.0,0.1,300,nan,3,0,nan,nan,[],0.3694054298217564,0.4338129696080095,nan,0.61,nan,nan,nan,nan,nan,nan,nan,nan,nan,nan,nan,nan,nan,nan,nan,450.6171875,ok,0,,outputs/misspec_robustness_tuned
misspec_tuned__rho0.6_block10_noise3__correlated_noise__seed2010__DIVI_p1,run_divi_misspec_robustness_tuned.py,2026-04-02T15:21:43Z,unknown,local,cpu,x86_64,synthetic_correlated_noise,rho0.6_block10_noise3,correlated_noise,200,100,3,0.1,0.9,3.0,21010,2010,DIVI,1,DIVI,200.0,1.0,120,manual_mult_auto,141.89385332046726,1.0,0.01,1.0,0.1,300,300,3,2,120,240,"[120, 240]",0.155259520361454,0.19036824438075464,0.21052631578947367,0.55,85,0.85,0.6818684339523315,0.7517126798629761,32563.15234375,29773.2109375,2789.94140625,31855.861328125,3.5364596843719482,0.5040202549998867,0.11037456500025655,0.3921739500001422,0.0009198720003951166,0.0009510200002296187,0.001307246500000474,450.62109375,ok,0,,outputs/misspec_robustness_tuned,"[120, 240]",informative_kw_llr,"[0 2 0 0 2 0 1 2 1 0 0 1 1 0 0 0 2 1 0 0 0 0 1 1 2 0 0 2 0 0 2 1 2 0 0 2 0
 1 0 0 0 2 0 0 0 0 1 0 1 2 0 1 1 1 1 0 0 0 1 0 2 0 2 0 1 2 1 0 1 0 1 2 1 2
 0 0 0 0 1 2 0 0 0 0 0 0 0 0 1 2 0 1 1 1 0 0 2 0 2 0 1 0 2 0 1 1 1 0 0 0 0
 2 0 2 1 0 0 0 0 2 0 0 0 2 1 0 0 2 0 1 2 0 0 2 1 0 0 0 1 0 0 2 1 2 0 2 0 0
 2 0 2 1 0 2 0 1 0 0 0 2 2 0 0 2 0 1 1 0 0 2 2 2 2 2 1 0 1 2 1 2 0 1 0 0 0
 1 2 0 1 1 1 2 2 2 1 1 0 1 0 0]"
misspec_tuned__rho0.6_block10_noise3__correlated_noise__seed2010__DIVI_p2,run_divi_misspec_robustness_tuned.py,2026-04-02T15:21:43Z,unknown,local,cpu,x86_64,synthetic_correlated_noise,rho0.6_block10_noise3,correlated_noise,200,100,3,0.1,0.9,3.0,21010,2010,DIVI,2,DIVI,200.0,1.0,120,manual_mult_auto,141.89385332046726,1.0,0.01,1.0,0.1,300,300,3,2,120,240,"[120, 240]",0.10016029807755353,0.11651963630025677,0.18181818181818182,0.51,100,1.0,0.6740147471427917,0.6753835082054138,33285.26171875,29580.8671875,3704.39453125,32036.81640625,6.242228031158447,0.40072561900024084,1.9359999896551017e-05,0.3994449199999508,0.0009991300003093784,0.000926520000120945,0.0013314830666665027,450.62109375,ok,0,,outputs/misspec_robustness_tuned,"[120, 240]",noninformative_uniform,"[0 1 0 0 2 2 1 2 1 2 0 2 1 0 0 2 1 1 2 2 0 0 1 1 2 2 0 2 2 0 2 1 1 2 2 1 2
 1 0 0 2 1 0 2 0 2 0 2 0 1 0 1 1 0 1 0 2 0 0 0 2 2 2 0 0 1 1 0 0 2 1 1 1 0
 0 2 0 0 1 0 2 0 2 0 0 0 2 0 1 2 0 1 1 1 0 0 2 2 2 0 1 0 2 0 0 1 1 0 0 2 2
 0 0 2 1 2 2 0 0 2 2 0 0 2 1 0 0 1 0 1 2 0 0 1 1 0 2 0 1 0 0 0 1 2 2 1 0 0
 2 0 0 1 0 2 0 1 2 2 0 2 2 0 2 2 2 1 1 0 0 2 2 0 0 2 1 2 1 1 1 2 2 1 2 0 2
 1 0 2 0 1 1 2 2 2 1 1 2 1 2 0]"
misspec_tuned__rho0.6_block10_noise3__correlated_noise__seed2010__DIVI_p3,run_divi_misspec_robustness_tuned.py,2026-04-02T15:21:43Z,unknown,local,cpu,x86_64,synthetic_correlated_noise,rho0.6_block10_noise3,correlated_noise,200,100,3,0.1,0.9,3.0,21010,2010,DIVI,3,DIVI,200.0,1.0,120,manual_mult_auto,141.89385332046726,1.0,0.01,1.0,0.1,300,300,3,2,120,240,"[120, 240]",0.44232429495950426,0.48186840676247655,0.2380952380952381,0.71,74,0.74,0.6143047213554382,0.6930396556854248,33431.1640625,30924.423828125,2506.740234375,32671.50390625,3.798308849334717,0.3902007999995476,1.9840000277326908e-05,0.38891010999986975,0.0009373490001962637,0.0009733099996083183,0.0012963670333328993,452.0703125,ok,0,,outputs/misspec_robustness_tuned,"[120, 240]",random_prior,"[2 0 0 2 1 1 0 1 1 1 2 0 1 0 2 1 0 0 1 1 0 2 0 0 1 2 2 1 1 2 1 0 0 1 2 1 0
 0 0 2 2 1 2 2 0 0 0 1 0 1 2 0 0 0 0 2 1 2 0 2 1 1 1 2 0 1 0 0 0 1 0 1 1 0
 2 0 2 0 0 1 2 2 1 1 1 2 1 2 0 1 2 0 0 0 2 2 1 0 1 2 0 2 0 2 0 0 0 2 2 1 1
 1 0 0 0 1 1 2 2 1 1 0 1 1 0 2 2 1 0 0 1 0 2 1 0 2 0 2 0 0 1 0 0 1 1 1 2 2
 1 0 0 0 2 1 0 0 1 2 2 0 1 0 2 1 1 0 0 2 0 1 1 1 0 1 0 0 0 0 0 1 1 2 1 2 1
 0 2 0 0 0 0 1 1 1 0 2 2 0 1 1]"
misspec_tuned__rho0.6_block10_noise3__correlated_noise__seed2010__kmeans_oracle,run_divi_misspec_robustness_tuned.py,2026-04-02T15:21:43Z,unknown,local,cpu,x86_64,synthetic_correlated_noise,rho0.6_block10_noise3,correlated_noise,200,100,3,0.1,0.9,3.0,21010,2010,kmeans_oracle,nan,KMeans,nan,nan,120,manual_mult_auto,141.89385332046726,1.0,0.01,1.0,0.1,300,nan,3,0,nan,nan,[],0.29604648327983424,0.31767343306000445,nan,0.605,nan,nan,nan,nan,nan,nan,nan,nan,nan,nan,nan,nan,nan,nan,nan,452.0703125,ok,0,,outputs/misspec_robustness_tuned
misspec_tuned__rho0.6_block10_noise3__correlated_noise__seed2010__gmm_oracle,run_divi_misspec_robustness_tuned.py,2026-04-02T15:21:43Z,unknown,local,cpu,x86_64,synthetic_correlated_noise,rho0.6_block10_noise3,correlated_noise,200,100,3,0.1,0.9,3.0,21010,2010,gmm_oracle,nan,GaussianMixtureDiag,nan,nan,120,manual_mult_auto,141.89385332046726,1.0,0.01,1.0,0.1,300,nan,3,0,nan,nan,[],0.02198817194176542,0.029960914848255527,nan,0.405,nan,nan,nan,nan,nan,nan,nan,nan,nan,nan,nan,nan,nan,nan,nan,452.0703125,ok,0,,outputs/misspec_robustness_tuned
misspec_tuned__rho0.6_block10_noise3__correlated_noise__seed2011__DIVI_p1,run_divi_misspec_robustness_tuned.py,2026-04-02T15:21:44Z,unknown,local,cpu,x86_64,synthetic_correlated_noise,rho0.6_block10_noise3,correlated_noise,200,100,3,0.1,0.9,3.0,21011,2011,DIVI,1,DIVI,200.0,1.0,120,manual_mult_auto,141.89385332046726,1.0,0.01,1.0,0.1,300,300,3,2,120,240,"[120, 240]",0.40541160955212324,0.4600502118290114,0.22988505747126434,0.675,77,0.77,0.6758028268814087,0.7564574480056763,32288.63671875,29624.162109375,2664.474609375,31652.103515625,3.1826624870300293,0.5361776229997304,0.11277772399989772,0.42191932800005816,0.0009732099997563637,0.0009532500002933375,0.0014063977600001938,452.0703125,ok,0,,outputs/misspec_robustness_tuned,"[120, 240]",informative_kw_llr,"[0 0 1 2 1 2 1 1 2 2 1 0 2 2 2 0 2 0 0 2 1 2 0 2 1 1 0 0 2 2 0 2 0 0 0 0 2
 0 0 0 2 0 1 1 0 0 0 1 1 1 2 0 1 0 2 2 2 1 2 0 0 0 0 2 0 0 0 1 2 2 0 2 0 2
 1 1 2 0 2 1 2 1 1 2 2 1 0 2 0 1 2 0 1 0 0 1 2 1 2 0 0 0 2 1 0 0 0 0 2 0 0
 0 0 0 0 2 1 1 0 1 1 2 0 2 2 0 0 1 0 0 1 1 2 2 0 1 2 2 1 2 0 2 2 1 2 2 0 2
 0 0 2 1 0 2 0 0 1 1 1 1 2 1 0 0 1 2 1 0 0 0 2 2 2 0 0 2 0 0 1 2 0 1 1 2 2
 0 2 2 2 0 0 2 1 0 0 1 0 0 0 1]"
misspec_tuned__rho0.6_block10_noise3__correlated_noise__seed2011__DIVI_p2,run_divi_misspec_robustness_tuned.py,2026-04-02T15:21:44Z,unknown,local,cpu,x86_64,synthetic_correlated_noise,rho0.6_block10_noise3,correlated_noise,200,100,3,0.1,0.9,3.0,21011,2011,DIVI,2,DIVI,200.0,1.0,120,manual_mult_auto,141.89385332046726,1.0,0.01,1.0,0.1,300,300,3,2,120,240,"[120, 240]",0.3528434228030708,0.4133910158746354,0.18181818181818182,0.615,100,1.0,0.6754218339920044,0.6760014295578003,33165.1796875,29553.50390625,3611.67578125,31893.15625,6.360110282897949,0.403799550000258,2.2279999939200934e-05,0.40252937000013844,0.0009655100002419204,0.0008935800001381722,0.0013417645666671282,450.1640625,ok,0,,outputs/misspec_robustness_tuned,"[120, 240]",noninformative_uniform,"[1 2 0 0 0 0 1 0 2 2 0 2 0 0 2 2 0 2 1 2 1 0 1 0 0 0 1 2 0 1 1 0 1 2 2 2 2
 0 1 2 0 2 0 0 2 1 1 1 0 0 0 1 0 1 0 0 0 0 0 0 2 1 2 0 1 1 1 0 0 0 1 0 2 0
 0 0 0 2 0 0 0 0 0 0 0 0 1 2 1 0 2 2 1 2 1 0 2 0 0 2 2 2 0 0 2 1 1 1 0 2 2
 1 2 2 1 0 0 0 1 1 0 0 2 0 0 1 2 0 2 1 0 0 0 0 2 0 0 0 0 0 1 0 0 1 0 0 2 2
 1 1 0 0 2 0 1 2 0 0 0 0 0 0 2 1 0 2 0 1 1 1 0 0 2 2 1 0 2 1 0 2 1 0 0 0 1
 1 2 0 0 2 2 0 0 1 1 0 1 2 2 0]"
misspec_tuned__rho0.6_block10_noise3__correlated_noise__seed2011__DIVI_p3,run_divi_misspec_robustness_tuned.py,2026-04-02T15:21:44Z,unknown,local,cpu,x86_64,synthetic_correlated_noise,rho0.6_block10_noise3,correlated_noise,200,100,3,0.1,0.9,3.0,21011,2011,DIVI,3,DIVI,200.0,1.0,120,manual_mult_auto,141.89385332046726,1.0,0.01,1.0,0.1,300,300,3,2,120,240,"[120, 240]",0.027915802916589846,0.04326611571318378,0.14457831325301204,0.41,73,0.73,0.6169538497924805,0.6964588165283203,33588.9140625,31286.96484375,2301.94921875,32770.71875,4.090977191925049,0.3802004310000484,1.8400000044493936e-05,0.3782455810001011,0.0008915490002436854,0.0015951999998833344,0.0012608186033336703,451.15625,ok,0,,outputs/misspec_robustness_tuned,"[120, 240]",random_prior,"[0 1 0 0 0 1 0 0 1 2 0 2 0 0 2 0 1 0 2 0 0 1 0 2 0 1 0 1 2 0 0 1 0 2 2 1 2
 0 0 0 1 1 0 1 2 2 0 0 0 1 1 2 1 2 0 1 0 0 1 1 2 0 1 1 0 0 2 2 1 1 0 2 2 1
 1 0 2 2 0 1 1 0 0 2 0 0 2 2 0 1 0 0 1 1 2 1 2 0 0 0 2 2 2 0 0 1 0 0 0 2 1
 0 2 2 2 2 1 0 0 0 2 2 2 1 1 0 2 0 2 0 0 2 0 2 0 1 0 2 1 2 0 1 1 0 0 1 2 2
 2 0 1 1 2 1 1 0 2 1 1 0 1 1 0 0 2 2 0 0 0 0 2 1 2 2 2 1 0 1 1 2 0 1 2 0 2
 0 2 1 0 0 1 2 0 0 0 1 0 0 0 0]"
misspec_tuned__rho0.6_block10_noise3__correlated_noise__seed2011__kmeans_oracle,run_divi_misspec_robustness_tuned.py,2026-04-02T15:21:44Z,unknown,local,cpu,x86_64,synthetic_correlated_noise,rho0.6_block10_noise3,correlated_noise,200,100,3,0.1,0.9,3.0,21011,2011,kmeans_oracle,nan,KMeans,nan,nan,120,manual_mult_auto,141.89385332046726,1.0,0.01,1.0,0.1,300,nan,3,0,nan,nan,[],0.27070582289853445,0.28914386319439433,nan,0.605,nan,nan,nan,nan,nan,nan,nan,nan,nan,nan,nan,nan,nan,nan,nan,451.15625,ok,0,,outputs/misspec_robustness_tuned
misspec_tuned__rho0.6_block10_noise3__correlated_noise__seed2011__gmm_oracle,run_divi_misspec_robustness_tuned.py,2026-04-02T15:21:44Z,unknown,local,cpu,x86_64,synthetic_correlated_noise,rho0.6_block10_noise3,correlated_noise,200,100,3,0.1,0.9,3.0,21011,2011,gmm_oracle,nan,GaussianMixtureDiag,nan,nan,120,manual_mult_auto,141.89385332046726,1.0,0.01,1.0,0.1,300,nan,3,0,nan,nan,[],0.09509895879022626,0.09963476064364676,nan,0.475,nan,nan,nan,nan,nan,nan,nan,nan,nan,nan,nan,nan,nan,nan,nan,451.15625,ok,0,,outputs/misspec_robustness_tuned
misspec_tuned__rho0.6_block10_noise3__correlated_noise__seed2012__DIVI_p1,run_divi_misspec_robustness_tuned.py,2026-04-02T15:21:46Z,unknown,local,cpu,x86_64,synthetic_correlated_noise,rho0.6_block10_noise3,correlated_noise,200,100,3,0.1,0.9,3.0,21012,2012,DIVI,1,DIVI,200.0,1.0,120,manual_mult_auto,141.89385332046726,1.0,0.01,1.0,0.1,300,300,3,2,120,240,"[120, 240]",0.48159023417284325,0.5449012366964993,0.2380952380952381,0.76,74,0.74,0.6316032409667969,0.715027928352356,32960.4296875,30502.466796875,2457.962890625,32276.560546875,3.4193382263183594,0.49948641399987537,0.110593314000198,0.3874333899998419,0.0009543500000290805,0.0009698799999569019,0.0012914446333328062,451.0859375,ok,0,,outputs/misspec_robustness_tuned,"[120, 240]",informative_kw_llr,"[0 2 2 2 0 2 1 1 1 1 1 1 0 2 0 1 0 1 0 0 1 0 0 1 0 2 2 0 0 0 0 2 2 2 1 1 1
 2 2 0 0 0 2 2 1 0 0 2 2 2 2 1 0 0 0 0 2 2 0 2 2 0 2 2 2 0 2 1 2 1 0 0 2 0
 0 0 0 1 2 2 2 0 0 1 2 0 0 2 0 0 1 0 2 0 1 1 1 1 0 0 2 2 2 1 2 0 2 1 0 2 1
 1 1 0 0 0 0 0 0 0 0 0 2 0 1 0 0 0 2 1 1 0 1 2 1 0 1 0 2 0 1 0 0 0 1 2 2 0
 0 1 1 0 2 0 2 1 2 1 0 1 0 2 0 0 0 0 0 1 0 0 0 0 0 0 1 0 0 1 0 1 0 1 2 0 1
 0 0 0 0 1 0 0 1 0 2 1 1 0 0 2]"
misspec_tuned__rho0.6_block10_noise3__correlated_noise__seed2012__DIVI_p2,run_divi_misspec_robustness_tuned.py,2026-04-02T15:21:46Z,unknown,local,cpu,x86_64,synthetic_correlated_noise,rho0.6_block10_noise3,correlated_noise,200,100,3,0.1,0.9,3.0,21012,2012,DIVI,2,DIVI,200.0,1.0,120,manual_mult_auto,141.89385332046726,1.0,0.01,1.0,0.1,300,300,3,2,120,240,"[120, 240]",0.20908465059122436,0.2607986102141786,0.18181818181818182,0.61,100,1.0,0.6733242869377136,0.6727333664894104,33286.72265625,29730.7109375,3556.01171875,32048.154296875,6.192838191986084,0.3748258010000427,1.621999990675249e-05,0.37359187099991686,0.0009909699997479038,0.0009330499997304287,0.0012453062366663895,451.390625,ok,0,,outputs/misspec_robustness_tuned,"[120, 240]",noninformative_uniform,"[2 0 0 0 0 1 1 1 1 1 1 1 0 1 0 1 2 0 2 2 0 2 2 1 0 0 0 2 0 0 0 0 0 0 1 1 1
 0 0 2 2 2 0 2 0 2 2 1 0 0 0 1 0 2 0 0 0 2 0 0 0 0 0 0 1 2 1 1 0 1 2 2 0 0
 0 2 2 1 0 0 0 2 2 0 0 2 2 1 2 0 1 0 0 2 0 0 1 1 0 2 0 0 0 1 0 1 0 1 0 0 1
 0 0 2 0 0 2 1 0 2 0 1 0 2 1 0 0 1 0 1 1 2 0 0 0 2 1 2 0 2 1 2 1 0 1 0 0 2
 0 1 1 2 1 0 1 1 1 0 0 1 2 0 1 2 2 2 2 1 2 1 0 2 1 2 1 0 2 0 0 1 0 1 0 2 1
 2 0 2 2 0 1 2 1 0 1 1 1 1 2 0]"
misspec_tuned__rho0.6_block10_noise3__correlated_noise__seed2012__DIVI_p3,run_divi_misspec_robustness_tuned.py,2026-04-02T15:21:46Z,unknown,local,cpu,x86_64,synthetic_correlated_noise,rho0.6_block10_noise3,correlated_noise,200,100,3,0.1,0.9,3.0,21012,2012,DIVI,3,DIVI,200.0,1.0,120,manual_mult_auto,141.89385332046726,1.0,0.01,1.0,0.1,300,300,3,2,120,240,"[120, 240]",0.019375054090819317,0.03585166242577938,0.10810810810810811,0.41,64,0.64,0.56587153673172,0.6522899866104126,34341.72265625,32029.458984375,2312.263671875,33594.5234375,3.7359964847564697,0.4008580400000028,2.4871000277926214e-05,0.39946412900008,0.0009425899997950182,0.0009209300001202791,0.0013315470966669333,450.625,ok,0,,outputs/misspec_robustness_tuned,"[120, 240]",random_prior,"[0 1 1 2 2 0 0 0 1 0 0 0 2 0 2 0 1 2 0 0 2 2 0 0 2 2 1 2 2 2 2 1 2 1 0 2 0
 2 2 0 0 0 2 1 2 0 0 0 1 1 1 0 1 2 0 2 2 1 2 1 1 2 1 1 0 2 0 0 1 0 0 0 2 2
 2 0 0 0 1 2 1 0 0 1 2 0 0 0 0 2 0 2 1 0 2 2 0 0 2 0 2 2 2 0 1 1 2 0 1 1 2
 2 1 2 2 2 1 0 2 0 1 0 1 0 0 2 2 0 2 0 0 0 2 2 2 0 0 0 1 0 0 0 0 1 0 2 1 0
 2 0 0 2 0 2 0 1 0 2 2 0 0 1 0 0 0 0 2 0 0 2 2 0 0 2 0 2 0 1 1 2 1 0 2 0 0
 0 1 0 0 2 0 0 1 1 0 2 0 0 2 2]"
misspec_tuned__rho0.6_block10_noise3__correlated_noise__seed2012__kmeans_oracle,run_divi_misspec_robustness_tuned.py,2026-04-02T15:21:46Z,unknown,local,cpu,x86_64,synthetic_correlated_noise,rho0.6_block10_noise3,correlated_noise,200,100,3,0.1,0.9,3.0,21012,2012,kmeans_oracle,nan,KMeans,nan,nan,120,manual_mult_auto,141.89385332046726,1.0,0.01,1.0,0.1,300,nan,3,0,nan,nan,[],0.4028253570238303,0.4177309911081772,nan,0.72,nan,nan,nan,nan,nan,nan,nan,nan,nan,nan,nan,nan,nan,nan,nan,450.625,ok,0,,outputs/misspec_robustness_tuned
misspec_tuned__rho0.6_block10_noise3__correlated_noise__seed2012__gmm_oracle,run_divi_misspec_robustness_tuned.py,2026-04-02T15:21:46Z,unknown,local,cpu,x86_64,synthetic_correlated_noise,rho0.6_block10_noise3,correlated_noise,200,100,3,0.1,0.9,3.0,21012,2012,gmm_oracle,nan,GaussianMixtureDiag,nan,nan,120,manual_mult_auto,141.89385332046726,1.0,0.01,1.0,0.1,300,nan,3,0,nan,nan,[],0.48495987715137967,0.5589748985947969,nan,0.675,nan,nan,nan,nan,nan,nan,nan,nan,nan,nan,nan,nan,nan,nan,nan,450.625,ok,0,,outputs/misspec_robustness_tuned
misspec_tuned__rho0.6_block10_noise3__correlated_noise__seed2013__DIVI_p1,run_divi_misspec_robustness_tuned.py,2026-04-02T15:21:47Z,unknown,local,cpu,x86_64,synthetic_correlated_noise,rho0.6_block10_noise3,correlated_noise,200,100,3,0.1,0.9,3.0,21013,2013,DIVI,1,DIVI,200.0,1.0,120,manual_mult_auto,141.89385332046726,1.0,0.01,1.0,0.1,300,300,3,2,120,240,"[120, 240]",0.5173009674390758,0.5603709188633637,0.22727272727272727,0.755,78,0.78,0.6590986847877502,0.7115525007247925,32578.98828125,29463.71875,3115.26953125,31846.45703125,3.6626596450805664,0.4994256250001854,0.1085643650003476,0.38944374999982756,0.0009637000002840068,0.0009132899999713118,0.0012981458333327586,450.625,ok,0,,outputs/misspec_robustness_tuned,"[120, 240]",informative_kw_llr,"[1 2 0 2 0 2 1 0 0 1 1 1 1 1 1 0 1 1 0 1 2 2 2 1 1 1 0 2 2 2 0 2 2 0 1 2 1
 1 2 2 1 1 2 2 1 0 2 1 0 2 0 1 0 1 2 1 0 2 0 1 0 2 2 2 0 1 0 0 0 0 1 2 1 0
 0 2 1 2 1 2 0 0 1 2 2 2 0 2 1 1 1 2 1 2 2 0 2 2 0 1 0 0 1 1 0 2 0 0 1 1 0
 1 0 2 1 2 2 2 2 0 0 1 0 2 2 1 2 0 2 2 2 2 2 1 0 0 1 0 0 0 1 2 0 0 2 1 2 1
 2 2 0 1 0 0 2 0 0 2 0 1 0 2 2 2 2 1 0 2 0 0 2 0 2 0 0 0 0 1 1 1 2 1 0 1 2
 0 0 0 2 0 2 1 0 0 0 0 2 2 2 2]"
misspec_tuned__rho0.6_block10_noise3__correlated_noise__seed2013__DIVI_p2,run_divi_misspec_robustness_tuned.py,2026-04-02T15:21:47Z,unknown,local,cpu,x86_64,synthetic_correlated_noise,rho0.6_block10_noise3,correlated_noise,200,100,3,0.1,0.9,3.0,21013,2013,DIVI,2,DIVI,200.0,1.0,120,manual_mult_auto,141.89385332046726,1.0,0.01,1.0,0.1,300,300,3,2,120,240,"[120, 240]",0.05222389806151368,0.06201448856670452,0.18181818181818182,0.49,100,1.0,0.6747414469718933,0.6771286725997925,33353.5625,29564.091796875,3789.470703125,32089.798828125,6.318826675415039,0.4140270190000592,2.2509999780595535e-05,0.41273227900001075,0.0010763999998744112,0.0009229400002368493,0.0013757742633333692,450.9296875,ok,0,,outputs/misspec_robustness_tuned,"[120, 240]",noninformative_uniform,"[0 0 0 2 0 2 0 1 1 1 0 0 1 0 0 1 1 1 1 1 2 2 0 2 2 1 1 0 0 0 2 2 1 0 1 0 2
 0 0 2 0 1 2 2 0 2 0 0 1 2 0 1 0 1 2 0 2 0 2 1 0 2 0 0 0 0 2 2 1 1 1 2 1 0
 2 0 1 0 0 0 0 1 1 0 0 1 1 0 0 0 1 0 2 0 2 0 2 2 0 1 0 1 1 1 1 2 1 0 0 0 1
 0 1 0 0 0 0 0 2 0 1 1 0 0 0 1 0 2 0 2 0 2 2 2 0 0 1 1 0 0 0 2 1 0 2 0 1 1
 0 2 1 0 0 1 2 1 0 0 0 0 1 2 2 0 2 2 0 2 0 1 2 2 2 1 1 0 1 0 0 0 2 0 1 0 0
 0 0 2 2 0 2 2 0 0 1 0 2 0 0 2]"
misspec_tuned__rho0.6_block10_noise3__correlated_noise__seed2013__DIVI_p3,run_divi_misspec_robustness_tuned.py,2026-04-02T15:21:47Z,unknown,local,cpu,x86_64,synthetic_correlated_noise,rho0.6_block10_noise3,correlated_noise,200,100,3,0.1,0.9,3.0,21013,2013,DIVI,3,DIVI,200.0,1.0,120,manual_mult_auto,141.89385332046726,1.0,0.01,1.0,0.1,300,300,3,2,120,240,"[120, 240]",0.19956259283280908,0.2195046794602038,0.21333333333333335,0.555,65,0.65,0.5732606649398804,0.6369316577911377,34298.59375,31749.7109375,2548.8828125,33451.2578125,4.236671447753906,0.3999519799999689,2.145100006600842e-05,0.39851563999991413,0.0011410600000090199,0.0010266799999953946,0.0013283854666663805,447.80078125,ok,0,,outputs/misspec_robustness_tuned,"[120, 240]",random_prior,"[0 1 2 0 2 2 1 2 0 1 0 1 0 0 0 2 0 2 1 0 0 0 0 0 1 0 2 1 0 0 2 2 1 2 0 0 0
 1 0 1 0 1 1 0 0 2 0 1 2 1 0 0 1 1 0 0 2 0 2 0 2 1 0 1 0 0 2 2 2 1 1 1 0 1
 2 1 0 0 0 0 2 1 0 0 0 1 2 0 0 0 1 0 2 0 1 1 1 1 2 0 2 2 1 0 1 1 0 2 0 0 1
 0 2 0 0 0 1 0 0 2 1 0 0 1 1 0 0 2 2 0 0 0 0 0 1 0 1 2 2 2 0 0 2 0 0 1 1 0
 0 0 1 0 2 1 0 1 2 0 2 0 2 1 0 0 0 2 2 0 0 2 0 2 2 2 0 0 2 0 0 0 0 0 0 0 0
 2 2 2 1 2 0 0 2 2 2 2 1 1 0 1]"
misspec_tuned__rho0.6_block10_noise3__correlated_noise__seed2013__kmeans_oracle,run_divi_misspec_robustness_tuned.py,2026-04-02T15:21:47Z,unknown,local,cpu,x86_64,synthetic_correlated_noise,rho0.6_block10_noise3,correlated_noise,200,100,3,0.1,0.9,3.0,21013,2013,kmeans_oracle,nan,KMeans,nan,nan,120,manual_mult_auto,141.89385332046726,1.0,0.01,1.0,0.1,300,nan,3,0,nan,nan,[],0.38603787060349776,0.41592760886781427,nan,0.665,nan,nan,nan,nan,nan,nan,nan,nan,nan,nan,nan,nan,nan,nan,nan,447.80078125,ok,0,,outputs/misspec_robustness_tuned
misspec_tuned__rho0.6_block10_noise3__correlated_noise__seed2013__gmm_oracle,run_divi_misspec_robustness_tuned.py,2026-04-02T15:21:47Z,unknown,local,cpu,x86_64,synthetic_correlated_noise,rho0.6_block10_noise3,correlated_noise,200,100,3,0.1,0.9,3.0,21013,2013,gmm_oracle,nan,GaussianMixtureDiag,nan,nan,120,manual_mult_auto,141.89385332046726,1.0,0.01,1.0,0.1,300,nan,3,0,nan,nan,[],0.3648783874854494,0.38524193465063616,nan,0.705,nan,nan,nan,nan,nan,nan,nan,nan,nan,nan,nan,nan,nan,nan,nan,447.80078125,ok,0,,outputs/misspec_robustness_tuned
misspec_tuned__rho0.6_block10_noise3__correlated_noise__seed2014__DIVI_p1,run_divi_misspec_robustness_tuned.py,2026-04-02T15:21:48Z,unknown,local,cpu,x86_64,synthetic_correlated_noise,rho0.6_block10_noise3,correlated_noise,200,100,3,0.1,0.9,3.0,21014,2014,DIVI,1,DIVI,200.0,1.0,120,manual_mult_auto,141.89385332046726,1.0,0.01,1.0,0.1,300,300,3,2,120,240,"[120, 240]",0.5684363927949599,0.5817007558998479,0.21978021978021975,0.82,81,0.81,0.6725870370864868,0.7402801513671875,32328.041015625,29529.93359375,2798.107421875,31683.57421875,3.222334861755371,0.5199839429997155,0.11236842500011335,0.4059636090000822,0.0009394499998052197,0.0011650299998109404,0.001353212030000274,450.9296875,ok,0,,outputs/misspec_robustness_tuned,"[120, 240]",informative_kw_llr,"[0 0 0 0 2 0 2 2 1 2 0 1 2 0 1 2 2 2 0 0 0 1 0 0 2 0 2 0 2 0 0 2 2 2 2 2 0
 0 0 0 0 0 2 0 0 2 1 1 2 1 1 2 1 1 2 0 1 2 1 2 0 0 1 0 1 1 0 0 0 2 2 0 0 0
 2 2 1 0 1 1 1 1 1 1 2 1 2 1 0 1 1 1 1 1 0 0 0 2 0 2 2 1 1 2 0 1 1 1 0 0 1
 2 2 0 0 2 0 1 1 1 0 2 0 1 0 1 1 0 2 2 0 0 0 2 1 1 2 0 0 0 1 2 2 0 2 0 2 0
 2 2 0 0 1 0 2 1 1 0 0 0 0 0 0 2 0 1 2 0 2 0 1 1 0 0 2 2 2 1 0 2 0 2 0 2 2
 2 1 0 0 0 2 2 1 0 1 1 0 0 0 0]"
misspec_tuned__rho0.6_block10_noise3__correlated_noise__seed2014__DIVI_p2,run_divi_misspec_robustness_tuned.py,2026-04-02T15:21:48Z,unknown,local,cpu,x86_64,synthetic_correlated_noise,rho0.6_block10_noise3,correlated_noise,200,100,3,0.1,0.9,3.0,21014,2014,DIVI,2,DIVI,200.0,1.0,120,manual_mult_auto,141.89385332046726,1.0,0.01,1.0,0.1,300,300,3,2,120,240,"[120, 240]",0.31778913605420694,0.3532318281290727,0.18181818181818182,0.635,100,1.0,0.6746719479560852,0.6775941252708435,33279.30859375,29826.068359375,3453.240234375,32014.240234375,6.325333595275879,0.378099409999777,2.342000016142265e-05,0.3767333700002382,0.0009912690002238378,0.0008691689999977825,0.001255777900000794,450.77734375,ok,0,,outputs/misspec_robustness_tuned,"[120, 240]",noninformative_uniform,"[1 1 1 1 2 0 2 2 1 2 0 0 2 0 0 2 2 1 0 0 0 1 0 1 2 0 1 0 2 0 1 2 2 2 2 2 1
 0 0 0 0 0 2 1 0 2 1 0 2 2 2 2 1 0 2 1 0 2 2 2 0 0 2 0 2 2 1 1 1 2 2 2 1 0
 2 1 1 1 2 2 2 1 0 1 2 1 2 2 2 0 2 1 1 2 0 0 0 2 1 2 2 1 2 2 0 2 0 2 0 0 1
 2 2 0 0 2 1 2 0 2 1 1 0 1 0 1 1 1 2 2 0 0 0 2 1 1 2 0 2 1 0 2 2 0 2 0 2 1
 2 2 0 1 2 0 2 0 2 0 0 0 0 0 1 2 0 1 2 1 2 0 1 2 1 0 2 1 2 0 1 2 0 2 0 2 2
 2 0 0 0 1 2 2 2 0 1 1 0 0 0 0]"
misspec_tuned__rho0.6_block10_noise3__correlated_noise__seed2014__DIVI_p3,run_divi_misspec_robustness_tuned.py,2026-04-02T15:21:48Z,unknown,local,cpu,x86_64,synthetic_correlated_noise,rho0.6_block10_noise3,correlated_noise,200,100,3,0.1,0.9,3.0,21014,2014,DIVI,3,DIVI,200.0,1.0,120,manual_mult_auto,141.89385332046726,1.0,0.01,1.0,0.1,300,300,3,2,120,240,"[120, 240]",0.44161078653301894,0.44613842114488783,0.20512820512820512,0.745,68,0.68,0.5919928550720215,0.6228305101394653,34179.8359375,31308.33984375,2871.49609375,33111.359375,5.342386245727539,0.3813803210000515,1.7309999748249538e-05,0.3801589210002021,0.0009931699996741372,0.0009309600000051432,0.001267196403334007,450.77734375,ok,0,,outputs/misspec_robustness_tuned,"[120, 240]",random_prior,"[2 2 1 1 0 1 0 0 0 0 1 2 0 1 0 0 0 0 1 1 1 0 2 1 0 2 0 2 2 2 1 0 0 0 0 0 1
 1 1 1 1 1 0 1 1 0 0 1 0 2 2 2 2 1 2 1 1 2 0 0 2 1 0 1 2 0 2 2 1 2 2 2 2 1
 0 0 0 1 0 2 0 1 0 2 0 0 0 2 2 0 0 1 0 0 1 1 2 2 1 2 0 0 0 0 1 0 2 1 2 1 1
 0 0 1 1 0 1 0 2 0 1 0 1 0 1 1 1 1 0 0 1 2 1 0 0 0 0 1 2 1 1 0 2 1 0 1 0 1
 0 0 1 1 0 2 0 2 0 2 1 2 1 1 1 0 2 2 0 1 0 2 0 0 1 1 2 0 0 0 1 0 1 2 1 0 0
 0 2 2 1 1 0 2 0 1 0 0 1 2 1 1]"
misspec_tuned__rho0.6_block10_noise3__correlated_noise__seed2014__kmeans_oracle,run_divi_misspec_robustness_tuned.py,2026-04-02T15:21:48Z,unknown,local,cpu,x86_64,synthetic_correlated_noise,rho0.6_block10_noise3,correlated_noise,200,100,3,0.1,0.9,3.0,21014,2014,kmeans_oracle,nan,KMeans,nan,nan,120,manual_mult_auto,141.89385332046726,1.0,0.01,1.0,0.1,300,nan,3,0,nan,nan,[],0.246807537359569,0.2716806085653826,nan,0.57,nan,nan,nan,nan,nan,nan,nan,nan,nan,nan,nan,nan,nan,nan,nan,450.77734375,ok,0,,outputs/misspec_robustness_tuned
misspec_tuned__rho0.6_block10_noise3__correlated_noise__seed2014__gmm_oracle,run_divi_misspec_robustness_tuned.py,2026-04-02T15:21:48Z,unknown,local,cpu,x86_64,synthetic_correlated_noise,rho0.6_block10_noise3,correlated_noise,200,100,3,0.1,0.9,3.0,21014,2014,gmm_oracle,nan,GaussianMixtureDiag,nan,nan,120,manual_mult_auto,141.89385332046726,1.0,0.01,1.0,0.1,300,nan,3,0,nan,nan,[],0.4963883657099859,0.5657939074524703,nan,0.715,nan,nan,nan,nan,nan,nan,nan,nan,nan,nan,nan,nan,nan,nan,nan,450.77734375,ok,0,,outputs/misspec_robustness_tuned
misspec_tuned__rho0.6_block10_noise3__correlated_noise__seed2015__DIVI_p1,run_divi_misspec_robustness_tuned.py,2026-04-02T15:21:50Z,unknown,local,cpu,x86_64,synthetic_correlated_noise,rho0.6_block10_noise3,correlated_noise,200,100,3,0.1,0.9,3.0,21015,2015,DIVI,1,DIVI,200.0,1.0,120,manual_mult_auto,141.89385332046726,1.0,0.01,1.0,0.1,300,300,3,2,120,240,"[120, 240]",0.681352836130158,0.6697092249866824,0.21276595744680848,0.875,84,0.84,0.6724621057510376,0.7503844499588013,32247.873046875,29867.86328125,2380.009765625,31665.35546875,2.912590503692627,0.53408409199983,0.12318329299978359,0.4093150090002382,0.0010714500003814464,0.0009539799998492526,0.0013643833633341274,450.77734375,ok,0,,outputs/misspec_robustness_tuned,"[120, 240]",informative_kw_llr,"[0 0 2 1 1 2 1 0 2 1 2 1 1 2 2 0 2 1 2 2 2 1 2 0 1 0 1 2 2 2 1 1 0 0 2 1 0
 0 2 2 2 0 2 0 1 0 2 1 1 0 1 1 2 0 1 1 2 2 2 0 0 0 2 0 0 1 0 2 1 1 2 1 0 0
 0 1 0 1 2 0 0 0 2 1 0 2 0 2 0 1 0 1 0 0 2 1 2 2 0 0 1 2 0 1 1 1 0 1 1 2 0
 2 1 0 2 0 2 2 0 1 0 0 0 1 2 0 1 2 2 1 2 1 0 1 0 0 0 2 1 2 2 0 0 2 1 0 1 0
 0 1 2 0 1 1 0 1 1 2 0 1 2 1 2 2 0 2 1 2 0 0 1 2 1 1 1 1 1 2 2 0 2 0 0 2 2
 1 1 0 0 2 1 0 0 1 2 2 0 1 1 0]"
misspec_tuned__rho0.6_block10_noise3__correlated_noise__seed2015__DIVI_p2,run_divi_misspec_robustness_tuned.py,2026-04-02T15:21:50Z,unknown,local,cpu,x86_64,synthetic_correlated_noise,rho0.6_block10_noise3,correlated_noise,200,100,3,0.1,0.9,3.0,21015,2015,DIVI,2,DIVI,200.0,1.0,120,manual_mult_auto,141.89385332046726,1.0,0.01,1.0,0.1,300,300,3,2,120,240,"[120, 240]",0.5229733750996645,0.5548671753621258,0.18181818181818182,0.775,100,1.0,0.671616792678833,0.6712807416915894,33121.4921875,29241.287109375,3880.205078125,31898.771484375,6.113603591918945,0.5378049330001886,2.289000030941679e-05,0.5360113529995942,0.0012678400003096613,0.0014125699999567587,0.0017867045099986475,450.2421875,ok,0,,outputs/misspec_robustness_tuned,"[120, 240]",noninformative_uniform,"[0 0 2 0 1 1 1 0 2 1 2 1 1 2 1 0 2 1 2 2 2 1 2 0 1 0 2 2 2 2 1 1 0 0 2 1 0
 0 2 1 1 0 2 0 1 0 2 1 1 0 1 1 2 0 2 1 2 1 2 0 0 0 2 0 0 1 0 2 1 1 2 2 0 0
 0 2 0 1 2 0 0 0 2 2 0 2 0 2 0 1 0 1 0 0 2 1 1 2 0 0 1 2 0 1 1 1 0 1 1 2 0
 2 1 0 2 0 2 2 0 1 0 0 0 1 2 0 1 1 1 1 2 1 0 2 0 0 0 2 1 2 2 0 0 2 1 0 1 0
 0 2 2 0 1 1 0 2 1 2 0 1 2 1 2 1 0 2 1 2 0 0 2 2 1 1 1 1 1 2 2 0 2 0 0 2 2
 2 1 0 0 2 1 0 0 1 2 2 0 1 1 0]"
misspec_tuned__rho0.6_block10_noise3__correlated_noise__seed2015__DIVI_p3,run_divi_misspec_robustness_tuned.py,2026-04-02T15:21:50Z,unknown,local,cpu,x86_64,synthetic_correlated_noise,rho0.6_block10_noise3,correlated_noise,200,100,3,0.1,0.9,3.0,21015,2015,DIVI,3,DIVI,200.0,1.0,120,manual_mult_auto,141.89385332046726,1.0,0.01,1.0,0.1,300,300,3,2,120,240,"[120, 240]",0.035107932338985175,0.05336940758385948,0.23076923076923075,0.415,68,0.68,0.6083245873451233,0.6729450225830078,33846.15625,31111.205078125,2734.951171875,33009.8359375,4.181607723236084,0.5282070539997221,4.721000004792586e-05,0.5262332830002379,0.0012023899998894194,0.0012127800000598654,0.0017541109433341262,450.3984375,ok,0,,outputs/misspec_robustness_tuned,"[120, 240]",random_prior,"[0 1 0 2 0 2 2 0 0 2 1 0 0 2 0 1 2 0 0 1 1 1 1 0 0 0 2 1 1 1 2 0 2 0 1 0 0
 2 2 0 0 0 0 0 2 0 0 2 2 0 1 2 1 0 1 0 1 0 1 1 2 2 1 2 2 2 0 1 1 0 0 0 0 0
 0 1 2 2 0 0 0 0 1 1 2 1 0 2 0 2 1 0 2 2 0 2 2 0 0 0 2 1 0 0 2 1 2 0 0 1 2
 1 0 2 1 2 0 1 2 2 0 0 2 0 1 0 0 0 0 0 1 0 0 2 0 0 2 1 0 0 0 2 2 1 0 2 0 0
 0 2 0 2 0 0 0 1 0 1 2 1 1 2 0 2 0 1 1 1 0 1 1 1 0 1 0 0 0 0 2 2 1 0 0 2 1
 1 2 1 2 1 0 2 0 2 1 2 0 0 1 2]"
misspec_tuned__rho0.6_block10_noise3__correlated_noise__seed2015__kmeans_oracle,run_divi_misspec_robustness_tuned.py,2026-04-02T15:21:50Z,unknown,local,cpu,x86_64,synthetic_correlated_noise,rho0.6_block10_noise3,correlated_noise,200,100,3,0.1,0.9,3.0,21015,2015,kmeans_oracle,nan,KMeans,nan,nan,120,manual_mult_auto,141.89385332046726,1.0,0.01,1.0,0.1,300,nan,3,0,nan,nan,[],0.245590286137395,0.2454582704571474,nan,0.625,nan,nan,nan,nan,nan,nan,nan,nan,nan,nan,nan,nan,nan,nan,nan,450.3984375,ok,0,,outputs/misspec_robustness_tuned
misspec_tuned__rho0.6_block10_noise3__correlated_noise__seed2015__gmm_oracle,run_divi_misspec_robustness_tuned.py,2026-04-02T15:21:50Z,unknown,local,cpu,x86_64,synthetic_correlated_noise,rho0.6_block10_noise3,correlated_noise,200,100,3,0.1,0.9,3.0,21015,2015,gmm_oracle,nan,GaussianMixtureDiag,nan,nan,120,manual_mult_auto,141.89385332046726,1.0,0.01,1.0,0.1,300,nan,3,0,nan,nan,[],0.5372484342095399,0.5673192647645642,nan,0.785,nan,nan,nan,nan,nan,nan,nan,nan,nan,nan,nan,nan,nan,nan,nan,450.3984375,ok,0,,outputs/misspec_robustness_tuned
misspec_tuned__rho0.6_block10_noise3__correlated_noise__seed2016__DIVI_p1,run_divi_misspec_robustness_tuned.py,2026-04-02T15:21:52Z,unknown,local,cpu,x86_64,synthetic_correlated_noise,rho0.6_block10_noise3,correlated_noise,200,100,3,0.1,0.9,3.0,21016,2016,DIVI,1,DIVI,200.0,1.0,120,manual_mult_auto,141.89385332046726,1.0,0.01,1.0,0.1,300,300,3,2,120,240,"[120, 240]",0.5408046355136794,0.5829611078342326,0.25316455696202533,0.775,69,0.69,0.6123006343841553,0.661348283290863,33347.94140625,30748.9296875,2599.01171875,32524.5234375,4.117090225219727,0.7232131929999923,0.15868119200013098,0.5630684110001312,0.0011982989999523852,0.0008898500000213971,0.0018768947033337706,450.5546875,ok,0,,outputs/misspec_robustness_tuned,"[120, 240]",informative_kw_llr,"[2 0 1 1 1 1 1 0 0 1 0 1 1 0 0 0 0 0 2 1 2 0 0 0 0 2 0 2 2 2 1 0 1 0 2 1 0
 2 1 0 2 1 0 1 1 1 2 1 1 1 1 1 0 2 0 2 2 0 2 1 0 2 1 0 0 1 2 2 0 0 2 1 2 1
 2 0 0 0 2 0 0 1 2 2 0 2 0 1 1 2 1 0 0 0 1 2 0 0 0 1 0 2 0 2 1 0 1 0 1 2 1
 1 0 1 1 1 2 1 1 2 1 1 2 0 1 0 1 0 1 1 2 1 0 2 2 1 2 2 2 2 0 1 2 2 1 0 1 1
 2 2 1 2 1 0 0 1 1 0 2 1 0 2 2 2 0 0 0 1 1 0 2 1 2 1 0 1 1 2 1 1 0 0 2 1 2
 2 1 0 1 1 0 2 2 0 2 0 0 2 0 0]"
misspec_tuned__rho0.6_block10_noise3__correlated_noise__seed2016__DIVI_p2,run_divi_misspec_robustness_tuned.py,2026-04-02T15:21:52Z,unknown,local,cpu,x86_64,synthetic_correlated_noise,rho0.6_block10_noise3,correlated_noise,200,100,3,0.1,0.9,3.0,21016,2016,DIVI,2,DIVI,200.0,1.0,120,manual_mult_auto,141.89385332046726,1.0,0.01,1.0,0.1,300,300,3,2,120,240,"[120, 240]",0.4657601327608174,0.5043497096338913,0.18181818181818182,0.725,100,1.0,0.6736180782318115,0.6734293699264526,33189.21484375,29606.228515625,3582.986328125,31943.640625,6.227876663208008,0.3855341399998906,1.8530000033933902e-05,0.38431098999990354,0.0009408290002284048,0.0008885399997780041,0.0012810366333330118,450.5546875,ok,0,,outputs/misspec_robustness_tuned,"[120, 240]",noninformative_uniform,"[2 0 1 1 1 0 1 0 0 1 0 2 2 0 0 0 0 0 2 1 2 0 0 0 0 1 0 2 2 2 2 0 1 0 1 1 0
 2 1 0 2 1 0 0 1 1 2 1 1 1 0 1 0 2 0 2 2 0 2 2 0 2 1 0 0 1 2 2 0 0 1 1 2 1
 2 0 0 0 2 0 0 1 2 2 0 2 0 2 1 1 1 0 0 0 1 2 0 0 0 2 0 2 0 2 1 0 0 0 1 2 0
 1 0 1 1 1 2 1 0 2 1 1 2 0 1 0 1 0 1 1 2 1 0 2 2 1 2 2 2 2 0 1 2 2 1 0 1 1
 2 2 1 2 1 0 0 1 2 0 2 1 0 2 2 2 0 0 0 1 1 0 2 1 2 2 0 1 1 2 1 1 0 0 2 1 0
 2 2 0 1 1 0 2 2 0 2 0 0 1 0 0]"
misspec_tuned__rho0.6_block10_noise3__correlated_noise__seed2016__DIVI_p3,run_divi_misspec_robustness_tuned.py,2026-04-02T15:21:52Z,unknown,local,cpu,x86_64,synthetic_correlated_noise,rho0.6_block10_noise3,correlated_noise,200,100,3,0.1,0.9,3.0,21016,2016,DIVI,3,DIVI,200.0,1.0,120,manual_mult_auto,141.89385332046726,1.0,0.01,1.0,0.1,300,300,3,2,120,240,"[120, 240]",0.6311477262964654,0.625966341767303,0.225,0.855,70,0.7,0.5824335217475891,0.6516039371490479,34138.984375,31202.775390625,2936.208984375,33194.35546875,4.723136901855469,0.39808324000023276,2.268999969601282e-05,0.3962225899999794,0.0009959890003301552,0.001488110000082088,0.001320741966666598,450.5546875,ok,0,,outputs/misspec_robustness_tuned,"[120, 240]",random_prior,"[2 0 2 2 0 1 2 0 0 0 0 0 1 0 0 0 1 0 2 2 1 0 0 0 0 2 0 1 2 2 1 0 1 0 2 2 0
 2 2 0 1 2 0 1 2 1 1 2 1 1 1 1 0 2 0 1 1 0 1 2 0 1 1 0 0 1 1 1 0 0 2 1 1 2
 1 0 0 0 2 0 0 2 1 2 0 1 0 2 2 2 1 0 0 0 1 1 0 0 0 1 0 1 0 2 1 0 1 0 1 2 0
 1 0 2 2 1 2 1 0 2 0 2 1 0 1 0 2 0 1 2 2 2 0 1 2 0 1 2 2 2 0 2 2 1 1 0 1 1
 1 2 0 2 1 1 0 1 1 0 2 1 0 2 2 2 0 0 0 1 0 0 1 2 1 2 0 1 0 2 1 1 0 0 2 1 0
 2 2 0 0 2 0 1 2 0 0 0 0 2 0 0]"
misspec_tuned__rho0.6_block10_noise3__correlated_noise__seed2016__kmeans_oracle,run_divi_misspec_robustness_tuned.py,2026-04-02T15:21:52Z,unknown,local,cpu,x86_64,synthetic_correlated_noise,rho0.6_block10_noise3,correlated_noise,200,100,3,0.1,0.9,3.0,21016,2016,kmeans_oracle,nan,KMeans,nan,nan,120,manual_mult_auto,141.89385332046726,1.0,0.01,1.0,0.1,300,nan,3,0,nan,nan,[],0.2916078417153696,0.3117092225023252,nan,0.61,nan,nan,nan,nan,nan,nan,nan,nan,nan,nan,nan,nan,nan,nan,nan,450.5546875,ok,0,,outputs/misspec_robustness_tuned
misspec_tuned__rho0.6_block10_noise3__correlated_noise__seed2016__gmm_oracle,run_divi_misspec_robustness_tuned.py,2026-04-02T15:21:52Z,unknown,local,cpu,x86_64,synthetic_correlated_noise,rho0.6_block10_noise3,correlated_noise,200,100,3,0.1,0.9,3.0,21016,2016,gmm_oracle,nan,GaussianMixtureDiag,nan,nan,120,manual_mult_auto,141.89385332046726,1.0,0.01,1.0,0.1,300,nan,3,0,nan,nan,[],0.2834744860274693,0.32648715314882665,nan,0.625,nan,nan,nan,nan,nan,nan,nan,nan,nan,nan,nan,nan,nan,nan,nan,450.5546875,ok,0,,outputs/misspec_robustness_tuned
misspec_tuned__rho0.6_block10_noise3__correlated_noise__seed2017__DIVI_p1,run_divi_misspec_robustness_tuned.py,2026-04-02T15:21:53Z,unknown,local,cpu,x86_64,synthetic_correlated_noise,rho0.6_block10_noise3,correlated_noise,200,100,3,0.1,0.9,3.0,21017,2017,DIVI,1,DIVI,200.0,1.0,120,manual_mult_auto,141.89385332046726,1.0,0.01,1.0,0.1,300,300,3,2,120,240,"[120, 240]",0.3938117050123792,0.4922325437305696,0.29850746268656714,0.665,57,0.57,0.5683292150497437,0.6089377403259277,33955.4609375,31622.4609375,2333.0,33044.34375,4.555579662322998,0.5130203940002502,0.11272445399981734,0.39882566999995106,0.0009592090000296594,0.0009606000003259396,0.0013294188999998368,450.5546875,ok,0,,outputs/misspec_robustness_tuned,"[120, 240]",informative_kw_llr,"[0 0 2 2 2 0 2 1 0 2 0 1 2 1 0 0 2 0 0 2 0 0 2 2 2 2 2 2 2 1 0 1 1 0 2 1 2
 0 0 2 2 2 2 0 0 0 2 0 1 0 0 0 1 0 0 0 1 1 1 0 0 1 2 0 0 0 0 0 0 1 1 0 0 1
 0 1 0 0 1 2 2 1 0 0 1 0 2 2 1 1 1 1 0 0 0 1 1 2 0 0 0 1 0 0 1 0 0 2 1 2 0
 1 2 1 0 0 0 0 2 0 0 0 2 0 0 0 0 1 0 0 2 0 0 0 0 0 0 2 2 1 0 0 0 0 0 0 0 1
 0 2 0 0 1 2 1 0 2 2 1 1 0 0 2 0 0 1 1 0 0 2 2 0 2 0 0 0 0 2 2 0 0 2 0 0 0
 2 0 1 0 0 2 0 1 0 2 1 2 1 2 0]"
misspec_tuned__rho0.6_block10_noise3__correlated_noise__seed2017__DIVI_p2,run_divi_misspec_robustness_tuned.py,2026-04-02T15:21:53Z,unknown,local,cpu,x86_64,synthetic_correlated_noise,rho0.6_block10_noise3,correlated_noise,200,100,3,0.1,0.9,3.0,21017,2017,DIVI,2,DIVI,200.0,1.0,120,manual_mult_auto,141.89385332046726,1.0,0.01,1.0,0.1,300,300,3,2,120,240,"[120, 240]",0.3844492203535685,0.4731011871263351,0.18181818181818182,0.66,100,1.0,0.6739943623542786,0.6730078458786011,33128.70703125,29577.56640625,3551.140625,31874.650390625,6.270291805267334,0.3963950509996721,4.3811000068672e-05,0.3947375299999294,0.0009637190005378216,0.0012443900000107533,0.0013157917666664313,451.62109375,ok,0,,outputs/misspec_robustness_tuned,"[120, 240]",noninformative_uniform,"[0 0 1 2 2 0 2 1 0 2 0 1 2 1 0 0 2 0 0 2 0 0 2 2 2 2 2 2 2 1 0 1 1 0 2 1 2
 0 0 2 2 2 2 0 0 0 2 0 2 0 0 0 1 2 0 0 1 1 1 0 0 1 2 0 0 0 0 0 0 2 1 0 0 1
 0 1 0 0 2 2 2 1 0 0 1 0 2 2 1 1 1 1 0 0 0 1 1 2 0 0 0 1 0 0 1 0 0 2 1 2 0
 1 2 1 0 0 0 0 2 1 0 0 2 0 0 0 0 1 0 0 2 0 0 0 0 0 0 2 2 1 0 0 0 0 0 0 0 1
 0 2 0 0 1 2 1 0 2 2 1 1 0 0 2 0 0 1 1 0 0 2 2 0 2 0 0 0 0 2 2 1 0 2 0 0 0
 2 0 1 0 0 2 0 1 0 2 1 2 1 2 0]"
misspec_tuned__rho0.6_block10_noise3__correlated_noise__seed2017__DIVI_p3,run_divi_misspec_robustness_tuned.py,2026-04-02T15:21:53Z,unknown,local,cpu,x86_64,synthetic_correlated_noise,rho0.6_block10_noise3,correlated_noise,200,100,3,0.1,0.9,3.0,21017,2017,DIVI,3,DIVI,200.0,1.0,120,manual_mult_auto,141.89385332046726,1.0,0.01,1.0,0.1,300,300,3,2,120,240,"[120, 240]",0.4130192334031188,0.5002047996259864,0.21951219512195125,0.68,72,0.72,0.6213697195053101,0.6952441930770874,33452.73046875,30547.73046875,2905.0,32619.12890625,4.1680121421813965,0.43599124800039135,4.995000017515849e-05,0.43454990800000814,0.0010757410004771373,0.0009185600001728744,0.0014484996933333606,450.93359375,ok,0,,outputs/misspec_robustness_tuned,"[120, 240]",random_prior,"[0 0 1 2 2 0 1 1 0 2 0 1 2 1 0 0 1 0 0 2 0 2 2 2 2 2 2 1 2 1 0 1 1 0 0 1 2
 0 0 2 2 0 2 0 0 0 2 0 1 0 0 0 1 2 0 0 1 1 1 0 0 1 2 0 0 0 0 0 0 1 1 0 0 1
 0 0 0 0 1 1 2 1 0 0 2 0 2 2 1 1 1 1 0 0 0 1 1 2 0 0 0 1 0 0 1 0 0 1 1 2 2
 1 2 1 0 0 0 0 2 0 0 0 2 0 0 0 2 1 0 0 2 0 0 0 0 0 0 2 2 1 0 0 0 0 0 0 0 1
 0 0 0 0 1 2 1 0 1 2 1 1 0 0 2 0 0 1 1 0 0 0 2 0 1 0 0 0 0 0 1 2 0 2 0 0 0
 2 0 1 0 0 0 0 2 0 2 1 1 1 2 0]"
misspec_tuned__rho0.6_block10_noise3__correlated_noise__seed2017__kmeans_oracle,run_divi_misspec_robustness_tuned.py,2026-04-02T15:21:53Z,unknown,local,cpu,x86_64,synthetic_correlated_noise,rho0.6_block10_noise3,correlated_noise,200,100,3,0.1,0.9,3.0,21017,2017,kmeans_oracle,nan,KMeans,nan,nan,120,manual_mult_auto,141.89385332046726,1.0,0.01,1.0,0.1,300,nan,3,0,nan,nan,[],0.2783387337483362,0.3304737544820893,nan,0.575,nan,nan,nan,nan,nan,nan,nan,nan,nan,nan,nan,nan,nan,nan,nan,447.2421875,ok,0,,outputs/misspec_robustness_tuned
misspec_tuned__rho0.6_block10_noise3__correlated_noise__seed2017__gmm_oracle,run_divi_misspec_robustness_tuned.py,2026-04-02T15:21:53Z,unknown,local,cpu,x86_64,synthetic_correlated_noise,rho0.6_block10_noise3,correlated_noise,200,100,3,0.1,0.9,3.0,21017,2017,gmm_oracle,nan,GaussianMixtureDiag,nan,nan,120,manual_mult_auto,141.89385332046726,1.0,0.01,1.0,0.1,300,nan,3,0,nan,nan,[],0.4034456042230901,0.4438387066650898,nan,0.66,nan,nan,nan,nan,nan,nan,nan,nan,nan,nan,nan,nan,nan,nan,nan,447.2421875,ok,0,,outputs/misspec_robustness_tuned
misspec_tuned__rho0.6_block10_noise3__correlated_noise__seed2018__DIVI_p1,run_divi_misspec_robustness_tuned.py,2026-04-02T15:21:55Z,unknown,local,cpu,x86_64,synthetic_correlated_noise,rho0.6_block10_noise3,correlated_noise,200,100,3,0.1,0.9,3.0,21018,2018,DIVI,1,DIVI,200.0,1.0,120,manual_mult_auto,141.89385332046726,1.0,0.01,1.0,0.1,300,300,3,2,120,240,"[120, 240]",0.13628356255575833,0.17524534041686568,0.22727272727272727,0.495,78,0.78,0.674278974533081,0.7585851550102234,32463.22265625,30075.9765625,2387.24609375,31829.18359375,3.170193910598755,0.536738282999977,0.11119185400002607,0.42343827900003816,0.001126609000039025,0.0009596489999239566,0.0014114609300001273,451.92578125,ok,0,,outputs/misspec_robustness_tuned,"[120, 240]",informative_kw_llr,"[0 2 0 0 1 1 1 1 2 0 0 2 2 1 2 2 1 2 1 1 2 1 2 1 0 2 1 1 1 1 2 1 2 2 2 2 0
 0 1 1 1 0 0 0 1 0 0 2 2 1 0 0 0 2 0 1 1 0 2 0 0 1 0 2 1 1 0 0 1 0 0 1 1 2
 2 0 0 0 0 2 2 2 0 0 2 1 1 0 0 2 2 1 2 0 0 1 1 2 2 0 0 0 0 2 2 0 1 2 0 2 0
 0 2 1 2 2 0 0 1 2 0 2 0 0 0 1 1 1 1 2 0 1 2 2 2 2 2 0 0 0 2 1 0 1 1 2 0 0
 2 2 1 0 0 1 2 0 1 2 0 0 1 0 0 2 2 0 0 1 0 0 2 0 0 2 0 0 2 1 1 2 2 1 2 0 1
 1 0 0 2 2 1 1 0 1 1 1 0 0 1 0]"
misspec_tuned__rho0.6_block10_noise3__correlated_noise__seed2018__DIVI_p2,run_divi_misspec_robustness_tuned.py,2026-04-02T15:21:55Z,unknown,local,cpu,x86_64,synthetic_correlated_noise,rho0.6_block10_noise3,correlated_noise,200,100,3,0.1,0.9,3.0,21018,2018,DIVI,2,DIVI,200.0,1.0,120,manual_mult_auto,141.89385332046726,1.0,0.01,1.0,0.1,300,300,3,2,120,240,"[120, 240]",0.03444970046674078,0.044774326119172175,0.18181818181818182,0.46,100,1.0,0.6744046211242676,0.6771068572998047,33280.92578125,29765.275390625,3515.650390625,32023.400390625,6.287621974945068,0.41048380900019765,2.4060000214376487e-05,0.4090279889996964,0.0011581689996091882,0.0010110100001838873,0.001363426629998988,450.171875,ok,0,,outputs/misspec_robustness_tuned,"[120, 240]",noninformative_uniform,"[0 2 0 0 2 1 1 2 1 0 0 2 2 1 1 2 1 1 1 1 2 1 2 1 0 0 1 2 2 2 1 1 1 2 1 0 0
 0 2 2 1 2 0 2 1 2 0 1 2 1 0 0 0 2 1 1 1 0 2 2 0 2 0 0 2 2 2 0 2 0 2 1 2 2
 2 0 0 0 0 2 0 2 0 0 1 1 1 2 0 2 0 1 1 0 0 2 2 2 2 2 0 0 0 2 2 0 1 2 0 2 0
 2 2 2 2 2 0 0 0 2 0 2 2 0 0 2 1 2 1 1 0 2 1 2 2 0 2 0 0 0 2 1 0 1 2 2 0 0
 2 2 2 1 0 1 1 0 1 2 0 0 2 0 2 2 2 0 0 1 0 0 2 0 2 1 0 2 2 1 1 1 2 2 2 2 2
 1 0 0 1 2 1 2 0 2 1 2 0 2 1 0]"
misspec_tuned__rho0.6_block10_noise3__correlated_noise__seed2018__DIVI_p3,run_divi_misspec_robustness_tuned.py,2026-04-02T15:21:55Z,unknown,local,cpu,x86_64,synthetic_correlated_noise,rho0.6_block10_noise3,correlated_noise,200,100,3,0.1,0.9,3.0,21018,2018,DIVI,3,DIVI,200.0,1.0,120,manual_mult_auto,141.89385332046726,1.0,0.01,1.0,0.1,300,300,3,2,120,240,"[120, 240]",0.02495916848946871,0.03559707184056245,0.1728395061728395,0.4,71,0.71,0.6084993481636047,0.6807780861854553,33813.7890625,31050.484375,2763.3046875,32990.28515625,4.117520332336426,0.41689123900005143,3.186000003552181e-05,0.41531613899996955,0.0010900910001510056,0.001075690000106988,0.0013843871299998986,450.78125,ok,0,,outputs/misspec_robustness_tuned,"[120, 240]",random_prior,"[0 1 0 0 1 2 1 1 2 0 0 1 0 2 1 1 2 1 2 2 0 2 1 2 0 0 2 0 2 1 2 1 2 1 1 0 0
 0 0 1 2 0 0 0 2 1 0 1 1 2 0 0 0 1 2 2 2 0 1 2 0 0 0 0 1 2 1 0 2 0 0 2 2 1
 1 0 0 0 0 1 0 1 0 0 1 1 2 0 0 1 0 2 2 0 0 1 1 0 1 0 0 0 0 1 1 0 2 1 0 0 0
 0 1 1 1 1 0 0 2 0 0 0 1 0 0 1 2 2 2 1 0 2 1 1 1 0 1 0 0 0 0 2 0 2 1 1 0 2
 1 1 1 2 2 1 1 0 1 1 0 0 2 0 0 1 0 0 0 2 0 0 1 0 0 2 0 0 0 2 2 1 0 2 1 0 1
 1 0 0 1 1 2 2 0 1 2 1 0 0 2 0]"
misspec_tuned__rho0.6_block10_noise3__correlated_noise__seed2018__kmeans_oracle,run_divi_misspec_robustness_tuned.py,2026-04-02T15:21:55Z,unknown,local,cpu,x86_64,synthetic_correlated_noise,rho0.6_block10_noise3,correlated_noise,200,100,3,0.1,0.9,3.0,21018,2018,kmeans_oracle,nan,KMeans,nan,nan,120,manual_mult_auto,141.89385332046726,1.0,0.01,1.0,0.1,300,nan,3,0,nan,nan,[],0.144972040392661,0.16965607092771198,nan,0.525,nan,nan,nan,nan,nan,nan,nan,nan,nan,nan,nan,nan,nan,nan,nan,450.78125,ok,0,,outputs/misspec_robustness_tuned
misspec_tuned__rho0.6_block10_noise3__correlated_noise__seed2018__gmm_oracle,run_divi_misspec_robustness_tuned.py,2026-04-02T15:21:55Z,unknown,local,cpu,x86_64,synthetic_correlated_noise,rho0.6_block10_noise3,correlated_noise,200,100,3,0.1,0.9,3.0,21018,2018,gmm_oracle,nan,GaussianMixtureDiag,nan,nan,120,manual_mult_auto,141.89385332046726,1.0,0.01,1.0,0.1,300,nan,3,0,nan,nan,[],0.06576539347068894,0.0645502765043541,nan,0.515,nan,nan,nan,nan,nan,nan,nan,nan,nan,nan,nan,nan,nan,nan,nan,450.78125,ok,0,,outputs/misspec_robustness_tuned
misspec_tuned__rho0.6_block10_noise3__correlated_noise__seed2019__DIVI_p1,run_divi_misspec_robustness_tuned.py,2026-04-02T15:21:56Z,unknown,local,cpu,x86_64,synthetic_correlated_noise,rho0.6_block10_noise3,correlated_noise,200,100,3,0.1,0.9,3.0,21019,2019,DIVI,1,DIVI,200.0,1.0,120,manual_mult_auto,141.89385332046726,1.0,0.01,1.0,0.1,300,300,3,2,120,240,"[120, 240]",0.4394230535890382,0.46148579455481287,0.21978021978021975,0.71,81,0.81,0.6522303223609924,0.7226308584213257,32731.8125,30028.69921875,2703.11328125,31965.4375,3.8318777084350586,0.5516688920001798,0.11835170399990602,0.4315529079999578,0.0010891090005316073,0.0011384800000087125,0.0014385096933331926,450.55859375,ok,0,,outputs/misspec_robustness_tuned,"[120, 240]",informative_kw_llr,"[2 0 0 1 2 0 0 1 2 0 0 0 1 0 0 0 0 2 2 2 0 1 1 2 2 0 2 1 0 0 2 0 0 0 0 0 0
 0 0 0 2 0 2 2 0 0 0 2 2 2 1 0 2 2 1 2 2 1 0 1 2 2 2 2 2 2 1 0 2 1 1 1 2 2
 0 2 0 2 0 2 2 0 2 1 2 0 0 1 0 1 2 0 2 0 0 0 0 0 2 2 2 1 2 2 2 1 2 2 0 0 2
 0 2 2 2 0 0 0 2 0 0 0 2 0 0 0 2 1 0 1 0 0 2 2 2 0 2 0 0 2 2 0 0 0 0 0 2 0
 0 2 2 1 1 1 0 2 0 0 1 2 1 0 2 0 0 2 2 1 0 0 0 2 0 0 0 2 0 0 1 1 0 1 0 0 2
 1 0 2 0 2 2 2 2 1 2 1 2 1 1 2]"
misspec_tuned__rho0.6_block10_noise3__correlated_noise__seed2019__DIVI_p2,run_divi_misspec_robustness_tuned.py,2026-04-02T15:21:56Z,unknown,local,cpu,x86_64,synthetic_correlated_noise,rho0.6_block10_noise3,correlated_noise,200,100,3,0.1,0.9,3.0,21019,2019,DIVI,2,DIVI,200.0,1.0,120,manual_mult_auto,141.89385332046726,1.0,0.01,1.0,0.1,300,300,3,2,120,240,"[120, 240]",0.021243440714386757,0.02745266073323321,0.18181818181818182,0.44,100,1.0,0.6720123887062073,0.6727901697158813,33335.79296875,29647.4296875,3688.36328125,32116.0,6.098963260650635,0.3966016600002149,2.8899999961140566e-05,0.3949441400000069,0.0010842100000445498,0.0011405899999772373,0.0013164804666666895,450.55859375,ok,0,,outputs/misspec_robustness_tuned,"[120, 240]",noninformative_uniform,"[1 0 2 1 0 0 0 1 0 0 1 0 1 0 2 0 2 0 1 1 2 1 1 2 1 2 2 1 2 0 1 2 0 0 0 2 0
 0 0 0 2 0 2 1 0 0 2 1 0 0 2 0 0 1 2 0 0 2 2 1 2 2 0 2 2 0 2 0 0 1 1 2 0 2
 2 1 2 0 2 1 1 0 2 1 2 0 1 2 0 1 2 0 1 0 0 0 0 0 2 1 0 1 1 0 2 1 1 1 0 0 0
 0 0 2 2 1 0 0 1 2 0 0 2 0 1 0 2 0 0 1 1 0 2 0 0 0 2 0 0 0 1 1 2 0 0 0 0 0
 0 2 0 2 1 1 0 2 0 2 1 0 1 0 2 1 0 1 2 1 2 2 0 0 0 0 0 0 0 0 1 1 2 1 2 2 1
 1 2 0 2 2 0 1 1 1 2 1 2 2 2 0]"
misspec_tuned__rho0.6_block10_noise3__correlated_noise__seed2019__DIVI_p3,run_divi_misspec_robustness_tuned.py,2026-04-02T15:21:56Z,unknown,local,cpu,x86_64,synthetic_correlated_noise,rho0.6_block10_noise3,correlated_noise,200,100,3,0.1,0.9,3.0,21019,2019,DIVI,3,DIVI,200.0,1.0,120,manual_mult_auto,141.89385332046726,1.0,0.01,1.0,0.1,300,300,3,2,120,240,"[120, 240]",0.06659554170438725,0.11285833267791862,0.19047619047619047,0.47,74,0.74,0.6126068234443665,0.6842933893203735,33601.67578125,31085.75390625,2515.921875,32838.93359375,3.813718318939209,0.42150704899995617,3.158000026814989e-05,0.42006777900041925,0.001074259999768401,0.0009409600002072693,0.0014002259300013975,450.6328125,ok,0,,outputs/misspec_robustness_tuned,"[120, 240]",random_prior,"[0 0 1 2 0 0 2 0 0 2 2 2 2 2 0 2 1 1 1 1 0 1 0 0 1 0 1 0 0 2 1 1 2 0 0 0 2
 2 0 0 1 0 1 0 2 0 0 0 2 1 1 2 0 0 1 1 0 2 0 1 1 0 0 0 1 0 1 0 0 2 0 1 0 1
 1 1 2 1 0 0 2 0 1 2 1 0 0 1 0 2 1 0 1 2 0 0 2 0 0 1 0 2 1 1 0 1 1 1 0 0 0
 0 0 0 0 0 2 2 1 1 2 2 1 1 2 2 0 1 0 2 2 2 0 0 0 0 0 0 0 0 1 0 0 2 0 0 0 0
 0 0 1 1 2 2 0 0 0 0 2 0 1 2 0 2 2 2 1 1 0 0 2 0 0 2 1 0 2 0 1 0 0 0 1 0 1
 0 1 0 1 1 0 1 0 0 1 2 1 1 1 0]"
misspec_tuned__rho0.6_block10_noise3__correlated_noise__seed2019__kmeans_oracle,run_divi_misspec_robustness_tuned.py,2026-04-02T15:21:56Z,unknown,local,cpu,x86_64,synthetic_correlated_noise,rho0.6_block10_noise3,correlated_noise,200,100,3,0.1,0.9,3.0,21019,2019,kmeans_oracle,nan,KMeans,nan,nan,120,manual_mult_auto,141.89385332046726,1.0,0.01,1.0,0.1,300,nan,3,0,nan,nan,[],0.2721660077083414,0.28546077356190647,nan,0.635,nan,nan,nan,nan,nan,nan,nan,nan,nan,nan,nan,nan,nan,nan,nan,450.6328125,ok,0,,outputs/misspec_robustness_tuned
misspec_tuned__rho0.6_block10_noise3__correlated_noise__seed2019__gmm_oracle,run_divi_misspec_robustness_tuned.py,2026-04-02T15:21:56Z,unknown,local,cpu,x86_64,synthetic_correlated_noise,rho0.6_block10_noise3,correlated_noise,200,100,3,0.1,0.9,3.0,21019,2019,gmm_oracle,nan,GaussianMixtureDiag,nan,nan,120,manual_mult_auto,141.89385332046726,1.0,0.01,1.0,0.1,300,nan,3,0,nan,nan,[],0.39036914984348975,0.43794361457036457,nan,0.655,nan,nan,nan,nan,nan,nan,nan,nan,nan,nan,nan,nan,nan,nan,nan,450.6328125,ok,0,,outputs/misspec_robustness_tuned
misspec_tuned__rho0.6_block10_noise3__correlated_noise__seed2000__DIVI_p1,run_divi_misspec_robustness_tuned.py,2026-04-02T15:21:57Z,unknown,local,cpu,x86_64,synthetic_correlated_noise,rho0.6_block10_noise3,correlated_noise,1000,100,3,0.1,0.9,3.0,101000,2000,DIVI,1,DIVI,1000.0,1.0,120,manual_mult_auto,141.89385332046726,1.0,0.01,1.0,0.1,300,300,3,2,120,240,"[120, 240]",0.49874205146289063,0.5751488272064137,0.23529411764705882,0.678,75,0.75,0.6325594186782837,0.6978394985198975,166145.5,152780.640625,13364.859375,161643.9375,4.501558780670166,1.2278052970000317,0.17750117100013085,1.0468062969998755,0.0017122199997174903,0.0027654999998958374,0.0034893543233329182,458.796875,ok,0,,outputs/misspec_robustness_tuned,"[120, 240]",informative_kw_llr,"[2 0 2 2 2 1 1 2 2 1 0 1 2 2 0 0 2 1 2 2 1 0 0 2 2 1 2 1 2 1 2 1 0 0 0 1 2
 2 1 2 1 2 2 2 0 1 0 1 1 2 0 0 2 0 1 2 1 2 0 1 1 2 1 0 0 0 2 2 0 1 1 1 2 2
 1 1 1 1 2 0 0 0 0 2 2 2 2 0 0 2 2 0 0 1 1 0 2 2 2 1 0 2 0 1 1 2 2 2 1 1 1
 1 1 1 2 1 2 2 2 0 2 1 2 1 0 1 1 1 1 1 1 2 0 1 0 2 2 0 1 1 1 0 2 2 2 2 1 1
 1 0 1 1 2 2 2 0 0 2 1 1 0 0 0 1 2 2 1 2 1 1 2 0 2 0 2 2 1 1 0 0 2 0 2 2 0
 1 1 0 0 1 1 0 0 2 0 0 2 0 0 0 2 2 2 2 0 0 2 1 1 1 1 0 2 0 0 2 1 0 0 2 1 2
 1 1 0 1 1 1 2 2 0 1 0 2 2 0 0 0 0 2 0 1 1 1 0 2 2 1 1 1 0 0 2 2 0 2 0 1 2
 0 1 0 2 2 1 2 0 0 2 1 1 2 2 1 1 2 2 1 2 1 0 0 0 1 0 1 2 1 1 0 1 0 0 2 0 0
 1 1 0 2 1 0 1 0 2 0 0 2 2 2 0 2 1 0 2 1 2 0 0 1 0 0 0 0 2 1 2 2 2 2 1 1 0
 1 1 1 1 2 2 1 2 1 1 1 0 1 2 0 0 0 2 1 0 0 1 1 2 2 2 0 1 0 2 2 1 0 2 2 1 1
 2 2 1 0 0 2 0 2 0 1 2 1 2 2 2 0 1 2 1 2 0 1 2 2 1 1 1 0 2 1 2 1 1 2 0 1 2
 2 2 1 2 0 2 0 0 1 0 0 1 1 2 2 2 2 2 0 2 0 2 1 2 2 0 2 2 2 1 1 2 2 1 2 0 0
 0 2 1 1 2 2 1 2 0 1 1 2 1 2 2 1 0 2 2 2 0 0 2 2 0 2 0 0 0 0 0 1 0 0 1 0 2
 2 2 0 2 2 2 0 2 2 2 1 1 1 1 2 2 1 1 2 0 2 0 1 2 0 1 1 2 2 0 2 0 0 1 1 1 1
 1 0 2 1 2 0 0 0 0 1 0 2 0 2 2 2 2 1 2 2 0 2 0 1 1 2 0 0 2 1 1 2 0 0 1 2 2
 2 2 2 1 1 2 2 2 2 2 2 2 2 2 1 2 0 1 1 0 0 0 0 0 1 1 0 1 0 0 2 1 0 2 1 0 0
 0 2 1 2 1 2 2 0 0 0 0 0 2 0 2 1 0 0 0 2 1 0 2 2 2 0 0 1 1 2 2 2 2 1 2 0 1
 1 0 2 0 2 1 2 2 2 1 2 0 0 2 0 1 2 0 2 0 2 0 0 2 2 2 1 1 2 2 2 1 0 0 2 1 2
 2 1 2 2 1 2 0 1 0 2 2 2 0 0 2 2 1 2 1 1 2 0 0 2 0 1 1 2 2 0 2 0 1 0 0 1 1
 0 1 0 2 2 0 0 2 2 1 0 0 1 0 2 2 1 0 2 1 1 2 0 1 2 2 1 0 0 1 2 1 1 2 2 0 2
 2 0 0 1 2 1 2 0 0 2 2 2 0 0 1 2 1 0 0 2 1 0 1 1 1 2 0 1 0 2 2 1 1 2 2 2 0
 2 2 0 2 1 2 2 1 0 1 0 0 0 2 0 0 2 1 1 2 0 2 1 2 0 2 0 2 0 1 0 1 0 0 2 0 2
 0 2 0 1 2 2 1 2 2 1 1 2 1 0 0 0 1 1 0 0 2 2 0 1 1 1 2 0 0 0 0 0 1 1 0 0 2
 2 0 2 0 0 0 2 0 2 0 0 1 0 0 2 0 1 0 2 2 0 2 0 1 1 1 2 0 1 0 0 2 1 2 1 0 1
 1 2 0 0 2 0 0 0 2 1 0 1 0 1 1 1 1 1 1 2 2 0 0 2 0 1 1 0 1 0 1 2 1 2 1 2 0
 0 2 0 2 1 2 2 0 2 2 2 0 0 0 2 1 2 0 2 0 1 1 0 0 2 0 1 0 2 2 0 1 0 1 0 1 0
 0 2 2 0 2 0 0 2 0 0 0 2 0 2 2 2 2 1 0 0 0 0 2 2 0 1 2 0 0 2 1 0 0 1 0 0 0
 1]"
misspec_tuned__rho0.6_block10_noise3__correlated_noise__seed2000__DIVI_p2,run_divi_misspec_robustness_tuned.py,2026-04-02T15:21:57Z,unknown,local,cpu,x86_64,synthetic_correlated_noise,rho0.6_block10_noise3,correlated_noise,1000,100,3,0.1,0.9,3.0,101000,2000,DIVI,2,DIVI,1000.0,1.0,120,manual_mult_auto,141.89385332046726,1.0,0.01,1.0,0.1,300,300,3,2,120,240,"[120, 240]",0.49734864662775435,0.5707536912017692,0.18181818181818182,0.681,100,1.0,0.6732942461967468,0.6706552505493164,166396.203125,148395.484375,18000.71875,160150.09375,6.246108055114746,1.1513532409999243,3.151900000375463e-05,1.1480965410000863,0.0019197099995835742,0.0025997700004154467,0.0038269884700002877,462.99609375,ok,0,,outputs/misspec_robustness_tuned,"[120, 240]",noninformative_uniform,"[2 0 2 2 2 1 1 2 2 2 0 1 2 2 0 0 2 1 2 2 1 0 0 2 1 1 2 1 2 1 2 1 0 0 0 1 2
 2 1 2 1 2 2 2 0 1 0 1 1 2 0 0 2 0 1 2 1 2 0 1 1 2 1 0 0 0 2 2 0 1 1 1 2 2
 1 1 1 1 2 0 0 0 0 2 2 2 2 0 0 2 2 0 0 1 1 0 2 2 2 1 0 2 0 1 1 2 2 2 1 1 1
 1 1 1 2 1 2 2 2 0 2 1 2 1 0 1 1 1 1 1 1 2 0 1 0 2 2 0 1 1 1 0 2 1 2 2 1 1
 1 0 1 1 2 2 2 0 0 2 1 1 0 0 0 2 2 2 1 2 1 1 2 0 2 0 2 2 1 1 0 0 2 0 2 2 0
 1 1 0 0 1 1 0 0 2 0 0 2 0 0 0 1 2 2 2 0 0 2 1 1 1 1 0 2 0 0 2 1 0 0 2 1 2
 1 1 0 1 1 1 2 2 0 1 0 2 2 0 0 0 0 2 0 1 1 1 0 2 2 1 1 1 0 0 2 1 0 2 0 1 2
 0 1 0 2 2 1 2 0 0 2 1 1 2 2 1 1 2 2 1 2 1 0 0 0 1 0 1 2 1 1 0 1 0 0 2 0 0
 1 1 0 2 1 0 1 0 2 0 0 2 2 2 0 2 1 0 2 1 2 0 0 1 0 0 0 0 2 1 2 2 2 2 1 1 0
 1 1 1 1 2 2 1 2 1 1 1 0 1 2 0 0 0 2 1 0 0 1 1 2 1 2 0 1 0 2 2 1 0 2 2 1 1
 2 2 1 0 0 2 0 2 0 1 2 1 2 2 2 0 1 2 1 2 0 1 2 2 1 1 1 0 2 1 2 1 1 2 0 1 2
 2 2 1 2 0 1 0 0 1 0 0 1 1 2 2 2 2 1 0 2 0 2 1 2 2 0 2 2 2 1 1 2 2 1 2 0 0
 0 2 1 1 2 2 1 2 0 1 2 2 2 2 2 1 0 1 2 2 0 0 2 2 0 2 0 0 0 0 0 1 0 0 1 0 2
 2 2 0 2 2 2 0 2 1 2 1 1 1 1 2 2 2 1 2 0 1 0 1 2 0 1 1 2 2 0 2 0 0 1 1 1 1
 1 0 2 2 2 0 0 0 0 1 0 2 0 2 2 2 2 1 2 2 0 2 0 1 1 2 0 0 2 1 1 2 0 0 1 2 2
 2 2 2 1 1 2 2 2 2 2 2 2 2 2 1 2 0 1 1 0 0 0 0 0 1 1 0 1 0 0 2 1 0 2 1 0 0
 0 2 1 2 1 2 2 0 0 0 0 0 2 0 2 0 0 0 0 2 1 0 1 2 2 0 0 1 1 2 2 2 2 1 2 0 1
 1 0 2 0 2 1 2 2 2 1 2 0 0 2 0 1 2 0 2 0 2 0 0 2 2 2 1 1 2 2 2 1 0 0 2 2 2
 2 1 2 2 1 2 0 1 0 2 2 2 0 0 2 2 1 2 1 1 2 0 0 2 0 1 1 2 2 0 2 0 1 0 0 1 1
 0 1 0 2 2 0 0 2 2 1 0 0 1 0 2 2 1 0 1 1 1 2 0 1 2 2 1 0 0 1 2 1 1 2 2 0 2
 2 0 0 1 2 1 2 0 0 2 2 2 0 0 1 1 1 0 0 2 1 0 1 1 1 2 0 1 0 2 2 1 1 2 2 2 0
 2 2 0 2 1 2 2 1 0 1 0 0 0 2 0 0 2 1 1 2 0 2 1 2 0 2 0 2 0 1 0 1 0 0 2 0 2
 0 2 0 1 2 2 1 2 2 1 1 2 1 0 0 0 1 1 0 0 2 2 0 1 1 1 2 0 0 0 0 0 1 1 0 0 2
 2 0 2 0 0 0 2 0 2 0 0 1 0 0 2 0 1 0 2 2 0 2 0 2 1 1 2 0 1 0 0 2 1 2 1 0 1
 1 2 0 0 2 0 0 0 2 1 0 1 0 1 1 1 1 1 1 2 2 0 0 2 0 1 1 0 1 0 1 2 1 2 1 2 0
 0 2 0 2 1 2 2 0 2 2 2 0 0 0 2 1 2 0 2 0 1 1 0 0 2 0 1 0 1 2 0 1 0 1 0 1 0
 0 2 2 0 2 0 0 2 0 0 0 2 0 2 2 2 2 1 0 0 0 0 2 2 0 1 1 0 0 2 1 0 0 1 0 0 0
 1]"
misspec_tuned__rho0.6_block10_noise3__correlated_noise__seed2000__DIVI_p3,run_divi_misspec_robustness_tuned.py,2026-04-02T15:21:57Z,unknown,local,cpu,x86_64,synthetic_correlated_noise,rho0.6_block10_noise3,correlated_noise,1000,100,3,0.1,0.9,3.0,101000,2000,DIVI,3,DIVI,1000.0,1.0,120,manual_mult_auto,141.89385332046726,1.0,0.01,1.0,0.1,300,300,3,2,120,240,"[120, 240]",0.010842827670589288,0.014299040472569373,0.07894736842105263,0.384,66,0.66,0.5851220488548279,0.670556902885437,170966.953125,158119.109375,12847.84375,167109.25,3.857698440551758,0.8496942060000947,3.1880000278761145e-05,0.8470382969999264,0.0017432700005883817,0.0020411509999576083,0.0028234609899997548,462.23046875,ok,0,,outputs/misspec_robustness_tuned,"[120, 240]",random_prior,"[1 2 0 0 2 1 0 1 2 1 0 0 0 0 1 2 1 0 1 1 2 2 2 0 1 0 0 2 0 1 0 2 0 0 0 0 0
 0 0 2 0 1 0 2 1 1 2 1 2 1 2 1 1 0 2 1 0 2 2 2 0 0 1 0 0 0 0 1 2 0 1 1 2 1
 0 2 2 2 0 1 1 1 2 0 2 0 2 2 0 2 0 0 2 1 0 0 0 0 1 0 0 2 2 1 0 1 2 1 1 0 2
 1 0 2 0 0 1 1 2 0 1 0 0 2 2 1 2 0 0 0 1 0 0 0 1 1 0 2 1 2 0 2 1 2 1 0 1 0
 2 0 2 0 0 1 0 2 1 1 1 0 0 2 1 1 1 0 0 0 1 0 1 1 1 0 1 1 0 2 0 0 0 0 0 0 0
 2 0 0 0 1 0 0 0 2 1 0 2 0 2 1 0 1 1 2 2 1 0 0 1 0 0 0 0 1 0 0 2 2 1 1 2 2
 2 2 2 2 0 0 0 0 0 0 2 2 0 0 0 2 2 2 1 1 0 1 2 1 0 2 0 2 1 0 1 0 0 0 0 0 0
 0 1 1 0 2 0 1 1 1 1 0 2 1 0 1 1 0 2 2 0 2 2 0 2 1 2 2 0 0 0 0 2 2 2 1 0 1
 0 0 0 1 2 0 0 2 1 0 1 0 0 1 2 0 2 0 0 1 1 0 0 2 2 2 0 2 0 2 1 1 2 0 2 0 2
 1 2 2 2 1 0 2 1 0 2 1 2 1 0 2 2 0 0 1 2 0 0 1 2 0 0 0 0 2 0 0 1 0 1 0 2 2
 0 1 1 0 0 0 2 1 0 0 1 1 2 0 0 1 1 2 2 0 2 1 0 0 0 1 1 0 0 2 2 2 0 0 2 0 0
 1 0 2 0 1 2 2 0 1 2 2 0 1 0 0 1 1 0 2 0 1 0 0 2 1 1 1 0 0 0 2 1 0 2 1 1 1
 2 0 0 0 2 1 0 0 0 0 0 0 0 0 0 2 0 0 2 0 1 2 2 0 1 0 2 2 2 1 0 0 0 1 1 0 2
 1 1 2 2 1 1 2 0 0 1 0 1 2 0 0 1 2 2 0 0 2 0 1 0 0 0 0 1 1 0 0 0 1 1 0 1 2
 0 2 0 1 1 1 0 0 2 1 1 2 2 2 2 0 1 1 0 0 2 0 2 1 0 1 0 2 0 0 2 0 0 2 1 0 0
 1 1 0 2 1 0 2 1 0 0 1 1 2 0 2 0 2 2 2 2 0 2 0 1 2 0 1 2 1 0 1 1 1 0 2 1 2
 0 1 1 0 1 2 0 2 2 1 0 0 0 1 2 0 2 2 0 0 0 1 0 1 0 0 0 2 0 0 0 0 0 2 1 0 1
 0 2 0 1 1 2 1 1 2 1 2 0 1 1 2 1 2 0 1 2 2 0 1 0 2 1 0 2 1 1 1 0 0 1 0 2 0
 0 0 1 1 1 2 0 2 2 0 0 1 0 2 0 1 1 0 1 1 0 2 0 1 2 0 1 0 1 0 0 2 1 2 0 0 0
 0 1 2 0 1 0 0 0 1 2 2 1 2 1 0 0 2 1 0 0 0 1 1 0 1 0 1 2 1 1 0 1 0 0 0 0 1
 0 1 0 0 1 0 0 1 2 0 1 2 1 2 2 0 1 1 0 0 2 0 0 0 1 0 0 2 0 1 0 1 0 2 2 2 2
 1 1 2 2 0 0 0 0 2 0 1 0 0 0 2 0 1 0 2 2 0 0 0 0 0 1 2 0 0 2 1 1 2 0 1 2 0
 2 0 2 1 1 1 0 1 2 0 1 0 0 0 0 0 2 1 2 0 0 0 1 2 1 0 1 0 1 0 0 0 0 0 0 2 1
 0 2 1 0 2 2 2 1 0 1 1 2 1 0 0 0 0 0 2 1 2 1 1 1 0 1 1 2 1 0 1 1 1 0 0 0 0
 2 1 1 2 0 1 0 2 1 0 2 0 2 0 0 0 1 2 0 0 0 0 0 0 2 0 0 0 2 0 1 0 1 2 0 1 0
 0 0 0 0 1 2 2 2 1 0 0 0 1 2 0 0 0 2 0 2 1 1 2 0 1 0 0 2 1 0 1 1 0 0 2 2 2
 2 0 0 2 0 0 0 0 0 0 2 2 1 0 0 1 0 1 1 0 1 2 1 0 1 0 0 2 2 0 0 0 2 0 1 0 0
 0]"
misspec_tuned__rho0.6_block10_noise3__correlated_noise__seed2000__kmeans_oracle,run_divi_misspec_robustness_tuned.py,2026-04-02T15:21:57Z,unknown,local,cpu,x86_64,synthetic_correlated_noise,rho0.6_block10_noise3,correlated_noise,1000,100,3,0.1,0.9,3.0,101000,2000,kmeans_oracle,nan,KMeans,nan,nan,120,manual_mult_auto,141.89385332046726,1.0,0.01,1.0,0.1,300,nan,3,0,nan,nan,[],0.35510291145569184,0.3771223591643011,nan,0.664,nan,nan,nan,nan,nan,nan,nan,nan,nan,nan,nan,nan,nan,nan,nan,462.23046875,ok,0,,outputs/misspec_robustness_tuned
misspec_tuned__rho0.6_block10_noise3__correlated_noise__seed2000__gmm_oracle,run_divi_misspec_robustness_tuned.py,2026-04-02T15:21:57Z,unknown,local,cpu,x86_64,synthetic_correlated_noise,rho0.6_block10_noise3,correlated_noise,1000,100,3,0.1,0.9,3.0,101000,2000,gmm_oracle,nan,GaussianMixtureDiag,nan,nan,120,manual_mult_auto,141.89385332046726,1.0,0.01,1.0,0.1,300,nan,3,0,nan,nan,[],0.4950557747512172,0.5634755441143332,nan,0.688,nan,nan,nan,nan,nan,nan,nan,nan,nan,nan,nan,nan,nan,nan,nan,462.23046875,ok,0,,outputs/misspec_robustness_tuned
misspec_tuned__rho0.6_block10_noise3__correlated_noise__seed2001__DIVI_p1,run_divi_misspec_robustness_tuned.py,2026-04-02T15:22:01Z,unknown,local,cpu,x86_64,synthetic_correlated_noise,rho0.6_block10_noise3,correlated_noise,1000,100,3,0.1,0.9,3.0,101001,2001,DIVI,1,DIVI,1000.0,1.0,120,manual_mult_auto,141.89385332046726,1.0,0.01,1.0,0.1,300,300,3,2,120,240,"[120, 240]",0.5236377170414048,0.5743760776903382,0.20618556701030927,0.75,87,0.87,0.664017915725708,0.6871873140335083,164057.15625,149895.78125,14161.375,159694.0,4.363151550292969,0.9956296599998495,0.1711093809999511,0.8218121179997979,0.0015958399999362882,0.002207689999977447,0.0027393737266659932,470.1171875,ok,0,,outputs/misspec_robustness_tuned,"[120, 240]",informative_kw_llr,"[2 1 0 1 2 1 0 0 1 0 0 2 1 2 0 1 1 0 2 1 2 0 0 0 2 1 2 1 0 0 2 0 1 1 0 0 0
 2 1 0 1 2 1 1 1 2 1 2 1 2 0 1 1 1 2 1 1 1 2 2 1 1 2 1 1 0 1 1 2 0 1 2 1 1
 2 2 2 1 2 0 0 2 1 1 1 0 0 2 0 2 2 1 0 0 2 0 1 2 2 2 2 2 2 0 0 0 2 1 0 0 0
 0 1 2 1 2 1 0 1 2 1 2 0 1 2 1 1 0 2 2 0 1 1 1 1 2 2 1 1 2 1 1 2 0 0 2 0 1
 2 0 2 1 2 0 1 2 1 0 0 0 1 0 0 0 2 0 0 2 2 0 2 2 2 0 2 2 2 1 2 0 2 0 0 2 2
 0 0 2 1 1 0 0 0 1 0 1 2 0 0 0 2 0 2 0 2 0 0 0 0 0 0 2 2 2 1 0 1 0 0 0 0 2
 0 2 2 0 1 2 0 2 0 1 2 0 2 1 0 1 1 2 0 0 1 0 0 0 1 2 0 2 0 2 0 1 1 0 2 1 2
 0 1 1 1 1 0 0 1 2 2 2 1 2 1 2 0 1 2 2 2 1 0 0 2 0 2 0 2 2 2 0 2 0 1 0 1 0
 2 2 0 0 1 0 0 0 1 1 1 0 2 0 1 0 0 0 0 2 0 0 0 0 2 0 0 2 2 2 0 2 0 0 2 0 2
 2 0 2 1 0 1 0 1 2 2 0 2 1 0 0 0 1 1 1 2 1 1 0 1 2 1 0 1 1 2 2 0 2 0 2 2 0
 1 2 1 1 2 1 0 1 1 2 1 0 1 0 2 0 1 0 1 2 0 2 1 1 0 0 2 2 0 2 0 2 1 1 1 1 2
 0 1 2 1 2 1 0 0 1 2 0 2 2 0 2 0 1 0 1 0 2 1 1 0 1 2 0 1 0 2 1 0 1 1 1 2 2
 0 2 1 2 0 2 1 2 2 1 1 1 2 0 2 1 2 0 2 1 1 2 0 2 1 1 2 2 1 1 0 2 1 0 0 1 1
 0 1 0 1 1 2 1 1 2 0 0 2 0 0 0 0 2 0 0 0 0 2 2 0 1 1 2 1 0 2 2 2 2 2 1 0 1
 1 1 0 1 1 1 2 2 2 1 1 1 1 1 2 0 0 0 1 2 1 2 0 1 2 0 0 0 1 1 0 2 0 2 1 2 1
 0 1 1 2 2 2 2 0 2 2 2 0 0 2 2 2 0 2 2 0 2 2 2 2 0 1 1 0 1 2 2 2 0 0 1 1 2
 2 1 2 0 0 0 0 1 2 1 1 1 2 0 1 2 2 0 2 0 1 0 2 2 2 1 2 2 1 0 0 0 0 2 1 0 2
 2 2 1 2 1 2 1 0 1 0 2 2 1 2 2 2 0 1 2 2 1 1 0 1 0 0 2 2 2 0 0 1 0 1 1 0 0
 2 2 2 2 1 2 2 2 2 2 1 1 0 2 1 1 1 2 1 0 2 1 1 2 0 0 0 1 0 0 2 1 2 0 0 0 2
 1 1 1 0 2 2 2 0 2 2 0 1 2 1 0 2 2 1 2 1 1 1 1 2 0 2 2 0 2 0 2 2 0 0 0 0 2
 0 0 0 1 1 1 1 0 0 0 2 2 1 2 2 0 1 2 2 1 1 1 0 0 1 2 0 0 2 2 2 1 0 0 0 0 2
 0 1 1 2 2 0 1 0 2 2 1 0 0 2 1 1 1 2 0 1 0 2 2 1 0 1 2 0 1 1 2 1 2 0 0 2 1
 0 0 2 0 2 1 0 0 0 2 0 2 1 1 2 0 2 2 2 0 0 0 2 1 0 0 2 1 1 1 1 0 0 1 2 0 1
 1 0 2 1 2 1 0 1 1 2 1 0 1 0 1 0 2 2 2 1 1 1 0 0 1 0 1 0 1 2 0 2 0 0 1 2 0
 2 2 1 2 1 2 0 1 0 1 0 1 2 2 2 1 1 2 0 0 0 1 2 2 2 0 0 1 0 2 2 2 1 0 1 1 1
 0 2 0 1 0 2 0 1 0 0 2 0 1 0 0 2 2 2 1 2 2 2 1 2 0 2 2 1 0 2 2 0 2 1 2 1 1
 2 0 0 2 1 2 1 0 1 2 2 0 2 1 2 2 2 1 0 1 0 0 0 0 2 1 0 0 0 0 0 1 2 1 2 2 0
 2]"
misspec_tuned__rho0.6_block10_noise3__correlated_noise__seed2001__DIVI_p2,run_divi_misspec_robustness_tuned.py,2026-04-02T15:22:01Z,unknown,local,cpu,x86_64,synthetic_correlated_noise,rho0.6_block10_noise3,correlated_noise,1000,100,3,0.1,0.9,3.0,101001,2001,DIVI,2,DIVI,1000.0,1.0,120,manual_mult_auto,141.89385332046726,1.0,0.01,1.0,0.1,300,300,3,2,120,240,"[120, 240]",0.0035389316932617778,0.004986101673631808,0.18181818181818182,0.369,100,1.0,0.6676869988441467,0.6685523986816406,167415.71875,150209.609375,17206.109375,161611.140625,5.804571151733398,1.0988681029998588,2.1531000129471067e-05,1.0956701539998903,0.002625189999889699,0.002775980000023992,0.0036522338466663013,457.6015625,ok,0,,outputs/misspec_robustness_tuned,"[120, 240]",noninformative_uniform,"[2 2 0 1 0 2 0 2 1 2 0 0 0 0 1 2 2 0 2 0 0 0 2 2 0 0 2 0 0 0 2 1 1 2 0 1 1
 1 1 2 1 2 0 1 0 2 1 2 0 0 1 1 0 2 2 0 1 1 2 0 0 1 2 2 1 0 2 0 2 2 0 2 0 0
 0 2 2 2 2 0 2 0 0 1 2 1 1 0 0 0 0 1 2 0 0 2 1 2 0 0 0 0 0 2 0 0 2 1 0 0 2
 0 1 0 2 2 2 0 1 2 1 2 2 2 0 1 2 2 2 2 0 0 0 1 0 1 0 1 1 0 0 2 0 2 2 1 2 0
 2 0 0 0 2 0 1 0 0 0 0 1 1 0 0 1 2 1 0 1 0 2 0 2 2 0 2 0 0 1 2 0 1 0 0 2 0
 0 0 2 2 0 2 2 1 2 0 2 2 2 2 0 0 0 2 1 0 1 1 0 0 0 0 0 0 0 2 0 0 1 1 0 1 0
 2 0 0 0 1 0 1 2 1 1 0 0 0 0 1 1 1 0 2 1 0 1 2 1 0 0 1 0 2 0 1 1 2 0 2 1 0
 1 1 1 1 1 0 1 2 0 0 0 1 2 0 0 2 2 0 0 2 2 0 2 2 1 1 1 0 0 0 1 2 0 0 2 0 0
 0 0 2 2 1 1 1 1 1 0 1 2 2 1 1 1 2 0 0 0 2 1 0 2 2 1 0 2 0 0 1 2 0 0 0 2 2
 2 2 2 1 2 1 0 1 0 0 0 1 1 2 0 2 2 1 0 0 0 1 2 1 0 1 1 0 1 2 1 0 2 2 0 2 2
 2 0 1 1 2 0 0 1 1 1 2 2 1 2 2 0 1 0 1 0 0 0 2 1 0 1 0 0 2 0 0 0 1 1 1 2 1
 0 1 0 2 2 0 2 0 0 0 2 2 0 1 2 0 0 0 0 2 1 0 0 0 1 0 1 1 0 0 0 2 1 2 0 0 1
 0 2 1 1 1 0 0 0 2 1 0 1 2 0 2 0 2 2 2 1 1 0 2 0 2 1 2 2 0 1 2 1 1 2 2 1 0
 0 2 0 1 1 1 2 0 0 2 0 1 1 0 1 1 2 0 0 1 0 2 2 1 1 2 2 0 0 2 0 0 0 0 1 1 1
 1 1 0 0 1 0 0 0 2 2 1 0 1 0 2 2 2 2 1 2 2 0 0 1 1 2 1 0 1 0 0 0 1 0 0 1 1
 1 1 1 0 0 2 0 2 0 0 2 2 1 2 0 0 0 1 2 2 2 0 0 2 1 0 0 1 2 2 2 0 1 2 1 0 0
 0 0 0 0 0 0 0 1 2 1 1 0 0 0 1 2 0 0 2 0 0 2 0 2 0 0 0 0 1 0 2 1 0 0 0 1 0
 2 0 0 0 1 0 0 1 0 0 0 0 0 1 1 2 2 2 0 2 0 1 2 1 2 0 2 0 1 2 1 2 0 1 1 0 0
 1 0 0 2 1 0 2 0 0 1 1 2 1 2 0 0 1 2 1 1 2 0 2 2 0 0 0 0 1 1 0 0 0 1 1 0 2
 0 0 1 2 2 2 2 2 0 0 1 0 0 1 1 2 0 1 2 0 0 0 0 2 0 2 0 0 2 1 0 2 0 0 0 1 0
 2 0 0 1 0 1 1 1 2 0 0 2 2 2 0 1 1 2 0 1 0 1 2 0 1 0 1 0 0 0 0 0 0 1 2 1 0
 2 0 1 0 2 2 1 0 0 0 1 2 1 0 1 0 2 1 2 0 0 2 2 0 2 2 2 0 1 0 0 0 0 2 2 0 0
 0 1 2 1 2 0 1 1 1 2 0 0 2 0 0 1 1 2 2 2 2 2 0 1 2 0 0 1 0 1 1 1 0 0 0 2 2
 1 0 2 0 0 1 2 0 1 0 1 0 0 0 1 1 0 2 1 1 1 0 0 1 1 0 0 2 0 0 0 0 0 1 1 0 0
 0 2 1 2 0 0 1 1 0 2 2 1 2 2 1 1 0 0 2 2 0 1 1 2 2 0 1 0 0 2 2 0 1 0 1 0 1
 1 2 1 2 0 0 2 0 2 0 2 0 1 0 2 0 2 1 1 2 1 0 1 2 0 1 2 2 2 2 0 0 0 1 0 0 0
 2 2 0 2 1 0 0 1 2 0 2 2 0 0 0 2 0 1 0 0 0 0 1 0 2 1 0 0 0 0 1 0 0 1 0 2 0
 0]"
misspec_tuned__rho0.6_block10_noise3__correlated_noise__seed2001__DIVI_p3,run_divi_misspec_robustness_tuned.py,2026-04-02T15:22:01Z,unknown,local,cpu,x86_64,synthetic_correlated_noise,rho0.6_block10_noise3,correlated_noise,1000,100,3,0.1,0.9,3.0,101001,2001,DIVI,3,DIVI,1000.0,1.0,120,manual_mult_auto,141.89385332046726,1.0,0.01,1.0,0.1,300,300,3,2,120,240,"[120, 240]",0.9442792544625843,0.9260750542826881,0.20454545454545456,0.981,78,0.78,0.6446132659912109,0.6700412034988403,165249.5,152147.171875,13102.328125,161334.609375,3.9148943424224854,1.0655002959997546,2.9149999591027154e-05,1.062764566000169,0.0020049500003551657,0.002173559999846475,0.0035425485533338965,460.3984375,ok,0,,outputs/misspec_robustness_tuned,"[120, 240]",random_prior,"[1 1 0 1 1 2 0 0 1 0 0 1 1 2 0 1 1 0 1 1 2 0 0 0 2 1 1 2 0 0 2 0 1 1 0 0 0
 2 1 0 2 1 1 2 1 1 1 2 1 1 1 1 1 1 2 1 1 1 2 1 2 2 1 1 1 0 2 1 2 0 1 2 1 1
 1 1 2 1 1 0 0 2 1 1 2 0 0 2 0 1 1 1 0 0 2 0 1 2 2 2 1 1 1 0 0 0 2 1 1 0 0
 0 2 2 2 1 2 0 1 2 1 1 0 1 2 1 1 1 2 1 0 1 1 1 1 2 1 1 2 2 1 1 2 0 1 2 0 2
 1 0 1 1 1 0 1 2 1 0 0 0 2 0 0 0 2 0 0 1 1 0 1 2 1 0 2 2 2 1 2 0 1 0 0 2 1
 0 0 2 1 1 0 0 0 1 0 2 1 0 0 0 2 0 1 0 2 0 0 0 0 0 0 2 2 2 2 0 2 0 0 0 0 1
 0 2 2 0 2 1 0 2 0 1 2 0 2 1 0 2 2 1 0 0 1 0 0 0 1 2 0 2 0 2 0 1 2 0 1 2 1
 0 1 1 2 1 0 0 1 2 2 2 1 2 1 1 0 1 2 2 2 2 0 0 2 1 1 0 1 2 2 0 2 0 2 0 1 0
 1 2 0 0 1 0 0 0 1 2 1 0 1 0 2 0 0 0 0 1 0 0 0 0 2 0 0 2 1 1 0 2 0 0 1 0 2
 2 0 2 1 0 1 0 1 1 2 0 2 2 0 0 0 1 2 2 2 1 1 0 2 1 1 0 2 2 1 1 0 2 0 2 2 0
 1 1 1 2 2 1 0 1 1 2 2 0 1 0 2 0 2 0 1 2 0 2 2 1 0 0 2 2 0 1 0 1 1 1 2 1 1
 0 1 2 2 2 1 0 0 2 2 0 1 1 0 1 0 1 0 1 0 2 1 1 0 2 2 0 1 0 2 1 0 2 1 1 1 2
 0 2 1 2 0 2 1 1 1 2 1 2 1 0 1 1 2 0 2 1 2 2 0 1 2 1 1 2 1 1 0 2 2 0 0 1 2
 0 2 0 1 2 2 2 1 1 0 0 1 0 0 0 0 2 0 0 0 0 2 1 0 2 2 2 1 0 2 1 2 1 1 1 0 1
 2 1 0 2 2 1 2 2 2 1 2 1 2 1 2 0 0 0 1 2 1 2 0 2 2 0 0 0 1 1 0 1 0 1 1 2 2
 0 1 2 2 2 2 2 0 1 2 2 0 0 2 2 2 0 2 2 0 1 1 2 2 0 1 1 0 2 2 2 2 0 0 1 1 1
 1 1 1 0 0 0 0 1 2 2 1 1 2 0 2 1 2 0 2 0 1 0 1 2 2 1 2 2 1 0 0 0 0 2 2 0 2
 1 1 1 1 2 2 1 0 2 0 1 1 1 2 2 2 0 1 2 2 1 1 0 1 0 0 2 1 1 0 0 1 0 1 2 0 0
 2 1 1 2 2 2 2 1 2 2 1 1 0 2 1 2 2 1 1 0 1 2 1 1 0 0 0 1 0 0 1 1 2 0 0 0 1
 1 1 2 0 2 2 2 0 2 2 0 1 1 2 0 1 2 1 2 2 2 1 1 1 0 2 2 0 2 0 1 2 0 0 0 0 2
 0 0 0 2 1 1 1 0 0 0 2 1 1 2 1 0 2 2 2 1 1 2 0 0 1 1 0 0 2 1 1 1 0 0 0 0 2
 0 2 2 2 2 0 1 0 2 2 1 0 0 2 2 1 1 2 0 1 0 2 2 1 0 1 2 0 1 2 1 1 1 0 0 2 1
 0 0 2 0 2 2 0 0 0 2 0 2 1 1 2 0 1 2 2 0 0 0 1 2 0 0 1 2 1 2 1 0 0 1 2 0 1
 1 0 2 2 2 2 0 1 1 1 2 0 1 0 1 0 1 2 2 1 1 1 0 0 2 0 2 0 2 1 0 1 0 0 1 2 0
 1 2 2 2 1 2 0 1 0 1 0 1 2 2 2 1 1 2 0 0 0 1 2 2 2 0 0 1 0 1 2 1 2 0 2 1 2
 0 1 0 2 0 1 0 1 1 0 2 0 1 0 0 2 1 2 1 1 1 2 2 1 0 2 1 2 0 1 2 0 2 1 1 1 1
 2 0 1 2 2 1 1 0 1 1 1 0 2 2 1 1 1 2 0 1 0 0 0 0 1 1 0 0 0 0 0 2 2 1 1 1 0
 1]"
misspec_tuned__rho0.6_block10_noise3__correlated_noise__seed2001__kmeans_oracle,run_divi_misspec_robustness_tuned.py,2026-04-02T15:22:01Z,unknown,local,cpu,x86_64,synthetic_correlated_noise,rho0.6_block10_noise3,correlated_noise,1000,100,3,0.1,0.9,3.0,101001,2001,kmeans_oracle,nan,KMeans,nan,nan,120,manual_mult_auto,141.89385332046726,1.0,0.01,1.0,0.1,300,nan,3,0,nan,nan,[],0.3355847904308974,0.361604888501609,nan,0.684,nan,nan,nan,nan,nan,nan,nan,nan,nan,nan,nan,nan,nan,nan,nan,460.3984375,ok,0,,outputs/misspec_robustness_tuned
misspec_tuned__rho0.6_block10_noise3__correlated_noise__seed2001__gmm_oracle,run_divi_misspec_robustness_tuned.py,2026-04-02T15:22:01Z,unknown,local,cpu,x86_64,synthetic_correlated_noise,rho0.6_block10_noise3,correlated_noise,1000,100,3,0.1,0.9,3.0,101001,2001,gmm_oracle,nan,GaussianMixtureDiag,nan,nan,120,manual_mult_auto,141.89385332046726,1.0,0.01,1.0,0.1,300,nan,3,0,nan,nan,[],0.499774427504959,0.5666514813144979,nan,0.703,nan,nan,nan,nan,nan,nan,nan,nan,nan,nan,nan,nan,nan,nan,nan,460.3984375,ok,0,,outputs/misspec_robustness_tuned
misspec_tuned__rho0.6_block10_noise3__correlated_noise__seed2002__DIVI_p1,run_divi_misspec_robustness_tuned.py,2026-04-02T15:22:04Z,unknown,local,cpu,x86_64,synthetic_correlated_noise,rho0.6_block10_noise3,correlated_noise,1000,100,3,0.1,0.9,3.0,101002,2002,DIVI,1,DIVI,1000.0,1.0,120,manual_mult_auto,141.89385332046726,1.0,0.01,1.0,0.1,300,300,3,2,120,240,"[120, 240]",0.9790783248180612,0.9608918653278227,0.24390243902439027,0.993,72,0.72,0.6011302471160889,0.6226029396057129,167652.421875,155944.3125,11708.109375,163011.03125,4.641392707824707,0.9981546590001926,0.17521610099993268,0.8205358179998257,0.0019947999999203603,0.001916449999953329,0.002735119393332752,461.41796875,ok,0,,outputs/misspec_robustness_tuned,"[120, 240]",informative_kw_llr,"[1 1 0 0 0 2 1 0 1 2 2 0 0 0 1 1 0 0 2 0 0 2 0 1 0 1 0 2 2 0 1 2 0 2 1 0 2
 1 1 0 0 1 1 1 0 0 2 2 2 1 2 1 0 0 1 1 0 1 2 0 0 1 2 1 0 1 2 2 0 2 1 1 2 1
 2 2 1 0 2 0 2 0 1 2 2 0 1 1 0 1 2 0 1 1 1 0 2 0 1 1 1 2 2 1 1 2 1 0 2 0 0
 0 1 2 2 1 2 1 2 2 1 0 1 0 2 1 1 0 1 2 2 2 2 0 2 1 2 1 2 2 2 1 0 1 1 2 1 0
 0 2 1 0 1 2 0 1 0 0 1 1 0 2 2 2 0 2 2 2 1 2 1 0 0 0 0 0 2 2 0 1 1 0 0 1 0
 0 2 0 0 2 0 1 1 0 1 2 0 1 1 0 0 0 1 1 0 0 0 0 2 2 2 1 0 1 0 1 0 0 0 2 0 0
 0 1 1 0 0 0 2 1 0 1 0 2 1 0 0 1 0 2 2 1 0 0 2 0 1 1 1 0 0 2 2 2 0 1 1 2 2
 2 1 1 2 2 2 2 2 0 0 0 0 0 2 0 2 1 1 2 2 1 2 0 0 1 0 2 1 0 2 0 0 1 1 0 0 2
 2 2 2 2 0 1 0 0 1 2 0 2 1 0 2 1 2 2 1 2 1 0 1 2 0 0 2 0 1 0 1 2 0 0 0 1 1
 0 0 2 0 1 2 2 0 1 1 0 0 0 0 1 2 0 0 1 1 1 1 2 2 0 0 0 0 2 2 2 0 2 1 1 0 0
 2 2 0 2 1 1 1 2 0 1 2 2 2 1 1 1 0 0 2 1 2 0 1 2 0 0 1 0 2 1 1 1 1 2 1 0 1
 0 1 1 0 1 2 2 0 0 2 0 2 2 2 0 0 2 2 2 1 0 0 1 0 2 2 1 1 2 2 1 0 1 2 1 0 2
 2 0 2 0 0 0 0 0 0 0 0 2 0 1 1 1 0 1 0 2 2 1 1 1 1 0 0 1 0 0 2 2 0 2 2 1 1
 2 0 2 0 2 0 2 2 1 1 1 1 1 2 2 0 1 2 1 2 1 2 0 1 2 1 2 0 1 1 0 1 2 1 1 2 2
 2 2 1 2 2 0 2 1 1 1 1 1 2 2 2 2 0 2 0 1 1 1 1 1 1 2 2 1 1 0 1 2 1 1 0 0 1
 1 1 1 0 2 1 0 2 0 1 1 2 2 0 0 0 1 2 1 2 2 2 1 2 1 1 2 0 1 2 1 0 1 2 2 2 1
 1 1 1 1 0 1 0 2 0 2 2 0 1 2 2 2 1 2 2 1 2 1 1 0 0 2 0 2 0 1 2 1 2 2 2 0 2
 1 2 1 0 0 2 2 2 1 0 1 2 2 2 0 1 0 0 2 1 0 0 1 0 2 1 0 2 1 0 0 2 2 2 0 0 2
 1 2 1 2 0 0 0 1 0 0 2 1 2 1 2 0 2 1 1 0 0 0 2 0 1 1 1 1 1 2 0 0 2 0 0 2 1
 0 1 0 0 1 2 1 1 0 2 1 2 0 1 1 1 0 2 0 1 0 0 2 0 0 2 2 2 2 1 1 2 0 2 0 0 2
 1 0 1 0 0 1 0 2 2 0 2 0 2 1 0 2 1 2 2 1 1 2 2 1 0 2 0 2 0 2 1 0 2 0 0 0 2
 1 1 1 2 0 2 1 2 2 0 1 2 2 1 0 2 2 2 2 0 1 0 2 1 1 1 0 1 0 1 0 2 0 2 1 0 2
 1 1 1 1 1 2 0 0 2 2 2 1 1 1 0 0 1 2 1 1 2 2 2 0 1 0 0 2 1 1 0 2 1 0 2 0 1
 0 2 2 1 0 0 1 1 1 2 2 0 2 2 1 2 0 1 1 0 2 1 0 0 2 1 2 2 0 0 1 0 1 1 1 0 1
 2 0 0 2 2 1 0 1 0 0 2 1 1 2 0 1 1 1 2 2 2 1 1 1 1 1 1 0 1 0 2 1 1 0 0 1 0
 2 2 1 0 2 2 1 2 0 0 1 0 2 0 0 2 1 2 0 0 1 1 1 0 0 1 0 0 2 0 0 2 1 2 1 2 1
 2 0 2 1 1 2 2 2 2 2 0 2 2 1 1 1 0 1 2 0 1 2 0 2 0 1 1 0 2 0 0 1 2 0 0 2 2
 2]"
misspec_tuned__rho0.6_block10_noise3__correlated_noise__seed2002__DIVI_p2,run_divi_misspec_robustness_tuned.py,2026-04-02T15:22:04Z,unknown,local,cpu,x86_64,synthetic_correlated_noise,rho0.6_block10_noise3,correlated_noise,1000,100,3,0.1,0.9,3.0,101002,2002,DIVI,2,DIVI,1000.0,1.0,120,manual_mult_auto,141.89385332046726,1.0,0.01,1.0,0.1,300,300,3,2,120,240,"[120, 240]",0.5011712587668858,0.5519180472083512,0.18181818181818182,0.724,100,1.0,0.6718900799751282,0.6699978113174438,166474.234375,149588.9375,16885.296875,160354.390625,6.119836330413818,0.7854913999999553,2.2559999706572853e-05,0.7823444700002256,0.001655089000450971,0.0026406299998598115,0.002607814900000752,463.70703125,ok,0,,outputs/misspec_robustness_tuned,"[120, 240]",noninformative_uniform,"[1 2 0 0 0 1 1 0 1 2 1 0 0 0 2 0 0 0 2 0 0 1 0 1 0 1 0 1 2 0 2 2 0 1 2 0 2
 2 1 0 0 1 2 2 0 0 2 2 1 2 2 1 0 0 1 1 0 2 2 0 0 1 2 1 0 2 2 2 0 2 1 2 2 2
 2 1 1 0 2 0 2 0 1 2 2 0 2 1 0 2 2 0 1 1 1 0 2 0 2 2 1 2 1 1 1 2 1 0 2 0 0
 0 2 2 2 1 1 2 1 1 2 0 1 0 1 2 1 0 1 1 2 1 2 0 1 1 1 1 2 2 2 2 0 1 1 2 2 0
 0 2 1 0 2 1 0 2 0 0 2 1 0 1 2 2 0 1 2 1 2 2 1 0 0 0 0 0 2 2 0 1 2 0 0 2 0
 0 1 0 0 1 0 2 1 0 1 1 0 2 2 0 0 0 1 1 0 0 0 0 1 1 2 1 0 1 0 1 0 0 0 2 0 0
 0 1 2 0 0 0 2 1 0 2 0 1 2 0 0 2 0 2 1 2 0 0 2 0 1 1 1 0 0 2 2 2 0 2 1 1 2
 2 1 1 1 2 2 2 2 0 0 0 0 0 1 0 2 2 1 2 2 1 1 0 0 1 0 1 1 0 2 0 0 1 1 0 0 2
 1 2 2 2 0 2 0 0 2 1 0 2 1 0 2 1 2 2 2 2 2 0 2 1 0 0 2 0 2 0 1 1 0 0 0 1 1
 0 0 2 0 1 2 1 0 2 2 0 0 0 0 1 1 0 0 2 2 2 1 2 1 0 0 0 0 2 2 2 0 1 1 1 0 0
 1 1 0 2 2 1 1 2 0 2 1 2 1 1 1 1 0 0 2 2 2 0 2 1 0 0 1 0 1 2 2 1 2 2 2 0 1
 0 0 2 0 2 2 2 0 0 1 0 2 2 2 0 0 1 2 2 1 0 0 2 0 2 1 1 1 1 2 2 0 2 2 2 0 2
 2 0 1 0 0 0 0 0 0 0 0 1 0 2 1 1 0 2 0 2 2 1 1 2 2 0 0 1 0 0 2 2 0 2 1 2 1
 2 0 1 0 2 0 2 2 1 1 1 1 2 2 1 0 1 2 0 2 1 1 0 2 2 2 2 0 2 2 0 1 2 2 1 2 2
 1 2 2 2 2 0 2 2 1 2 1 2 2 2 1 2 0 1 0 0 2 1 2 2 2 1 1 2 2 0 0 1 0 1 0 0 2
 1 2 1 0 1 1 0 2 0 2 2 1 1 0 0 0 2 2 2 2 1 2 2 1 1 1 2 0 2 2 1 0 2 2 1 1 0
 1 2 2 2 0 1 0 1 0 1 2 0 1 1 2 1 1 2 2 2 2 2 2 0 0 2 0 2 0 1 2 1 2 1 1 0 1
 1 1 1 0 0 2 2 2 1 0 1 2 1 2 0 1 0 0 1 2 0 0 2 0 2 1 0 2 1 0 0 2 2 2 0 0 1
 1 2 2 2 0 0 0 1 0 0 2 1 2 0 1 0 1 2 1 0 0 0 2 0 1 1 1 1 1 2 0 0 1 0 0 2 0
 0 1 0 0 2 2 2 1 0 2 2 1 0 1 2 1 0 2 0 2 0 0 1 0 0 1 2 1 2 2 2 2 0 2 0 0 1
 2 0 2 0 0 1 0 2 2 0 1 0 2 1 0 2 2 2 2 1 2 2 1 2 0 1 0 1 0 2 1 0 1 0 0 0 2
 1 1 2 2 0 2 2 2 2 0 1 1 2 1 0 2 2 2 2 0 2 0 2 1 1 2 0 1 0 2 0 2 0 2 2 0 1
 1 1 1 1 1 1 0 0 2 2 2 2 1 2 0 0 1 1 1 0 2 2 2 0 1 0 0 2 1 1 0 2 2 0 1 0 2
 0 2 2 1 0 0 2 1 1 1 1 0 2 2 2 2 0 2 1 0 1 1 0 0 2 2 2 2 0 0 2 0 1 2 1 0 1
 2 0 0 2 1 2 0 1 0 0 1 1 1 2 0 2 1 1 2 1 2 1 1 1 2 2 0 0 1 0 1 1 1 0 0 1 0
 1 1 1 0 2 2 2 2 0 0 2 0 2 0 0 2 1 2 0 0 2 2 1 0 0 1 0 0 1 0 0 2 1 1 1 1 0
 2 0 2 0 2 1 2 1 2 2 0 1 1 2 2 2 0 1 2 0 2 2 0 1 0 1 2 0 1 0 0 1 2 0 0 1 2
 2]"
misspec_tuned__rho0.6_block10_noise3__correlated_noise__seed2002__DIVI_p3,run_divi_misspec_robustness_tuned.py,2026-04-02T15:22:04Z,unknown,local,cpu,x86_64,synthetic_correlated_noise,rho0.6_block10_noise3,correlated_noise,1000,100,3,0.1,0.9,3.0,101002,2002,DIVI,3,DIVI,1000.0,1.0,120,manual_mult_auto,141.89385332046726,1.0,0.01,1.0,0.1,300,300,3,2,120,240,"[120, 240]",0.01784747807864436,0.02099611297121806,0.15189873417721517,0.402,69,0.69,0.5811002850532532,0.6625266075134277,171224.59375,157879.828125,13344.765625,167221.328125,4.00326681137085,0.7898339090002082,2.786999993986683e-05,0.7860803200001101,0.00166652999996586,0.003243139999995037,0.0026202677333337,462.6875,ok,0,,outputs/misspec_robustness_tuned,"[120, 240]",random_prior,"[0 0 0 1 0 1 0 1 2 0 2 0 1 1 1 0 0 1 2 2 1 2 0 1 0 1 1 0 2 1 1 0 0 0 0 0 0
 2 0 1 1 1 2 1 0 0 1 0 0 0 1 0 0 1 1 2 1 2 1 0 0 1 0 0 0 1 2 0 0 1 0 0 1 1
 0 0 0 0 1 2 2 1 0 2 2 0 1 0 1 1 0 1 1 0 0 1 2 2 1 0 1 2 0 0 1 2 2 0 1 2 2
 1 1 2 2 0 0 1 2 0 1 0 0 2 0 0 0 1 1 0 1 0 2 0 2 0 0 2 2 1 2 0 0 1 0 2 0 1
 0 2 0 0 2 0 1 1 1 0 2 1 1 0 0 1 1 2 2 2 1 2 0 1 0 0 2 1 2 2 0 1 2 0 1 0 0
 1 0 1 2 0 0 1 0 1 1 0 0 1 2 1 0 0 0 0 0 2 1 1 1 2 2 0 0 2 0 0 1 0 1 2 1 0
 1 1 0 1 0 0 2 1 1 1 1 0 0 0 1 2 2 2 2 0 0 0 2 2 0 2 2 0 0 0 0 1 0 1 1 2 0
 0 2 2 2 0 1 0 1 2 0 0 0 0 0 1 0 2 2 2 1 0 2 0 2 0 2 2 0 1 1 1 1 2 0 1 2 1
 0 2 1 1 0 1 0 1 1 0 1 1 0 1 1 0 1 1 2 2 2 0 0 0 2 2 0 0 1 1 0 2 1 0 1 0 0
 1 0 0 2 1 2 0 1 2 1 2 0 2 0 2 0 1 1 2 1 2 0 1 0 0 2 1 1 0 2 2 1 0 2 2 0 1
 1 2 0 1 1 0 0 0 0 0 0 2 1 0 1 1 2 0 0 0 1 0 0 0 1 2 0 1 0 0 1 0 1 1 0 1 1
 2 1 0 0 1 0 2 1 2 0 0 1 2 0 2 1 0 2 1 1 2 2 0 2 2 0 1 0 2 0 1 2 2 2 1 0 2
 0 0 2 0 0 0 1 1 2 0 1 1 0 1 2 0 1 0 2 1 2 2 0 1 2 0 1 0 1 0 2 2 0 1 0 1 0
 0 2 2 1 2 1 2 1 0 1 2 0 0 0 1 1 0 2 1 1 0 0 1 1 2 1 0 0 2 1 0 2 2 1 2 2 2
 0 1 2 1 2 0 0 1 0 1 0 0 1 0 0 1 1 0 2 2 1 1 1 1 1 0 0 0 1 1 1 0 2 0 1 1 2
 2 2 0 1 0 0 1 1 0 0 2 0 0 0 1 2 0 2 1 2 0 2 1 1 0 0 1 0 2 2 1 0 1 2 2 1 0
 0 0 1 0 1 1 1 0 0 2 1 1 2 0 0 0 0 0 2 1 1 1 0 1 0 0 2 2 1 1 2 1 0 2 2 0 0
 1 2 0 1 1 1 1 2 0 1 0 0 0 2 0 0 2 1 0 0 1 1 1 1 1 0 0 2 2 0 0 0 2 1 1 2 0
 1 2 0 2 0 0 2 1 1 2 1 0 2 1 0 2 2 1 0 0 1 0 0 1 1 0 0 2 1 1 1 2 2 2 1 0 2
 0 1 0 1 0 0 1 2 0 2 1 0 1 1 0 0 0 0 1 2 1 1 0 1 1 2 0 0 1 0 1 2 0 1 1 1 0
 0 1 1 2 1 0 1 2 0 2 0 0 0 1 1 2 2 0 1 0 1 0 1 1 0 0 2 1 2 2 0 0 0 2 1 1 0
 0 0 2 2 1 1 1 1 1 0 1 0 2 0 1 2 2 0 1 0 1 0 1 2 2 2 0 0 1 0 1 2 0 1 1 1 0
 2 1 0 0 0 1 0 0 2 1 2 1 0 1 1 1 1 0 2 2 0 1 1 0 1 1 0 2 0 2 0 1 0 1 0 0 1
 0 2 1 0 0 1 2 1 1 0 0 1 2 0 2 1 1 1 2 2 0 0 0 0 2 0 0 2 1 2 0 2 2 0 0 0 2
 1 1 1 2 0 1 1 2 1 1 2 1 2 0 1 1 0 1 0 1 2 0 2 0 2 2 2 2 1 2 0 1 0 0 1 0 0
 0 0 1 1 1 0 1 0 0 0 1 0 1 0 0 2 0 0 2 2 0 1 0 0 0 0 1 0 2 1 1 2 1 0 2 0 1
 2 1 1 0 2 2 2 2 1 0 1 2 1 1 0 0 0 1 0 2 1 0 1 0 1 2 1 1 0 1 1 0 0 1 1 2 1
 0]"
misspec_tuned__rho0.6_block10_noise3__correlated_noise__seed2002__kmeans_oracle,run_divi_misspec_robustness_tuned.py,2026-04-02T15:22:04Z,unknown,local,cpu,x86_64,synthetic_correlated_noise,rho0.6_block10_noise3,correlated_noise,1000,100,3,0.1,0.9,3.0,101002,2002,kmeans_oracle,nan,KMeans,nan,nan,120,manual_mult_auto,141.89385332046726,1.0,0.01,1.0,0.1,300,nan,3,0,nan,nan,[],0.37525548785537655,0.4005479207771504,nan,0.629,nan,nan,nan,nan,nan,nan,nan,nan,nan,nan,nan,nan,nan,nan,nan,462.6875,ok,0,,outputs/misspec_robustness_tuned
misspec_tuned__rho0.6_block10_noise3__correlated_noise__seed2002__gmm_oracle,run_divi_misspec_robustness_tuned.py,2026-04-02T15:22:04Z,unknown,local,cpu,x86_64,synthetic_correlated_noise,rho0.6_block10_noise3,correlated_noise,1000,100,3,0.1,0.9,3.0,101002,2002,gmm_oracle,nan,GaussianMixtureDiag,nan,nan,120,manual_mult_auto,141.89385332046726,1.0,0.01,1.0,0.1,300,nan,3,0,nan,nan,[],0.4933487074760983,0.5586396011527328,nan,0.685,nan,nan,nan,nan,nan,nan,nan,nan,nan,nan,nan,nan,nan,nan,nan,462.6875,ok,0,,outputs/misspec_robustness_tuned
misspec_tuned__rho0.6_block10_noise3__correlated_noise__seed2003__DIVI_p1,run_divi_misspec_robustness_tuned.py,2026-04-02T15:22:07Z,unknown,local,cpu,x86_64,synthetic_correlated_noise,rho0.6_block10_noise3,correlated_noise,1000,100,3,0.1,0.9,3.0,101003,2003,DIVI,1,DIVI,1000.0,1.0,120,manual_mult_auto,141.89385332046726,1.0,0.01,1.0,0.1,300,300,3,2,120,240,"[120, 240]",0.9970015045323003,0.9938029489046497,0.29411764705882354,0.999,58,0.58,0.5182706713676453,0.5318691730499268,173723.703125,161227.015625,12496.6875,168319.5625,5.404140472412109,1.1369841119999364,0.18412406100014778,0.948662100999627,0.001725710999835428,0.0034872299997914524,0.00316220700333209,464.85546875,ok,0,,outputs/misspec_robustness_tuned,"[120, 240]",informative_kw_llr,"[0 0 2 2 2 0 0 0 0 2 1 1 1 0 1 1 2 2 2 0 2 0 0 2 0 2 0 0 2 1 2 2 2 0 2 0 0
 2 1 0 0 0 1 0 0 1 2 0 2 1 1 2 2 0 1 2 2 1 2 0 2 2 1 1 1 2 2 1 2 2 1 1 1 1
 1 1 0 0 0 0 1 2 0 1 1 0 0 1 2 1 2 1 1 2 2 0 2 1 0 0 2 1 1 1 0 0 1 2 0 1 1
 0 0 0 1 2 1 0 0 1 2 2 2 0 0 0 1 2 1 2 0 2 1 1 0 0 2 0 1 1 0 0 1 2 2 1 0 0
 1 0 2 0 2 2 2 1 1 1 1 1 2 0 1 1 1 2 2 0 1 2 2 1 1 0 0 0 0 1 0 0 0 1 0 2 0
 0 1 1 0 1 1 2 1 2 2 2 1 2 2 1 0 1 2 2 0 1 0 2 0 1 0 1 0 2 1 0 2 2 1 0 1 0
 1 0 0 0 2 1 2 2 0 1 2 2 0 1 0 1 0 1 1 2 0 1 0 1 2 2 1 0 0 2 0 1 1 2 2 0 2
 2 0 2 2 0 0 1 1 2 1 1 1 0 1 1 0 2 2 2 2 1 1 0 0 1 2 0 0 1 2 0 0 2 2 0 2 1
 0 1 0 2 0 0 0 2 2 2 1 2 0 1 2 1 2 1 1 0 0 1 0 2 2 1 0 2 1 2 2 2 0 2 2 0 1
 1 2 1 0 1 2 1 0 1 1 1 2 2 0 2 1 1 2 1 2 1 1 0 0 0 2 2 0 1 2 0 2 2 0 2 1 0
 1 1 2 2 1 1 0 1 2 1 1 0 2 0 0 2 0 0 0 0 0 0 0 0 0 2 2 0 1 1 1 0 1 1 2 2 0
 1 1 0 1 0 2 1 2 2 1 1 2 0 0 1 1 1 0 0 0 2 1 0 0 0 2 1 0 0 0 2 2 1 2 0 1 1
 1 1 2 0 1 2 0 0 2 2 2 1 1 1 2 2 0 0 2 0 0 2 2 2 2 0 1 1 0 0 0 2 2 1 0 0 2
 0 0 2 2 1 1 0 2 2 0 1 1 2 1 1 2 0 2 2 2 1 1 2 1 0 0 2 1 0 0 1 0 1 2 1 0 1
 2 0 0 1 2 1 0 0 0 0 1 0 0 0 0 0 0 0 0 1 2 1 2 0 1 1 2 1 1 1 1 0 0 1 2 2 0
 1 1 2 2 2 0 0 1 2 2 0 2 1 2 2 0 1 2 2 0 0 1 2 1 0 1 1 2 1 1 2 1 0 1 0 1 2
 2 1 0 1 2 0 2 2 1 2 1 1 0 1 1 0 0 2 2 2 1 2 0 1 2 0 2 0 1 1 0 1 1 0 1 1 1
 2 0 0 2 1 1 2 1 0 0 0 2 0 0 1 0 0 2 0 2 1 0 0 2 2 2 1 1 0 0 1 0 2 2 2 0 2
 0 2 0 1 0 0 2 2 1 2 1 0 2 2 1 1 2 2 1 2 1 2 2 1 2 0 2 0 1 1 1 0 2 0 1 0 1
 0 2 1 2 0 2 1 0 0 1 0 2 2 0 2 0 1 2 0 0 1 0 0 1 2 2 2 2 1 1 1 2 0 0 1 1 2
 0 1 2 2 2 0 1 2 1 0 1 1 1 1 2 2 0 2 0 2 2 1 1 2 2 1 2 2 2 1 1 1 0 2 2 2 2
 0 1 2 0 1 2 1 1 1 1 2 1 1 2 1 0 0 1 2 0 1 2 2 0 0 2 0 2 0 2 0 1 0 2 0 1 2
 0 1 0 1 2 2 1 2 0 0 1 2 2 1 2 2 0 2 1 1 1 2 1 1 0 0 0 1 1 2 2 1 0 0 1 0 1
 2 1 1 0 1 2 0 2 0 0 2 1 0 0 1 0 2 1 1 1 1 1 1 0 2 2 2 2 0 0 2 2 1 2 0 0 0
 2 1 1 1 0 0 1 1 2 2 0 1 0 1 1 0 1 2 1 0 0 2 0 2 0 2 2 1 2 1 2 2 2 2 2 1 0
 1 2 0 0 2 2 2 1 1 1 0 0 0 0 0 2 0 1 1 2 0 0 2 1 2 2 1 0 2 0 0 0 1 1 0 2 0
 0 0 0 0 2 0 2 0 0 1 0 2 2 1 2 2 2 1 0 2 1 2 0 2 1 2 1 1 2 2 1 0 1 1 2 2 1
 0]"
misspec_tuned__rho0.6_block10_noise3__correlated_noise__seed2003__DIVI_p2,run_divi_misspec_robustness_tuned.py,2026-04-02T15:22:07Z,unknown,local,cpu,x86_64,synthetic_correlated_noise,rho0.6_block10_noise3,correlated_noise,1000,100,3,0.1,0.9,3.0,101003,2003,DIVI,2,DIVI,1000.0,1.0,120,manual_mult_auto,141.89385332046726,1.0,0.01,1.0,0.1,300,300,3,2,120,240,"[120, 240]",0.20725475043615246,0.23030309383091813,0.18181818181818182,0.555,100,1.0,0.6698196530342102,0.6680248975753784,167198.265625,148977.796875,18220.46875,161227.125,5.971147060394287,0.895232673999999,2.5459999960730784e-05,0.8926481739999872,0.0025767000001906126,0.0020982690002711024,0.0029754939133332906,469.0546875,ok,0,,outputs/misspec_robustness_tuned,"[120, 240]",noninformative_uniform,"[0 0 2 2 0 2 2 2 2 0 1 0 1 2 1 1 0 0 1 0 2 2 0 2 0 1 2 2 1 1 2 2 1 2 1 2 2
 0 0 0 0 0 1 2 0 0 0 0 2 0 1 0 2 2 1 2 1 1 0 0 2 0 1 1 1 2 1 1 0 2 1 0 0 1
 0 1 2 0 0 0 1 1 0 1 2 2 2 0 0 2 2 1 1 0 0 0 0 1 0 2 2 0 1 0 2 0 1 2 2 1 1
 0 0 2 1 0 2 2 1 1 0 2 0 2 2 0 0 0 1 1 2 1 1 1 0 0 0 2 0 1 2 0 1 1 0 1 2 2
 1 2 0 0 0 1 0 1 1 1 0 1 1 0 1 1 1 0 1 0 0 0 2 1 1 2 2 0 2 0 2 2 2 2 0 1 2
 0 0 1 2 1 2 0 1 0 1 2 1 0 1 0 0 1 0 1 0 1 2 0 2 1 0 1 2 2 1 0 1 1 1 2 1 2
 1 2 2 0 0 1 1 0 2 0 2 0 2 0 0 1 2 1 2 0 0 1 0 0 2 2 1 0 0 2 2 1 0 2 1 2 2
 2 0 2 1 2 0 1 1 0 1 1 1 0 1 2 0 0 2 2 0 1 0 0 2 1 0 2 0 1 2 0 2 2 0 0 1 1
 2 1 0 2 2 0 0 2 1 0 1 0 2 1 0 1 2 1 0 0 2 1 2 0 2 1 2 0 1 1 1 0 2 2 2 2 1
 1 2 1 0 1 0 1 0 1 1 1 1 0 0 1 0 1 1 1 1 1 0 2 0 0 0 2 2 1 2 0 1 0 0 0 1 2
 1 0 1 2 1 1 2 1 1 2 2 0 0 0 2 2 0 2 0 2 2 2 0 2 2 1 1 0 1 0 1 0 1 1 1 0 2
 1 1 0 1 0 0 0 0 2 1 1 1 0 0 1 1 1 2 2 0 1 1 0 2 2 1 2 0 0 2 1 0 1 0 2 1 1
 0 1 1 2 0 2 0 0 0 2 0 1 1 0 1 2 0 0 2 0 0 0 1 2 0 2 1 1 0 0 0 1 2 2 2 0 1
 0 2 1 0 1 1 0 0 0 0 1 1 2 1 0 2 2 0 1 0 1 1 0 1 0 2 2 1 2 0 0 2 1 2 1 2 1
 2 0 2 1 1 1 0 2 0 0 1 2 2 0 2 2 0 0 0 1 0 1 0 0 1 1 0 1 1 0 1 2 0 1 1 0 2
 0 0 2 0 0 2 2 1 0 2 2 1 0 1 0 0 1 0 1 0 2 1 2 1 0 2 0 1 1 1 2 1 0 0 0 2 2
 1 1 0 1 0 2 0 1 1 1 1 1 2 1 1 2 2 1 0 0 0 0 0 1 0 2 0 0 0 1 2 0 1 0 1 1 1
 2 2 2 2 1 1 2 1 2 2 0 2 2 2 0 0 0 1 0 2 1 2 0 2 1 0 1 0 0 0 1 2 1 1 0 0 0
 2 1 0 1 2 0 0 0 0 0 1 0 1 0 1 1 1 1 1 2 0 2 0 1 1 0 1 0 1 1 1 2 0 0 0 0 0
 2 1 1 1 0 0 1 0 2 1 1 1 2 2 2 1 0 1 2 0 1 2 2 1 1 1 0 2 1 1 1 2 0 2 1 0 0
 0 1 0 0 0 2 0 1 1 0 0 0 1 1 1 0 0 1 0 0 1 1 1 0 1 1 0 0 0 1 1 1 0 1 0 0 0
 2 1 2 2 0 2 1 1 0 1 2 1 0 0 2 2 0 1 2 0 0 1 2 2 0 2 2 0 2 0 2 1 0 0 0 0 0
 2 0 0 1 1 2 1 0 2 2 1 0 0 1 0 1 2 0 1 1 1 1 1 1 0 0 0 0 1 0 1 1 2 2 1 2 0
 2 1 1 2 1 1 0 0 2 2 2 0 0 0 1 2 0 1 1 1 1 1 0 2 2 0 0 0 2 2 0 0 1 0 2 2 0
 0 1 1 1 0 2 2 1 2 1 0 1 2 0 1 0 1 0 0 0 0 2 2 1 2 0 2 0 1 1 0 0 1 1 0 1 0
 1 0 2 0 2 2 0 1 2 1 0 0 2 0 0 2 0 1 1 2 0 2 0 0 0 0 1 2 0 0 2 0 1 1 2 0 0
 2 2 2 0 2 0 1 2 2 1 2 1 1 1 1 1 0 0 2 1 1 1 0 2 1 0 1 2 1 1 1 2 1 1 1 1 1
 2]"
misspec_tuned__rho0.6_block10_noise3__correlated_noise__seed2003__DIVI_p3,run_divi_misspec_robustness_tuned.py,2026-04-02T15:22:07Z,unknown,local,cpu,x86_64,synthetic_correlated_noise,rho0.6_block10_noise3,correlated_noise,1000,100,3,0.1,0.9,3.0,101003,2003,DIVI,3,DIVI,1000.0,1.0,120,manual_mult_auto,141.89385332046726,1.0,0.01,1.0,0.1,300,300,3,2,120,240,"[120, 240]",0.011928138809947822,0.014261065107498715,0.14634146341463414,0.395,72,0.72,0.6083894968032837,0.6973422765731812,169042.53125,154584.796875,14457.734375,165540.53125,3.5019922256469727,0.873530775999825,2.399000004515983e-05,0.8707173960001455,0.0017625999998927,0.0023764100001244515,0.002902391320000485,464.4765625,ok,0,,outputs/misspec_robustness_tuned,"[120, 240]",random_prior,"[2 2 0 1 2 2 0 0 2 1 0 2 0 0 1 0 2 2 0 0 2 0 2 0 0 0 0 2 1 1 1 0 1 2 1 0 0
 2 0 2 1 2 2 0 2 0 0 1 0 1 0 2 0 0 0 1 1 1 2 0 2 1 1 2 2 0 2 1 2 0 2 0 1 0
 1 0 2 1 1 0 0 2 2 0 0 2 1 2 2 1 0 1 0 0 2 2 0 0 1 2 0 0 0 1 0 0 1 0 1 0 2
 1 0 0 0 2 0 2 1 1 1 0 0 0 1 2 2 2 1 0 0 1 0 2 0 1 0 0 2 2 2 1 1 0 0 0 1 2
 0 2 0 2 0 0 2 1 0 2 1 2 0 2 2 1 1 1 1 0 2 0 2 0 1 0 0 2 0 2 0 2 2 1 2 2 0
 1 1 1 2 2 0 1 1 0 1 2 1 0 0 2 2 1 1 2 2 1 1 1 0 1 0 0 0 0 1 1 1 1 1 2 0 2
 1 0 1 0 0 0 0 2 0 0 0 0 1 2 0 2 1 0 0 2 1 0 0 0 0 2 0 2 0 0 0 2 0 1 1 2 0
 0 2 1 2 0 1 0 1 1 2 0 1 0 1 0 1 0 0 0 0 2 0 0 2 1 1 1 0 0 0 2 2 0 0 0 1 1
 0 1 2 0 0 0 1 0 1 1 1 2 1 0 2 0 1 1 0 2 1 1 0 2 0 2 0 1 2 0 1 1 0 1 0 2 1
 2 1 2 1 1 0 1 0 0 1 1 1 0 2 1 2 1 1 1 1 1 1 2 2 2 0 0 0 1 1 2 1 0 0 1 2 1
 0 0 1 1 0 0 2 2 0 0 0 1 0 2 2 0 2 0 0 2 0 1 2 2 1 2 0 2 1 0 0 1 0 0 1 0 2
 0 1 1 0 2 2 2 1 0 0 0 2 2 0 0 0 0 2 2 2 0 0 1 0 2 1 0 0 0 2 0 2 0 2 1 0 1
 0 1 2 1 1 2 0 0 1 2 1 0 2 0 0 2 0 2 0 1 2 0 1 0 2 0 2 1 1 0 2 1 1 0 2 0 1
 2 2 0 2 1 1 0 2 0 0 0 0 0 0 0 0 0 2 2 0 0 2 2 0 2 0 1 1 2 2 2 1 1 1 0 0 2
 1 0 0 1 2 0 2 0 0 1 2 0 1 1 1 0 2 2 2 0 1 1 2 1 1 0 2 1 0 1 2 0 2 0 1 2 1
 0 1 2 0 0 1 0 1 0 0 2 1 1 1 2 0 0 2 1 1 1 1 0 0 0 0 0 0 1 1 1 1 0 0 0 0 0
 0 1 0 0 0 1 0 1 0 2 2 1 0 2 1 0 1 0 1 1 1 0 1 0 0 0 0 1 2 1 0 0 2 0 1 2 2
 0 0 0 2 1 0 0 2 2 0 2 0 1 0 2 2 0 0 0 0 1 0 0 0 0 1 1 2 0 0 2 2 2 2 0 2 2
 2 0 0 2 0 2 1 0 2 2 0 0 0 2 1 2 2 2 1 0 0 2 2 0 0 2 0 0 1 0 2 0 0 1 2 2 2
 2 1 1 1 0 2 1 0 0 0 1 0 2 1 0 1 1 2 2 2 2 0 1 1 0 1 1 2 2 2 1 2 2 1 1 0 1
 2 2 2 2 1 0 0 2 2 0 0 1 1 2 2 2 1 2 1 0 2 1 2 1 0 0 0 0 0 1 0 2 2 1 0 0 0
 2 1 0 2 0 1 2 0 0 0 0 1 0 2 1 1 1 1 0 2 1 1 2 0 0 1 1 1 2 0 2 1 1 2 1 2 2
 0 0 2 2 1 2 0 0 0 0 1 1 2 1 0 0 2 1 1 1 1 1 0 0 2 2 0 0 1 2 0 2 0 0 1 2 1
 0 1 0 0 0 0 1 0 0 0 0 0 2 2 1 1 2 0 0 0 0 2 1 2 0 0 2 0 0 0 0 0 2 1 0 0 2
 1 2 1 1 0 0 0 0 0 1 2 0 2 2 1 2 1 0 1 0 2 1 0 1 0 0 0 0 1 1 0 2 2 1 2 0 0
 2 2 2 2 1 1 0 1 1 1 2 2 1 2 1 0 0 1 1 1 0 2 2 0 2 2 1 0 1 0 0 0 1 1 0 1 2
 2 2 1 2 2 2 2 0 0 0 2 0 2 1 0 2 2 0 2 1 0 1 1 2 1 0 2 1 2 0 1 1 1 1 2 1 1
 0]"
misspec_tuned__rho0.6_block10_noise3__correlated_noise__seed2003__kmeans_oracle,run_divi_misspec_robustness_tuned.py,2026-04-02T15:22:07Z,unknown,local,cpu,x86_64,synthetic_correlated_noise,rho0.6_block10_noise3,correlated_noise,1000,100,3,0.1,0.9,3.0,101003,2003,kmeans_oracle,nan,KMeans,nan,nan,120,manual_mult_auto,141.89385332046726,1.0,0.01,1.0,0.1,300,nan,3,0,nan,nan,[],0.3704653122806045,0.3933824115763689,nan,0.631,nan,nan,nan,nan,nan,nan,nan,nan,nan,nan,nan,nan,nan,nan,nan,453.15625,ok,0,,outputs/misspec_robustness_tuned
misspec_tuned__rho0.6_block10_noise3__correlated_noise__seed2003__gmm_oracle,run_divi_misspec_robustness_tuned.py,2026-04-02T15:22:07Z,unknown,local,cpu,x86_64,synthetic_correlated_noise,rho0.6_block10_noise3,correlated_noise,1000,100,3,0.1,0.9,3.0,101003,2003,gmm_oracle,nan,GaussianMixtureDiag,nan,nan,120,manual_mult_auto,141.89385332046726,1.0,0.01,1.0,0.1,300,nan,3,0,nan,nan,[],0.5049225597494647,0.5603557110805185,nan,0.724,nan,nan,nan,nan,nan,nan,nan,nan,nan,nan,nan,nan,nan,nan,nan,453.15625,ok,0,,outputs/misspec_robustness_tuned
misspec_tuned__rho0.6_block10_noise3__correlated_noise__seed2004__DIVI_p1,run_divi_misspec_robustness_tuned.py,2026-04-02T15:22:10Z,unknown,local,cpu,x86_64,synthetic_correlated_noise,rho0.6_block10_noise3,correlated_noise,1000,100,3,0.1,0.9,3.0,101004,2004,DIVI,1,DIVI,1000.0,1.0,120,manual_mult_auto,141.89385332046726,1.0,0.01,1.0,0.1,300,300,3,2,120,240,"[120, 240]",0.9940030181141498,0.9888650156468761,0.25316455696202533,0.998,69,0.69,0.6211397647857666,0.6910899877548218,165443.921875,153447.78125,11996.140625,161723.9375,3.719989061355591,1.0723966150003434,0.1688017309998031,0.9009162140000626,0.00157059000002846,0.002222898999661993,0.0030030540466668755,462.3125,ok,0,,outputs/misspec_robustness_tuned,"[120, 240]",informative_kw_llr,"[2 1 2 0 2 1 2 2 0 0 2 1 2 0 1 2 1 2 1 2 0 1 0 2 2 0 2 1 2 1 2 2 1 2 0 0 0
 0 2 1 0 2 2 0 0 1 2 2 0 1 2 1 2 0 2 2 1 1 2 2 0 0 1 2 1 1 1 2 1 2 2 0 1 0
 0 0 0 0 0 2 2 1 2 0 0 1 2 0 1 2 0 1 0 1 1 0 0 2 2 0 1 0 0 0 0 0 2 0 2 2 0
 2 2 1 2 2 0 0 1 1 1 1 0 0 2 0 0 0 2 1 0 0 2 1 1 1 1 2 2 1 0 0 2 1 0 1 2 2
 2 1 0 2 0 2 1 2 0 2 2 0 0 2 0 0 2 2 1 1 0 0 1 2 0 1 2 2 2 1 0 1 2 0 0 1 2
 2 2 0 0 2 0 0 2 0 1 1 1 0 2 2 1 0 1 0 2 0 0 2 2 2 1 1 0 0 1 2 0 1 2 2 0 1
 0 2 1 1 2 0 2 1 0 1 2 1 1 0 0 2 0 1 0 0 0 1 0 0 2 2 1 1 0 2 1 0 2 2 0 2 2
 0 2 0 2 2 1 1 2 1 2 1 2 0 1 1 0 0 2 1 1 2 0 1 2 1 1 2 1 2 1 2 1 1 1 2 1 1
 0 2 1 0 1 2 2 2 2 2 1 2 0 2 2 2 0 1 1 2 0 2 2 2 0 1 2 0 2 1 2 1 0 1 0 2 2
 1 2 0 2 0 1 0 0 0 1 1 0 0 2 0 0 2 1 2 2 2 2 1 1 1 2 0 0 1 2 0 1 0 2 1 2 2
 1 1 0 0 2 0 2 2 1 0 2 0 0 2 1 2 0 0 0 2 1 2 2 2 0 0 2 1 1 2 2 1 2 1 1 2 2
 0 0 0 2 2 0 2 1 0 0 0 1 1 1 1 2 2 1 1 0 2 2 1 0 1 0 0 1 2 2 2 0 2 2 1 0 0
 0 2 0 0 1 1 1 2 1 1 2 0 0 1 0 1 1 1 0 0 0 0 2 0 2 0 1 1 1 1 0 0 0 0 1 0 1
 0 0 2 0 2 1 0 2 2 0 2 2 2 1 0 1 2 1 2 1 2 2 1 2 2 1 2 2 2 0 0 1 2 1 1 2 2
 1 2 1 0 2 2 2 2 1 1 0 2 2 2 2 2 2 1 0 1 1 0 2 1 2 1 0 0 0 0 1 1 2 2 0 2 0
 0 0 1 1 2 2 0 2 0 0 0 1 1 2 2 0 0 1 1 2 0 1 1 1 0 1 0 0 0 0 2 0 0 1 2 0 1
 1 1 0 2 1 1 0 1 2 1 0 0 1 1 1 2 1 0 1 1 1 2 2 1 0 2 1 1 2 0 1 1 1 1 1 2 2
 2 1 2 1 2 2 0 2 1 0 0 2 2 0 1 0 2 0 1 2 2 0 0 0 0 2 1 1 2 1 0 2 0 1 1 1 0
 2 2 0 2 1 1 2 0 1 1 2 0 1 2 2 0 1 1 0 0 2 1 1 0 2 0 0 2 1 0 1 2 0 2 0 1 0
 0 0 1 2 2 1 1 1 0 2 1 2 1 1 0 0 1 0 0 2 1 0 0 2 0 2 0 1 1 0 2 0 1 2 0 0 1
 0 1 1 1 0 1 2 1 1 0 0 1 0 2 2 1 1 1 1 2 0 1 2 2 2 0 0 0 0 0 1 2 0 2 0 2 0
 0 1 2 0 1 2 2 2 2 1 0 2 0 1 0 2 0 2 0 1 1 1 2 0 2 0 0 1 0 0 0 1 2 1 2 0 0
 2 2 2 2 2 0 1 2 2 2 2 2 0 2 0 2 0 0 2 1 1 1 2 0 2 0 1 0 0 0 2 1 1 2 0 1 2
 1 0 1 0 2 0 2 1 1 0 2 2 0 1 0 2 1 0 0 1 1 0 2 0 0 1 0 1 2 1 0 1 1 1 2 1 0
 1 1 0 0 0 2 1 1 1 1 2 0 2 0 0 2 2 0 1 1 1 1 1 2 1 0 2 2 0 2 1 2 1 1 0 1 2
 2 1 0 1 1 0 1 1 1 0 1 1 0 1 0 0 1 2 1 2 2 2 1 0 1 1 1 0 1 2 1 2 1 1 0 1 1
 1 0 0 1 0 2 1 1 0 2 1 1 2 1 2 1 1 0 0 0 0 1 0 0 1 2 2 2 2 1 2 1 2 0 0 2 0
 1]"
misspec_tuned__rho0.6_block10_noise3__correlated_noise__seed2004__DIVI_p2,run_divi_misspec_robustness_tuned.py,2026-04-02T15:22:10Z,unknown,local,cpu,x86_64,synthetic_correlated_noise,rho0.6_block10_noise3,correlated_noise,1000,100,3,0.1,0.9,3.0,101004,2004,DIVI,2,DIVI,1000.0,1.0,120,manual_mult_auto,141.89385332046726,1.0,0.01,1.0,0.1,300,300,3,2,120,240,"[120, 240]",0.380928901648925,0.4453166234435429,0.18181818181818182,0.648,100,1.0,0.6738607883453369,0.6722646951675415,166695.203125,148189.1875,18506.015625,160428.96875,6.266231536865234,0.893683214000248,2.274999997098348e-05,0.890944453999964,0.0020935200000167242,0.0023107910001272103,0.0029698148466665466,466.38671875,ok,0,,outputs/misspec_robustness_tuned,"[120, 240]",noninformative_uniform,"[1 0 1 2 0 0 0 1 1 1 1 0 1 1 0 0 0 2 0 1 2 0 2 0 0 2 0 0 1 0 0 0 0 0 2 1 1
 1 1 0 2 0 1 2 2 0 0 1 1 0 1 0 0 1 0 0 0 0 1 1 2 2 0 0 0 0 0 1 0 0 2 1 0 1
 1 1 1 2 1 2 0 0 0 1 1 0 1 2 0 1 2 0 1 0 0 1 2 2 2 1 0 2 1 1 1 1 2 2 0 2 2
 2 1 0 1 0 2 1 0 0 0 0 1 2 1 1 2 1 0 0 1 2 1 0 0 0 0 1 2 0 2 2 0 0 2 0 2 1
 0 0 2 1 2 0 0 1 1 0 0 1 2 0 2 1 0 1 0 0 2 2 0 2 1 0 0 1 0 0 2 0 1 2 2 0 1
 1 1 1 2 1 2 1 0 1 0 0 0 2 0 1 0 1 0 1 1 1 1 0 1 0 0 0 2 2 0 2 2 0 2 2 1 0
 2 0 0 0 2 1 1 0 2 0 1 0 0 2 2 0 2 0 2 2 1 0 1 2 0 2 0 0 2 1 0 1 0 1 2 1 1
 2 1 2 1 1 0 0 0 0 2 0 0 2 0 0 1 1 1 0 0 1 2 0 0 0 0 1 0 2 0 1 0 0 0 1 0 0
 2 1 0 2 0 1 0 0 0 0 0 1 1 0 0 2 1 0 0 2 2 0 0 0 2 0 1 2 0 0 1 0 1 0 2 0 0
 0 1 2 2 2 0 2 2 1 0 0 2 2 1 1 1 1 0 1 0 0 0 0 0 0 1 1 2 0 0 2 0 2 1 0 1 1
 0 0 2 2 1 1 1 1 0 2 2 1 2 0 0 0 1 2 2 1 0 0 0 1 2 2 0 0 0 0 0 0 1 0 0 2 1
 2 2 2 0 0 1 0 0 1 1 2 0 0 0 0 1 1 0 0 2 2 1 0 1 0 2 2 0 1 0 1 1 2 1 0 1 1
 2 0 2 2 0 0 0 0 0 0 1 2 2 0 1 0 0 0 1 2 2 2 1 1 0 2 0 0 0 0 1 2 2 1 0 1 0
 2 2 0 2 2 0 2 2 0 2 1 1 0 0 1 0 1 0 2 0 0 2 0 0 1 0 0 1 1 1 2 0 0 0 0 0 1
 0 1 0 2 2 1 2 0 0 0 2 2 0 0 1 1 0 0 2 0 0 1 0 0 1 0 1 2 1 2 0 0 0 1 1 0 2
 1 1 0 0 2 0 2 1 2 2 2 0 0 0 0 2 1 0 0 0 1 0 0 0 2 0 2 1 1 1 2 1 1 0 0 1 0
 0 0 2 1 0 0 1 0 2 0 1 2 0 0 0 1 0 2 0 0 0 1 2 0 2 0 0 0 0 2 0 0 0 0 0 0 2
 0 0 2 0 0 1 1 0 0 2 2 2 2 1 0 1 0 2 0 2 1 1 2 2 1 1 0 0 1 0 2 1 1 0 0 0 2
 0 2 1 0 0 0 2 2 0 0 2 2 0 0 0 2 0 0 1 1 1 0 0 2 0 2 2 0 0 2 0 2 2 0 1 0 1
 1 1 0 0 1 0 0 0 2 0 0 1 0 0 1 2 0 1 1 2 0 2 2 0 2 1 1 0 0 1 0 1 0 0 2 2 0
 1 0 0 0 1 0 1 0 0 1 1 0 2 2 0 0 0 0 0 0 1 0 0 1 1 1 1 2 2 2 0 1 1 1 2 1 2
 1 0 2 1 0 1 1 0 2 0 1 0 1 0 1 1 1 1 1 0 0 0 2 1 1 1 2 0 1 2 2 0 0 0 1 2 2
 0 1 1 1 1 1 0 1 1 2 1 1 2 1 2 0 1 1 1 0 0 0 1 1 0 2 0 2 1 2 0 0 0 0 2 0 1
 0 1 0 1 0 2 0 0 0 1 2 0 2 0 2 0 0 2 2 0 0 1 2 1 1 0 1 0 0 0 2 0 0 0 1 0 2
 0 0 1 2 2 1 0 0 0 0 1 2 0 2 1 0 1 1 0 0 0 0 0 0 0 1 0 0 2 0 0 1 0 0 1 0 1
 0 0 2 0 0 2 0 0 0 2 0 0 2 0 2 2 0 1 0 2 2 0 0 2 0 0 0 1 0 0 0 0 0 0 2 0 0
 0 1 1 0 1 1 0 0 2 2 0 0 1 0 0 0 0 1 2 1 1 0 2 1 0 0 2 0 1 0 0 0 2 1 1 0 2
 0]"
misspec_tuned__rho0.6_block10_noise3__correlated_noise__seed2004__DIVI_p3,run_divi_misspec_robustness_tuned.py,2026-04-02T15:22:10Z,unknown,local,cpu,x86_64,synthetic_correlated_noise,rho0.6_block10_noise3,correlated_noise,1000,100,3,0.1,0.9,3.0,101004,2004,DIVI,3,DIVI,1000.0,1.0,120,manual_mult_auto,141.89385332046726,1.0,0.01,1.0,0.1,300,300,3,2,120,240,"[120, 240]",0.3949313402998492,0.48131020604434943,0.2285714285714286,0.667,60,0.6,0.550842821598053,0.587060809135437,173866.34375,159654.203125,14212.140625,168799.71875,5.066617965698242,0.9267608430000109,2.710999979171902e-05,0.9236056429999735,0.00200343000005887,0.0026471200003470585,0.0030786854766665784,461.55078125,ok,0,,outputs/misspec_robustness_tuned,"[120, 240]",random_prior,"[0 0 1 1 0 0 0 1 2 1 1 0 1 2 0 0 0 1 0 0 2 0 1 0 0 2 1 0 1 0 0 1 0 0 2 2 2
 2 2 0 2 0 2 1 2 0 0 1 2 0 1 0 0 2 1 1 0 0 0 1 1 2 0 0 0 0 0 1 0 1 1 2 0 2
 1 2 2 1 1 1 0 0 0 1 2 0 0 1 0 0 2 0 2 0 0 2 2 1 1 1 0 2 2 1 2 2 1 2 2 1 1
 1 1 0 0 1 1 2 0 0 0 0 1 2 0 2 2 2 0 0 2 1 2 0 0 0 0 0 1 0 2 2 0 0 1 0 1 1
 1 0 2 1 2 0 0 1 1 1 0 1 1 1 1 2 1 0 0 0 1 1 0 1 1 0 1 1 0 0 1 0 1 2 1 0 1
 0 2 2 2 0 1 2 0 2 0 0 0 1 1 0 0 2 0 2 0 1 2 0 0 1 0 0 1 1 0 1 1 0 1 1 1 0
 2 1 0 0 1 2 1 0 1 0 0 0 0 1 2 1 1 0 1 2 2 0 1 2 0 1 0 0 1 1 0 2 1 2 1 1 0
 1 2 1 1 0 0 0 0 0 0 0 0 1 0 0 2 1 1 0 0 1 1 0 1 0 0 0 0 0 0 0 0 0 0 0 0 0
 2 0 0 1 0 0 0 0 0 1 0 0 2 0 0 1 2 0 0 2 2 0 0 0 1 0 1 2 0 0 0 0 2 0 1 0 0
 0 0 2 1 1 0 1 2 1 0 0 2 2 0 2 1 2 0 0 0 0 0 0 0 0 1 1 1 0 0 1 0 1 1 0 1 1
 0 0 1 2 2 2 0 2 0 1 1 2 1 0 0 1 2 1 1 1 0 1 0 0 2 1 0 0 0 1 0 0 1 0 0 0 0
 1 1 1 1 1 1 0 0 2 2 1 0 0 0 0 2 0 0 0 2 1 0 0 2 0 2 1 0 0 0 1 2 2 0 0 2 2
 1 1 1 1 0 0 0 0 0 0 0 1 2 0 1 0 0 0 1 2 1 1 2 2 0 2 0 0 0 0 1 1 2 1 0 2 0
 1 2 0 2 0 0 1 1 1 1 0 0 0 0 1 0 1 0 1 0 0 2 0 0 1 0 0 0 1 2 1 0 1 0 0 1 0
 0 1 0 2 1 0 1 0 0 0 1 1 0 0 1 0 1 0 2 0 0 1 1 0 1 0 1 1 2 2 0 0 0 0 1 0 1
 2 2 0 0 0 0 1 1 2 2 2 0 0 0 1 2 2 0 0 1 2 0 0 0 2 0 2 1 2 2 1 2 1 0 1 2 0
 0 0 1 0 0 0 1 0 1 0 2 2 0 0 0 0 0 1 0 0 0 1 1 0 2 1 0 0 0 1 0 0 0 0 0 0 1
 0 0 1 0 1 1 2 1 0 1 2 1 1 2 0 2 0 1 0 1 1 2 1 1 2 1 0 0 0 0 1 1 1 0 0 0 2
 1 1 1 0 0 0 1 2 0 0 1 1 0 0 0 2 0 0 1 1 1 0 0 2 1 1 1 0 0 1 0 1 1 0 2 0 2
 2 2 0 0 0 0 0 0 2 0 0 0 0 0 2 2 0 2 2 1 0 2 1 0 1 1 2 0 0 1 1 2 0 0 2 1 0
 2 0 0 0 2 0 0 0 0 2 2 0 2 1 0 0 0 0 0 0 2 0 0 0 0 1 2 1 1 2 0 1 2 2 1 1 1
 2 0 1 2 0 0 1 1 1 0 2 1 1 0 2 0 1 0 1 0 0 0 0 2 0 1 1 0 2 1 1 0 0 0 2 2 2
 0 0 0 1 0 2 0 2 1 1 0 1 1 1 1 0 2 2 1 0 0 0 2 2 0 2 0 2 2 1 0 0 0 1 1 0 1
 0 2 0 2 0 1 0 0 0 2 1 0 2 0 2 0 0 1 1 0 0 2 1 2 2 0 2 0 0 0 1 0 0 0 1 0 1
 0 0 2 1 1 1 0 0 0 0 0 1 0 2 2 0 0 2 0 0 0 0 0 0 0 2 0 0 2 0 0 2 0 0 2 0 1
 0 0 2 0 0 1 0 0 0 2 0 0 2 0 1 2 0 0 0 1 0 0 0 2 0 0 0 2 0 0 0 0 0 0 2 0 0
 0 1 2 0 2 0 0 0 1 1 0 0 0 0 1 0 0 2 1 2 2 0 1 1 0 1 1 1 1 0 0 0 1 2 2 0 1
 0]"
misspec_tuned__rho0.6_block10_noise3__correlated_noise__seed2004__kmeans_oracle,run_divi_misspec_robustness_tuned.py,2026-04-02T15:22:10Z,unknown,local,cpu,x86_64,synthetic_correlated_noise,rho0.6_block10_noise3,correlated_noise,1000,100,3,0.1,0.9,3.0,101004,2004,kmeans_oracle,nan,KMeans,nan,nan,120,manual_mult_auto,141.89385332046726,1.0,0.01,1.0,0.1,300,nan,3,0,nan,nan,[],0.34527495204365616,0.3689644744210954,nan,0.629,nan,nan,nan,nan,nan,nan,nan,nan,nan,nan,nan,nan,nan,nan,nan,453.15625,ok,0,,outputs/misspec_robustness_tuned
misspec_tuned__rho0.6_block10_noise3__correlated_noise__seed2004__gmm_oracle,run_divi_misspec_robustness_tuned.py,2026-04-02T15:22:10Z,unknown,local,cpu,x86_64,synthetic_correlated_noise,rho0.6_block10_noise3,correlated_noise,1000,100,3,0.1,0.9,3.0,101004,2004,gmm_oracle,nan,GaussianMixtureDiag,nan,nan,120,manual_mult_auto,141.89385332046726,1.0,0.01,1.0,0.1,300,nan,3,0,nan,nan,[],0.4963362307783251,0.5646806128451403,nan,0.689,nan,nan,nan,nan,nan,nan,nan,nan,nan,nan,nan,nan,nan,nan,nan,453.15625,ok,0,,outputs/misspec_robustness_tuned
misspec_tuned__rho0.6_block10_noise3__correlated_noise__seed2005__DIVI_p1,run_divi_misspec_robustness_tuned.py,2026-04-02T15:22:13Z,unknown,local,cpu,x86_64,synthetic_correlated_noise,rho0.6_block10_noise3,correlated_noise,1000,100,3,0.1,0.9,3.0,101005,2005,DIVI,1,DIVI,1000.0,1.0,120,manual_mult_auto,141.89385332046726,1.0,0.01,1.0,0.1,300,300,3,2,120,240,"[120, 240]",0.5360137384481151,0.5939827230663774,0.29850746268656714,0.759,57,0.57,0.5554153323173523,0.554396390914917,171884.421875,158740.265625,13144.15625,166781.9375,5.1024885177612305,1.1759680499999376,0.18326680000018314,0.9895516799997495,0.0021238400004222058,0.0026295599996046803,0.0032985055999991647,461.93359375,ok,0,,outputs/misspec_robustness_tuned,"[120, 240]",informative_kw_llr,"[0 1 1 2 1 0 0 1 0 0 2 0 0 2 0 1 1 1 1 0 1 1 2 1 0 1 0 0 2 2 0 1 1 1 0 0 0
 0 0 0 1 2 0 1 2 0 0 2 2 2 1 2 0 1 2 2 0 2 0 1 2 0 1 2 2 0 0 0 0 0 1 1 2 0
 1 2 2 1 1 0 2 1 0 1 2 1 1 0 1 1 0 0 0 0 2 1 2 2 0 1 0 1 0 2 1 1 1 1 2 0 2
 2 0 0 1 1 0 2 0 0 0 0 0 0 2 1 0 0 1 0 2 1 0 0 0 2 0 0 1 1 1 1 2 0 0 1 0 2
 2 1 2 0 2 2 1 2 2 2 1 0 2 2 1 0 0 1 1 2 2 0 2 2 0 2 1 1 2 2 0 2 1 1 0 1 0
 0 0 1 2 2 0 2 0 2 0 1 0 2 1 2 2 1 2 1 1 0 0 2 1 2 2 2 2 0 2 0 0 0 0 2 0 1
 2 2 1 1 0 2 0 0 1 1 0 0 1 2 0 2 0 1 2 0 1 2 0 1 0 1 0 0 2 0 0 0 0 2 2 2 2
 2 2 2 0 0 0 1 0 1 0 2 2 2 2 2 1 2 0 1 0 2 0 2 0 0 0 2 0 2 0 0 1 0 0 1 1 2
 2 2 0 0 1 0 2 2 2 1 1 2 1 0 1 2 0 0 0 0 1 2 2 0 1 1 2 0 1 2 2 2 2 1 2 1 0
 1 0 0 0 1 1 0 2 0 1 1 1 1 1 2 0 2 1 0 0 0 0 2 2 1 0 2 2 2 2 1 1 0 1 1 0 2
 0 2 0 2 1 1 2 1 2 2 0 1 2 2 1 2 2 2 2 2 1 2 1 0 0 1 1 2 0 0 1 2 2 2 2 0 0
 1 1 0 0 0 2 2 1 1 2 1 0 0 0 2 1 2 1 1 0 0 1 1 2 1 2 1 0 0 1 1 2 1 1 1 0 1
 2 0 0 0 1 2 1 0 2 0 0 0 1 1 0 2 1 0 2 2 1 1 2 2 2 0 1 1 0 0 2 1 0 2 0 2 0
 1 1 2 1 0 2 1 1 0 1 2 2 0 2 2 1 2 0 0 1 0 1 1 2 2 2 0 2 0 2 0 0 1 2 1 1 0
 0 2 0 1 1 0 1 2 2 1 1 2 2 2 2 0 0 2 1 0 0 1 2 2 1 1 1 1 1 1 1 0 0 1 0 2 0
 2 1 0 0 1 1 1 1 2 1 0 0 2 2 0 2 2 0 0 0 2 1 0 1 1 0 0 2 1 1 0 0 1 2 0 2 2
 1 0 0 2 0 0 2 0 1 0 2 0 2 0 1 2 0 1 2 1 1 0 1 2 1 2 2 1 2 2 1 0 1 2 2 0 2
 2 1 2 2 0 0 1 0 1 1 0 2 1 0 2 2 2 2 0 0 1 0 1 1 1 0 1 2 2 2 1 1 1 1 1 2 1
 1 2 1 2 0 2 0 1 0 2 1 2 1 0 1 2 2 2 1 0 1 2 2 1 1 1 1 0 1 0 1 1 0 0 2 1 0
 1 0 0 0 2 1 0 1 1 0 2 2 0 0 0 2 2 1 0 2 0 1 2 1 1 2 0 0 2 0 2 2 0 1 0 1 1
 0 0 1 1 2 1 0 2 2 2 1 1 1 0 1 2 0 1 0 0 1 1 2 1 1 2 0 0 0 2 0 0 0 0 1 2 2
 0 0 0 1 1 2 0 2 1 1 1 2 0 2 2 0 2 2 1 2 2 2 1 2 1 0 2 2 0 1 2 0 1 2 2 0 0
 1 2 0 2 0 1 1 2 0 1 2 1 2 2 2 0 1 0 0 2 1 1 2 2 2 1 1 1 0 0 2 1 0 1 1 1 2
 0 1 1 2 0 0 0 1 1 0 0 2 1 2 1 0 0 2 0 0 1 2 2 2 0 1 2 2 1 2 2 1 1 2 2 2 2
 0 2 0 0 2 1 1 1 0 1 1 2 2 0 0 0 1 1 0 0 0 2 1 0 2 0 2 0 1 1 1 1 1 1 0 1 1
 0 0 0 1 1 2 0 2 1 0 2 2 2 1 1 1 2 2 0 1 1 2 1 2 2 0 0 2 1 2 0 2 2 2 1 0 2
 2 2 2 2 2 2 0 2 0 2 2 0 2 1 1 0 2 1 2 0 2 1 2 2 0 1 2 1 2 1 1 2 1 0 1 0 2
 1]"
misspec_tuned__rho0.6_block10_noise3__correlated_noise__seed2005__DIVI_p2,run_divi_misspec_robustness_tuned.py,2026-04-02T15:22:13Z,unknown,local,cpu,x86_64,synthetic_correlated_noise,rho0.6_block10_noise3,correlated_noise,1000,100,3,0.1,0.9,3.0,101005,2005,DIVI,2,DIVI,1000.0,1.0,120,manual_mult_auto,141.89385332046726,1.0,0.01,1.0,0.1,300,300,3,2,120,240,"[120, 240]",0.4993120270264607,0.5716209542291194,0.18181818181818182,0.685,100,1.0,0.673911452293396,0.6728287935256958,166312.671875,149462.90625,16849.765625,160042.6875,6.269979953765869,1.347618551999858,2.130999973815051e-05,1.3450455619999957,0.0020990000002711895,0.0021466399998644192,0.004483485206666652,457.734375,ok,0,,outputs/misspec_robustness_tuned,"[120, 240]",noninformative_uniform,"[0 1 2 2 1 0 0 2 0 0 2 0 0 2 0 1 1 2 1 0 1 1 2 1 0 1 0 0 2 2 0 2 1 1 0 0 0
 0 0 0 1 2 0 1 2 0 0 2 2 2 1 1 0 1 1 2 0 2 0 1 1 0 2 1 2 0 0 0 0 0 2 1 2 0
 1 2 1 1 2 0 2 2 0 1 2 1 1 0 1 2 0 0 0 0 2 1 2 2 0 2 0 2 0 2 2 2 1 1 2 0 2
 1 0 0 2 1 0 1 0 0 0 0 0 0 2 1 0 0 2 0 1 1 0 0 0 1 0 0 1 1 1 1 1 0 0 2 0 2
 1 1 1 0 1 2 1 1 2 1 1 0 2 2 1 0 0 1 1 2 2 0 1 2 0 2 2 1 2 1 0 2 1 1 0 2 0
 0 0 1 2 2 0 1 0 2 0 1 0 2 1 2 2 1 2 2 1 0 0 2 2 2 2 2 2 0 2 0 0 0 0 2 0 1
 2 1 2 1 0 2 0 0 1 1 0 0 2 2 0 1 0 1 2 0 1 2 0 1 0 1 0 0 2 0 0 0 0 2 2 1 1
 2 1 1 0 0 0 1 0 2 0 2 2 2 2 2 1 2 0 1 0 2 0 1 0 0 0 2 0 2 1 0 1 0 0 1 1 1
 1 2 0 0 1 0 2 1 1 1 2 2 1 0 1 1 0 0 0 0 1 2 2 0 2 1 2 0 1 2 1 1 2 1 2 1 0
 1 0 0 0 1 1 0 2 0 2 1 2 1 1 2 0 2 1 0 0 0 0 2 2 1 0 2 1 2 1 1 1 0 1 2 0 2
 0 2 0 2 1 1 1 1 1 2 0 2 1 2 1 2 2 1 2 1 1 1 1 0 0 2 1 1 0 0 1 1 2 1 2 0 0
 1 1 0 0 0 1 2 2 1 2 2 0 0 0 2 1 2 1 1 0 0 1 1 2 1 1 1 0 0 1 2 2 1 2 2 0 2
 2 0 0 0 1 2 1 0 2 0 0 0 1 1 0 2 1 0 2 2 1 1 2 2 2 0 1 2 0 0 2 1 0 2 0 2 0
 1 1 1 1 0 2 1 1 0 1 2 1 0 1 2 1 2 0 0 1 0 2 1 2 1 1 0 2 0 2 0 0 1 2 1 1 0
 0 1 0 1 1 0 1 1 1 1 1 1 2 2 1 0 0 1 1 0 0 2 1 2 1 1 2 2 1 1 2 0 0 2 0 2 0
 2 1 0 0 2 1 1 1 1 2 0 0 2 2 0 2 2 0 0 0 2 1 0 1 1 0 0 1 1 1 0 0 1 2 0 2 2
 1 0 0 2 0 0 2 0 1 0 1 0 2 0 1 1 0 2 2 1 2 0 1 2 1 2 2 1 1 2 1 0 1 1 1 0 2
 1 2 1 2 0 0 1 0 2 1 0 2 1 0 2 1 2 1 0 0 1 0 2 1 1 0 1 2 1 2 1 1 1 1 1 2 1
 1 2 2 2 0 2 0 1 0 2 1 1 1 0 2 2 2 2 2 0 1 2 2 2 2 1 1 0 1 0 1 1 0 0 1 1 0
 1 0 0 0 1 1 0 2 1 0 2 2 0 0 0 2 2 1 0 2 0 1 1 1 1 1 0 0 2 0 2 1 0 1 0 1 2
 0 0 1 1 2 2 0 1 2 2 1 1 2 0 1 1 0 1 0 0 1 1 2 1 1 2 0 0 0 2 0 0 0 0 1 1 1
 0 0 0 1 1 2 0 2 1 1 2 2 0 2 2 0 2 2 1 2 2 2 1 1 1 0 2 2 0 2 2 0 1 2 2 0 0
 1 1 0 1 0 1 1 2 0 1 1 1 1 1 1 0 1 0 0 2 1 1 2 0 2 1 2 2 0 0 2 1 0 1 2 1 1
 0 1 1 2 0 0 0 2 1 0 0 2 1 1 1 0 0 2 0 0 1 2 2 2 0 1 2 1 1 2 1 1 1 2 2 2 2
 0 1 0 0 1 1 2 1 0 1 1 2 2 0 0 0 1 1 0 0 0 1 2 0 1 0 1 0 1 1 1 1 1 1 0 2 1
 0 0 0 1 1 2 0 2 1 0 2 2 1 1 1 2 2 2 0 1 1 2 1 1 2 0 0 2 1 1 0 1 2 2 2 0 1
 2 2 2 1 2 1 0 1 0 2 2 0 2 2 2 0 2 1 1 0 2 2 2 1 0 1 2 1 1 1 1 2 1 0 1 0 2
 1]"
misspec_tuned__rho0.6_block10_noise3__correlated_noise__seed2005__DIVI_p3,run_divi_misspec_robustness_tuned.py,2026-04-02T15:22:13Z,unknown,local,cpu,x86_64,synthetic_correlated_noise,rho0.6_block10_noise3,correlated_noise,1000,100,3,0.1,0.9,3.0,101005,2005,DIVI,3,DIVI,1000.0,1.0,120,manual_mult_auto,141.89385332046726,1.0,0.01,1.0,0.1,300,300,3,2,120,240,"[120, 240]",0.48540278835685813,0.5419561181433722,0.16091954022988506,0.686,77,0.77,0.6468592882156372,0.6817420721054077,166526.109375,152681.5625,13844.546875,162266.15625,4.259958744049072,0.860106217000066,2.4849000055837678e-05,0.8575322269998651,0.0019816699996226816,0.0021014200001445715,0.002858440756666217,464.48046875,ok,0,,outputs/misspec_robustness_tuned,"[120, 240]",random_prior,"[0 2 1 1 2 0 0 1 0 0 2 0 0 1 0 1 2 2 2 0 2 2 1 2 0 1 0 0 1 2 0 1 2 2 0 0 0
 0 0 0 2 1 0 2 1 0 0 2 1 1 1 1 0 1 1 1 0 1 0 2 1 0 1 2 2 0 0 0 0 0 1 1 2 0
 1 1 2 2 1 0 1 2 0 2 1 1 2 0 2 2 0 0 0 0 1 1 2 1 0 1 0 2 0 2 2 1 2 1 1 0 1
 2 0 0 1 2 0 1 0 0 0 0 0 0 1 1 0 0 2 0 2 2 0 0 0 2 0 0 1 1 2 2 2 0 0 1 0 2
 2 2 1 0 2 1 1 2 1 1 1 0 2 1 1 0 0 2 1 1 1 0 2 2 0 1 1 1 1 1 0 2 2 2 0 1 0
 0 0 1 1 1 0 2 0 1 0 1 0 2 2 1 1 2 1 2 1 0 0 2 1 2 1 1 1 0 1 0 0 0 0 1 0 2
 1 0 1 2 0 1 0 0 2 2 0 0 1 2 0 2 0 1 1 0 1 1 0 1 0 2 0 0 2 0 0 0 0 2 2 1 2
 1 1 1 0 0 0 2 0 2 0 1 1 2 2 1 2 2 0 2 0 2 0 2 0 0 0 2 0 1 0 0 1 0 0 2 2 1
 1 1 0 0 2 0 1 2 2 1 1 1 1 0 2 1 0 0 0 0 2 1 1 0 1 1 2 0 1 1 2 1 2 1 2 1 0
 2 0 0 0 2 2 0 1 0 1 2 1 1 2 1 0 1 2 0 0 0 0 2 2 1 0 1 2 2 1 2 2 0 1 2 0 1
 0 1 0 2 1 2 2 2 2 2 0 1 2 2 2 1 1 2 2 1 1 2 2 0 0 1 1 2 0 0 1 2 1 1 1 0 0
 1 1 0 0 0 1 1 1 1 1 2 0 0 0 2 1 1 2 2 0 0 2 2 2 1 2 2 0 0 1 2 1 2 1 2 0 1
 1 0 0 0 2 2 2 0 1 0 0 0 2 2 0 1 1 0 1 1 2 1 2 1 2 0 2 2 0 0 1 2 0 1 0 1 0
 2 2 1 2 0 1 2 2 0 1 2 2 0 1 1 2 1 0 0 2 0 2 1 1 1 1 0 1 0 1 0 0 1 1 1 2 0
 0 1 0 1 2 0 2 1 2 1 2 2 1 2 2 0 0 2 1 0 0 2 1 2 1 2 1 2 1 2 2 0 0 1 0 2 0
 1 2 0 0 1 1 1 1 2 1 0 0 1 2 0 1 2 0 0 0 1 1 0 2 2 0 0 2 2 2 0 0 1 1 0 1 1
 1 0 0 2 0 0 1 0 1 0 1 0 2 0 2 2 0 2 1 1 1 0 2 2 1 2 1 1 2 0 2 0 2 2 2 0 2
 2 1 1 1 0 0 2 0 1 0 0 1 2 0 2 2 1 2 0 0 2 0 1 2 0 0 1 1 2 2 2 2 1 2 1 1 2
 2 2 2 1 0 1 0 2 0 2 2 2 2 0 1 1 2 1 1 0 2 1 2 1 1 2 1 0 2 0 2 1 0 0 2 2 0
 1 0 0 0 1 2 0 1 2 0 2 1 0 0 0 1 1 1 0 2 0 2 2 2 2 2 0 0 2 0 1 2 0 2 0 2 1
 0 0 2 1 1 1 0 2 1 2 1 2 1 0 2 2 0 1 0 0 0 1 1 1 2 1 0 0 0 2 0 0 0 0 2 2 0
 0 0 0 2 1 2 0 2 1 2 1 2 0 0 1 0 2 1 2 1 2 1 2 2 1 0 1 2 0 1 1 0 2 2 1 0 0
 2 1 0 2 0 1 2 2 0 1 2 1 1 1 1 0 2 0 0 2 1 2 1 0 2 1 2 2 0 0 2 1 0 2 2 2 2
 0 1 1 1 0 0 0 1 1 0 0 1 1 2 2 0 0 1 0 0 2 2 1 1 0 1 2 1 1 2 1 2 2 2 1 2 1
 0 2 0 0 1 2 1 2 0 1 1 1 2 0 0 0 2 1 0 0 0 1 1 0 2 0 2 0 2 1 2 2 1 2 0 1 1
 0 0 0 1 1 1 0 2 1 0 1 1 2 2 2 2 1 1 0 1 1 1 2 1 1 0 0 2 2 1 0 1 1 1 1 0 2
 2 2 1 0 1 2 0 1 0 2 2 0 1 1 1 0 0 2 2 0 2 1 2 2 0 1 1 2 1 1 1 2 1 0 2 0 2
 1]"
misspec_tuned__rho0.6_block10_noise3__correlated_noise__seed2005__kmeans_oracle,run_divi_misspec_robustness_tuned.py,2026-04-02T15:22:13Z,unknown,local,cpu,x86_64,synthetic_correlated_noise,rho0.6_block10_noise3,correlated_noise,1000,100,3,0.1,0.9,3.0,101005,2005,kmeans_oracle,nan,KMeans,nan,nan,120,manual_mult_auto,141.89385332046726,1.0,0.01,1.0,0.1,300,nan,3,0,nan,nan,[],0.39516699294658864,0.4165051344458687,nan,0.628,nan,nan,nan,nan,nan,nan,nan,nan,nan,nan,nan,nan,nan,nan,nan,453.15625,ok,0,,outputs/misspec_robustness_tuned
misspec_tuned__rho0.6_block10_noise3__correlated_noise__seed2005__gmm_oracle,run_divi_misspec_robustness_tuned.py,2026-04-02T15:22:13Z,unknown,local,cpu,x86_64,synthetic_correlated_noise,rho0.6_block10_noise3,correlated_noise,1000,100,3,0.1,0.9,3.0,101005,2005,gmm_oracle,nan,GaussianMixtureDiag,nan,nan,120,manual_mult_auto,141.89385332046726,1.0,0.01,1.0,0.1,300,nan,3,0,nan,nan,[],0.4957095103535726,0.5662114844774178,nan,0.672,nan,nan,nan,nan,nan,nan,nan,nan,nan,nan,nan,nan,nan,nan,nan,453.15625,ok,0,,outputs/misspec_robustness_tuned
misspec_tuned__rho0.6_block10_noise3__correlated_noise__seed2006__DIVI_p1,run_divi_misspec_robustness_tuned.py,2026-04-02T15:22:17Z,unknown,local,cpu,x86_64,synthetic_correlated_noise,rho0.6_block10_noise3,correlated_noise,1000,100,3,0.1,0.9,3.0,101006,2006,DIVI,1,DIVI,1000.0,1.0,120,manual_mult_auto,141.89385332046726,1.0,0.01,1.0,0.1,300,300,3,2,120,240,"[120, 240]",1.0,1.0,0.2597402597402597,1.0,67,0.67,0.5761666297912598,0.6348768472671509,169135.046875,157657.796875,11477.25,164535.6875,4.59935188293457,0.9881839090003268,0.17359011100006683,0.8106754180003009,0.0016178800001398486,0.003390489000139496,0.002702251393334336,459.64453125,ok,0,,outputs/misspec_robustness_tuned,"[120, 240]",informative_kw_llr,"[2 0 0 1 0 0 2 1 1 2 2 1 0 0 2 0 0 0 1 0 1 1 0 2 2 2 1 0 1 1 1 1 1 1 2 2 0
 2 1 1 0 1 0 1 1 0 0 1 2 0 2 0 2 2 1 1 1 0 2 0 0 0 0 0 1 0 1 2 2 0 0 2 0 1
 2 2 0 2 0 2 2 0 1 1 1 2 0 1 2 0 2 1 1 1 0 2 1 2 1 1 2 2 1 1 1 2 0 1 0 0 1
 2 0 2 1 2 2 0 2 1 0 1 2 1 1 2 0 0 1 0 1 2 0 2 2 0 1 1 1 1 2 0 1 2 2 2 1 2
 0 1 1 2 1 2 1 1 0 0 2 0 2 2 2 1 1 0 2 2 0 1 0 2 2 2 0 0 2 2 0 1 2 2 0 0 2
 1 2 1 1 0 1 2 0 1 2 0 1 1 1 1 1 2 2 0 0 2 0 0 2 0 2 1 1 2 1 2 1 2 1 0 0 0
 1 2 0 2 1 1 2 1 0 1 2 2 1 2 0 2 0 1 1 0 1 2 2 2 0 1 1 0 1 0 2 0 2 2 2 0 0
 1 2 2 1 0 1 2 2 0 2 0 0 2 1 0 0 0 2 1 0 0 0 0 1 2 2 1 1 1 1 1 0 1 0 0 1 0
 2 2 0 1 2 1 2 1 0 1 0 1 1 2 1 0 0 1 1 2 1 1 2 2 1 1 0 1 1 1 1 1 1 2 0 0 2
 0 2 0 0 2 1 1 1 1 2 2 1 0 1 2 0 0 2 2 1 0 2 1 0 1 0 0 2 1 2 0 1 2 0 2 2 1
 2 2 1 1 0 2 2 0 0 1 0 2 2 0 2 1 1 2 0 2 2 1 2 1 1 2 1 1 0 2 0 0 0 2 1 0 2
 2 0 2 0 2 2 1 2 0 1 1 0 1 1 2 0 2 1 1 0 0 0 0 1 2 2 1 2 2 0 2 1 0 2 0 0 0
 0 1 0 2 0 0 0 1 0 2 1 2 2 0 0 1 2 1 2 1 1 0 2 2 2 0 1 1 2 0 2 1 1 1 0 1 2
 2 1 0 2 0 2 2 0 1 1 0 2 2 1 1 1 2 1 1 1 0 2 0 0 2 2 1 1 0 0 1 0 0 0 1 2 2
 1 2 2 2 0 0 0 2 0 0 2 2 1 0 1 0 2 1 2 0 2 1 0 0 0 2 1 0 2 0 0 1 1 0 0 0 0
 0 2 1 2 0 0 1 2 2 2 1 0 2 2 2 2 2 2 2 0 2 1 1 0 2 2 2 0 0 2 0 2 1 2 2 0 0
 1 0 0 0 0 1 1 2 2 2 1 0 0 1 2 0 1 2 1 0 0 1 1 0 2 0 2 1 1 0 2 2 0 1 1 0 1
 1 2 1 2 0 1 1 2 2 0 1 1 2 1 2 2 0 0 0 1 2 2 1 0 0 2 0 1 0 1 1 2 0 0 2 2 1
 0 2 0 1 2 0 0 0 2 2 2 1 0 0 2 0 0 0 0 0 1 2 2 1 1 0 1 0 0 2 0 0 2 1 1 2 1
 1 1 2 1 0 2 1 1 2 2 2 1 0 2 1 2 2 1 1 1 1 0 0 2 2 1 0 0 0 2 0 0 2 2 1 0 2
 1 1 1 0 0 1 0 2 1 0 2 1 0 1 2 2 1 2 1 0 1 1 0 0 1 1 0 1 0 0 0 2 1 0 2 0 2
 0 2 0 2 0 0 2 0 2 1 1 0 2 0 2 0 1 2 1 1 2 0 2 2 0 2 1 2 1 2 1 0 1 0 2 1 2
 2 0 2 1 0 1 1 1 0 1 0 2 0 2 1 0 0 2 0 1 2 0 1 1 1 1 1 2 0 1 0 2 2 0 1 2 0
 0 0 2 0 2 2 2 0 2 1 1 0 2 0 1 1 0 2 1 0 0 1 2 0 0 0 2 2 2 2 0 2 0 2 2 1 0
 0 1 1 2 2 1 1 2 0 0 1 0 1 0 1 2 2 2 0 1 1 1 1 0 2 1 2 0 0 1 0 0 0 0 0 1 1
 1 0 1 1 2 1 2 0 2 0 1 0 2 0 0 2 2 2 2 2 0 2 0 0 2 0 1 2 1 2 0 2 2 1 0 2 1
 2 1 1 1 0 2 0 2 1 2 1 1 1 1 0 0 0 2 1 2 1 1 1 1 2 1 0 0 2 1 2 2 1 1 1 1 2
 2]"
misspec_tuned__rho0.6_block10_noise3__correlated_noise__seed2006__DIVI_p2,run_divi_misspec_robustness_tuned.py,2026-04-02T15:22:17Z,unknown,local,cpu,x86_64,synthetic_correlated_noise,rho0.6_block10_noise3,correlated_noise,1000,100,3,0.1,0.9,3.0,101006,2006,DIVI,2,DIVI,1000.0,1.0,120,manual_mult_auto,141.89385332046726,1.0,0.01,1.0,0.1,300,300,3,2,120,240,"[120, 240]",0.996996990984967,0.9938015906454756,0.18181818181818182,0.999,100,1.0,0.6709063053131104,0.6705981492996216,165979.578125,148104.28125,17875.296875,159904.25,6.075328826904297,0.7811346900002718,2.3489999875891954e-05,0.7779991610000252,0.0015679100006309454,0.0026275000000168802,0.0025933305366667506,456.97265625,ok,0,,outputs/misspec_robustness_tuned,"[120, 240]",noninformative_uniform,"[2 0 0 1 0 0 2 1 1 2 2 1 0 0 2 0 0 0 1 0 1 1 0 2 2 2 1 0 1 1 1 1 1 1 2 2 0
 2 1 1 0 1 0 1 1 0 0 1 2 0 2 0 2 2 1 1 1 0 2 0 0 0 0 0 1 0 1 2 2 0 0 2 0 1
 2 2 0 2 0 2 2 0 1 1 1 2 0 1 2 0 1 1 1 1 0 2 1 2 1 1 2 2 1 1 1 2 0 1 0 0 1
 2 0 2 1 2 2 0 2 1 0 1 2 1 1 2 0 0 1 0 1 2 0 2 2 0 1 1 1 1 2 0 1 2 2 2 1 2
 0 1 1 2 1 2 1 1 0 0 2 0 2 2 2 1 1 0 2 2 0 1 0 2 2 2 0 0 2 2 0 1 2 2 0 0 2
 1 2 1 1 0 1 2 0 1 2 0 1 1 1 1 1 2 2 0 0 2 0 0 2 0 2 1 1 2 1 2 1 2 1 0 0 0
 1 2 0 2 1 1 2 1 0 1 2 2 1 2 0 2 0 1 1 0 1 2 2 2 0 1 1 0 1 0 2 0 2 2 2 0 0
 1 2 2 1 0 1 2 2 0 2 0 0 2 1 0 0 0 2 1 0 0 0 0 1 2 2 1 1 1 1 1 0 1 0 0 1 0
 2 2 0 1 2 1 2 1 0 1 0 1 1 2 1 0 0 1 1 2 1 1 2 2 1 1 0 1 1 1 1 1 1 2 0 0 2
 0 2 0 0 2 1 1 1 1 2 2 1 0 1 2 0 0 2 2 1 0 2 1 0 1 0 0 2 1 2 0 1 2 0 2 2 1
 2 2 1 1 0 2 2 0 0 1 0 2 2 0 2 1 1 2 0 2 2 1 2 1 1 2 1 1 0 2 0 0 0 2 1 0 2
 2 0 2 0 2 2 1 2 0 1 1 0 1 1 2 0 2 1 1 0 0 0 0 1 2 2 1 2 2 0 2 1 0 2 0 0 0
 0 1 0 2 0 0 0 1 0 2 1 2 2 0 0 1 2 1 2 1 1 0 2 2 2 0 1 1 2 0 2 1 1 1 0 1 2
 2 1 0 2 0 2 2 0 1 1 0 2 2 1 1 1 2 1 1 1 0 2 0 0 2 2 1 1 0 0 1 0 0 0 1 2 2
 1 2 2 2 0 0 0 2 0 0 2 2 1 0 1 0 2 1 2 0 2 1 0 0 0 2 1 0 2 0 0 1 1 0 0 0 0
 0 2 1 2 0 0 1 2 2 2 1 0 2 2 2 2 2 2 2 0 2 1 1 0 2 2 2 0 0 2 0 2 1 2 2 0 0
 1 0 0 0 0 1 1 2 2 2 1 0 0 1 2 0 1 2 1 0 0 1 1 0 2 0 2 1 1 0 2 2 0 1 1 0 1
 1 2 1 2 0 1 1 2 2 0 1 1 2 1 2 2 0 0 0 1 2 2 1 0 0 2 0 1 0 1 1 2 0 0 2 2 1
 0 2 0 1 2 0 0 0 2 2 2 1 0 0 2 0 0 0 0 0 1 2 2 1 1 0 1 0 0 2 0 0 2 1 1 2 1
 1 1 2 1 0 2 1 1 2 2 2 1 0 2 1 2 2 1 1 1 1 0 0 2 2 1 0 0 0 2 0 0 2 2 1 0 2
 1 1 1 0 0 1 0 2 1 0 2 1 0 1 2 2 1 2 1 0 1 1 0 0 1 1 0 1 0 0 0 2 1 0 2 0 2
 0 2 0 2 0 0 2 0 2 1 1 0 2 0 2 0 1 2 1 1 2 0 2 2 0 2 1 2 1 2 1 0 1 0 2 1 2
 2 0 2 1 0 1 1 1 0 1 0 2 0 2 1 0 0 2 0 1 2 0 1 1 1 1 1 2 0 1 0 2 2 0 1 2 0
 0 0 2 0 2 2 2 0 2 1 1 0 2 0 1 1 0 2 1 0 0 1 2 0 0 0 2 2 2 2 0 2 0 2 2 1 0
 0 1 1 2 2 1 1 2 0 0 1 0 1 0 1 2 2 2 0 1 1 1 1 0 2 1 2 0 0 1 0 0 0 0 0 1 1
 1 0 1 1 2 1 2 0 2 0 1 0 2 0 0 2 2 2 2 2 0 2 0 0 2 0 1 2 1 2 0 2 2 1 0 2 1
 2 1 1 1 0 2 0 2 1 2 1 1 1 1 0 0 0 2 1 2 1 1 1 1 2 1 0 0 2 1 2 2 1 1 1 1 2
 2]"
misspec_tuned__rho0.6_block10_noise3__correlated_noise__seed2006__DIVI_p3,run_divi_misspec_robustness_tuned.py,2026-04-02T15:22:17Z,unknown,local,cpu,x86_64,synthetic_correlated_noise,rho0.6_block10_noise3,correlated_noise,1000,100,3,0.1,0.9,3.0,101006,2006,DIVI,3,DIVI,1000.0,1.0,120,manual_mult_auto,141.89385332046726,1.0,0.01,1.0,0.1,300,300,3,2,120,240,"[120, 240]",0.5335253437728447,0.5834604865037915,0.1686746987951807,0.76,73,0.73,0.6019816398620605,0.6475089192390442,169859.546875,156140.921875,13718.625,165127.875,4.7316765785217285,0.8639149659998111,2.507999988665688e-05,0.8613524360002884,0.0016351100002793828,0.0021229199996923853,0.002871174786667628,463.83984375,ok,0,,outputs/misspec_robustness_tuned,"[120, 240]",random_prior,"[0 1 1 1 1 1 0 2 2 0 0 2 1 2 0 2 2 1 0 2 1 1 2 0 0 0 2 1 0 2 1 2 1 1 0 0 2
 0 1 1 2 2 2 1 1 1 1 1 0 1 0 2 0 0 2 2 2 2 0 1 2 1 1 1 2 1 1 0 0 1 2 0 2 1
 0 0 1 0 2 0 0 2 1 1 1 0 2 1 0 2 0 2 1 1 1 0 1 0 1 1 0 0 1 1 1 0 2 1 1 2 1
 0 1 0 1 0 0 2 0 1 2 1 0 1 1 0 2 1 1 2 1 0 1 0 0 2 1 1 1 2 0 1 1 0 0 0 1 0
 2 2 1 0 1 0 1 1 2 1 0 2 0 0 0 1 2 2 0 0 2 1 2 0 0 0 2 1 0 0 1 2 0 0 1 2 0
 2 0 1 2 2 2 0 2 2 0 2 2 1 2 1 1 0 0 2 1 0 2 1 0 2 0 2 1 0 1 0 1 0 1 1 1 1
 1 0 2 0 1 1 0 1 1 2 0 0 1 0 2 0 2 1 1 1 2 0 0 0 1 1 2 2 1 2 0 2 0 0 0 1 2
 1 0 0 1 1 2 0 0 2 0 1 1 0 1 1 1 2 0 1 2 2 1 1 1 0 0 1 1 1 1 1 2 1 2 2 1 1
 0 0 2 1 0 1 0 2 1 1 1 1 1 0 2 2 1 1 2 0 2 2 0 0 1 0 2 2 1 1 1 1 1 0 2 1 0
 2 0 2 2 0 1 1 1 2 0 0 1 1 2 0 1 2 0 0 1 1 0 1 1 2 2 2 0 1 0 2 1 0 2 0 0 1
 0 0 1 2 2 0 0 1 2 2 2 0 0 1 0 1 2 0 2 0 0 2 0 1 2 0 1 1 1 0 2 1 2 0 2 2 0
 0 2 0 1 0 0 2 0 2 1 1 1 2 2 0 1 0 1 1 2 2 2 1 1 0 0 1 0 0 2 0 1 2 0 2 2 2
 2 1 2 0 1 2 2 2 2 0 1 0 0 2 2 2 0 1 0 1 1 2 0 0 0 1 2 2 0 2 0 2 1 2 1 1 0
 0 2 1 0 2 0 0 1 1 2 2 0 0 2 1 2 0 1 2 1 2 0 1 1 0 0 2 1 2 1 1 2 2 2 2 0 0
 1 0 0 0 2 2 2 0 1 1 0 0 1 2 2 2 0 1 0 2 0 1 2 2 1 0 2 2 0 2 2 1 1 1 1 1 2
 1 0 1 0 2 2 1 0 0 0 1 2 0 0 0 0 0 0 0 2 0 0 1 2 0 0 0 2 2 0 2 0 2 0 0 2 1
 1 1 2 1 1 2 1 0 0 0 1 2 1 1 0 2 2 0 1 1 2 2 1 1 0 2 0 1 1 2 0 0 2 1 1 1 1
 1 0 1 0 2 1 1 0 0 1 1 1 0 1 0 0 2 1 2 2 0 0 1 1 2 0 2 1 2 1 2 0 2 2 0 0 1
 2 0 2 1 0 1 2 1 0 0 0 2 2 2 0 2 1 1 2 2 2 0 0 2 1 2 1 1 2 0 2 1 0 2 1 0 1
 1 2 0 1 1 0 1 1 0 0 0 1 2 0 2 0 0 1 2 1 1 2 1 0 0 1 2 1 1 0 2 1 0 0 1 2 0
 1 2 1 1 2 2 2 0 1 1 0 0 1 2 0 0 1 0 1 2 1 1 1 2 1 1 2 2 2 2 2 0 2 2 0 1 0
 1 0 1 0 2 2 0 1 0 1 2 2 0 2 0 2 1 0 1 1 0 2 0 0 1 0 1 0 2 0 1 1 2 1 0 1 0
 0 1 0 1 2 1 1 1 1 2 2 0 1 0 1 2 2 0 1 1 0 2 1 2 2 1 2 0 2 1 2 0 0 1 2 0 1
 1 2 0 2 0 0 0 2 0 1 2 1 0 1 1 0 2 0 2 2 2 1 0 1 2 1 0 0 0 0 1 0 2 0 0 2 2
 1 1 2 0 0 1 1 0 2 2 1 1 1 1 1 0 0 0 2 1 1 1 1 2 0 1 0 1 2 1 1 1 2 1 1 2 1
 2 1 1 1 0 1 0 1 0 1 1 1 0 2 2 0 0 0 0 0 2 0 2 2 0 2 1 0 2 0 2 0 0 1 2 0 2
 0 1 1 1 1 0 1 0 1 0 1 1 1 2 2 2 1 0 1 0 2 1 1 1 0 1 2 1 0 2 0 0 1 1 1 2 0
 0]"
misspec_tuned__rho0.6_block10_noise3__correlated_noise__seed2006__kmeans_oracle,run_divi_misspec_robustness_tuned.py,2026-04-02T15:22:17Z,unknown,local,cpu,x86_64,synthetic_correlated_noise,rho0.6_block10_noise3,correlated_noise,1000,100,3,0.1,0.9,3.0,101006,2006,kmeans_oracle,nan,KMeans,nan,nan,120,manual_mult_auto,141.89385332046726,1.0,0.01,1.0,0.1,300,nan,3,0,nan,nan,[],0.3471486315402543,0.3717889666843997,nan,0.646,nan,nan,nan,nan,nan,nan,nan,nan,nan,nan,nan,nan,nan,nan,nan,463.83984375,ok,0,,outputs/misspec_robustness_tuned
misspec_tuned__rho0.6_block10_noise3__correlated_noise__seed2006__gmm_oracle,run_divi_misspec_robustness_tuned.py,2026-04-02T15:22:17Z,unknown,local,cpu,x86_64,synthetic_correlated_noise,rho0.6_block10_noise3,correlated_noise,1000,100,3,0.1,0.9,3.0,101006,2006,gmm_oracle,nan,GaussianMixtureDiag,nan,nan,120,manual_mult_auto,141.89385332046726,1.0,0.01,1.0,0.1,300,nan,3,0,nan,nan,[],0.4989356721828851,0.5711528533156307,nan,0.686,nan,nan,nan,nan,nan,nan,nan,nan,nan,nan,nan,nan,nan,nan,nan,463.83984375,ok,0,,outputs/misspec_robustness_tuned
misspec_tuned__rho0.6_block10_noise3__correlated_noise__seed2007__DIVI_p1,run_divi_misspec_robustness_tuned.py,2026-04-02T15:22:19Z,unknown,local,cpu,x86_64,synthetic_correlated_noise,rho0.6_block10_noise3,correlated_noise,1000,100,3,0.1,0.9,3.0,101007,2007,DIVI,1,DIVI,1000.0,1.0,120,manual_mult_auto,141.89385332046726,1.0,0.01,1.0,0.1,300,300,3,2,120,240,"[120, 240]",0.6489825558651543,0.6745784437843608,0.20618556701030927,0.849,87,0.87,0.6569957137107849,0.6868048906326294,164138.15625,148994.515625,15143.640625,160074.109375,4.0640482902526855,1.0139605280000978,0.17247572199994465,0.8366109069997947,0.0018945609999718727,0.004380150000088179,0.0027887030233326488,460.40625,ok,0,,outputs/misspec_robustness_tuned,"[120, 240]",informative_kw_llr,"[1 0 0 2 1 1 0 0 2 2 1 2 1 0 0 1 0 2 0 1 1 0 1 0 1 0 0 0 1 0 1 2 2 1 0 1 2
 0 0 0 2 2 1 0 2 0 1 1 0 0 2 2 0 1 0 0 0 0 0 0 2 0 2 0 0 2 1 1 2 2 1 2 2 1
 2 0 1 0 0 2 0 0 1 0 1 1 0 0 0 0 2 0 0 0 1 2 1 1 2 1 1 2 1 2 0 0 1 1 0 2 0
 1 1 2 0 1 1 0 1 0 2 0 1 0 2 1 0 0 2 2 2 0 0 1 2 0 2 2 1 2 2 1 0 0 1 2 1 1
 2 1 0 0 2 2 2 0 2 0 1 2 1 0 2 2 2 2 1 2 2 0 1 2 0 1 1 1 1 1 2 2 0 2 0 2 0
 1 2 2 0 0 1 0 0 0 0 0 0 1 1 0 1 1 2 2 0 0 1 0 1 1 0 2 1 1 2 1 2 1 1 0 0 1
 2 0 0 1 1 2 1 1 1 0 0 0 0 1 2 1 0 1 0 2 0 2 0 2 1 0 2 2 1 0 2 2 0 1 2 1 2
 1 0 2 0 1 0 0 0 1 1 1 2 0 1 0 2 2 2 1 1 0 0 1 2 2 1 1 1 2 0 0 1 1 0 1 2 1
 0 1 2 2 2 2 1 0 2 2 0 2 1 1 2 1 2 0 0 2 1 1 1 2 0 1 1 1 2 1 1 1 2 0 0 1 1
 0 1 0 1 1 0 1 2 1 0 0 0 0 1 1 2 1 0 2 1 0 0 0 0 1 2 1 2 1 1 1 0 0 2 0 1 2
 2 1 2 2 0 2 2 1 0 2 1 0 1 1 2 0 2 2 1 1 1 2 1 1 1 1 0 0 1 1 1 1 2 1 0 1 1
 2 2 0 2 1 1 1 0 0 2 2 0 2 0 0 2 1 0 0 1 1 0 0 1 1 1 2 0 2 2 0 1 1 0 0 2 2
 0 0 1 0 2 0 0 0 1 0 1 2 2 0 0 1 0 2 2 0 0 1 1 0 2 2 1 1 1 1 1 0 1 2 1 2 0
 1 0 2 1 2 1 1 1 1 1 1 1 0 1 0 1 2 2 0 1 1 1 2 2 1 0 1 2 1 0 1 2 2 1 1 2 0
 2 2 0 1 0 2 1 1 1 1 2 1 2 0 2 1 0 1 0 2 0 1 1 0 0 0 1 2 2 1 0 0 2 0 2 2 1
 0 2 2 1 0 2 0 2 1 1 2 0 0 1 1 0 0 0 0 1 0 0 0 2 2 0 2 1 0 2 0 2 2 0 0 2 2
 0 1 2 0 1 0 2 0 1 2 1 1 2 1 1 1 1 0 1 2 1 0 0 1 2 1 1 1 0 1 1 1 1 1 1 0 0
 2 0 1 1 1 0 2 2 2 0 0 2 1 1 2 0 2 0 1 1 0 1 0 1 2 1 2 2 2 1 1 2 2 0 1 1 1
 1 0 2 0 0 1 1 0 1 1 0 0 0 0 1 1 1 2 0 0 1 1 1 1 0 2 1 0 2 0 2 1 2 2 0 0 2
 2 1 1 0 1 1 2 1 1 2 0 1 1 1 2 1 1 1 0 2 0 0 2 1 2 2 0 1 2 1 0 2 2 1 0 1 2
 1 2 2 0 1 1 0 1 2 1 2 2 0 0 2 2 0 1 2 0 1 1 1 2 1 0 1 1 2 2 1 1 1 2 0 2 0
 2 2 0 2 2 1 0 2 0 1 1 2 0 1 2 2 1 1 1 0 2 1 1 2 2 1 1 1 1 2 2 2 2 2 0 1 1
 0 2 2 1 1 0 0 0 0 1 1 1 0 1 0 1 2 2 0 0 1 1 1 0 0 2 1 2 0 0 0 0 2 2 2 1 0
 0 1 0 2 0 1 1 2 0 1 1 1 0 0 0 2 0 1 0 0 0 2 2 1 1 0 0 2 2 2 1 1 1 0 1 2 1
 1 1 1 0 0 2 0 1 0 1 2 1 1 0 0 1 1 1 2 0 0 2 2 1 2 1 1 0 0 1 0 2 0 2 0 2 2
 1 2 0 0 0 1 1 0 1 1 2 2 1 1 2 0 1 0 1 2 1 0 2 0 1 0 2 0 2 1 0 0 0 1 2 0 1
 0 1 0 1 0 0 0 1 2 0 2 2 0 0 0 0 2 2 2 0 1 2 2 1 0 1 0 2 1 1 1 1 2 2 0 1 2
 2]"
misspec_tuned__rho0.6_block10_noise3__correlated_noise__seed2007__DIVI_p2,run_divi_misspec_robustness_tuned.py,2026-04-02T15:22:19Z,unknown,local,cpu,x86_64,synthetic_correlated_noise,rho0.6_block10_noise3,correlated_noise,1000,100,3,0.1,0.9,3.0,101007,2007,DIVI,2,DIVI,1000.0,1.0,120,manual_mult_auto,141.89385332046726,1.0,0.01,1.0,0.1,300,300,3,2,120,240,"[120, 240]",0.4891181551064865,0.5477039849039603,0.18181818181818182,0.695,100,1.0,0.672145664691925,0.6690337657928467,166423.0625,148440.796875,17982.265625,160288.15625,6.134913444519043,0.8580539270001282,2.251999967484153e-05,0.8547218270000485,0.0018637010002748866,0.0028776600001947372,0.0028490727566668284,462.6953125,ok,0,,outputs/misspec_robustness_tuned,"[120, 240]",noninformative_uniform,"[1 0 0 2 1 1 0 0 2 2 2 1 1 0 0 1 0 2 0 2 2 0 2 0 1 0 0 0 1 0 1 1 2 1 0 2 2
 0 0 0 2 1 2 0 2 0 1 1 0 0 2 1 0 1 0 0 0 0 0 0 2 0 2 0 0 2 1 2 1 2 1 2 2 1
 1 0 1 0 0 2 0 0 2 0 1 1 0 0 0 0 2 0 0 0 1 2 0 2 2 1 1 2 1 2 0 0 0 1 0 2 0
 1 2 2 0 2 2 0 1 0 2 0 2 0 1 1 0 0 2 2 2 0 0 2 2 0 2 2 1 2 2 2 0 0 2 2 1 1
 2 1 0 0 2 1 1 0 2 0 0 2 1 0 1 2 1 2 1 2 2 0 1 2 0 1 1 1 1 2 2 2 0 2 0 1 0
 2 2 2 0 0 2 0 0 0 0 0 0 1 1 0 1 1 2 2 0 0 1 0 2 1 0 1 1 1 2 1 2 1 1 0 0 2
 2 0 0 1 1 1 1 1 1 0 0 0 0 1 2 1 0 1 0 1 0 1 0 2 1 0 2 2 1 0 2 2 0 2 1 1 2
 1 0 1 0 1 0 0 0 1 1 1 2 0 1 0 2 1 2 1 2 0 0 1 1 2 1 2 1 2 0 0 1 2 0 1 1 2
 0 1 1 2 2 2 1 0 2 1 0 1 1 1 2 1 2 0 0 1 1 1 2 2 0 1 2 2 2 1 2 2 1 0 0 1 2
 0 1 0 1 1 0 1 2 2 0 0 0 0 1 1 2 1 0 2 1 0 0 0 0 1 1 1 1 2 1 1 0 0 2 0 1 2
 2 2 2 2 0 2 2 1 0 2 1 0 1 1 2 0 2 2 1 1 1 2 1 1 1 2 0 0 1 1 2 1 2 2 0 1 2
 2 2 0 1 1 1 1 0 0 2 2 0 2 0 0 2 1 0 0 0 2 0 0 1 1 1 2 0 2 1 0 1 2 0 0 2 2
 0 0 1 0 2 0 0 0 1 0 2 2 2 0 0 2 0 2 2 0 0 0 1 0 2 2 2 2 1 2 1 0 2 1 1 2 0
 2 0 2 1 2 2 1 1 1 1 0 1 0 1 0 2 1 2 0 2 1 2 2 1 1 0 1 2 1 0 2 2 2 1 1 2 0
 2 1 0 1 0 2 2 1 1 1 2 1 2 0 2 2 0 1 0 2 0 1 1 0 0 0 1 2 2 1 0 0 1 0 2 1 2
 0 2 1 2 0 2 0 1 2 1 2 0 0 1 2 0 0 0 0 1 0 0 0 2 2 0 2 1 0 2 0 2 2 0 0 2 2
 0 1 2 0 1 0 1 0 2 2 2 2 2 2 2 1 1 0 2 1 1 0 0 1 2 1 1 1 0 1 2 1 1 1 1 0 0
 1 0 1 1 1 0 2 2 2 0 0 2 1 2 1 0 2 0 1 1 0 1 0 0 2 1 2 1 2 1 2 2 1 0 2 2 2
 2 0 1 0 0 2 2 0 1 1 0 0 0 0 2 1 1 2 0 0 1 1 2 1 0 2 1 0 2 0 2 1 2 2 0 0 2
 2 1 2 0 1 1 2 1 2 2 0 1 1 2 2 2 2 2 0 2 0 0 2 1 2 2 0 2 2 1 0 2 1 1 0 1 2
 2 2 2 0 1 1 0 2 2 1 2 2 0 0 1 2 0 2 2 0 2 1 2 2 0 0 1 2 2 1 1 1 1 2 0 2 0
 2 2 0 2 2 1 0 2 0 1 2 2 0 1 2 1 1 2 1 0 2 1 1 1 2 1 1 1 1 2 2 2 2 1 0 1 1
 0 2 2 2 1 0 0 0 0 2 2 1 0 2 0 2 2 2 0 0 2 1 1 0 0 2 1 1 0 0 0 0 2 2 1 1 0
 0 2 0 1 0 2 1 2 0 2 2 1 0 0 0 2 0 2 0 0 0 2 1 1 1 0 0 2 2 2 1 1 2 0 2 2 1
 0 2 1 0 0 1 0 1 0 2 2 1 1 0 0 1 2 2 2 0 0 2 2 1 2 1 1 0 0 1 0 2 0 2 0 2 1
 1 2 0 0 0 1 2 0 2 2 2 2 2 1 2 0 1 0 1 1 1 0 1 0 1 0 1 0 2 1 0 0 0 2 1 0 2
 0 1 0 1 0 0 0 2 1 0 2 2 0 0 0 0 2 2 2 0 1 2 2 1 0 1 0 2 1 2 2 1 1 2 0 1 1
 2]"
misspec_tuned__rho0.6_block10_noise3__correlated_noise__seed2007__DIVI_p3,run_divi_misspec_robustness_tuned.py,2026-04-02T15:22:19Z,unknown,local,cpu,x86_64,synthetic_correlated_noise,rho0.6_block10_noise3,correlated_noise,1000,100,3,0.1,0.9,3.0,101007,2007,DIVI,3,DIVI,1000.0,1.0,120,manual_mult_auto,141.89385332046726,1.0,0.01,1.0,0.1,300,300,3,2,120,240,"[120, 240]",0.12545043638693545,0.1541506835870946,0.13157894736842105,0.486,66,0.66,0.5994098782539368,0.6679621934890747,170595.953125,157200.59375,13395.359375,166281.96875,4.313988208770752,1.2248800880001909,2.382000002398854e-05,1.2213071480000508,0.002192269000261149,0.003093000000262691,0.004071023826666836,467.53125,ok,0,,outputs/misspec_robustness_tuned,"[120, 240]",random_prior,"[1 0 0 2 0 2 1 1 0 2 1 2 0 1 0 2 2 2 1 0 0 1 1 1 0 0 1 0 0 1 1 0 2 1 1 2 2
 0 0 1 2 0 1 1 0 1 0 1 0 1 0 2 0 1 0 1 0 2 1 1 0 1 0 0 0 0 0 0 2 0 0 1 0 2
 2 1 2 1 1 0 1 1 0 0 0 0 1 0 2 0 2 0 0 0 2 2 1 1 0 1 2 2 0 1 0 1 2 1 1 0 0
 0 1 0 1 1 0 1 2 1 2 0 0 1 2 0 0 1 1 2 2 1 0 0 0 0 2 2 1 2 0 1 2 1 0 2 0 0
 2 0 0 0 0 2 2 1 2 0 0 2 2 0 0 2 2 0 0 0 0 1 0 0 0 2 2 0 0 0 2 0 1 2 0 0 0
 1 0 0 0 0 1 1 0 1 1 1 1 2 2 0 0 0 2 2 1 1 2 1 1 2 1 2 0 1 2 1 0 1 0 0 0 2
 2 0 0 1 2 0 2 2 2 0 1 0 1 0 2 2 0 2 1 0 2 0 1 2 1 0 0 0 2 1 0 0 1 1 2 0 2
 0 1 0 1 2 0 1 0 2 0 2 0 1 1 1 0 2 0 0 1 0 1 0 0 0 1 2 0 2 0 1 1 1 0 0 0 0
 1 2 2 1 2 2 2 1 0 0 1 0 0 2 0 0 0 1 1 0 2 2 0 2 1 0 1 0 1 2 1 0 0 0 1 2 1
 1 0 1 2 1 0 2 0 0 1 1 0 1 2 2 2 1 1 0 0 0 0 1 0 0 2 0 0 1 0 0 2 1 0 1 0 2
 0 0 0 2 1 2 0 0 1 0 0 0 0 2 2 0 2 2 1 1 1 2 1 0 0 2 1 1 2 0 1 2 2 0 0 0 2
 2 0 0 0 1 1 0 0 1 2 0 1 2 1 1 2 1 1 1 1 1 1 1 2 2 2 0 0 2 0 0 2 2 1 1 2 2
 1 1 2 0 1 2 1 1 0 1 2 2 2 0 0 1 1 0 0 0 1 0 1 1 0 2 1 1 2 1 1 0 0 2 1 0 1
 2 1 1 0 0 0 0 2 1 0 0 0 1 0 1 0 2 1 0 1 2 1 2 2 0 0 1 2 0 1 2 0 0 0 0 0 1
 0 0 1 2 1 0 1 2 0 1 0 1 1 0 0 2 1 2 1 0 1 0 2 1 1 1 0 2 0 0 1 2 0 2 1 2 2
 2 0 0 1 1 0 1 2 0 2 0 1 0 1 0 1 0 1 0 0 1 1 1 2 2 1 0 0 1 2 2 0 2 1 0 2 2
 1 2 2 2 0 0 0 1 0 0 2 1 0 0 1 2 0 0 0 0 0 2 0 0 2 1 2 2 0 0 1 1 2 2 2 1 1
 2 0 2 2 0 1 0 0 2 1 1 0 2 2 0 1 0 0 1 0 1 1 1 1 2 2 2 2 2 0 1 0 0 0 0 2 0
 1 1 2 1 1 1 0 0 2 1 1 0 1 1 1 1 0 2 1 1 0 1 1 1 1 0 0 1 0 1 0 2 2 0 0 1 2
 0 2 1 1 1 0 0 0 2 2 1 0 0 1 0 0 1 1 1 2 2 1 0 0 2 2 0 0 0 0 0 2 2 0 0 2 0
 1 0 0 1 0 0 1 2 0 2 0 0 1 0 0 1 0 0 2 1 1 0 1 0 1 0 2 1 2 2 0 1 0 2 1 0 0
 2 0 1 2 2 2 1 2 0 1 1 0 1 2 2 2 0 2 0 1 0 2 0 0 2 2 1 0 0 2 2 2 0 0 0 0 2
 1 2 1 1 2 1 1 0 1 1 1 2 1 2 0 0 2 2 0 1 2 2 1 0 0 2 1 0 1 1 0 0 2 0 2 2 1
 0 2 0 0 1 0 2 2 2 2 0 2 0 1 0 2 1 0 0 1 0 0 2 0 0 1 1 2 0 0 2 1 1 0 1 2 0
 1 2 0 1 1 0 1 0 0 2 0 1 0 0 0 2 1 0 2 1 1 2 2 1 2 1 0 0 1 0 1 1 1 0 0 0 2
 2 2 0 1 1 1 2 1 2 1 2 2 0 2 2 0 2 1 0 2 2 0 1 1 0 0 0 0 2 2 1 1 0 1 2 1 1
 0 1 1 2 1 1 1 0 2 0 2 0 1 1 1 1 0 0 2 0 2 0 0 1 1 2 2 0 2 1 1 2 2 0 1 1 2
 2]"
misspec_tuned__rho0.6_block10_noise3__correlated_noise__seed2007__kmeans_oracle,run_divi_misspec_robustness_tuned.py,2026-04-02T15:22:19Z,unknown,local,cpu,x86_64,synthetic_correlated_noise,rho0.6_block10_noise3,correlated_noise,1000,100,3,0.1,0.9,3.0,101007,2007,kmeans_oracle,nan,KMeans,nan,nan,120,manual_mult_auto,141.89385332046726,1.0,0.01,1.0,0.1,300,nan,3,0,nan,nan,[],0.403384923042979,0.42599674401710896,nan,0.668,nan,nan,nan,nan,nan,nan,nan,nan,nan,nan,nan,nan,nan,nan,nan,467.53125,ok,0,,outputs/misspec_robustness_tuned
misspec_tuned__rho0.6_block10_noise3__correlated_noise__seed2007__gmm_oracle,run_divi_misspec_robustness_tuned.py,2026-04-02T15:22:19Z,unknown,local,cpu,x86_64,synthetic_correlated_noise,rho0.6_block10_noise3,correlated_noise,1000,100,3,0.1,0.9,3.0,101007,2007,gmm_oracle,nan,GaussianMixtureDiag,nan,nan,120,manual_mult_auto,141.89385332046726,1.0,0.01,1.0,0.1,300,nan,3,0,nan,nan,[],0.49944267314674023,0.5637777038257299,nan,0.702,nan,nan,nan,nan,nan,nan,nan,nan,nan,nan,nan,nan,nan,nan,nan,467.53125,ok,0,,outputs/misspec_robustness_tuned
misspec_tuned__rho0.6_block10_noise3__correlated_noise__seed2008__DIVI_p1,run_divi_misspec_robustness_tuned.py,2026-04-02T15:22:23Z,unknown,local,cpu,x86_64,synthetic_correlated_noise,rho0.6_block10_noise3,correlated_noise,1000,100,3,0.1,0.9,3.0,101008,2008,DIVI,1,DIVI,1000.0,1.0,120,manual_mult_auto,141.89385332046726,1.0,0.01,1.0,0.1,300,300,3,2,120,240,"[120, 240]",0.9940030543120736,0.9888649712313575,0.2222222222222222,0.998,80,0.8,0.6388661861419678,0.6844871640205383,164609.171875,151138.484375,13470.6875,160421.515625,4.187651634216309,1.041905356999905,0.18193109100002403,0.8572983359999853,0.001998470000216912,0.002155659999971249,0.002857661119999951,457.23046875,ok,0,,outputs/misspec_robustness_tuned,"[120, 240]",informative_kw_llr,"[1 2 1 1 1 2 0 0 1 1 1 0 0 1 2 0 0 2 0 1 2 0 1 1 1 1 2 2 2 2 2 2 2 1 2 0 2
 1 1 0 2 0 0 1 2 1 0 1 1 0 0 0 1 0 2 0 2 1 0 1 2 2 1 2 2 2 1 1 0 1 2 0 2 0
 0 0 0 2 2 2 2 0 1 0 2 1 0 2 0 0 2 2 0 1 1 2 1 2 1 0 0 0 0 1 2 1 2 2 0 2 0
 2 2 2 2 1 2 2 1 1 1 1 1 1 0 2 2 1 0 0 2 2 0 0 2 2 1 0 2 2 2 1 0 1 0 2 2 1
 0 1 0 1 0 0 2 2 0 1 1 0 1 1 1 2 1 2 1 0 2 2 0 1 2 0 1 2 1 0 2 2 0 2 1 1 0
 1 1 1 2 1 1 1 0 1 2 1 0 0 0 2 1 2 1 0 0 0 0 2 2 1 1 0 2 2 1 1 0 2 2 2 1 0
 1 2 2 1 1 0 0 0 0 1 2 2 1 2 1 0 0 2 0 1 0 0 1 0 1 2 2 0 2 1 0 1 0 1 2 2 0
 0 1 0 1 1 2 2 1 0 2 1 2 0 2 1 0 2 0 2 0 0 1 2 0 1 2 2 0 1 1 2 2 1 0 2 1 0
 2 1 2 1 1 1 2 0 2 0 2 1 0 2 0 2 0 2 1 2 1 2 1 0 0 2 2 2 1 0 0 0 2 1 1 0 0
 2 1 2 1 2 0 2 2 2 2 1 2 2 1 1 2 2 0 2 0 1 0 2 2 0 0 0 2 0 2 2 2 1 2 1 1 1
 2 1 1 1 2 1 0 2 2 0 2 2 1 0 2 2 2 2 1 2 1 1 1 2 2 1 0 1 0 0 0 2 1 1 0 0 1
 0 2 0 2 1 2 1 2 0 2 2 2 0 1 2 0 2 2 0 0 2 1 0 2 2 2 2 1 0 0 1 2 0 1 2 1 0
 0 0 0 2 2 0 0 0 1 2 1 1 1 2 1 1 2 0 0 0 1 0 2 1 1 1 2 1 1 2 1 1 0 0 1 0 0
 0 0 1 2 2 1 2 0 2 2 1 2 1 0 0 0 0 0 2 1 0 2 1 2 2 1 0 0 2 0 1 2 1 2 1 2 2
 2 2 0 1 2 0 1 0 1 0 0 0 1 1 2 1 0 0 2 0 2 0 1 0 2 1 2 0 2 2 0 2 1 1 2 2 0
 0 0 0 1 0 1 1 2 0 0 2 1 0 2 1 1 1 1 2 0 2 0 2 1 2 2 2 2 0 1 0 0 2 1 0 2 1
 0 2 1 0 0 0 1 0 1 2 0 2 0 1 1 1 1 0 2 1 2 0 1 1 1 0 2 0 2 0 1 1 1 1 0 2 0
 0 0 1 0 2 2 1 0 0 1 1 1 0 2 2 1 0 0 2 2 0 1 2 1 2 0 1 2 2 1 2 2 0 2 1 0 0
 0 0 1 1 1 1 1 1 2 0 0 2 0 0 2 1 0 0 0 2 2 2 2 0 1 2 2 0 2 1 2 2 1 2 2 1 1
 1 2 2 2 2 1 0 0 2 2 2 1 1 0 1 1 2 2 1 0 0 1 1 1 1 1 1 0 1 0 2 0 1 2 2 2 1
 0 1 0 2 2 2 0 1 0 0 1 0 2 1 1 2 2 1 0 1 1 0 1 1 2 0 1 0 1 1 2 1 1 0 2 1 1
 0 0 0 1 1 0 0 0 0 0 0 2 0 2 0 2 2 0 1 0 2 0 2 2 1 1 2 2 0 0 1 0 1 0 2 1 2
 2 0 2 0 0 0 0 0 0 2 0 2 2 0 1 1 1 1 1 0 2 0 1 2 0 2 2 1 0 1 2 1 0 0 1 0 1
 0 2 0 1 0 1 0 0 1 1 0 0 0 0 0 2 1 2 1 0 1 0 2 0 1 2 1 1 1 1 0 2 0 0 0 2 1
 2 0 0 0 1 0 1 0 0 0 1 2 2 2 0 1 2 2 2 0 1 2 1 2 2 1 1 0 2 1 1 1 0 1 2 0 1
 1 0 1 1 0 2 0 1 2 1 2 2 1 0 1 1 2 0 0 0 1 1 1 0 0 2 0 2 2 1 0 0 1 1 0 0 1
 2 0 2 0 2 1 0 1 1 1 1 0 2 1 0 1 0 1 2 0 0 1 2 1 2 0 2 2 1 2 2 0 1 0 0 0 2
 0]"
misspec_tuned__rho0.6_block10_noise3__correlated_noise__seed2008__DIVI_p2,run_divi_misspec_robustness_tuned.py,2026-04-02T15:22:23Z,unknown,local,cpu,x86_64,synthetic_correlated_noise,rho0.6_block10_noise3,correlated_noise,1000,100,3,0.1,0.9,3.0,101008,2008,DIVI,2,DIVI,1000.0,1.0,120,manual_mult_auto,141.89385332046726,1.0,0.01,1.0,0.1,300,300,3,2,120,240,"[120, 240]",0.38685159504249217,0.4067445687036399,0.18181818181818182,0.672,100,1.0,0.6731622815132141,0.6725564002990723,166746.21875,150136.890625,16609.328125,160553.078125,6.193137168884277,0.7980207190003057,1.9460000203253003e-05,0.7944549290000396,0.0015479599996979232,0.003159960000175488,0.0026481830966667984,458.7578125,ok,0,,outputs/misspec_robustness_tuned,"[120, 240]",noninformative_uniform,"[1 1 0 0 1 0 2 2 1 0 0 2 2 0 1 2 2 1 2 0 0 2 0 0 0 0 2 0 0 2 1 1 0 1 2 2 2
 0 0 2 1 2 2 1 1 1 2 0 0 2 2 2 1 1 1 2 2 0 2 0 2 1 1 1 0 1 0 0 2 0 2 2 1 1
 2 2 2 2 0 1 0 2 1 2 2 0 2 0 2 2 0 0 2 0 0 2 0 0 0 2 2 2 2 0 2 0 2 0 2 2 2
 2 2 1 2 1 0 0 0 1 0 1 0 0 2 1 0 0 2 2 1 0 2 2 2 1 1 2 0 2 0 0 1 0 2 1 0 0
 2 0 2 0 2 2 2 1 2 0 0 2 0 0 0 0 0 1 1 2 0 2 2 0 0 2 0 0 1 2 0 1 1 2 0 0 2
 0 0 0 2 0 0 1 2 1 2 0 2 2 2 2 0 0 0 2 2 2 2 2 1 1 0 2 1 0 0 0 2 2 2 0 0 2
 1 1 2 0 1 2 2 2 2 1 0 0 0 1 0 2 2 0 2 0 2 2 1 2 1 2 0 2 1 1 2 1 2 1 1 2 2
 2 0 2 0 1 2 0 1 2 2 0 0 2 1 0 2 1 2 1 2 2 0 0 2 0 1 2 2 0 0 0 0 1 2 1 0 2
 2 0 1 0 1 0 1 2 0 2 0 0 2 1 2 1 2 1 0 1 0 1 0 2 2 1 0 1 0 2 2 1 2 1 0 2 1
 1 0 2 1 2 2 1 0 0 0 0 2 1 1 0 1 0 2 1 2 1 2 2 0 2 2 2 2 1 0 0 0 1 1 0 0 0
 1 0 1 0 0 0 2 1 0 2 2 0 1 2 0 1 0 0 0 0 0 0 0 1 0 0 2 0 2 2 2 1 0 0 2 2 1
 2 1 1 2 0 1 0 0 2 2 0 1 2 0 2 2 0 1 2 2 0 0 2 1 2 1 0 1 2 2 1 0 2 1 0 0 2
 2 2 2 1 1 2 2 2 0 2 1 0 0 0 0 0 0 2 1 2 0 2 0 0 0 0 0 0 1 2 1 0 2 2 0 2 2
 2 2 1 1 2 0 2 2 1 2 0 1 1 2 1 2 2 2 2 0 2 1 0 1 0 0 2 2 1 2 1 1 0 2 1 2 2
 0 0 2 0 0 2 0 2 0 1 2 2 0 0 0 0 2 2 1 2 1 2 0 2 0 1 0 2 0 2 1 1 1 0 0 0 2
 2 2 2 0 2 0 0 0 2 2 2 0 2 2 0 1 0 0 0 2 0 2 1 0 0 1 1 2 2 0 2 2 0 0 2 0 0
 2 1 0 2 2 2 0 2 0 2 2 0 2 0 0 1 0 2 1 0 1 2 1 1 1 2 2 2 2 2 0 0 0 0 2 1 2
 2 2 1 2 0 1 0 2 2 0 0 0 2 1 1 0 2 2 0 1 2 0 0 0 0 2 0 1 1 0 2 1 2 0 1 2 2
 2 2 0 0 1 0 0 0 1 2 2 2 2 2 1 1 2 2 2 1 0 0 1 2 1 2 1 2 0 0 1 0 1 0 1 1 1
 0 0 0 0 0 1 2 2 1 1 0 0 1 2 0 0 2 2 0 2 2 0 0 0 1 0 0 2 1 2 0 2 0 0 1 1 0
 2 0 2 1 0 2 2 0 2 2 0 1 2 0 0 2 0 1 2 0 1 2 0 0 1 2 0 2 0 0 1 0 0 2 2 0 0
 2 2 2 0 1 2 2 2 2 2 2 0 2 1 2 2 0 2 1 2 2 2 1 0 1 0 1 2 2 2 0 2 0 2 0 0 0
 1 2 0 1 2 2 2 2 2 1 2 0 0 2 1 1 0 1 0 2 1 2 1 1 2 2 1 0 2 0 1 0 2 2 1 2 0
 2 0 2 0 2 0 2 1 0 1 2 2 2 2 2 2 1 2 1 2 0 2 0 2 0 1 0 1 0 0 2 0 2 2 2 2 0
 0 2 2 2 0 2 0 2 2 2 0 1 0 0 2 0 0 2 2 2 1 1 0 0 0 1 0 1 2 0 0 0 2 0 2 2 0
 0 2 0 0 1 1 2 0 0 0 1 0 1 2 1 0 0 2 2 2 0 1 1 2 2 0 2 1 0 0 2 2 0 0 2 2 0
 1 2 0 2 1 0 1 0 0 0 0 2 0 1 2 1 2 1 0 2 2 0 0 1 0 2 0 1 0 2 2 2 1 2 2 1 0
 2]"
misspec_tuned__rho0.6_block10_noise3__correlated_noise__seed2008__DIVI_p3,run_divi_misspec_robustness_tuned.py,2026-04-02T15:22:23Z,unknown,local,cpu,x86_64,synthetic_correlated_noise,rho0.6_block10_noise3,correlated_noise,1000,100,3,0.1,0.9,3.0,101008,2008,DIVI,3,DIVI,1000.0,1.0,120,manual_mult_auto,141.89385332046726,1.0,0.01,1.0,0.1,300,300,3,2,120,240,"[120, 240]",0.27951228457447896,0.3203852423870626,0.20930232558139536,0.612,76,0.76,0.6299065947532654,0.6819773316383362,167282.6875,155600.53125,11682.15625,163353.8125,3.928879499435425,0.9388899730001867,2.303100018252735e-05,0.9345758220001699,0.001687720000063564,0.003896509999776754,0.0031152527400005662,460.28125,ok,0,,outputs/misspec_robustness_tuned,"[120, 240]",random_prior,"[0 2 1 1 0 0 2 0 0 1 1 2 2 1 1 2 2 2 2 0 1 0 0 1 1 1 1 0 0 2 2 2 1 1 2 2 1
 0 0 2 2 2 2 1 0 0 2 0 1 2 2 2 0 2 1 2 2 0 0 1 2 0 0 0 1 1 1 0 2 1 2 2 2 2
 0 2 0 1 2 0 0 2 0 2 2 1 2 0 2 0 1 0 2 1 1 1 0 1 1 0 2 0 0 1 2 1 2 1 2 2 0
 0 0 1 2 0 1 1 0 1 1 1 0 0 2 0 1 0 2 0 0 1 0 2 1 2 0 2 2 2 0 0 2 0 2 0 1 0
 2 1 2 1 0 2 2 0 2 1 1 0 1 0 1 1 1 2 1 2 0 2 0 1 1 2 0 1 1 2 1 2 0 2 1 0 2
 0 1 1 2 0 0 0 0 0 2 1 2 2 2 2 1 1 0 2 2 2 2 2 1 1 0 2 0 0 0 1 2 2 0 0 0 2
 1 1 2 1 0 2 2 2 2 0 0 1 0 0 1 2 2 2 2 1 2 0 0 2 0 2 0 0 0 1 2 0 2 0 0 2 2
 0 0 0 1 0 0 1 1 2 2 1 2 2 0 1 2 2 0 0 2 2 1 0 2 1 0 2 2 1 1 0 2 1 2 2 0 2
 2 0 2 0 1 1 2 0 1 2 1 1 2 2 2 1 2 0 1 1 1 0 1 2 2 1 1 1 1 2 2 2 1 0 1 2 2
 2 1 2 1 2 2 2 0 0 1 1 2 0 1 0 2 2 2 0 2 1 2 1 1 2 2 2 1 2 1 1 2 1 0 0 0 1
 1 0 1 1 1 1 2 1 0 0 0 0 0 2 0 0 1 2 1 2 1 1 1 0 0 0 2 0 2 2 2 0 1 1 2 2 0
 2 2 2 2 1 0 1 0 2 2 0 0 0 1 0 0 1 1 2 2 2 1 2 2 2 0 0 0 2 2 0 2 2 1 1 1 2
 2 2 2 0 2 0 2 2 1 1 1 1 1 0 0 1 2 0 2 2 1 2 2 1 1 0 1 1 0 2 0 1 2 2 0 2 0
 2 2 1 1 0 1 1 2 2 0 0 0 1 2 2 2 2 2 0 1 2 2 1 2 1 1 2 2 0 2 0 0 1 1 0 0 1
 0 1 2 0 0 2 1 0 1 2 2 2 1 1 2 0 2 2 2 2 2 2 0 2 2 1 1 2 0 1 2 1 0 0 1 2 2
 2 2 0 1 0 0 0 1 2 2 2 1 2 0 1 0 1 1 0 2 1 2 0 1 1 0 1 0 2 1 2 2 0 1 2 1 1
 2 0 0 2 2 2 1 0 0 0 0 0 2 1 0 0 1 0 1 0 1 2 1 0 0 2 2 2 2 2 0 0 1 1 2 2 2
 2 2 1 2 0 0 0 2 0 1 1 0 0 0 0 1 2 2 2 2 2 1 0 1 1 2 1 2 0 1 0 2 2 1 1 2 0
 2 2 0 0 1 0 1 1 0 0 2 1 2 2 0 0 0 2 2 0 0 0 2 2 0 2 2 2 0 1 0 1 1 0 0 0 1
 1 0 2 1 1 0 2 2 0 2 0 1 1 2 1 1 2 1 0 2 0 1 1 1 1 1 1 2 0 2 1 2 1 1 1 0 1
 2 1 2 2 1 2 2 1 0 2 0 0 2 1 1 0 0 1 2 1 0 2 1 1 0 2 0 2 1 1 1 0 1 2 2 1 1
 2 0 2 1 1 0 0 2 0 2 2 1 2 2 2 2 0 0 1 2 2 2 0 1 1 0 1 2 2 2 1 0 1 0 1 1 0
 2 2 1 2 2 0 2 2 2 1 2 2 0 2 0 0 0 0 1 2 2 0 1 0 2 0 0 0 2 1 0 1 0 2 1 2 1
 2 1 2 1 2 1 2 0 1 0 0 2 2 2 2 0 0 1 1 2 1 0 2 2 1 0 1 1 1 1 2 1 2 2 2 0 1
 1 2 2 2 1 2 1 2 2 2 1 0 2 1 0 1 0 2 0 2 0 0 0 0 1 0 1 0 2 1 1 0 2 1 2 2 0
 1 2 1 0 0 0 2 1 0 1 0 0 0 0 1 1 0 2 2 2 1 1 1 0 2 2 2 0 0 1 2 2 1 1 2 2 1
 1 2 1 2 2 1 0 1 0 1 1 2 1 0 2 1 2 0 0 2 2 1 1 1 2 2 0 0 0 0 2 0 0 2 2 2 0
 2]"
misspec_tuned__rho0.6_block10_noise3__correlated_noise__seed2008__kmeans_oracle,run_divi_misspec_robustness_tuned.py,2026-04-02T15:22:23Z,unknown,local,cpu,x86_64,synthetic_correlated_noise,rho0.6_block10_noise3,correlated_noise,1000,100,3,0.1,0.9,3.0,101008,2008,kmeans_oracle,nan,KMeans,nan,nan,120,manual_mult_auto,141.89385332046726,1.0,0.01,1.0,0.1,300,nan,3,0,nan,nan,[],0.3947747896548796,0.42496398928144674,nan,0.648,nan,nan,nan,nan,nan,nan,nan,nan,nan,nan,nan,nan,nan,nan,nan,455.4453125,ok,0,,outputs/misspec_robustness_tuned
misspec_tuned__rho0.6_block10_noise3__correlated_noise__seed2008__gmm_oracle,run_divi_misspec_robustness_tuned.py,2026-04-02T15:22:23Z,unknown,local,cpu,x86_64,synthetic_correlated_noise,rho0.6_block10_noise3,correlated_noise,1000,100,3,0.1,0.9,3.0,101008,2008,gmm_oracle,nan,GaussianMixtureDiag,nan,nan,120,manual_mult_auto,141.89385332046726,1.0,0.01,1.0,0.1,300,nan,3,0,nan,nan,[],0.4874135717536338,0.5462588380828732,nan,0.665,nan,nan,nan,nan,nan,nan,nan,nan,nan,nan,nan,nan,nan,nan,nan,455.4453125,ok,0,,outputs/misspec_robustness_tuned
misspec_tuned__rho0.6_block10_noise3__correlated_noise__seed2009__DIVI_p1,run_divi_misspec_robustness_tuned.py,2026-04-02T15:22:26Z,unknown,local,cpu,x86_64,synthetic_correlated_noise,rho0.6_block10_noise3,correlated_noise,1000,100,3,0.1,0.9,3.0,101009,2009,DIVI,1,DIVI,1000.0,1.0,120,manual_mult_auto,141.89385332046726,1.0,0.01,1.0,0.1,300,300,3,2,120,240,"[120, 240]",0.510321388011931,0.564103205232223,0.23529411764705882,0.733,75,0.75,0.6348937749862671,0.6844991445541382,165734.625,153773.375,11961.25,161530.703125,4.203924179077148,1.4318658769998365,0.31186826399971324,1.1134475140001996,0.0017465699997956108,0.002906150000399066,0.0037114917133339986,464.22265625,ok,0,,outputs/misspec_robustness_tuned,"[120, 240]",informative_kw_llr,"[1 0 0 0 2 0 0 2 2 2 0 1 1 0 0 0 2 1 0 0 0 0 1 1 0 1 2 2 1 1 1 0 2 1 2 0 0
 0 2 0 0 2 2 0 0 1 0 1 1 0 0 1 0 0 1 0 0 0 1 1 0 2 0 1 0 2 0 1 0 2 1 2 2 1
 1 1 1 0 2 1 0 2 0 1 0 0 2 1 1 2 1 2 0 1 1 0 0 2 0 1 1 1 0 2 1 0 1 1 0 2 2
 2 2 0 2 2 0 2 2 2 2 1 2 1 1 1 1 1 0 2 2 2 1 1 1 1 1 1 2 1 2 2 1 1 2 2 0 1
 0 0 1 0 0 0 1 1 0 0 1 2 1 0 2 1 2 1 0 2 2 2 1 2 0 0 1 0 1 0 2 2 1 2 2 2 2
 1 0 1 0 0 2 0 0 2 1 2 0 0 2 1 1 0 0 0 1 2 1 0 1 2 0 1 0 0 2 1 1 2 0 0 0 1
 2 2 0 0 2 0 1 1 0 2 1 1 1 0 0 2 0 0 0 2 0 2 2 0 1 0 0 2 0 0 0 1 2 1 2 2 2
 1 2 0 1 1 1 0 1 0 1 1 0 0 2 0 2 0 0 1 1 1 1 0 0 2 1 0 1 2 0 2 0 1 0 1 2 2
 0 1 0 1 0 1 0 2 0 0 0 2 0 1 1 2 1 2 2 0 0 2 2 2 0 2 2 0 0 1 0 2 2 0 1 0 2
 1 2 0 1 0 1 1 0 1 1 2 0 0 2 1 2 2 2 0 1 0 0 2 2 2 2 1 2 2 2 2 0 0 1 2 2 1
 0 2 2 2 1 1 0 1 0 2 0 1 2 1 1 0 1 1 2 1 1 2 1 1 1 2 0 2 0 0 0 1 2 1 1 2 2
 2 1 2 1 2 2 2 0 1 0 2 0 2 2 1 2 1 2 0 1 1 1 1 2 2 2 2 2 2 0 0 1 0 0 1 0 1
 1 2 0 1 0 1 0 1 2 0 1 1 1 1 1 2 0 2 0 0 1 2 0 1 1 1 1 1 2 1 1 2 1 1 2 1 2
 0 1 1 0 1 0 2 1 2 1 0 2 2 2 2 2 2 0 2 1 2 2 0 2 1 2 1 1 2 2 2 0 2 2 2 2 2
 1 2 2 1 0 2 2 2 1 1 2 1 2 1 1 2 2 2 0 0 0 2 2 0 1 0 0 0 2 2 2 1 1 1 0 2 0
 1 0 1 0 2 0 2 0 1 1 2 2 1 2 1 1 2 1 2 2 1 2 1 2 1 2 0 2 1 1 0 0 0 2 2 2 1
 2 2 2 2 2 0 0 0 2 1 1 2 0 0 0 2 2 2 1 1 2 2 0 0 1 1 2 1 2 2 1 1 1 2 2 1 1
 0 2 1 0 0 2 1 0 1 0 1 2 1 2 0 0 0 1 2 1 0 0 0 0 1 2 1 0 2 2 2 1 0 2 0 2 2
 0 2 2 2 1 1 0 0 1 1 0 1 2 2 0 0 2 2 0 2 2 0 0 0 0 2 0 2 1 1 0 2 0 1 1 1 2
 0 0 1 1 0 0 0 1 2 2 1 1 2 1 1 0 0 2 0 0 2 0 1 0 1 1 2 1 2 2 0 0 1 2 0 0 0
 1 0 0 0 0 2 2 0 0 0 2 0 0 0 1 2 1 1 0 2 0 1 1 1 0 2 2 0 0 1 1 1 0 1 1 1 2
 0 2 0 2 1 0 1 2 0 0 1 0 2 1 0 2 0 0 2 2 0 1 1 0 2 2 0 0 0 0 0 1 1 2 0 1 2
 0 2 2 1 0 1 2 0 2 0 2 1 0 1 0 0 1 1 1 0 1 1 2 1 0 0 2 1 1 0 2 0 0 1 0 1 1
 0 0 1 0 2 1 2 0 1 2 2 1 0 2 2 1 1 1 1 0 0 1 1 2 0 0 0 1 2 0 1 2 0 2 2 0 1
 2 1 0 1 1 2 1 0 0 1 0 0 2 1 1 2 2 0 1 2 2 1 0 1 2 0 2 0 0 2 1 1 1 2 0 0 2
 0 0 1 2 1 2 1 2 1 0 2 1 1 2 1 2 1 2 1 2 0 1 2 2 0 0 0 0 1 1 0 1 0 2 1 2 0
 0 0 0 0 1 2 1 0 1 0 1 2 1 2 0 0 1 0 0 2 0 2 1 2 0 0 0 1 1 0 1 2 0 2 1 1 0
 0]"
misspec_tuned__rho0.6_block10_noise3__correlated_noise__seed2009__DIVI_p2,run_divi_misspec_robustness_tuned.py,2026-04-02T15:22:26Z,unknown,local,cpu,x86_64,synthetic_correlated_noise,rho0.6_block10_noise3,correlated_noise,1000,100,3,0.1,0.9,3.0,101009,2009,DIVI,2,DIVI,1000.0,1.0,120,manual_mult_auto,141.89385332046726,1.0,0.01,1.0,0.1,300,300,3,2,120,240,"[120, 240]",0.27301790572545287,0.3087352210991576,0.18181818181818182,0.62,100,1.0,0.6704004406929016,0.6719461679458618,167109.09375,149833.6875,17275.40625,161106.3125,6.002788543701172,0.8233528380001189,2.800999982355279e-05,0.8200573780000013,0.0020034799995301,0.0026819700001396996,0.002733524593333338,458.1171875,ok,0,,outputs/misspec_robustness_tuned,"[120, 240]",noninformative_uniform,"[0 1 2 1 0 2 1 2 1 2 2 1 0 2 2 2 2 0 1 1 1 2 0 0 1 0 2 2 0 0 0 1 0 1 2 1 1
 1 0 2 1 0 2 1 2 2 2 0 1 2 1 0 1 1 0 0 1 2 0 0 2 1 1 1 2 0 1 1 1 0 1 2 2 0
 2 0 0 1 2 0 2 0 1 1 1 1 2 0 2 2 0 0 1 0 0 1 1 2 1 1 2 1 1 2 2 1 1 0 1 0 0
 2 2 1 0 0 1 0 2 0 2 1 2 0 0 2 0 0 2 2 2 0 0 0 0 0 0 1 2 0 2 0 0 2 2 2 1 2
 1 1 0 2 1 1 0 1 1 1 0 2 0 1 2 1 0 0 1 2 0 0 1 2 1 2 0 1 0 1 0 2 1 0 0 0 1
 0 1 2 1 2 2 2 2 1 0 2 1 1 0 1 0 2 2 1 0 0 0 1 1 0 1 1 1 1 0 0 0 0 1 2 0 0
 0 2 1 1 0 1 0 0 1 0 1 2 1 1 1 0 1 1 1 2 1 0 2 1 0 1 1 2 1 1 1 0 2 0 2 2 2
 2 0 1 2 0 0 1 2 1 0 0 2 1 2 1 2 1 2 0 0 0 0 1 2 0 0 1 0 2 1 0 1 1 1 0 0 0
 2 0 1 2 1 0 2 0 2 1 1 0 2 2 0 0 0 2 2 2 1 2 2 2 1 2 0 2 2 0 1 0 0 2 2 1 2
 0 0 2 0 2 0 0 1 0 0 1 2 0 0 2 0 0 2 1 0 1 2 2 2 0 2 0 0 0 2 0 1 1 2 2 2 0
 1 2 2 2 0 0 1 2 1 0 1 2 0 1 2 1 0 1 0 0 0 2 0 0 0 2 1 0 2 1 1 0 2 0 0 0 0
 2 2 2 1 2 0 2 2 0 1 2 1 2 2 0 2 0 0 2 0 0 2 0 2 0 0 0 2 2 1 1 2 2 1 0 1 1
 0 2 1 1 1 0 1 0 2 1 0 2 0 0 1 2 1 2 1 1 0 0 2 0 2 1 1 0 0 0 0 0 0 0 0 2 2
 1 0 0 2 0 1 0 0 0 0 1 0 0 0 0 0 2 1 2 1 1 2 2 2 0 2 2 0 0 0 0 1 0 2 0 0 2
 2 0 0 0 2 0 2 2 0 0 2 0 2 2 1 2 0 0 1 1 1 0 0 2 0 1 1 1 0 2 0 0 2 0 1 0 1
 1 2 2 2 0 2 0 2 0 0 0 0 0 0 1 0 0 0 2 2 2 2 1 2 1 0 1 0 0 1 1 1 2 0 0 2 0
 0 0 0 0 2 1 1 1 2 0 0 0 1 1 1 0 0 2 1 0 2 0 2 1 2 0 0 0 2 2 0 2 0 2 2 0 2
 2 2 0 2 1 2 1 1 0 1 0 2 1 2 2 1 1 1 0 2 1 1 1 2 1 1 0 1 1 0 2 0 1 2 2 0 2
 1 2 0 2 1 0 1 1 0 2 2 1 0 0 1 2 2 2 1 2 2 1 1 2 2 0 2 0 2 0 2 0 1 0 1 1 2
 1 1 2 2 1 1 2 0 2 2 1 0 0 0 0 1 2 0 2 1 0 1 0 1 2 0 2 0 2 1 2 1 0 2 1 2 1
 0 1 1 1 1 0 2 1 2 2 0 2 1 2 0 2 1 0 2 2 1 0 2 0 2 2 0 1 1 2 1 0 1 0 1 0 0
 1 2 2 2 0 2 0 2 1 1 0 2 0 1 2 0 1 1 2 0 1 0 0 2 2 2 1 1 2 2 1 0 0 0 1 0 2
 1 0 2 2 1 0 0 1 2 2 2 1 1 2 1 1 0 0 0 1 0 0 2 0 1 2 2 0 0 1 0 1 2 1 1 0 0
 1 1 0 1 0 0 0 1 1 0 2 2 1 0 2 0 0 0 1 1 1 0 0 1 1 2 1 0 0 1 2 2 1 0 2 1 0
 2 0 1 1 1 0 0 1 1 2 1 1 0 0 0 0 0 2 1 2 0 2 2 0 2 1 2 1 1 0 0 1 0 2 1 1 0
 1 1 1 2 2 1 0 0 2 2 2 0 0 2 0 0 0 0 0 0 2 0 2 1 1 1 2 1 0 0 1 0 2 0 1 2 1
 1 2 1 1 0 0 0 1 2 1 0 0 2 0 1 1 0 2 2 2 2 1 0 0 2 2 1 0 0 2 1 2 2 2 0 2 1
 1]"
misspec_tuned__rho0.6_block10_noise3__correlated_noise__seed2009__DIVI_p3,run_divi_misspec_robustness_tuned.py,2026-04-02T15:22:26Z,unknown,local,cpu,x86_64,synthetic_correlated_noise,rho0.6_block10_noise3,correlated_noise,1000,100,3,0.1,0.9,3.0,101009,2009,DIVI,3,DIVI,1000.0,1.0,120,manual_mult_auto,141.89385332046726,1.0,0.01,1.0,0.1,300,300,3,2,120,240,"[120, 240]",0.008237708603763334,0.009360342824198314,0.19277108433734938,0.379,73,0.73,0.630397617816925,0.6741018891334534,167664.15625,155942.765625,11721.390625,164047.15625,3.616994857788086,0.9113479229999939,2.5909999749273993e-05,0.9087198839997654,0.0021644399998876906,0.0021447700000862824,0.0030290662799992182,466.00390625,ok,0,,outputs/misspec_robustness_tuned,"[120, 240]",random_prior,"[1 2 1 2 0 0 1 0 0 2 0 2 1 0 0 0 0 1 1 2 0 0 1 2 0 2 0 0 2 2 2 1 2 1 0 2 2
 2 2 0 0 1 0 2 0 1 0 2 1 0 0 1 2 0 2 1 2 0 2 1 0 0 0 1 1 2 0 2 1 2 2 0 0 2
 1 2 2 2 0 1 0 2 1 1 0 2 0 1 0 0 1 2 0 2 1 1 1 0 0 1 1 1 0 1 0 2 2 2 0 2 0
 0 0 0 2 2 0 2 0 2 0 0 0 2 2 1 2 1 0 0 0 0 2 1 2 0 1 2 0 1 0 0 1 1 2 0 0 0
 1 1 2 0 1 1 1 0 0 1 2 0 1 0 2 1 2 1 0 0 2 1 1 0 2 0 1 0 1 1 0 0 1 1 2 2 2
 1 2 1 0 0 0 0 0 0 1 0 0 0 0 0 1 0 0 1 1 2 1 2 0 0 1 2 0 2 2 2 1 2 2 2 2 1
 2 0 2 2 2 0 1 1 0 2 2 0 1 1 0 2 1 1 2 0 0 0 1 0 1 2 0 0 0 2 2 2 0 1 0 0 0
 0 0 2 1 2 1 0 0 1 2 1 0 2 2 1 0 0 2 1 1 1 0 2 0 2 1 0 1 0 2 0 2 1 1 2 1 1
 1 1 1 1 2 1 0 2 0 0 0 1 0 0 2 2 1 0 0 0 1 0 2 0 1 0 2 0 0 2 2 1 2 2 2 0 0
 2 2 2 1 0 1 1 0 2 2 0 2 2 2 0 0 2 0 1 1 0 0 0 0 1 0 2 0 0 0 2 1 2 2 0 0 1
 1 0 0 0 1 2 1 0 0 2 1 2 1 2 0 1 2 2 2 1 1 0 1 1 1 0 1 1 0 2 1 1 2 1 1 0 2
 0 0 0 1 0 1 0 0 1 2 0 2 0 0 2 0 1 1 0 1 1 0 2 2 0 0 1 0 0 0 2 0 0 1 2 2 1
 2 0 2 0 2 1 0 1 0 2 2 0 2 2 2 0 2 0 1 2 2 2 0 2 0 1 2 2 2 1 1 1 2 2 0 0 0
 0 1 1 0 2 2 2 1 1 2 2 1 1 0 1 2 0 2 0 1 2 0 0 2 1 0 0 1 2 2 0 2 2 0 2 2 0
 1 0 2 1 0 2 0 0 2 2 1 2 0 0 1 0 0 0 2 2 1 0 0 0 2 2 0 2 2 1 0 1 1 0 1 2 2
 2 0 0 0 0 0 2 0 1 2 2 0 1 0 2 2 2 2 0 0 0 0 2 0 2 1 2 1 1 1 1 1 0 0 2 0 1
 0 2 2 0 0 2 2 0 0 1 1 1 0 2 1 0 1 0 1 2 0 2 0 0 0 1 2 1 0 0 1 0 1 0 0 2 0
 0 2 1 0 2 0 2 2 2 0 1 0 1 0 0 0 0 2 1 0 0 1 0 1 2 2 1 0 0 1 2 2 0 0 0 0 0
 1 0 0 0 2 2 1 1 2 0 0 2 2 2 2 0 0 0 1 1 0 2 0 2 2 2 0 0 2 1 0 2 2 1 2 1 0
 2 1 0 0 1 1 0 2 0 0 1 1 0 1 1 2 0 2 0 0 0 2 1 0 1 1 0 2 0 2 0 0 2 0 2 0 1
 2 2 1 2 2 1 0 0 0 0 1 0 1 0 1 0 0 1 0 0 2 1 1 1 1 0 2 2 1 2 1 1 0 1 1 2 2
 0 0 0 0 1 0 1 0 2 2 1 0 2 2 0 0 2 0 0 0 2 2 1 0 1 0 2 0 0 2 2 1 1 1 2 0 0
 2 0 0 1 0 1 2 0 0 0 0 2 1 2 2 0 1 0 2 0 1 2 0 0 1 0 0 2 2 2 1 1 0 0 2 2 1
 2 0 1 0 1 1 2 0 1 1 0 1 1 2 2 1 1 1 2 2 0 1 2 0 0 0 1 1 2 2 0 0 2 2 0 2 1
 0 2 2 2 0 2 1 2 0 0 0 0 1 1 2 2 1 0 1 0 0 1 0 2 0 1 0 1 0 1 2 1 2 0 2 2 0
 2 1 2 0 1 0 2 2 1 0 2 0 0 0 1 1 1 0 1 1 0 1 0 0 2 2 0 1 1 1 0 1 1 0 1 0 0
 2 2 0 0 1 0 1 2 1 2 1 0 1 2 0 1 1 0 1 0 0 0 2 1 0 0 0 1 0 0 2 0 0 0 2 2 1
 0]"
misspec_tuned__rho0.6_block10_noise3__correlated_noise__seed2009__kmeans_oracle,run_divi_misspec_robustness_tuned.py,2026-04-02T15:22:26Z,unknown,local,cpu,x86_64,synthetic_correlated_noise,rho0.6_block10_noise3,correlated_noise,1000,100,3,0.1,0.9,3.0,101009,2009,kmeans_oracle,nan,KMeans,nan,nan,120,manual_mult_auto,141.89385332046726,1.0,0.01,1.0,0.1,300,nan,3,0,nan,nan,[],0.3109048988032599,0.34345227544317464,nan,0.624,nan,nan,nan,nan,nan,nan,nan,nan,nan,nan,nan,nan,nan,nan,nan,449.72265625,ok,0,,outputs/misspec_robustness_tuned
misspec_tuned__rho0.6_block10_noise3__correlated_noise__seed2009__gmm_oracle,run_divi_misspec_robustness_tuned.py,2026-04-02T15:22:26Z,unknown,local,cpu,x86_64,synthetic_correlated_noise,rho0.6_block10_noise3,correlated_noise,1000,100,3,0.1,0.9,3.0,101009,2009,gmm_oracle,nan,GaussianMixtureDiag,nan,nan,120,manual_mult_auto,141.89385332046726,1.0,0.01,1.0,0.1,300,nan,3,0,nan,nan,[],0.49123645537136057,0.5594231805084613,nan,0.668,nan,nan,nan,nan,nan,nan,nan,nan,nan,nan,nan,nan,nan,nan,nan,449.7265625,ok,0,,outputs/misspec_robustness_tuned
misspec_tuned__rho0.6_block10_noise3__correlated_noise__seed2010__DIVI_p1,run_divi_misspec_robustness_tuned.py,2026-04-02T15:22:29Z,unknown,local,cpu,x86_64,synthetic_correlated_noise,rho0.6_block10_noise3,correlated_noise,1000,100,3,0.1,0.9,3.0,101010,2010,DIVI,1,DIVI,1000.0,1.0,120,manual_mult_auto,141.89385332046726,1.0,0.01,1.0,0.1,300,300,3,2,120,240,"[120, 240]",0.5497170381393808,0.5843306614039125,0.23255813953488372,0.783,76,0.76,0.6395632028579712,0.6907430291175842,165924.015625,151600.84375,14323.171875,161389.859375,4.534158706665039,1.1354405920001227,0.20586970900012602,0.9252984630002175,0.0016275409998343093,0.0037572500000351283,0.003084328210000725,466.0078125,ok,0,,outputs/misspec_robustness_tuned,"[120, 240]",informative_kw_llr,"[2 0 1 0 1 1 0 0 1 0 2 0 0 1 0 1 0 0 2 2 1 0 0 1 1 1 1 0 0 2 0 2 2 1 2 2 2
 1 0 1 0 2 1 0 1 0 1 0 0 1 2 1 1 1 2 1 1 0 2 0 0 1 2 2 0 0 1 2 2 1 1 1 2 2
 0 1 1 0 2 0 2 0 1 2 1 2 1 1 0 0 0 1 2 2 1 2 1 1 0 0 1 1 2 0 0 1 1 2 2 1 0
 2 2 0 2 0 2 0 1 1 2 0 2 0 2 1 2 1 1 0 1 0 0 1 1 0 0 0 1 2 0 2 1 2 0 1 1 2
 1 0 0 1 0 0 0 0 2 0 2 0 1 0 1 2 2 1 0 0 2 0 1 0 0 1 1 1 0 2 0 0 1 1 0 1 1
 1 0 2 2 0 2 2 1 0 1 0 1 1 1 0 0 1 1 2 2 2 0 1 0 1 1 2 1 1 0 0 0 2 1 1 1 0
 0 1 0 1 2 2 2 2 1 1 1 2 1 1 1 0 1 1 1 2 0 2 0 2 2 1 0 0 1 1 2 2 1 2 0 2 1
 0 0 1 0 2 2 1 0 1 0 1 2 2 0 0 2 2 0 0 0 1 0 2 1 0 0 2 1 1 2 2 2 1 2 1 2 1
 2 2 2 0 2 2 0 0 2 1 0 0 2 1 0 0 2 1 1 0 0 2 1 2 2 0 1 1 2 1 0 1 2 1 2 1 1
 1 1 2 0 2 1 1 1 2 1 0 1 0 1 0 0 2 1 0 1 2 0 0 2 2 0 1 2 1 0 0 1 2 1 1 2 2
 0 2 1 1 0 2 2 0 0 2 1 2 1 1 0 1 1 2 0 2 0 2 1 2 2 1 0 0 0 0 2 2 0 0 0 0 2
 0 0 2 1 1 1 2 0 1 0 0 2 1 0 1 1 0 1 0 0 1 0 2 2 2 2 1 0 2 2 0 0 1 2 0 0 2
 2 1 0 0 2 1 2 2 2 2 0 2 0 0 1 1 1 1 1 1 1 1 1 1 2 0 1 0 2 1 2 2 1 2 2 0 2
 1 0 1 2 0 1 2 0 1 2 1 0 1 2 0 1 0 2 2 2 0 1 1 2 1 2 2 2 1 1 1 0 0 2 0 0 2
 1 0 1 1 1 1 2 1 0 2 0 0 1 2 0 2 0 0 0 2 2 1 2 0 2 0 2 2 2 2 1 0 0 0 0 0 2
 2 1 1 0 1 2 1 0 2 1 2 1 1 2 1 2 1 1 1 0 1 0 0 2 0 2 1 1 2 0 1 0 2 0 0 2 2
 2 1 2 2 1 1 2 0 1 0 0 0 2 0 1 1 1 1 1 2 0 1 0 2 1 0 1 1 0 2 1 1 2 0 2 1 2
 0 0 1 2 2 1 0 2 0 1 1 2 1 2 1 1 0 2 0 2 0 1 1 2 2 2 1 0 1 2 1 0 2 1 0 1 2
 2 1 1 2 0 2 0 0 2 0 2 1 0 0 2 0 1 2 1 0 0 1 0 2 0 2 1 2 1 0 1 0 1 1 0 0 2
 2 2 0 0 1 2 0 2 2 0 2 1 0 1 2 0 0 2 1 0 2 0 0 2 0 0 0 2 0 1 1 0 2 1 0 2 1
 0 0 2 0 0 2 2 0 0 0 0 1 1 1 1 2 0 0 1 2 2 2 0 2 0 2 2 0 0 0 2 2 1 1 2 0 0
 2 1 0 2 1 2 1 1 1 1 0 2 2 0 1 0 0 1 1 1 0 1 0 0 2 2 2 1 1 0 2 1 1 2 0 2 0
 0 1 1 0 1 1 1 0 1 2 0 1 2 0 1 2 2 2 0 2 0 1 1 2 2 0 0 0 0 0 0 1 0 2 0 1 2
 1 0 2 1 0 1 1 1 0 2 1 1 1 0 0 1 1 1 1 0 0 1 1 0 2 1 1 2 1 2 2 1 2 0 2 0 0
 2 2 2 0 0 0 1 2 0 2 0 2 2 0 2 1 1 1 2 0 1 0 0 1 0 2 1 2 0 2 2 0 0 1 1 1 1
 0 1 2 2 0 2 0 1 2 2 1 0 0 0 2 2 2 1 2 0 1 0 2 2 0 2 1 2 1 0 2 0 2 0 1 2 0
 2 0 0 1 2 1 1 0 1 2 0 1 2 1 1 2 2 0 0 0 1 0 2 2 1 0 2 2 0 0 2 0 1 0 0 0 1
 1]"
misspec_tuned__rho0.6_block10_noise3__correlated_noise__seed2010__DIVI_p2,run_divi_misspec_robustness_tuned.py,2026-04-02T15:22:29Z,unknown,local,cpu,x86_64,synthetic_correlated_noise,rho0.6_block10_noise3,correlated_noise,1000,100,3,0.1,0.9,3.0,101010,2010,DIVI,2,DIVI,1000.0,1.0,120,manual_mult_auto,141.89385332046726,1.0,0.01,1.0,0.1,300,300,3,2,120,240,"[120, 240]",0.4883725406091364,0.5455768911232645,0.18181818181818182,0.697,100,1.0,0.673478901386261,0.6728156805038452,166502.234375,148126.546875,18375.6875,160266.875,6.2353644371032715,0.9075159330000133,3.2639999972161604e-05,0.9022518050001054,0.0017174100003103376,0.0045757200000480225,0.003007506016667018,457.234375,ok,0,,outputs/misspec_robustness_tuned,"[120, 240]",noninformative_uniform,"[2 0 1 0 2 1 0 0 1 0 2 0 0 1 0 2 0 0 2 1 2 0 0 1 1 1 1 0 0 2 0 1 2 1 2 2 2
 1 0 1 0 1 1 0 2 0 1 0 0 2 1 1 1 1 2 2 1 0 2 0 0 1 2 1 0 0 1 2 2 2 1 2 1 2
 0 1 1 0 1 0 2 0 1 2 2 2 1 1 1 0 0 2 1 1 1 2 2 2 0 0 1 1 1 0 0 1 1 2 2 1 0
 2 2 0 2 0 2 0 2 1 1 0 2 0 2 1 1 2 2 0 1 0 0 1 1 0 0 0 2 2 0 2 1 2 0 2 2 1
 1 0 0 1 0 0 0 0 1 0 2 0 2 0 1 1 1 1 0 0 2 0 1 0 0 1 2 1 0 2 0 0 2 1 0 1 1
 1 0 2 2 0 2 2 1 0 1 0 1 1 1 0 0 1 1 2 2 1 0 1 0 1 1 2 1 1 0 0 0 1 1 2 1 0
 0 2 0 1 2 2 2 2 1 1 2 2 1 1 1 0 1 2 1 1 0 2 0 2 2 1 0 0 1 2 1 2 1 2 0 2 1
 0 0 2 0 2 2 1 0 2 0 1 2 2 0 0 2 2 0 0 0 1 0 2 1 0 0 2 1 1 1 2 2 2 1 2 2 2
 1 1 1 0 2 2 0 0 1 1 0 0 1 1 0 0 2 1 1 0 0 2 1 2 2 0 1 1 2 2 0 1 1 2 2 1 1
 2 2 2 0 2 1 1 1 2 2 0 1 0 1 0 0 2 2 0 1 2 0 0 1 1 0 1 2 2 0 0 2 2 2 1 2 2
 0 2 1 1 0 2 2 0 0 2 1 1 2 1 0 1 2 2 0 2 0 2 1 2 1 2 0 0 0 0 2 2 0 0 0 0 2
 0 0 2 2 1 1 2 0 1 0 0 1 1 0 2 2 0 1 0 0 1 0 2 2 2 2 1 0 1 2 0 0 1 2 0 0 2
 1 2 0 0 0 1 2 1 2 2 0 2 0 0 1 1 2 1 1 2 2 2 1 1 2 0 1 1 1 2 1 2 1 1 2 0 2
 1 0 1 2 0 2 2 0 1 1 2 0 1 2 0 1 0 2 1 2 0 1 1 2 1 1 1 2 1 2 1 0 0 1 0 0 2
 2 0 2 1 1 1 1 1 0 1 0 1 1 1 0 1 0 0 0 2 1 2 2 0 2 0 2 2 2 1 1 0 0 0 0 0 1
 2 1 2 0 2 1 1 0 2 2 1 1 2 2 2 1 1 1 2 0 1 0 0 2 0 1 1 1 2 0 2 0 2 0 0 1 2
 2 2 1 2 1 2 2 0 1 0 0 0 2 0 2 2 1 1 2 2 0 1 0 2 1 0 1 1 0 2 1 1 2 0 2 1 2
 0 0 1 1 1 1 0 1 0 2 1 2 1 2 1 2 0 2 0 1 0 2 1 2 1 2 1 0 1 2 1 0 2 1 0 1 2
 2 1 2 2 0 2 0 0 1 0 1 1 0 0 2 0 1 2 2 0 0 2 0 2 0 1 1 2 1 0 1 0 1 1 0 0 2
 1 2 0 0 1 2 0 2 2 0 2 1 0 2 2 0 0 2 1 0 2 0 0 2 0 0 0 1 0 2 2 0 1 1 0 2 1
 0 0 2 0 0 2 2 0 0 0 0 1 1 1 2 2 0 0 1 2 2 2 0 1 0 1 0 0 0 0 2 2 1 1 2 0 0
 1 1 0 2 1 2 1 1 1 2 0 2 1 0 1 0 0 1 1 1 0 1 0 0 2 2 2 1 1 0 2 1 1 2 0 1 0
 0 1 1 0 2 1 1 0 2 2 0 1 2 0 1 2 1 1 0 2 0 1 1 2 2 0 0 0 0 0 0 1 0 2 0 1 2
 1 0 2 1 0 1 1 1 0 2 1 1 2 0 0 1 1 2 2 0 0 1 1 0 2 2 1 2 2 1 2 2 2 0 1 0 0
 2 2 0 0 0 0 2 2 0 2 0 2 2 0 2 1 2 1 2 0 1 0 0 1 0 2 2 2 0 2 1 0 0 2 1 1 1
 0 1 2 2 0 2 0 1 2 1 1 0 0 0 1 2 2 1 1 0 1 0 2 2 0 2 1 1 2 0 1 0 2 0 1 1 0
 2 0 0 1 2 2 1 0 1 1 0 1 1 1 1 1 2 0 0 0 2 0 2 2 1 0 2 1 0 0 2 0 1 0 0 0 1
 2]"
misspec_tuned__rho0.6_block10_noise3__correlated_noise__seed2010__DIVI_p3,run_divi_misspec_robustness_tuned.py,2026-04-02T15:22:29Z,unknown,local,cpu,x86_64,synthetic_correlated_noise,rho0.6_block10_noise3,correlated_noise,1000,100,3,0.1,0.9,3.0,101010,2010,DIVI,3,DIVI,1000.0,1.0,120,manual_mult_auto,141.89385332046726,1.0,0.01,1.0,0.1,300,300,3,2,120,240,"[120, 240]",0.4971702910664141,0.5578580139340955,0.2380952380952381,0.704,74,0.74,0.6138173341751099,0.6952987909317017,167592.109375,155144.8125,12447.296875,163829.109375,3.7630057334899902,0.8620532360000652,2.441000015096506e-05,0.8587561859999369,0.002265929999794025,0.002853760000107286,0.0028625206199997897,464.86328125,ok,0,,outputs/misspec_robustness_tuned,"[120, 240]",random_prior,"[1 1 0 1 0 0 1 1 1 2 1 2 1 0 1 0 2 1 0 0 0 2 2 0 2 0 0 2 2 0 1 2 0 0 2 0 0
 2 2 0 1 1 0 1 2 2 0 1 1 0 1 2 0 0 0 2 0 2 1 1 1 0 2 2 2 1 0 1 0 0 0 0 2 2
 1 0 0 1 0 1 0 2 0 0 0 1 0 2 2 2 2 0 1 2 0 2 0 0 1 1 0 0 0 1 1 1 0 0 2 2 2
 2 2 1 0 1 2 2 0 1 1 1 2 1 1 1 1 0 2 2 0 2 2 2 2 1 2 1 1 1 2 0 0 2 1 1 0 1
 0 1 1 2 2 2 1 1 1 2 2 1 1 2 1 0 1 0 2 2 1 2 0 2 1 0 1 0 1 0 2 1 0 0 2 2 1
 0 2 2 0 1 1 0 0 1 0 1 0 0 1 2 2 2 0 2 2 0 2 1 2 0 0 1 2 0 2 2 2 2 0 2 0 1
 2 2 2 2 1 1 0 0 0 0 0 2 0 2 2 1 2 0 0 2 1 2 1 0 0 0 2 2 1 2 2 2 2 0 1 0 0
 1 2 0 2 2 0 0 1 0 2 2 2 0 2 1 2 2 1 1 2 0 1 1 0 1 1 2 0 0 2 0 0 1 1 1 1 0
 1 2 2 2 0 2 1 1 1 0 1 2 0 0 2 2 2 2 0 1 2 2 2 0 2 1 2 0 1 0 2 0 0 1 2 0 0
 2 0 0 2 2 2 0 2 2 0 1 1 2 0 1 1 0 0 1 1 0 1 2 0 1 2 0 0 2 1 1 2 1 0 0 2 0
 1 0 0 2 2 2 2 2 1 0 0 2 0 2 2 0 0 0 2 0 1 0 0 1 2 0 2 1 1 2 2 0 1 2 1 1 2
 2 2 2 1 1 2 1 1 0 2 1 0 0 1 0 0 2 1 1 1 0 2 2 0 1 1 0 1 2 1 1 1 0 1 1 2 0
 1 0 1 2 1 0 1 1 2 0 1 0 1 1 0 0 0 0 0 0 1 0 0 0 2 1 0 2 1 0 2 0 0 2 0 2 0
 0 1 0 0 2 0 0 1 0 2 0 1 0 1 1 0 1 0 1 1 2 2 0 0 0 1 2 2 1 1 1 1 1 2 1 2 1
 0 1 0 0 0 0 0 0 2 0 2 1 0 1 1 1 1 2 1 2 2 0 2 2 1 1 0 1 1 2 2 2 1 1 1 1 0
 0 0 0 1 2 1 0 2 0 0 1 2 2 1 0 1 0 0 0 2 0 1 1 1 2 0 0 0 0 1 0 2 1 2 2 2 1
 2 0 2 1 0 0 0 1 1 1 1 2 2 1 2 0 1 0 0 2 2 1 2 0 0 1 0 2 1 2 1 0 2 2 1 0 2
 2 1 1 2 1 0 2 1 1 2 0 2 2 1 1 0 2 1 2 0 2 0 0 1 0 1 0 1 0 1 0 1 1 2 1 0 1
 1 2 0 2 1 2 2 1 0 2 1 0 1 2 2 1 0 0 0 2 2 2 1 0 1 2 0 0 0 2 0 2 0 0 2 1 1
 2 1 2 1 0 0 1 1 0 1 2 0 1 0 0 1 1 1 0 1 1 1 1 2 1 1 2 2 2 2 0 1 1 0 1 1 0
 1 2 2 1 1 2 0 1 1 1 1 0 0 0 0 2 1 1 0 1 1 1 1 1 2 2 2 1 1 2 1 1 2 0 0 2 1
 0 0 1 1 0 1 0 0 0 0 1 1 0 1 0 2 2 0 0 0 2 0 1 1 2 2 2 0 0 1 1 0 0 1 1 1 2
 1 2 0 1 0 1 1 2 2 1 2 2 2 2 2 0 1 2 1 1 2 1 0 0 0 2 1 1 2 1 1 0 2 2 1 0 0
 0 2 0 0 1 0 0 0 1 0 0 0 0 2 2 0 0 2 0 1 2 2 0 2 0 0 0 0 0 2 1 0 1 1 1 2 1
 1 2 1 1 2 1 0 1 1 2 2 0 2 1 2 0 1 0 0 1 0 2 1 1 1 2 0 0 1 2 0 2 2 0 0 0 2
 1 0 2 0 2 2 1 1 1 1 2 1 1 2 1 1 1 0 2 1 0 2 0 0 2 2 1 1 0 1 1 1 1 1 0 2 2
 2 1 2 2 0 1 0 2 2 2 2 2 1 2 0 0 2 1 1 2 0 2 2 0 0 2 0 0 1 1 2 2 1 2 2 2 1
 1]"
misspec_tuned__rho0.6_block10_noise3__correlated_noise__seed2010__kmeans_oracle,run_divi_misspec_robustness_tuned.py,2026-04-02T15:22:29Z,unknown,local,cpu,x86_64,synthetic_correlated_noise,rho0.6_block10_noise3,correlated_noise,1000,100,3,0.1,0.9,3.0,101010,2010,kmeans_oracle,nan,KMeans,nan,nan,120,manual_mult_auto,141.89385332046726,1.0,0.01,1.0,0.1,300,nan,3,0,nan,nan,[],0.3659549203015373,0.39068911444277904,nan,0.666,nan,nan,nan,nan,nan,nan,nan,nan,nan,nan,nan,nan,nan,nan,nan,456.59375,ok,0,,outputs/misspec_robustness_tuned
misspec_tuned__rho0.6_block10_noise3__correlated_noise__seed2010__gmm_oracle,run_divi_misspec_robustness_tuned.py,2026-04-02T15:22:29Z,unknown,local,cpu,x86_64,synthetic_correlated_noise,rho0.6_block10_noise3,correlated_noise,1000,100,3,0.1,0.9,3.0,101010,2010,gmm_oracle,nan,GaussianMixtureDiag,nan,nan,120,manual_mult_auto,141.89385332046726,1.0,0.01,1.0,0.1,300,nan,3,0,nan,nan,[],0.4943977417775942,0.5657242707165934,nan,0.673,nan,nan,nan,nan,nan,nan,nan,nan,nan,nan,nan,nan,nan,nan,nan,456.59375,ok,0,,outputs/misspec_robustness_tuned
misspec_tuned__rho0.6_block10_noise3__correlated_noise__seed2011__DIVI_p1,run_divi_misspec_robustness_tuned.py,2026-04-02T15:22:32Z,unknown,local,cpu,x86_64,synthetic_correlated_noise,rho0.6_block10_noise3,correlated_noise,1000,100,3,0.1,0.9,3.0,101011,2011,DIVI,1,DIVI,1000.0,1.0,120,manual_mult_auto,141.89385332046726,1.0,0.01,1.0,0.1,300,300,3,2,120,240,"[120, 240]",0.9940030181141498,0.9888650156468761,0.27397260273972607,0.998,63,0.63,0.5813690423965454,0.6915533542633057,167822.609375,156775.484375,11047.125,164336.65625,3.485945701599121,1.0549493660000735,0.1945566599997619,0.8575063960001899,0.0016251900005954667,0.002382369999850198,0.0028583546533339664,462.69921875,ok,0,,outputs/misspec_robustness_tuned,"[120, 240]",informative_kw_llr,"[0 2 1 2 0 1 0 0 1 1 1 1 0 2 2 0 0 1 0 0 1 2 1 2 2 2 0 1 1 1 0 0 1 1 1 1 2
 1 1 2 0 2 2 1 0 2 0 0 2 1 0 2 0 2 2 0 1 1 2 0 0 1 0 1 0 1 0 0 1 2 0 2 0 2
 1 2 0 0 0 0 1 2 0 2 2 1 0 2 0 0 1 1 2 0 2 0 0 0 2 1 0 0 0 0 2 1 2 0 0 1 2
 0 2 2 1 2 1 2 2 1 0 2 0 1 0 2 1 0 1 1 2 2 1 2 2 1 1 0 2 2 0 2 1 2 2 2 1 0
 0 2 2 0 0 2 1 1 0 0 2 1 2 0 0 0 0 1 0 0 2 2 1 2 0 0 1 0 0 2 2 0 0 1 2 0 2
 1 1 0 0 1 2 1 2 1 2 1 1 0 1 0 0 0 1 2 2 1 2 2 2 0 0 1 0 2 2 0 2 0 0 0 2 2
 0 2 1 2 1 1 0 0 2 2 1 0 2 0 0 2 2 2 0 2 1 0 1 1 2 0 2 0 1 2 0 2 2 1 2 1 2
 0 2 0 0 1 2 2 0 1 0 1 2 0 0 1 2 1 2 1 1 1 1 2 2 1 0 2 0 1 2 1 1 0 2 0 2 1
 2 0 0 0 0 0 2 0 1 2 2 1 2 0 1 2 2 1 0 1 0 2 2 2 1 2 0 0 1 0 0 2 0 0 0 1 0
 0 1 2 0 0 2 1 0 1 1 0 2 1 0 1 2 2 1 1 2 1 1 0 2 1 1 2 2 2 1 1 2 2 2 2 2 1
 2 2 0 1 1 0 0 2 1 2 1 1 0 1 1 0 2 2 0 1 2 0 0 1 0 1 0 1 0 0 1 2 2 1 1 1 0
 0 0 2 2 0 2 0 1 2 0 2 1 1 1 1 1 1 1 1 2 0 1 0 1 0 0 1 2 0 1 0 2 1 2 1 2 1
 2 0 1 2 2 1 0 0 2 1 0 0 2 1 0 2 1 1 0 0 0 0 1 1 2 1 1 2 2 0 1 0 2 1 0 1 2
 0 0 2 0 1 0 1 0 2 2 0 1 2 2 2 1 2 1 2 0 0 2 1 2 0 2 2 1 1 1 2 1 2 1 0 2 1
 2 2 2 0 0 0 2 1 1 2 1 0 2 2 1 1 0 2 0 1 0 1 1 0 1 2 1 0 1 0 2 2 1 2 1 1 0
 0 1 0 2 1 2 2 1 2 2 1 0 1 2 0 1 2 2 1 1 2 0 1 1 0 0 0 2 1 0 2 0 1 0 1 1 1
 2 1 1 1 0 0 1 2 0 2 1 0 2 2 0 2 2 0 1 1 1 0 2 0 0 2 2 1 2 2 1 1 2 0 0 0 1
 2 2 0 0 1 0 1 2 2 2 0 2 2 2 1 0 2 2 1 1 2 2 1 1 1 2 0 1 2 0 1 0 0 1 1 1 2
 1 0 2 2 1 1 1 2 1 2 1 1 0 1 0 0 0 1 1 0 2 2 1 1 1 1 0 0 2 0 2 1 1 2 1 2 2
 2 0 2 1 1 1 1 2 0 2 1 2 2 2 0 1 1 0 2 0 1 0 1 2 1 2 0 1 1 0 1 2 2 2 2 1 1
 2 1 1 2 0 0 2 0 2 0 0 2 1 1 0 1 1 0 0 0 1 1 1 2 2 1 2 0 0 1 1 0 0 2 0 1 0
 1 1 2 0 2 1 0 0 0 0 0 2 1 2 1 1 0 2 2 2 0 0 0 0 2 0 1 2 1 0 2 1 0 0 1 2 0
 0 0 2 2 2 2 0 2 0 2 0 2 0 0 1 0 2 1 2 1 0 2 1 0 1 0 0 2 0 0 0 0 1 1 1 1 1
 1 2 0 2 1 1 0 1 0 1 1 1 2 2 0 1 0 2 0 2 1 1 2 1 1 1 0 0 0 2 2 2 0 2 0 2 2
 1 0 2 2 1 2 0 1 0 2 1 2 1 2 1 0 2 0 1 0 2 2 0 0 0 2 1 2 2 2 1 1 0 1 1 2 0
 2 0 2 0 2 1 2 1 1 0 1 0 2 2 2 0 2 1 0 0 2 1 0 1 0 1 0 1 2 2 0 1 2 0 2 0 0
 1 1 0 0 0 1 2 0 2 1 2 0 1 0 1 2 0 0 2 2 1 0 0 1 2 2 2 1 2 1 1 2 0 1 1 0 1
 0]"
misspec_tuned__rho0.6_block10_noise3__correlated_noise__seed2011__DIVI_p2,run_divi_misspec_robustness_tuned.py,2026-04-02T15:22:32Z,unknown,local,cpu,x86_64,synthetic_correlated_noise,rho0.6_block10_noise3,correlated_noise,1000,100,3,0.1,0.9,3.0,101011,2011,DIVI,2,DIVI,1000.0,1.0,120,manual_mult_auto,141.89385332046726,1.0,0.01,1.0,0.1,300,300,3,2,120,240,"[120, 240]",0.5025308078388545,0.5732950689880643,0.18181818181818182,0.701,100,1.0,0.6742772459983826,0.6736336946487427,166401.28125,148499.765625,17901.515625,160122.84375,6.278436183929443,0.9620697110003675,2.0559999938996043e-05,0.9587228310001592,0.0020410989995980344,0.0029123999997864303,0.0031957427700005305,459.265625,ok,0,,outputs/misspec_robustness_tuned,"[120, 240]",noninformative_uniform,"[2 0 1 0 1 2 1 1 2 1 2 1 2 0 0 2 2 1 1 1 1 0 2 0 0 0 2 2 2 2 2 1 1 1 1 1 0
 1 1 0 2 0 0 1 2 0 1 2 0 2 2 0 2 0 0 1 2 1 0 2 1 1 1 1 2 1 1 1 1 0 2 0 1 0
 1 0 2 1 1 2 1 0 1 0 0 2 1 0 2 1 1 1 0 1 0 1 1 2 0 2 1 1 2 1 0 1 0 2 2 1 0
 2 0 0 1 0 2 0 0 1 2 0 2 2 1 0 1 1 2 2 0 0 2 0 0 1 2 2 0 0 1 0 2 0 0 0 2 2
 1 0 0 2 1 0 1 2 1 1 0 1 0 1 2 1 2 2 1 1 0 0 2 0 1 1 1 1 2 0 0 2 1 2 0 2 0
 1 2 2 1 2 0 1 0 2 0 1 2 2 1 1 1 1 1 0 0 2 0 0 0 1 2 2 2 0 0 2 0 2 1 2 0 0
 2 0 1 0 2 2 1 2 0 0 1 2 0 2 2 0 0 0 2 0 1 1 2 2 0 2 0 2 1 0 2 0 0 2 0 1 0
 2 0 2 1 2 0 0 2 1 1 2 0 2 2 1 0 1 0 2 1 1 2 0 0 2 2 0 2 1 0 2 1 2 0 2 0 2
 0 2 1 2 2 1 0 1 2 0 0 1 0 1 1 0 0 1 2 1 2 0 0 0 1 0 1 2 2 1 2 0 2 2 1 2 2
 2 1 0 2 1 0 1 2 2 2 1 0 2 1 1 0 0 2 2 0 1 1 2 0 2 1 0 0 0 2 2 0 0 0 0 0 1
 0 0 1 1 2 1 2 0 1 0 2 1 2 1 1 1 0 0 1 2 0 1 2 2 2 2 1 2 2 2 1 0 0 1 2 0 2
 1 2 0 0 2 0 2 2 0 1 0 2 1 1 2 2 1 2 1 0 2 1 2 0 1 2 1 0 2 1 2 0 1 0 1 0 2
 0 2 1 0 0 1 1 2 0 2 2 1 0 1 1 0 1 1 2 1 1 1 1 2 0 2 2 0 0 1 1 1 0 1 2 2 0
 1 2 0 2 1 1 1 2 0 0 1 1 0 0 0 1 0 1 0 1 2 0 2 0 2 0 0 1 2 2 0 1 0 2 1 0 1
 0 0 0 2 2 1 0 2 1 0 2 2 0 0 1 2 2 0 1 2 1 1 1 2 1 0 2 2 2 2 0 0 2 0 2 1 1
 2 1 1 0 2 0 0 1 0 0 1 2 1 0 2 2 0 0 2 1 0 2 1 2 2 1 1 0 2 1 0 1 1 2 1 2 2
 0 1 1 1 1 2 2 0 2 0 2 1 0 0 1 0 0 2 1 1 1 1 0 2 2 0 0 2 0 0 1 1 0 1 1 1 1
 0 0 2 1 1 1 0 0 0 0 1 0 0 0 2 1 0 0 1 1 0 0 2 1 1 0 2 2 0 2 0 2 2 2 1 1 0
 2 1 0 0 2 1 2 0 2 0 1 2 2 2 1 2 1 1 1 1 0 0 1 2 1 2 2 2 0 2 0 1 1 0 1 0 0
 0 2 0 2 2 2 2 0 2 0 1 0 0 0 2 1 1 1 0 2 2 2 1 0 1 0 2 2 1 2 1 0 0 0 0 2 2
 0 1 2 0 2 2 0 2 0 1 1 0 2 1 1 2 1 2 2 1 1 1 2 0 0 2 0 2 1 2 1 1 2 0 2 2 2
 2 1 0 1 0 1 1 1 2 2 2 0 1 0 2 1 1 0 0 0 2 2 2 2 0 2 1 0 1 1 0 2 1 2 1 0 2
 1 2 0 0 0 0 1 0 2 0 1 0 2 1 1 2 0 1 0 2 2 0 1 2 2 1 1 0 1 1 1 1 1 1 2 2 2
 2 0 2 0 1 2 1 1 2 1 1 1 0 0 2 2 1 0 1 0 1 2 0 1 2 1 1 1 2 0 0 0 1 0 2 0 0
 1 1 0 0 1 0 2 1 2 0 2 0 1 0 1 1 0 2 1 2 0 0 2 2 2 0 2 0 0 0 2 2 2 2 1 0 2
 0 2 0 1 0 1 0 2 2 1 2 1 0 0 0 2 0 2 1 1 0 1 2 2 2 1 2 1 0 0 1 1 0 1 0 1 2
 1 1 2 1 2 1 0 1 0 1 0 1 2 1 1 0 1 1 0 0 1 2 2 2 0 0 0 1 0 2 2 0 2 1 1 2 2
 2]"
misspec_tuned__rho0.6_block10_noise3__correlated_noise__seed2011__DIVI_p3,run_divi_misspec_robustness_tuned.py,2026-04-02T15:22:32Z,unknown,local,cpu,x86_64,synthetic_correlated_noise,rho0.6_block10_noise3,correlated_noise,1000,100,3,0.1,0.9,3.0,101011,2011,DIVI,3,DIVI,1000.0,1.0,120,manual_mult_auto,141.89385332046726,1.0,0.01,1.0,0.1,300,300,3,2,120,240,"[120, 240]",0.1368956902829541,0.18524034991145685,0.14457831325301204,0.51,73,0.73,0.6153653860092163,0.6957845091819763,168814.296875,156909.25,11905.046875,164847.1875,3.9671037197113037,0.9495794320000641,4.802000012205099e-05,0.9466414219996295,0.0019461299998511095,0.0022279599998000776,0.0031554714066654318,467.9140625,ok,0,,outputs/misspec_robustness_tuned,"[120, 240]",random_prior,"[2 1 1 1 2 1 0 0 0 0 0 2 0 0 0 0 2 2 0 2 0 0 1 0 1 1 0 0 1 0 2 0 2 1 2 1 1
 2 1 0 0 1 1 1 1 1 2 2 0 1 0 0 0 2 1 2 1 1 1 0 0 1 2 2 0 2 0 0 1 0 0 0 2 1
 1 0 0 2 0 0 1 1 2 0 1 2 2 1 2 2 1 0 1 2 2 2 0 2 0 1 0 2 2 2 1 2 0 2 0 0 2
 2 1 1 1 1 0 1 1 2 0 2 2 2 0 1 0 2 1 0 1 1 1 1 0 2 1 2 1 1 2 1 0 1 0 0 0 0
 2 0 1 0 0 1 1 2 2 2 0 2 0 2 0 2 2 0 0 2 1 1 0 1 2 0 0 2 0 1 1 2 2 1 1 0 0
 1 0 2 2 2 0 0 2 0 1 1 1 0 1 2 2 2 2 1 0 0 0 1 1 0 2 1 2 1 1 0 0 0 2 2 1 1
 0 0 1 1 0 0 0 0 0 1 1 0 1 2 2 0 0 1 2 0 2 2 1 2 1 0 1 2 2 0 0 1 0 0 1 2 1
 0 1 2 2 0 1 0 2 1 2 1 0 2 2 0 2 0 0 2 1 1 2 0 2 0 2 1 0 2 0 2 2 0 0 0 1 1
 0 0 2 0 2 2 0 0 0 1 0 1 1 0 1 1 1 2 0 2 0 2 0 2 0 0 2 2 1 0 2 0 2 0 0 2 2
 0 2 0 2 2 2 0 0 1 1 2 1 0 2 2 0 1 0 0 0 0 0 2 1 1 2 1 0 1 0 1 0 1 0 1 0 1
 2 1 2 0 2 2 2 1 1 0 2 1 2 0 0 0 1 0 2 0 2 2 0 0 0 0 2 2 0 2 0 0 0 2 0 2 0
 2 2 1 1 0 1 2 1 0 0 1 2 0 1 0 0 2 0 2 1 0 1 0 1 0 0 1 0 0 0 0 1 0 1 1 1 1
 0 2 2 0 1 2 0 2 1 2 2 2 1 0 2 0 0 2 0 2 2 0 0 0 1 1 0 1 0 0 1 2 1 2 2 1 0
 2 0 0 0 2 0 0 2 1 0 2 2 1 1 0 1 1 1 1 0 0 0 2 0 0 1 1 0 1 0 1 1 1 2 0 1 0
 1 1 0 2 2 0 2 0 2 1 2 2 0 0 0 0 0 0 2 1 0 0 2 0 0 1 1 0 0 2 1 1 1 0 0 1 2
 2 2 2 0 2 1 1 0 1 1 0 0 0 0 0 2 0 1 0 2 1 0 1 2 0 2 2 1 0 2 1 0 0 2 2 2 0
 2 2 2 1 0 0 0 1 2 1 0 2 1 1 0 1 0 2 0 2 0 2 1 2 0 2 1 1 0 0 2 0 1 2 2 0 2
 1 2 0 2 0 2 1 1 1 0 2 0 1 1 1 2 1 1 0 1 0 1 0 2 1 1 2 2 1 2 1 2 0 0 0 2 1
 0 2 1 0 0 2 0 1 0 0 2 0 0 0 2 0 2 1 1 0 0 0 2 0 2 0 2 2 0 2 1 2 0 0 2 1 0
 1 2 1 0 0 0 0 1 2 1 1 1 1 1 0 2 0 2 1 2 1 2 2 0 1 0 2 0 0 2 1 1 0 1 1 0 2
 1 2 0 1 2 2 0 0 1 2 2 0 1 0 2 1 1 0 0 2 2 2 2 0 0 1 0 0 0 0 1 2 0 1 0 1 2
 0 0 1 0 0 1 2 2 0 0 0 0 0 1 0 1 2 0 1 1 2 0 0 0 0 0 2 1 1 2 2 0 0 0 1 0 2
 2 0 1 0 1 0 0 2 2 0 2 1 0 2 2 2 1 0 0 0 0 1 2 0 0 2 0 1 2 2 2 2 0 1 1 0 1
 0 0 0 0 0 0 2 2 2 2 2 1 1 0 0 1 2 1 0 0 0 0 1 2 0 1 0 2 0 1 1 0 2 1 2 0 0
 0 2 0 0 0 0 2 0 0 1 2 1 2 0 1 2 0 0 0 2 1 1 2 2 2 0 0 0 1 0 1 0 2 0 0 1 2
 1 0 1 0 1 2 0 0 0 2 0 0 1 1 0 2 1 0 2 2 0 2 2 0 0 2 0 1 1 0 2 2 0 2 0 0 2
 0 0 0 0 0 0 0 0 0 1 1 2 2 2 2 0 2 2 1 0 2 0 0 0 1 0 1 2 1 0 2 1 2 2 0 0 0
 0]"
misspec_tuned__rho0.6_block10_noise3__correlated_noise__seed2011__kmeans_oracle,run_divi_misspec_robustness_tuned.py,2026-04-02T15:22:32Z,unknown,local,cpu,x86_64,synthetic_correlated_noise,rho0.6_block10_noise3,correlated_noise,1000,100,3,0.1,0.9,3.0,101011,2011,kmeans_oracle,nan,KMeans,nan,nan,120,manual_mult_auto,141.89385332046726,1.0,0.01,1.0,0.1,300,nan,3,0,nan,nan,[],0.43713360084377345,0.4713049026371757,nan,0.647,nan,nan,nan,nan,nan,nan,nan,nan,nan,nan,nan,nan,nan,nan,nan,456.21484375,ok,0,,outputs/misspec_robustness_tuned
misspec_tuned__rho0.6_block10_noise3__correlated_noise__seed2011__gmm_oracle,run_divi_misspec_robustness_tuned.py,2026-04-02T15:22:32Z,unknown,local,cpu,x86_64,synthetic_correlated_noise,rho0.6_block10_noise3,correlated_noise,1000,100,3,0.1,0.9,3.0,101011,2011,gmm_oracle,nan,GaussianMixtureDiag,nan,nan,120,manual_mult_auto,141.89385332046726,1.0,0.01,1.0,0.1,300,nan,3,0,nan,nan,[],0.49729362800983773,0.5701021668194216,nan,0.674,nan,nan,nan,nan,nan,nan,nan,nan,nan,nan,nan,nan,nan,nan,nan,456.21484375,ok,0,,outputs/misspec_robustness_tuned
misspec_tuned__rho0.6_block10_noise3__correlated_noise__seed2012__DIVI_p1,run_divi_misspec_robustness_tuned.py,2026-04-02T15:22:36Z,unknown,local,cpu,x86_64,synthetic_correlated_noise,rho0.6_block10_noise3,correlated_noise,1000,100,3,0.1,0.9,3.0,101012,2012,DIVI,1,DIVI,1000.0,1.0,120,manual_mult_auto,141.89385332046726,1.0,0.01,1.0,0.1,300,300,3,2,120,240,"[120, 240]",0.7111880241649697,0.7181403857397132,0.2898550724637681,0.888,59,0.59,0.5616306066513062,0.5891438722610474,170403.390625,157987.984375,12415.40625,166173.546875,4.229846954345703,1.0553592259998368,0.19300626099993679,0.8588956659996256,0.0016991200000120443,0.00296488899994074,0.0028629855533320856,463.84375,ok,0,,outputs/misspec_robustness_tuned,"[120, 240]",informative_kw_llr,"[2 1 0 1 0 2 1 0 2 0 1 2 0 1 2 0 2 0 1 1 2 0 2 1 1 1 1 2 1 0 2 1 2 1 0 1 0
 2 1 1 0 2 1 1 0 0 1 1 1 2 1 1 1 2 1 2 0 2 2 0 2 2 0 0 0 1 2 1 1 1 1 2 1 0
 0 2 0 1 0 0 1 2 0 0 0 0 1 1 2 0 1 1 1 2 0 1 2 1 1 1 1 0 0 0 0 2 1 0 2 0 1
 2 0 1 1 0 2 2 0 1 1 0 1 1 0 0 0 1 0 2 2 1 2 2 1 1 0 1 2 0 1 1 1 2 2 2 1 1
 2 0 2 0 1 2 0 2 2 0 1 0 0 0 1 0 0 0 1 2 1 1 0 1 1 0 0 0 0 1 0 2 0 0 0 0 1
 1 2 0 2 1 1 2 1 1 1 1 2 2 0 2 0 0 1 0 2 2 0 0 1 0 0 1 0 0 0 1 0 0 0 2 1 2
 0 1 1 2 2 0 1 2 1 0 2 2 1 1 1 1 1 1 1 2 2 0 0 0 0 1 1 0 0 1 0 0 1 1 1 0 1
 2 0 1 0 2 2 0 2 1 0 2 1 1 1 2 1 1 0 2 2 1 1 1 2 2 0 2 1 1 0 2 2 2 0 0 1 1
 0 2 0 2 1 0 1 0 0 2 0 1 0 1 1 2 0 0 0 2 1 0 2 1 2 1 1 0 0 0 0 2 1 0 2 0 2
 1 1 2 1 0 0 0 1 0 2 2 0 0 2 1 2 1 2 0 0 1 2 2 1 2 0 1 0 2 0 1 0 2 1 0 1 2
 0 2 1 0 2 2 2 1 2 2 0 0 1 0 2 0 0 1 0 0 0 0 0 0 2 0 0 0 1 0 1 0 2 0 2 1 0
 0 2 2 1 1 0 2 2 0 2 0 2 0 0 0 0 2 0 1 1 0 0 2 0 2 1 0 0 1 0 1 2 0 2 0 0 2
 2 2 0 1 2 2 0 0 1 0 0 1 2 1 1 1 0 2 1 2 0 2 2 0 2 1 2 2 2 0 1 2 0 0 2 0 1
 0 0 2 2 2 0 0 1 2 1 0 2 2 0 2 0 2 2 2 1 0 0 0 1 1 0 1 0 0 1 0 1 1 1 2 0 2
 1 0 2 0 2 2 0 0 2 0 2 1 2 2 0 2 2 0 2 1 0 1 1 0 0 0 0 2 0 2 0 0 2 0 0 2 0
 0 0 2 2 1 1 0 0 1 0 1 2 0 0 2 2 1 0 0 0 2 0 2 1 2 0 0 2 0 0 0 1 0 2 0 0 1
 0 2 0 2 2 0 1 2 0 0 1 0 2 1 1 0 0 2 2 0 2 1 0 1 2 0 2 2 2 0 1 0 0 1 2 1 0
 0 2 1 1 1 0 1 0 1 2 0 2 0 1 1 1 1 1 0 1 1 0 2 0 0 2 1 1 2 0 2 0 0 0 0 0 0
 2 1 1 2 0 2 1 0 1 0 0 0 1 2 2 0 0 0 0 2 1 1 2 0 0 2 0 1 1 2 0 2 1 0 1 0 2
 0 0 2 0 0 1 1 0 1 1 1 1 1 2 0 0 0 1 2 0 2 2 1 0 2 0 2 0 2 2 2 0 0 2 1 1 0
 0 0 2 0 0 2 2 2 1 1 0 1 0 1 1 0 2 0 0 0 2 0 2 0 1 0 0 0 1 2 1 2 0 0 1 0 2
 0 1 0 0 2 0 0 2 0 0 1 0 0 1 1 2 2 0 1 0 1 0 0 0 2 0 2 0 0 1 2 1 0 0 2 1 0
 2 2 0 0 1 0 0 0 0 2 1 2 1 0 2 0 2 1 1 2 1 2 0 2 2 1 0 0 0 0 0 2 1 0 1 0 2
 0 1 2 2 0 0 1 0 0 2 2 1 1 1 1 0 0 1 1 0 0 0 0 1 0 0 1 0 1 0 0 0 2 0 1 0 0
 1 0 1 2 2 0 1 2 2 1 0 0 0 0 1 1 2 0 0 1 0 1 1 1 1 2 0 1 0 0 1 0 0 1 1 0 0
 1 1 1 0 0 0 2 2 0 0 0 1 0 0 1 1 2 1 0 1 2 1 2 0 0 0 0 0 1 0 1 1 1 1 0 2 1
 1 0 1 0 1 0 1 0 0 2 0 2 1 0 1 1 1 1 0 1 1 2 2 2 2 1 2 2 0 1 0 2 0 0 0 1 0
 0]"
misspec_tuned__rho0.6_block10_noise3__correlated_noise__seed2012__DIVI_p2,run_divi_misspec_robustness_tuned.py,2026-04-02T15:22:36Z,unknown,local,cpu,x86_64,synthetic_correlated_noise,rho0.6_block10_noise3,correlated_noise,1000,100,3,0.1,0.9,3.0,101012,2012,DIVI,2,DIVI,1000.0,1.0,120,manual_mult_auto,141.89385332046726,1.0,0.01,1.0,0.1,300,300,3,2,120,240,"[120, 240]",0.5702019321070243,0.6092323334071694,0.18181818181818182,0.817,100,1.0,0.6725564002990723,0.6706265211105347,166435.765625,148082.9375,18352.828125,160288.671875,6.147092819213867,1.0730239450003864,1.86900001608592e-05,1.0671532760002265,0.0020197799999550625,0.005457449000004999,0.0035571775866674216,467.15234375,ok,0,,outputs/misspec_robustness_tuned,"[120, 240]",noninformative_uniform,"[0 1 0 1 0 2 1 0 2 0 1 2 0 1 0 0 2 0 2 1 2 0 2 1 1 1 1 0 1 0 2 1 0 1 0 2 0
 2 2 2 0 2 1 1 0 0 1 1 1 2 1 1 1 2 1 2 0 2 2 0 2 2 0 0 0 2 2 1 1 1 1 2 1 0
 0 2 0 1 0 0 1 0 0 0 0 0 1 1 2 0 1 1 1 2 0 1 2 1 1 2 1 0 0 0 0 2 1 0 2 0 1
 2 0 1 1 0 2 2 0 2 1 0 1 1 0 0 0 1 0 2 2 1 2 2 1 1 0 2 0 0 1 1 1 2 2 2 1 1
 2 0 2 0 1 2 0 2 2 0 1 0 0 0 1 0 0 0 1 2 1 2 0 1 1 0 0 0 0 1 0 2 0 0 0 0 1
 1 2 0 0 1 1 2 1 1 1 1 2 2 0 0 0 0 1 0 2 2 0 0 2 0 0 2 0 0 0 1 0 0 0 0 1 2
 0 1 1 2 2 0 1 2 1 0 2 2 1 1 1 1 1 1 1 2 2 0 0 0 0 1 1 0 0 2 0 0 2 1 1 0 1
 2 0 1 0 2 1 0 2 2 0 2 1 1 1 2 1 1 0 2 2 1 2 1 2 2 0 2 1 1 0 2 2 2 0 0 1 1
 0 2 0 2 2 0 1 0 0 2 0 1 0 2 1 2 0 0 0 2 1 2 2 1 2 1 1 0 0 0 0 2 1 0 2 0 2
 1 2 2 1 0 0 0 1 0 2 2 0 0 0 1 2 2 0 0 0 2 2 2 1 0 0 1 0 2 0 1 0 2 2 0 1 2
 0 2 1 0 2 2 2 1 2 2 0 0 1 0 2 0 0 1 0 0 0 0 0 0 0 1 0 0 1 0 1 0 2 0 2 1 0
 0 2 2 2 1 0 2 2 0 2 0 2 0 0 0 0 2 0 1 1 0 0 0 0 2 1 0 0 1 0 1 2 0 2 0 0 2
 0 2 0 1 2 0 0 0 2 0 0 1 2 1 2 1 0 2 1 2 0 2 2 0 2 1 2 1 2 0 2 2 0 0 2 0 1
 0 0 2 2 2 0 0 1 2 1 0 2 2 0 0 0 2 2 2 1 0 0 0 1 1 0 1 0 0 1 0 1 1 1 0 0 2
 1 0 0 0 2 2 0 0 2 0 2 2 2 0 0 2 2 0 2 1 0 1 1 0 0 0 0 2 0 2 0 0 2 0 0 2 0
 0 0 2 2 1 1 0 0 1 0 1 2 0 0 2 2 1 0 2 0 2 0 2 2 0 0 0 2 0 0 0 1 0 0 0 0 1
 0 2 0 2 2 0 1 2 0 0 1 0 2 1 1 0 0 2 2 0 2 1 0 1 2 0 2 2 1 0 1 0 0 1 2 1 0
 0 2 1 1 1 0 1 0 1 2 0 2 0 1 1 2 1 1 0 1 1 0 2 0 0 2 1 1 2 0 2 0 0 0 0 0 0
 2 1 1 2 0 0 1 0 1 0 0 0 1 2 2 0 0 0 0 2 1 1 2 0 0 0 0 1 2 2 0 2 1 0 1 0 2
 0 0 2 0 0 1 1 0 1 1 1 2 1 2 0 0 0 1 2 0 0 2 1 0 2 0 2 0 2 2 2 0 0 2 1 1 0
 0 0 2 0 0 2 2 2 1 1 2 1 0 2 1 0 2 0 0 0 2 0 2 0 1 0 0 0 1 2 1 2 0 0 1 0 2
 0 2 0 0 2 0 0 2 0 0 1 0 0 1 1 0 2 0 1 0 1 0 0 0 2 0 2 0 0 1 2 2 0 0 0 1 0
 2 2 0 0 1 0 0 0 0 2 1 2 2 0 1 0 0 1 1 2 1 2 0 2 2 1 0 0 0 0 0 2 2 0 1 0 2
 0 1 2 2 0 0 1 0 0 2 2 1 1 1 1 0 0 1 1 0 0 0 0 2 0 0 1 0 1 0 0 0 2 0 2 0 0
 1 0 1 2 2 0 2 2 2 1 0 0 0 0 1 2 2 0 0 1 0 2 1 1 1 2 0 1 0 0 1 0 0 1 1 0 0
 1 1 1 0 0 0 2 2 0 0 0 1 0 0 1 1 2 1 0 1 2 2 2 0 0 0 0 0 1 0 2 1 1 1 0 2 1
 1 0 1 0 1 0 1 0 0 2 0 0 1 0 1 1 1 1 0 2 1 2 2 2 0 1 2 2 0 2 0 2 0 0 0 1 0
 0]"
misspec_tuned__rho0.6_block10_noise3__correlated_noise__seed2012__DIVI_p3,run_divi_misspec_robustness_tuned.py,2026-04-02T15:22:36Z,unknown,local,cpu,x86_64,synthetic_correlated_noise,rho0.6_block10_noise3,correlated_noise,1000,100,3,0.1,0.9,3.0,101012,2012,DIVI,3,DIVI,1000.0,1.0,120,manual_mult_auto,141.89385332046726,1.0,0.01,1.0,0.1,300,300,3,2,120,240,"[120, 240]",0.003250313894956353,0.004879709985767768,0.1095890410958904,0.375,63,0.63,0.563978374004364,0.6491252779960632,172061.3125,160826.984375,11234.328125,168468.125,3.593187093734741,1.153609281000172,2.5320000077044824e-05,1.1500142509999023,0.0023658789996261476,0.0031210689999170427,0.0038333808366663408,465.24609375,ok,0,,outputs/misspec_robustness_tuned,"[120, 240]",random_prior,"[2 1 1 0 0 0 0 0 0 2 1 2 0 2 2 0 2 1 2 2 1 2 1 0 0 2 0 1 0 1 0 0 0 0 1 2 0
 2 1 2 1 2 0 1 1 0 0 0 0 1 0 0 2 1 2 0 0 1 1 0 0 1 2 0 1 1 1 1 0 2 0 1 0 1
 0 2 0 0 1 0 1 1 0 0 0 1 0 1 2 0 2 2 0 1 0 0 2 2 1 2 0 0 2 1 0 2 0 2 1 1 2
 1 0 2 2 0 0 2 0 1 0 2 2 2 2 2 2 1 2 1 0 0 2 1 2 0 0 1 0 2 2 0 2 2 1 0 0 0
 1 1 0 0 2 2 0 1 1 2 2 0 2 0 0 0 0 0 0 0 1 1 1 1 0 2 0 0 1 2 1 2 2 2 0 2 0
 0 1 0 2 2 0 2 2 0 0 0 1 2 1 0 1 0 1 1 2 1 1 2 1 0 1 2 0 0 0 2 2 0 0 0 2 1
 0 0 0 1 2 0 2 1 2 0 1 0 1 2 1 2 0 2 1 1 1 0 1 0 0 0 0 0 0 1 0 0 2 2 0 2 0
 2 0 1 0 1 1 0 2 2 2 0 2 0 2 0 1 0 2 0 1 0 2 0 2 2 0 0 2 0 1 2 1 1 2 2 0 0
 0 0 0 2 1 0 2 1 0 2 0 0 1 1 0 2 1 2 2 2 0 0 1 2 1 0 2 1 2 2 2 0 2 2 1 0 2
 0 1 1 2 0 0 1 0 0 1 1 0 1 0 2 2 1 0 1 0 0 1 1 0 0 0 0 0 2 0 1 0 1 1 1 0 2
 0 2 2 2 2 2 1 0 1 1 0 0 2 0 1 0 2 0 1 2 0 2 2 1 2 0 0 0 1 0 1 2 2 2 1 0 0
 0 1 0 1 0 1 0 1 2 1 0 2 0 0 0 0 1 2 2 2 2 0 0 1 2 0 0 1 0 1 2 0 0 0 0 0 1
 2 1 0 1 1 0 0 0 2 0 0 1 1 2 2 2 0 1 0 0 0 0 2 2 0 2 1 1 2 0 1 1 1 1 1 0 1
 1 0 2 2 2 1 0 2 1 0 0 1 1 2 0 0 1 2 1 2 1 2 0 2 1 1 2 0 0 1 1 0 1 0 0 2 2
 0 0 1 0 2 0 1 0 1 0 1 1 0 0 2 1 2 0 1 0 0 1 1 0 0 1 0 0 1 1 0 0 1 2 0 1 2
 1 0 1 2 0 0 1 1 0 2 2 2 2 0 1 2 0 0 0 2 0 1 2 1 2 2 1 1 0 0 1 2 1 1 1 0 0
 1 1 0 2 2 0 2 1 0 2 2 0 1 0 1 1 0 1 2 2 2 2 0 1 2 0 1 1 2 0 2 0 0 1 1 1 0
 2 2 0 1 0 0 0 0 1 1 1 2 1 0 0 2 0 0 1 2 2 0 1 0 0 1 0 0 1 0 1 0 0 0 1 0 1
 1 0 0 0 0 0 2 0 2 0 1 0 1 2 0 0 0 0 0 2 0 2 0 0 0 2 0 0 1 1 1 2 0 0 0 0 0
 0 0 1 0 0 0 0 0 0 0 2 0 0 2 2 0 1 0 0 0 0 0 1 1 0 2 1 2 1 2 2 0 0 1 1 1 2
 2 0 2 1 1 1 1 0 0 0 0 0 0 1 0 2 1 0 0 1 1 0 0 2 0 1 2 1 0 2 1 1 0 1 2 2 1
 1 1 1 0 1 0 0 2 1 2 1 1 0 2 1 0 1 1 2 0 2 2 0 2 2 0 1 0 0 2 2 1 0 0 2 1 0
 1 2 0 0 2 1 0 2 0 1 0 1 2 0 2 1 2 0 0 1 1 1 0 1 1 0 0 0 2 1 2 2 0 0 2 2 2
 2 1 1 2 2 0 0 0 0 2 2 1 0 2 0 2 0 2 2 0 0 0 0 1 2 1 2 0 0 0 0 2 2 1 2 0 0
 0 0 2 0 2 0 2 2 1 2 2 1 0 0 2 1 2 1 0 2 1 1 1 2 0 2 0 1 0 0 0 1 0 0 0 0 2
 0 1 0 2 2 0 1 1 2 1 1 1 0 2 2 2 2 2 2 2 0 2 0 2 1 1 1 0 0 1 1 0 2 2 0 2 2
 2 0 0 1 1 2 0 1 1 1 2 1 0 1 2 2 2 2 1 2 0 1 0 1 0 2 1 2 1 2 1 2 1 0 0 0 2
 2]"
misspec_tuned__rho0.6_block10_noise3__correlated_noise__seed2012__kmeans_oracle,run_divi_misspec_robustness_tuned.py,2026-04-02T15:22:36Z,unknown,local,cpu,x86_64,synthetic_correlated_noise,rho0.6_block10_noise3,correlated_noise,1000,100,3,0.1,0.9,3.0,101012,2012,kmeans_oracle,nan,KMeans,nan,nan,120,manual_mult_auto,141.89385332046726,1.0,0.01,1.0,0.1,300,nan,3,0,nan,nan,[],0.4265474023416711,0.4600112215199233,nan,0.655,nan,nan,nan,nan,nan,nan,nan,nan,nan,nan,nan,nan,nan,nan,nan,460.79296875,ok,0,,outputs/misspec_robustness_tuned
misspec_tuned__rho0.6_block10_noise3__correlated_noise__seed2012__gmm_oracle,run_divi_misspec_robustness_tuned.py,2026-04-02T15:22:36Z,unknown,local,cpu,x86_64,synthetic_correlated_noise,rho0.6_block10_noise3,correlated_noise,1000,100,3,0.1,0.9,3.0,101012,2012,gmm_oracle,nan,GaussianMixtureDiag,nan,nan,120,manual_mult_auto,141.89385332046726,1.0,0.01,1.0,0.1,300,nan,3,0,nan,nan,[],0.49580459054497655,0.566283943665366,nan,0.673,nan,nan,nan,nan,nan,nan,nan,nan,nan,nan,nan,nan,nan,nan,nan,460.79296875,ok,0,,outputs/misspec_robustness_tuned
misspec_tuned__rho0.6_block10_noise3__correlated_noise__seed2013__DIVI_p1,run_divi_misspec_robustness_tuned.py,2026-04-02T15:22:39Z,unknown,local,cpu,x86_64,synthetic_correlated_noise,rho0.6_block10_noise3,correlated_noise,1000,100,3,0.1,0.9,3.0,101013,2013,DIVI,1,DIVI,1000.0,1.0,120,manual_mult_auto,141.89385332046726,1.0,0.01,1.0,0.1,300,300,3,2,120,240,"[120, 240]",0.5058086699927747,0.5724591336724588,0.2857142857142857,0.713,60,0.6,0.5566515922546387,0.6823081374168396,170549.0,155045.375,15503.625,166579.96875,3.9690334796905518,1.0520561170001201,0.18415887099990869,0.8632996060000551,0.0022811499998169893,0.004060589999880904,0.0028776653533335167,457.73828125,ok,0,,outputs/misspec_robustness_tuned,"[120, 240]",informative_kw_llr,"[1 0 1 0 0 0 2 0 2 0 1 0 0 1 2 0 1 1 1 2 2 0 2 2 2 1 2 0 1 2 2 0 0 1 0 0 2
 2 2 2 1 1 2 0 1 1 0 1 1 2 0 0 2 2 1 0 0 0 0 0 2 0 2 0 2 0 0 1 0 1 0 2 0 0
 1 1 2 2 2 1 2 2 1 1 2 2 1 2 0 0 1 2 1 0 1 0 1 1 2 2 2 2 1 0 0 1 2 0 1 2 0
 0 0 2 0 2 1 0 2 2 0 2 1 1 1 1 0 0 2 1 1 1 2 1 0 0 0 1 1 2 2 1 2 2 1 2 1 1
 0 0 2 2 2 2 1 2 1 0 2 2 2 2 2 2 0 0 2 2 2 1 0 1 1 2 1 0 2 2 1 2 0 0 0 0 1
 0 1 0 0 0 1 0 1 1 1 0 1 2 1 2 1 2 1 2 2 1 0 0 2 2 0 2 1 0 1 2 0 1 2 0 0 1
 2 1 1 1 1 1 0 1 0 1 2 1 1 1 2 1 0 1 1 0 0 0 2 1 1 1 0 0 0 0 1 0 2 1 1 0 1
 1 2 1 0 0 2 0 0 0 0 1 0 2 2 2 0 0 2 2 2 2 0 1 1 1 2 1 1 1 0 0 1 1 0 1 2 2
 1 0 2 1 2 1 1 1 0 0 0 2 1 0 1 1 1 2 1 0 0 1 0 0 0 2 2 2 0 2 0 0 0 0 0 2 1
 1 2 2 2 0 1 1 0 2 0 1 0 0 2 1 1 1 1 2 2 2 0 0 0 1 0 1 2 2 0 0 0 1 2 0 2 1
 2 2 0 2 1 0 1 0 2 0 0 1 0 1 0 2 0 1 2 0 0 2 1 2 0 2 1 2 0 2 0 1 2 2 0 0 2
 0 2 2 1 2 0 1 0 1 1 2 1 1 0 1 0 0 1 1 0 2 2 0 2 1 0 1 0 0 1 1 1 2 1 1 0 0
 2 2 0 2 2 2 2 1 1 0 1 1 1 1 2 0 1 1 0 0 1 2 1 1 1 1 2 1 1 2 1 0 0 1 1 1 1
 2 2 0 1 0 2 1 0 0 1 0 1 1 0 2 1 1 1 1 0 2 0 1 2 0 1 0 0 1 2 0 0 1 2 2 2 0
 2 0 2 0 1 0 0 1 2 2 0 1 0 2 2 1 1 1 0 1 1 0 2 1 2 0 2 2 0 0 1 1 1 2 1 1 0
 0 2 1 0 0 1 1 2 0 0 1 1 2 0 0 1 0 0 0 2 1 2 1 1 0 2 0 1 0 2 0 0 1 1 2 1 0
 0 2 0 1 1 0 1 2 2 2 0 0 2 1 1 2 0 2 2 2 0 2 2 0 0 0 2 0 2 2 1 2 0 2 2 1 2
 2 2 1 2 1 1 2 2 0 0 2 2 2 2 1 0 0 1 1 2 1 0 2 0 1 2 0 0 1 1 0 1 2 0 2 2 1
 1 0 1 1 1 0 0 1 2 0 2 2 1 1 1 0 2 2 2 1 1 0 2 2 2 1 1 1 2 1 2 0 0 2 1 0 2
 2 2 2 0 0 1 2 0 2 2 0 0 1 2 1 2 1 0 2 2 2 1 1 0 0 2 1 1 0 2 1 0 2 1 2 2 2
 0 1 1 2 1 2 2 1 2 2 1 1 1 2 2 2 1 0 1 1 0 0 0 0 1 2 0 0 1 0 1 1 0 0 2 1 1
 0 1 1 2 1 0 0 0 1 2 2 2 1 2 0 0 2 0 1 2 2 2 2 2 0 1 2 0 2 2 2 1 1 2 1 0 0
 0 0 1 0 1 0 1 1 2 1 1 0 0 2 2 1 0 1 0 2 0 1 0 2 1 0 0 0 2 0 0 0 0 0 2 2 0
 2 0 1 1 0 1 2 0 1 2 2 0 2 2 2 1 1 2 1 0 0 0 1 1 2 1 2 1 0 0 1 2 2 0 2 1 0
 1 1 1 1 1 1 0 1 2 0 2 2 1 1 1 2 0 2 1 2 0 0 2 0 1 0 2 0 1 0 0 0 1 0 2 2 1
 2 0 1 1 0 0 1 1 1 2 1 0 2 2 0 2 1 1 0 0 2 0 0 0 2 2 0 0 2 2 2 0 0 2 2 0 1
 2 0 1 1 2 1 1 1 0 2 2 1 2 1 1 1 1 1 2 0 0 1 1 2 0 0 0 1 1 0 0 2 0 1 0 0 2
 1]"
misspec_tuned__rho0.6_block10_noise3__correlated_noise__seed2013__DIVI_p2,run_divi_misspec_robustness_tuned.py,2026-04-02T15:22:39Z,unknown,local,cpu,x86_64,synthetic_correlated_noise,rho0.6_block10_noise3,correlated_noise,1000,100,3,0.1,0.9,3.0,101013,2013,DIVI,2,DIVI,1000.0,1.0,120,manual_mult_auto,141.89385332046726,1.0,0.01,1.0,0.1,300,300,3,2,120,240,"[120, 240]",0.513688701685076,0.5746492632269132,0.18181818181818182,0.731,100,1.0,0.6740986704826355,0.6741447448730469,166295.765625,147164.25,19131.515625,160004.875,6.2908854484558105,0.864264465999895,2.9860000267944997e-05,0.8615256359998966,0.0019276679995527957,0.0021922900000390655,0.0028717521199996556,461.9375,ok,0,,outputs/misspec_robustness_tuned,"[120, 240]",noninformative_uniform,"[2 0 2 0 0 0 1 0 1 0 1 0 0 1 1 0 2 2 2 2 1 0 2 2 2 2 2 0 1 1 2 0 0 2 0 0 2
 1 1 1 1 2 1 0 0 1 0 1 1 2 0 0 1 1 2 0 0 0 0 0 2 0 1 0 1 0 0 1 0 2 0 2 0 0
 2 1 2 2 1 2 1 2 2 2 1 2 2 2 0 0 1 1 1 0 2 0 2 2 2 1 1 1 2 0 0 1 2 0 1 1 0
 0 0 1 0 1 2 0 2 2 0 2 2 2 2 1 0 0 2 2 2 2 1 2 0 0 0 2 2 2 1 2 2 1 1 1 2 2
 0 0 2 2 2 2 1 2 2 0 1 1 2 2 1 1 0 0 2 1 2 2 0 2 1 2 2 0 1 1 1 2 0 0 0 0 1
 0 2 0 0 0 1 0 2 1 1 0 1 2 1 2 1 2 1 1 2 1 0 0 2 2 0 1 1 0 1 1 0 2 1 0 0 2
 1 2 1 1 2 2 0 2 0 1 2 2 1 1 2 2 0 2 1 0 0 0 1 1 2 2 0 0 0 0 2 0 1 1 2 0 1
 1 1 1 0 0 2 0 0 0 0 1 0 2 2 2 0 0 1 1 2 1 0 1 1 1 2 1 1 1 0 0 1 1 0 2 2 1
 2 0 1 1 2 1 1 1 0 0 0 1 1 0 1 1 1 1 1 0 0 1 0 0 0 2 1 2 0 1 0 0 0 0 0 2 1
 2 1 2 1 0 2 1 0 2 0 2 0 0 1 2 2 2 2 2 1 1 0 0 0 1 0 2 2 1 0 0 0 1 2 0 1 1
 1 1 0 2 1 0 2 0 1 0 0 2 0 2 0 2 0 2 1 0 0 2 1 2 0 1 1 2 0 2 0 2 2 2 0 0 1
 0 1 1 2 1 0 1 0 1 1 2 2 1 0 1 0 0 2 2 0 2 1 0 1 2 0 2 0 0 1 1 2 2 2 1 0 0
 2 2 0 2 2 2 1 2 1 0 2 1 1 2 2 0 1 2 0 0 1 1 1 1 2 1 1 1 2 1 1 0 0 1 2 1 2
 2 1 0 2 0 1 1 0 0 1 0 2 1 0 2 1 2 2 1 0 2 0 1 2 0 2 0 0 2 1 0 0 2 2 1 2 0
 2 0 1 0 1 0 0 1 2 2 0 2 0 1 1 2 2 2 0 2 1 0 1 1 2 0 2 1 0 0 1 2 1 2 2 2 0
 0 2 1 0 0 1 1 2 0 0 2 2 0 0 0 1 0 0 0 2 2 2 2 1 0 1 0 1 0 1 0 0 1 2 1 2 0
 0 2 0 2 1 0 2 1 2 1 0 0 2 2 2 1 0 1 1 1 0 1 2 0 0 0 2 0 2 1 1 2 0 1 2 1 2
 2 2 1 2 1 1 2 1 0 0 1 1 2 1 1 0 0 2 1 1 2 0 1 0 2 1 0 0 1 1 0 1 2 0 1 2 1
 1 0 2 2 1 0 0 2 1 0 1 1 1 2 1 0 2 2 1 1 1 0 2 2 1 1 2 1 2 1 1 0 0 1 2 0 1
 1 1 2 0 0 2 1 0 1 1 0 0 1 1 1 2 2 0 2 2 2 2 1 0 0 1 2 1 0 1 1 0 2 0 2 1 1
 0 1 1 1 1 2 2 2 2 1 2 1 1 2 2 2 1 0 2 2 0 0 0 0 1 1 2 0 1 0 2 2 0 0 2 2 1
 0 1 1 2 1 0 0 0 2 2 1 2 2 1 0 0 2 0 2 1 2 2 1 1 0 1 1 0 1 2 2 2 2 1 2 0 0
 0 0 1 0 2 0 1 2 2 1 1 0 0 1 1 2 0 2 0 1 0 2 0 2 2 0 0 0 1 0 0 0 0 0 1 1 0
 2 0 2 1 0 1 2 0 1 1 2 0 1 2 2 2 2 2 1 0 0 0 2 2 1 2 2 1 0 0 2 2 1 0 1 1 0
 2 1 2 1 1 1 0 2 1 0 2 2 2 2 1 2 0 1 2 1 0 0 1 0 1 0 2 0 2 0 0 0 1 0 2 2 1
 2 0 1 2 0 0 2 2 2 1 2 0 1 1 0 1 2 1 0 0 2 0 0 0 2 1 0 0 2 1 1 0 0 2 1 0 2
 1 0 2 2 2 2 2 1 0 2 2 2 1 2 1 1 2 2 2 0 0 2 2 1 0 0 0 2 1 2 0 1 0 1 0 0 2
 2]"
misspec_tuned__rho0.6_block10_noise3__correlated_noise__seed2013__DIVI_p3,run_divi_misspec_robustness_tuned.py,2026-04-02T15:22:39Z,unknown,local,cpu,x86_64,synthetic_correlated_noise,rho0.6_block10_noise3,correlated_noise,1000,100,3,0.1,0.9,3.0,101013,2013,DIVI,3,DIVI,1000.0,1.0,120,manual_mult_auto,141.89385332046726,1.0,0.01,1.0,0.1,300,300,3,2,120,240,"[120, 240]",0.47784159390192066,0.525408783350018,0.21333333333333335,0.703,65,0.65,0.5722609758377075,0.6299352645874023,171263.53125,158435.78125,12827.75,167100.1875,4.163340091705322,0.8560062159999688,2.5410000034753466e-05,0.851211986999715,0.0016808400000627444,0.00435884900025485,0.00283737328999905,465.625,ok,0,,outputs/misspec_robustness_tuned,"[120, 240]",random_prior,"[2 1 1 1 2 2 0 2 0 1 0 1 2 1 0 1 1 0 1 0 1 2 0 0 2 1 0 2 1 1 1 1 2 1 2 1 1
 2 0 1 0 0 0 1 1 0 2 2 1 2 2 2 0 0 2 2 2 2 2 1 2 2 0 1 0 1 2 0 1 1 2 0 1 2
 2 2 2 1 2 0 0 2 1 1 0 2 0 1 2 1 0 2 1 1 0 2 1 0 1 1 0 2 0 2 2 0 1 2 1 0 1
 1 1 2 2 0 0 1 2 2 1 2 2 0 0 0 1 2 0 1 1 1 0 2 1 1 2 0 1 0 2 1 0 0 0 0 1 0
 2 1 0 2 0 0 1 0 2 2 0 2 1 0 0 0 1 2 0 0 2 1 2 1 0 1 1 1 0 0 2 1 1 1 2 1 0
 1 2 2 2 2 0 1 0 1 0 2 0 0 0 0 2 0 0 0 0 1 2 1 1 2 2 0 0 1 0 2 2 2 0 1 1 1
 1 1 1 1 2 2 1 1 2 1 2 0 1 0 1 0 2 0 0 2 2 1 0 1 0 1 1 2 1 1 2 1 0 2 0 2 1
 2 2 0 1 2 2 2 2 1 1 2 1 0 0 2 1 1 0 2 0 0 2 0 0 2 0 0 0 0 2 2 2 1 1 1 0 2
 1 1 0 0 1 0 0 2 1 1 2 1 1 1 1 1 0 2 0 2 2 0 2 1 1 1 0 0 1 2 1 2 2 1 1 0 0
 1 0 0 0 2 1 0 2 2 1 0 1 1 0 1 1 0 0 0 0 0 1 1 1 0 2 0 2 2 1 1 2 1 0 1 0 1
 0 0 2 1 1 2 0 1 2 1 2 0 2 1 2 1 2 1 0 2 1 1 2 0 1 1 1 0 1 0 1 1 2 2 1 1 0
 1 2 0 1 0 1 1 2 0 1 0 1 0 1 0 1 1 0 1 2 1 0 2 0 1 1 1 2 1 0 0 1 1 1 0 1 2
 2 0 2 1 2 0 0 1 0 2 0 1 0 1 1 2 0 1 2 1 0 0 0 1 1 0 0 0 0 1 1 1 1 1 0 0 1
 0 0 1 0 1 0 0 2 2 0 1 0 0 1 2 0 0 1 0 1 1 2 0 0 2 1 1 1 2 0 1 1 2 0 0 0 2
 0 1 0 2 0 2 2 0 1 0 1 1 2 1 0 0 1 0 2 2 0 2 0 0 0 1 1 2 1 1 1 1 2 0 0 1 2
 1 0 0 2 2 2 2 2 2 1 1 0 1 2 2 0 2 2 2 0 1 0 1 0 1 0 2 2 2 0 2 2 1 1 0 0 2
 1 2 2 2 2 1 1 0 0 0 2 1 0 1 0 0 2 0 2 1 2 0 0 2 2 2 0 2 0 0 0 1 1 0 0 0 0
 0 0 0 0 0 0 1 2 2 1 2 1 0 0 0 1 2 1 1 0 1 1 0 1 2 0 2 1 0 0 2 2 0 2 2 2 1
 0 2 1 0 1 1 1 0 0 2 1 1 1 2 0 2 1 0 0 2 1 2 2 0 0 0 0 0 2 1 2 2 2 0 0 1 2
 1 2 0 2 2 1 0 1 0 0 1 2 0 0 0 0 1 2 0 2 0 0 0 2 1 0 1 1 2 0 0 2 1 1 0 0 0
 1 0 0 0 0 2 0 1 1 0 2 1 0 2 0 1 0 1 0 0 2 2 1 2 0 0 2 2 0 2 2 1 1 2 0 0 2
 2 1 0 0 0 2 2 2 0 2 0 2 0 1 2 2 2 1 0 0 0 0 1 0 2 0 0 2 2 0 2 2 1 1 2 2 2
 2 2 0 2 1 2 0 0 1 1 0 2 1 0 0 1 1 1 2 0 1 0 2 2 1 1 2 1 0 2 1 1 2 1 0 2 2
 2 1 1 0 1 2 2 2 0 0 2 2 0 0 2 0 2 0 0 2 2 1 1 0 2 2 1 1 2 2 0 2 1 1 0 2 1
 1 1 0 1 2 2 2 1 0 2 2 2 1 0 0 0 2 0 0 2 2 2 0 2 0 1 2 1 1 1 1 2 1 1 0 2 0
 0 2 0 0 2 1 1 0 0 0 1 2 1 2 2 2 1 1 1 1 0 2 1 2 0 0 2 2 0 0 0 2 1 0 1 1 1
 0 2 1 1 1 1 1 0 2 0 0 0 0 0 0 0 2 1 0 2 1 1 1 0 1 2 1 1 0 1 2 1 2 0 1 1 0
 0]"
misspec_tuned__rho0.6_block10_noise3__correlated_noise__seed2013__kmeans_oracle,run_divi_misspec_robustness_tuned.py,2026-04-02T15:22:39Z,unknown,local,cpu,x86_64,synthetic_correlated_noise,rho0.6_block10_noise3,correlated_noise,1000,100,3,0.1,0.9,3.0,101013,2013,kmeans_oracle,nan,KMeans,nan,nan,120,manual_mult_auto,141.89385332046726,1.0,0.01,1.0,0.1,300,nan,3,0,nan,nan,[],0.4285945959870673,0.46119675851035385,nan,0.649,nan,nan,nan,nan,nan,nan,nan,nan,nan,nan,nan,nan,nan,nan,nan,465.625,ok,0,,outputs/misspec_robustness_tuned
misspec_tuned__rho0.6_block10_noise3__correlated_noise__seed2013__gmm_oracle,run_divi_misspec_robustness_tuned.py,2026-04-02T15:22:39Z,unknown,local,cpu,x86_64,synthetic_correlated_noise,rho0.6_block10_noise3,correlated_noise,1000,100,3,0.1,0.9,3.0,101013,2013,gmm_oracle,nan,GaussianMixtureDiag,nan,nan,120,manual_mult_auto,141.89385332046726,1.0,0.01,1.0,0.1,300,nan,3,0,nan,nan,[],0.4971735014286138,0.5625816566503351,nan,0.699,nan,nan,nan,nan,nan,nan,nan,nan,nan,nan,nan,nan,nan,nan,nan,465.625,ok,0,,outputs/misspec_robustness_tuned
misspec_tuned__rho0.6_block10_noise3__correlated_noise__seed2014__DIVI_p1,run_divi_misspec_robustness_tuned.py,2026-04-02T15:22:42Z,unknown,local,cpu,x86_64,synthetic_correlated_noise,rho0.6_block10_noise3,correlated_noise,1000,100,3,0.1,0.9,3.0,101014,2014,DIVI,1,DIVI,1000.0,1.0,120,manual_mult_auto,141.89385332046726,1.0,0.01,1.0,0.1,300,300,3,2,120,240,"[120, 240]",0.5961132046576957,0.6010586065969113,0.28169014084507044,0.833,61,0.61,0.590751051902771,0.7263903617858887,167466.078125,156739.671875,10726.40625,164297.5625,3.168518304824829,0.9545253710002726,0.18154704100015806,0.7702385409997987,0.0016887000001588603,0.0022561999999197724,0.0025674618033326626,466.13671875,ok,0,,outputs/misspec_robustness_tuned,"[120, 240]",informative_kw_llr,"[1 2 2 2 1 1 1 0 2 0 2 2 1 2 1 0 1 0 0 2 0 0 1 0 0 1 0 0 1 0 0 1 1 2 1 2 0
 0 1 1 0 2 1 2 2 2 2 0 1 2 0 1 1 0 1 1 1 2 0 0 1 2 1 0 2 0 1 0 2 2 0 2 1 0
 2 0 2 0 0 2 1 0 1 1 2 0 1 2 0 0 0 2 2 2 1 0 2 1 1 0 1 1 0 0 0 1 0 0 2 1 0
 2 0 0 1 1 0 0 2 0 2 0 1 0 1 2 2 2 0 0 1 0 1 0 2 0 1 0 2 1 0 0 2 1 0 2 0 0
 2 1 2 2 2 2 0 1 2 1 1 0 1 1 1 0 0 0 0 0 0 0 0 2 0 1 0 0 2 0 1 2 1 0 2 0 1
 1 1 2 0 1 0 1 0 1 2 1 2 0 0 0 0 2 2 0 2 1 1 1 0 0 0 0 0 1 1 1 2 0 2 0 1 1
 2 0 1 0 0 0 1 0 1 1 2 0 0 1 2 2 0 2 1 0 1 1 1 1 0 2 0 1 1 0 2 2 2 1 0 1 2
 1 2 2 2 2 0 1 1 1 0 0 0 1 0 1 0 2 2 1 1 0 0 1 0 2 0 1 2 0 1 1 2 0 0 1 2 1
 1 1 1 0 0 1 1 0 0 2 0 0 0 1 2 0 0 0 1 2 0 1 1 1 0 0 1 0 1 0 2 0 2 0 1 1 0
 1 2 0 1 2 0 0 0 0 0 2 2 2 1 0 0 1 0 0 0 1 2 2 1 0 0 1 2 0 1 0 0 2 2 0 0 1
 0 0 2 2 0 1 0 0 0 0 1 1 2 2 1 0 2 0 0 2 0 0 0 0 0 1 1 2 2 1 1 2 0 0 0 2 1
 0 0 1 0 2 1 1 0 0 2 0 1 0 1 0 1 0 2 1 2 1 1 0 1 1 2 0 2 1 1 0 0 0 1 0 2 2
 2 2 1 2 1 2 1 0 0 2 2 1 2 0 0 2 1 2 2 1 0 2 1 1 1 0 2 2 0 2 1 0 1 2 2 2 0
 1 0 0 0 0 2 0 2 0 2 0 1 1 1 1 0 1 1 1 2 0 1 0 2 0 1 2 1 0 2 1 2 2 0 1 0 1
 0 1 1 2 1 1 0 1 2 2 0 0 2 0 1 1 1 2 0 0 0 0 2 2 0 0 2 1 0 2 2 1 1 2 1 1 2
 1 0 1 0 0 1 2 0 2 1 0 1 1 2 2 0 2 2 0 0 1 2 0 0 1 0 0 2 1 0 0 1 2 1 2 0 0
 2 0 0 1 0 0 0 0 1 1 2 0 0 1 2 0 1 2 1 0 2 2 2 2 0 1 0 0 1 1 0 0 0 2 1 0 0
 1 0 1 1 0 0 0 2 2 2 1 0 1 2 0 2 2 0 1 2 2 0 0 2 2 1 1 1 1 0 0 2 0 0 2 0 2
 1 0 1 0 2 2 2 2 0 0 1 0 1 0 0 2 2 1 0 1 2 2 0 2 2 1 1 2 2 0 0 0 2 1 0 0 2
 2 1 2 2 1 2 0 0 0 1 1 2 0 1 2 0 0 1 0 2 0 0 1 1 0 2 0 0 2 2 0 0 1 0 1 2 0
 0 1 0 2 0 1 1 0 1 2 1 2 1 1 1 0 2 0 2 0 1 1 2 1 2 1 1 0 2 0 1 2 2 0 2 1 0
 0 1 2 0 2 1 0 2 2 2 0 2 0 2 2 2 0 0 2 0 1 0 2 2 2 1 1 0 1 1 1 1 0 0 1 0 2
 0 2 2 2 0 1 0 1 2 1 0 1 0 0 2 2 1 1 1 1 1 1 1 2 2 0 2 0 2 0 0 0 2 1 0 0 0
 2 2 1 1 1 2 0 0 0 2 1 0 1 2 0 2 0 0 2 0 2 0 0 0 0 1 2 0 2 0 0 2 1 1 0 2 0
 2 1 1 0 0 1 0 1 0 0 1 2 0 2 1 0 1 0 2 2 0 0 0 0 1 0 0 0 0 2 0 1 2 1 2 1 0
 1 1 1 2 0 1 0 2 0 1 0 1 0 1 1 2 1 1 0 0 2 0 2 0 1 2 0 2 0 2 2 0 0 1 2 2 2
 2 2 2 1 0 1 1 2 1 2 0 0 0 1 1 2 0 0 0 0 1 2 2 1 0 0 1 2 2 2 0 0 1 0 2 2 0
 1]"
misspec_tuned__rho0.6_block10_noise3__correlated_noise__seed2014__DIVI_p2,run_divi_misspec_robustness_tuned.py,2026-04-02T15:22:42Z,unknown,local,cpu,x86_64,synthetic_correlated_noise,rho0.6_block10_noise3,correlated_noise,1000,100,3,0.1,0.9,3.0,101014,2014,DIVI,2,DIVI,1000.0,1.0,120,manual_mult_auto,141.89385332046726,1.0,0.01,1.0,0.1,300,300,3,2,120,240,"[120, 240]",0.612671237813009,0.6145787337327069,0.18181818181818182,0.842,100,1.0,0.6743113994598389,0.6764652132987976,166354.265625,148861.015625,17493.25,160022.09375,6.3321685791015625,0.7715995010003098,2.2649999664281495e-05,0.7690524210001968,0.0017955700000129582,0.002115360000061628,0.002563508070000656,467.91796875,ok,0,,outputs/misspec_robustness_tuned,"[120, 240]",noninformative_uniform,"[1 2 2 2 1 1 1 0 2 1 2 2 1 2 1 0 1 0 0 2 0 0 1 0 0 1 0 0 1 0 0 1 1 2 1 2 0
 0 2 1 0 1 2 2 2 2 2 0 2 2 0 1 1 0 1 1 1 2 0 0 1 1 1 0 2 0 1 0 2 2 0 2 1 0
 2 0 2 1 0 2 0 0 1 1 2 0 1 2 0 0 0 2 2 2 1 0 2 1 1 0 1 1 0 0 1 1 0 0 2 1 0
 2 0 0 1 1 0 0 1 0 2 0 1 0 1 2 2 2 0 0 1 0 1 0 2 0 1 0 2 1 0 0 1 1 0 2 0 0
 2 1 2 2 2 2 0 1 2 1 1 0 1 1 1 0 0 0 0 0 0 0 0 2 0 1 0 0 2 0 1 2 1 0 2 0 1
 1 1 2 0 1 0 1 0 1 2 1 2 0 0 0 0 2 2 0 2 1 1 1 0 0 0 0 0 1 1 2 2 0 2 0 1 1
 2 0 1 0 0 0 1 0 1 1 2 0 0 1 1 2 0 2 1 0 1 1 1 0 0 1 0 0 1 0 2 2 2 1 1 1 2
 1 2 2 2 2 0 1 1 1 0 0 0 2 0 1 0 2 2 1 1 0 0 1 0 2 0 1 2 0 1 1 2 0 0 1 2 1
 1 2 1 0 0 2 1 0 0 2 0 0 0 1 2 0 0 0 1 2 0 1 1 1 0 0 1 0 1 0 2 0 2 0 1 1 0
 1 1 0 1 2 0 0 0 0 0 2 2 2 1 0 0 1 0 0 0 1 2 2 1 0 0 1 2 0 1 0 0 2 2 0 0 2
 0 0 2 2 0 1 0 0 0 0 1 1 2 2 1 0 2 0 0 2 0 0 0 0 0 1 1 2 2 1 1 2 0 0 0 2 1
 0 0 1 0 2 1 2 0 0 2 0 1 0 1 0 1 0 2 1 2 1 1 0 1 1 2 0 2 1 0 0 0 0 2 0 2 2
 2 2 1 2 2 2 1 0 0 2 2 1 2 0 0 2 1 2 2 1 0 2 1 1 1 0 2 2 0 2 1 0 1 2 2 2 0
 1 0 0 0 1 2 0 2 1 2 0 1 1 1 1 0 1 1 1 2 0 1 0 2 0 1 2 1 0 2 1 2 2 0 1 0 1
 0 1 1 2 1 1 0 1 2 2 0 1 2 0 1 1 1 2 0 0 0 0 2 2 0 0 2 1 0 2 2 1 1 2 2 1 2
 1 0 1 0 0 1 2 0 2 1 0 1 1 2 2 0 2 2 0 0 1 2 0 0 1 0 0 2 1 0 0 1 2 1 2 0 0
 2 0 0 1 0 0 0 0 1 1 2 0 0 1 2 0 1 2 1 0 2 2 1 2 0 2 0 0 1 1 0 0 0 2 1 0 0
 1 0 1 1 0 0 0 2 2 1 1 0 1 2 0 2 2 0 1 2 2 0 0 2 2 1 1 1 1 0 0 2 0 1 2 0 1
 1 0 1 0 1 2 2 2 0 0 1 0 1 0 0 2 2 1 0 1 2 2 0 2 2 1 1 2 2 0 0 0 2 1 0 0 2
 2 1 2 2 1 1 0 0 0 1 1 2 0 1 2 0 1 1 0 2 0 0 1 2 0 2 0 0 2 1 1 0 1 0 1 2 0
 0 2 0 2 0 1 1 0 1 2 1 2 1 1 1 0 2 0 2 0 1 1 2 1 2 1 0 1 2 0 1 2 2 0 2 2 0
 0 1 2 0 2 1 0 2 1 2 0 2 0 2 2 2 0 0 2 0 1 0 2 2 2 1 1 0 1 1 1 1 0 0 1 0 2
 0 2 2 2 0 1 0 1 2 1 0 2 0 0 2 2 1 1 1 1 1 1 1 1 2 0 2 0 2 0 0 0 2 1 0 0 0
 2 2 1 1 1 2 0 0 0 2 1 0 1 2 0 2 0 0 2 0 2 0 0 0 0 1 2 0 1 0 0 2 1 0 0 2 0
 2 1 1 0 0 1 0 1 0 0 1 2 0 2 1 0 1 0 2 1 0 0 0 0 1 0 0 0 0 2 0 1 2 1 2 1 0
 1 1 1 2 0 1 0 2 0 1 0 1 0 1 1 2 1 1 0 0 2 0 2 0 0 2 0 2 0 2 2 0 0 1 2 2 2
 2 2 2 1 0 1 1 2 1 2 0 0 0 1 0 2 0 0 0 0 1 2 2 0 0 0 1 2 2 2 0 0 1 0 2 2 0
 2]"
misspec_tuned__rho0.6_block10_noise3__correlated_noise__seed2014__DIVI_p3,run_divi_misspec_robustness_tuned.py,2026-04-02T15:22:42Z,unknown,local,cpu,x86_64,synthetic_correlated_noise,rho0.6_block10_noise3,correlated_noise,1000,100,3,0.1,0.9,3.0,101014,2014,DIVI,3,DIVI,1000.0,1.0,120,manual_mult_auto,141.89385332046726,1.0,0.01,1.0,0.1,300,300,3,2,120,240,"[120, 240]",0.40343732370015056,0.5252054357011481,0.23076923076923075,0.56,68,0.68,0.5918576717376709,0.6222670674324036,171259.328125,156875.984375,14383.34375,165890.484375,5.36884069442749,1.1291168430002472,0.00016570000025240006,1.1221414030001142,0.0016238900002463197,0.0024457900003653776,0.003740471343333714,469.4453125,ok,0,,outputs/misspec_robustness_tuned,"[120, 240]",random_prior,"[2 2 2 2 0 0 0 0 2 0 2 1 0 2 0 0 0 0 0 0 0 0 0 0 0 0 0 0 0 0 0 0 2 2 0 1 0
 0 1 0 0 2 2 2 2 1 2 0 2 1 0 2 1 0 0 0 0 1 0 0 1 1 1 0 2 0 2 0 2 1 0 2 2 0
 1 0 2 0 0 1 0 0 0 0 1 0 0 2 0 0 0 1 1 2 0 0 2 0 0 0 1 0 0 0 0 0 0 0 0 0 0
 1 0 0 0 0 0 0 2 0 1 0 0 0 0 1 1 2 0 0 0 0 2 0 1 0 0 0 1 2 0 0 2 0 0 2 0 0
 2 0 2 1 1 1 0 0 2 0 0 0 0 0 0 0 0 0 0 0 0 0 0 2 0 0 0 0 1 0 2 1 0 0 1 0 0
 0 0 2 0 0 0 0 0 0 1 0 1 0 0 0 0 1 1 0 1 0 0 2 0 0 0 0 0 2 2 2 1 0 1 0 0 0
 1 0 0 0 0 0 0 0 0 0 1 0 0 0 1 1 0 2 0 0 0 0 0 0 0 2 0 0 0 0 2 1 2 2 0 0 1
 2 1 2 2 1 0 2 0 0 0 0 0 2 0 0 0 2 1 2 1 0 0 0 0 1 0 0 2 0 0 0 1 0 0 0 2 0
 0 2 2 0 0 2 0 0 0 2 0 0 0 1 1 0 0 0 0 2 0 0 0 0 0 0 2 0 0 0 2 0 0 0 0 0 0
 0 0 0 0 1 0 0 0 0 0 1 1 0 2 0 0 0 0 0 0 0 2 1 0 0 0 0 1 0 2 0 0 1 2 0 0 1
 0 0 2 1 0 0 0 0 0 0 0 0 2 2 2 0 1 0 0 1 0 0 0 0 0 0 0 1 2 2 2 1 0 0 0 1 2
 0 0 0 0 2 0 2 0 0 1 0 0 0 0 0 0 0 1 0 1 1 0 0 2 0 1 0 1 0 0 0 0 0 2 0 2 1
 1 1 0 1 2 1 0 0 0 1 1 0 1 0 0 1 0 1 2 0 0 2 2 0 0 0 1 1 0 1 0 0 2 1 1 1 0
 0 0 0 0 0 2 0 2 0 1 0 0 0 0 0 0 2 1 0 1 0 0 0 1 0 2 1 0 0 1 0 1 2 0 0 0 2
 0 0 0 1 2 2 0 0 1 2 0 0 1 1 0 0 0 2 0 0 0 0 0 1 0 0 2 0 0 2 1 0 0 2 2 0 1
 2 0 2 0 0 2 1 0 1 2 0 0 0 1 1 0 2 2 0 0 0 1 0 0 2 0 0 2 1 0 0 0 1 2 1 0 0
 1 0 0 0 0 0 0 0 0 0 2 0 0 2 2 0 0 1 0 0 2 2 1 1 0 2 0 0 0 0 0 0 0 2 0 0 0
 0 0 1 0 0 0 0 1 1 0 0 0 0 1 0 1 1 0 0 2 1 0 0 1 1 0 2 0 0 0 0 2 0 0 1 0 1
 0 0 0 0 2 2 1 1 0 0 0 0 0 0 0 1 1 0 0 0 1 2 0 1 1 2 0 1 1 0 0 0 1 2 0 0 1
 1 0 1 2 2 2 0 0 0 2 2 2 0 2 1 0 0 0 0 1 0 0 2 1 0 2 0 0 2 1 0 0 0 0 0 2 0
 0 1 0 1 0 0 2 0 2 1 0 1 0 0 0 0 2 0 1 0 0 0 2 2 1 0 0 0 2 0 0 1 1 0 2 1 0
 0 2 2 0 2 2 0 2 2 2 0 1 0 2 2 1 0 0 2 0 2 0 2 1 2 0 2 0 2 0 0 0 0 0 2 0 1
 0 1 1 2 0 2 0 0 1 0 0 1 0 0 1 2 0 2 1 0 2 0 0 2 2 0 1 0 2 0 0 0 1 0 0 0 0
 1 2 1 0 2 1 0 0 0 1 0 0 0 1 0 2 0 0 2 0 2 0 0 0 0 0 1 0 2 0 0 2 2 0 0 1 0
 1 0 0 0 0 0 0 2 0 0 0 1 0 1 0 0 0 0 2 1 0 0 0 0 0 0 0 0 0 2 0 0 1 0 2 0 0
 1 0 0 1 0 0 0 2 0 2 0 2 0 2 2 1 2 0 0 0 2 0 2 0 0 2 0 1 0 2 2 0 0 2 1 1 1
 2 2 1 2 0 2 0 1 1 2 0 0 0 0 0 1 0 0 0 0 0 2 2 0 0 0 0 2 2 2 0 0 0 0 1 2 0
 1]"
misspec_tuned__rho0.6_block10_noise3__correlated_noise__seed2014__kmeans_oracle,run_divi_misspec_robustness_tuned.py,2026-04-02T15:22:42Z,unknown,local,cpu,x86_64,synthetic_correlated_noise,rho0.6_block10_noise3,correlated_noise,1000,100,3,0.1,0.9,3.0,101014,2014,kmeans_oracle,nan,KMeans,nan,nan,120,manual_mult_auto,141.89385332046726,1.0,0.01,1.0,0.1,300,nan,3,0,nan,nan,[],0.3218557537798248,0.3483522508247531,nan,0.642,nan,nan,nan,nan,nan,nan,nan,nan,nan,nan,nan,nan,nan,nan,nan,469.4453125,ok,0,,outputs/misspec_robustness_tuned
misspec_tuned__rho0.6_block10_noise3__correlated_noise__seed2014__gmm_oracle,run_divi_misspec_robustness_tuned.py,2026-04-02T15:22:42Z,unknown,local,cpu,x86_64,synthetic_correlated_noise,rho0.6_block10_noise3,correlated_noise,1000,100,3,0.1,0.9,3.0,101014,2014,gmm_oracle,nan,GaussianMixtureDiag,nan,nan,120,manual_mult_auto,141.89385332046726,1.0,0.01,1.0,0.1,300,nan,3,0,nan,nan,[],0.5193226827303086,0.584515489227424,nan,0.734,nan,nan,nan,nan,nan,nan,nan,nan,nan,nan,nan,nan,nan,nan,nan,469.4453125,ok,0,,outputs/misspec_robustness_tuned
misspec_tuned__rho0.6_block10_noise3__correlated_noise__seed2015__DIVI_p1,run_divi_misspec_robustness_tuned.py,2026-04-02T15:22:45Z,unknown,local,cpu,x86_64,synthetic_correlated_noise,rho0.6_block10_noise3,correlated_noise,1000,100,3,0.1,0.9,3.0,101015,2015,DIVI,1,DIVI,1000.0,1.0,120,manual_mult_auto,141.89385332046726,1.0,0.01,1.0,0.1,300,300,3,2,120,240,"[120, 240]",0.6086194655515649,0.6248730632783921,0.30303030303030304,0.827,56,0.56,0.5621914863586426,0.6448290348052979,169719.734375,158595.3125,11124.421875,166282.984375,3.4367563724517822,1.1782911599998442,0.2366526480000175,0.9377287629999955,0.0019124520003970247,0.003294350000032864,0.0031257625433333183,465.75390625,ok,0,,outputs/misspec_robustness_tuned,"[120, 240]",informative_kw_llr,"[1 0 0 1 2 0 1 1 0 1 1 1 2 1 0 2 0 0 1 0 1 0 2 1 0 1 0 1 2 0 1 2 2 2 1 1 0
 0 0 2 0 1 2 1 1 0 0 1 1 2 2 2 1 0 0 2 0 0 0 0 0 2 1 0 1 2 1 1 1 1 0 2 2 0
 1 2 1 0 0 0 2 2 0 0 0 2 0 0 1 0 2 1 2 2 0 2 0 1 1 1 0 1 1 0 0 2 1 0 0 1 1
 2 2 1 0 1 1 1 1 0 0 0 0 0 1 0 0 0 0 0 0 0 2 0 2 0 1 2 1 1 0 0 2 0 0 0 2 2
 0 0 0 1 1 1 2 2 2 0 2 0 2 0 2 2 1 2 0 2 1 0 0 0 0 1 2 1 1 1 0 2 2 0 2 0 1
 1 2 1 1 0 2 2 0 2 1 2 0 2 0 2 1 1 0 0 0 0 2 1 1 2 1 0 1 1 0 0 0 0 1 0 1 0
 1 1 2 0 1 1 1 0 0 1 2 0 0 2 2 1 0 0 1 1 0 2 0 2 2 1 1 1 0 2 1 2 1 1 1 0 1
 2 0 0 2 2 0 2 2 0 2 0 2 1 2 2 0 1 0 1 1 2 2 1 1 2 1 1 2 1 2 2 2 1 0 2 2 1
 0 0 0 0 1 2 2 1 0 0 0 1 1 1 0 2 1 1 0 0 2 0 1 2 0 1 0 0 1 1 1 2 1 0 1 0 1
 0 1 1 2 2 1 1 0 2 1 0 2 0 0 1 1 2 2 2 2 0 2 1 0 1 0 0 2 0 0 1 1 0 0 0 2 0
 0 1 1 2 0 0 2 1 2 2 2 2 0 2 0 0 0 2 1 2 1 0 0 2 0 0 0 2 1 1 1 0 0 2 1 1 0
 2 1 1 0 1 2 2 1 0 1 1 2 2 1 0 0 1 0 1 0 2 1 0 2 1 1 2 1 0 1 1 0 2 1 0 1 1
 2 1 0 0 0 2 2 0 0 2 0 1 0 1 2 1 1 2 0 2 1 2 2 2 1 1 0 0 2 1 2 1 1 0 0 0 0
 1 1 2 1 2 1 0 1 2 0 2 1 1 2 0 1 1 0 1 2 2 2 2 1 1 2 1 2 2 1 2 2 2 1 2 0 1
 2 2 2 2 2 0 1 1 2 2 0 0 2 1 0 1 0 0 1 0 0 1 2 2 0 1 0 0 1 2 0 1 2 2 0 1 1
 1 2 2 1 2 0 1 0 0 2 1 2 2 1 0 0 1 1 2 2 0 1 2 2 1 2 1 1 2 1 2 1 2 1 1 1 0
 0 0 0 0 1 2 1 1 1 2 0 2 1 1 2 0 2 0 1 2 1 0 2 0 2 1 2 2 2 2 2 1 1 2 1 0 1
 0 0 1 1 1 1 2 1 0 2 2 0 2 0 1 1 0 0 1 0 1 0 0 0 0 2 1 2 2 1 0 0 1 2 0 2 1
 0 1 2 0 2 0 1 1 1 0 0 1 0 2 2 0 2 0 2 0 0 2 1 1 1 0 1 2 1 2 1 1 2 0 0 1 2
 0 1 2 1 0 1 1 2 2 2 1 1 0 1 1 0 0 1 2 1 1 0 0 1 0 1 1 2 0 2 0 0 2 0 0 1 2
 1 1 2 0 0 1 1 1 1 2 1 2 2 1 1 2 0 2 1 0 2 1 1 2 2 1 1 2 2 2 0 0 0 0 2 0 0
 2 1 2 1 2 0 2 2 0 0 1 1 2 1 0 0 0 0 0 2 1 2 0 1 0 2 0 1 0 0 1 0 1 1 1 2 2
 1 2 1 0 0 2 2 1 0 2 2 2 1 1 0 0 1 2 2 1 0 2 0 2 2 1 2 1 1 1 0 1 2 0 2 0 0
 2 1 2 1 1 0 1 1 0 1 1 2 0 1 0 0 1 1 0 0 0 2 0 1 2 0 0 1 0 2 0 0 2 2 2 2 1
 0 2 0 0 1 2 1 2 0 1 0 1 2 1 2 1 1 2 1 2 0 1 2 1 2 1 1 2 1 1 0 0 1 2 2 2 1
 1 2 2 2 2 1 1 0 0 0 0 2 0 0 1 0 1 2 0 0 2 1 0 1 2 1 2 1 1 1 2 2 2 0 2 1 1
 2 0 0 2 1 1 1 1 1 0 2 0 0 1 1 2 0 1 0 2 2 1 2 0 2 0 2 1 0 1 2 1 1 0 1 1 0
 1]"
misspec_tuned__rho0.6_block10_noise3__correlated_noise__seed2015__DIVI_p2,run_divi_misspec_robustness_tuned.py,2026-04-02T15:22:45Z,unknown,local,cpu,x86_64,synthetic_correlated_noise,rho0.6_block10_noise3,correlated_noise,1000,100,3,0.1,0.9,3.0,101015,2015,DIVI,2,DIVI,1000.0,1.0,120,manual_mult_auto,141.89385332046726,1.0,0.01,1.0,0.1,300,300,3,2,120,240,"[120, 240]",0.506767847781745,0.5494124116746693,0.18181818181818182,0.739,100,1.0,0.6704061627388,0.6703499555587769,166464.34375,147340.984375,19123.359375,160437.078125,6.0272698402404785,0.7766562109995903,2.1750000087195076e-05,0.7738618210000823,0.0016091510001388087,0.002365018999626045,0.0025795394033336074,465.62890625,ok,0,,outputs/misspec_robustness_tuned,"[120, 240]",noninformative_uniform,"[1 0 0 2 2 0 2 1 0 1 1 2 1 2 0 2 0 0 2 0 1 0 2 1 0 1 0 1 2 0 1 1 2 2 2 1 0
 0 0 2 0 1 2 1 2 0 0 1 1 2 2 2 2 0 0 2 0 0 0 0 0 2 1 0 1 2 1 1 1 1 0 2 1 0
 1 2 1 0 0 0 2 2 0 0 0 2 0 0 1 0 2 2 2 2 0 1 0 1 1 1 0 1 1 0 0 2 1 0 0 1 1
 2 2 1 0 1 1 1 1 0 0 0 0 0 1 0 0 0 0 0 0 0 2 0 2 0 1 0 1 2 0 0 2 0 0 0 2 2
 0 0 0 1 1 1 1 2 2 0 2 0 0 0 2 2 1 2 0 2 1 0 0 0 0 1 2 1 1 2 0 1 2 0 2 0 2
 2 2 1 1 0 2 2 0 1 1 2 0 2 0 0 1 1 0 0 0 0 2 1 1 2 1 0 1 1 0 0 0 0 2 0 1 0
 1 1 2 0 1 1 2 0 0 1 2 0 0 2 2 1 0 0 1 1 0 2 0 2 2 1 1 1 0 1 1 2 1 1 1 0 1
 2 0 0 2 2 0 2 2 0 2 0 0 2 1 1 0 2 0 1 1 2 1 1 1 2 1 2 2 1 2 1 2 2 0 2 2 1
 0 0 0 0 2 2 2 1 0 0 0 1 1 1 0 1 1 1 0 0 2 0 2 1 0 1 0 0 1 1 1 2 1 0 1 0 1
 0 1 2 2 2 1 2 0 2 1 0 2 0 0 1 1 2 2 1 2 0 1 2 0 2 0 0 2 0 0 1 2 0 0 0 0 0
 0 1 2 1 0 0 1 1 1 1 1 1 0 2 0 0 0 2 2 2 2 0 0 1 0 0 0 2 1 1 1 0 0 2 1 1 0
 1 1 2 0 1 2 2 1 0 1 1 2 2 1 0 0 1 0 2 0 2 2 0 2 1 1 2 1 0 1 1 0 2 1 0 2 2
 2 1 0 0 0 2 2 0 0 2 0 1 0 1 2 1 1 2 0 2 1 2 2 2 2 1 0 0 1 1 2 1 1 0 0 0 0
 1 2 2 1 2 2 0 1 2 0 2 1 1 2 0 1 1 0 1 2 1 0 2 1 1 2 1 2 2 1 2 1 2 1 2 0 1
 2 2 1 1 2 0 1 2 2 2 0 0 2 1 0 1 0 0 1 0 0 1 2 2 0 2 0 0 1 1 0 1 2 2 0 1 1
 1 2 2 1 2 0 2 0 0 1 1 2 2 2 0 0 1 1 2 2 0 2 2 2 1 2 1 1 2 2 2 2 2 1 1 2 0
 0 0 0 0 1 2 2 1 1 2 0 2 1 1 2 0 2 0 1 2 1 0 2 0 1 1 1 1 2 2 2 1 1 2 2 0 2
 0 0 1 1 1 1 2 1 0 0 2 0 2 0 1 1 0 0 1 0 1 0 0 0 0 2 1 2 2 2 0 0 2 2 0 2 2
 0 1 2 0 2 0 1 1 2 0 0 1 0 2 2 0 2 0 2 0 0 2 1 1 1 0 1 1 1 2 2 1 2 0 0 1 2
 0 1 2 1 0 1 1 2 2 2 2 1 0 2 1 0 0 1 2 1 1 0 0 1 0 1 1 2 0 2 0 0 2 0 0 1 2
 1 1 2 0 0 1 1 1 1 2 1 2 1 1 1 2 0 1 1 0 2 1 1 1 2 1 2 2 0 2 0 0 0 0 2 0 0
 2 1 2 1 2 0 2 2 0 0 1 1 2 1 0 0 0 0 0 2 1 2 0 1 0 2 0 1 0 0 1 0 1 1 1 2 2
 2 2 1 0 0 1 2 1 0 2 2 2 1 1 0 0 1 2 2 1 0 2 0 1 2 1 2 1 1 1 0 1 2 0 2 0 0
 1 1 2 1 1 0 1 2 0 1 1 2 0 1 0 0 2 2 0 0 0 2 0 1 2 0 0 1 0 2 0 0 2 2 2 2 1
 0 2 0 0 1 2 1 2 0 1 0 1 1 2 2 2 1 2 1 2 0 1 1 1 2 1 1 2 1 1 0 0 1 2 2 2 1
 1 1 2 2 2 1 1 0 0 0 0 2 0 0 2 0 1 2 0 0 2 1 0 1 2 1 2 1 1 2 2 2 2 0 2 1 1
 1 0 0 2 1 1 1 2 1 0 2 0 0 2 2 2 0 1 0 2 2 1 2 0 2 0 2 1 0 1 1 1 2 0 1 1 0
 1]"
misspec_tuned__rho0.6_block10_noise3__correlated_noise__seed2015__DIVI_p3,run_divi_misspec_robustness_tuned.py,2026-04-02T15:22:45Z,unknown,local,cpu,x86_64,synthetic_correlated_noise,rho0.6_block10_noise3,correlated_noise,1000,100,3,0.1,0.9,3.0,101015,2015,DIVI,3,DIVI,1000.0,1.0,120,manual_mult_auto,141.89385332046726,1.0,0.01,1.0,0.1,300,300,3,2,120,240,"[120, 240]",0.19382321870258018,0.2283290636986953,0.22784810126582278,0.545,69,0.69,0.607891321182251,0.6753847002983093,169554.28125,155921.265625,13633.015625,165388.09375,4.1661810874938965,0.7872308999999404,2.6789999992615776e-05,0.7845388900000216,0.001587799999924755,0.0022186900000633614,0.0026151296333334056,467.91796875,ok,0,,outputs/misspec_robustness_tuned,"[120, 240]",random_prior,"[0 0 2 1 2 2 1 2 0 0 0 0 2 0 2 0 2 2 1 0 0 0 0 0 0 1 2 2 1 0 1 0 2 1 1 2 2
 2 2 1 2 2 0 1 1 0 2 0 1 1 1 2 0 2 2 0 0 0 2 2 2 2 2 0 1 1 1 0 2 0 0 0 2 2
 0 2 1 2 0 0 1 1 0 0 0 0 2 0 2 0 1 1 1 1 0 1 2 2 2 1 2 1 2 2 2 1 2 2 2 1 0
 0 0 1 0 2 1 1 1 0 2 2 0 0 0 2 2 0 0 0 0 2 1 0 0 2 0 2 2 2 2 0 1 2 0 2 0 0
 2 0 2 1 1 1 2 2 0 2 1 0 2 2 0 0 0 1 2 1 0 2 2 2 2 1 0 1 0 0 2 0 1 0 0 2 0
 0 1 0 1 2 0 1 0 1 0 1 2 1 2 2 1 0 0 0 0 0 1 0 1 1 1 2 0 2 0 2 0 0 0 2 1 2
 2 1 1 0 2 1 0 0 2 2 1 0 0 0 1 0 0 0 0 0 0 1 2 1 1 2 2 1 0 2 1 1 1 1 1 2 1
 0 2 2 0 0 2 0 1 0 0 2 2 2 2 2 2 1 2 2 0 0 0 1 2 1 2 2 0 1 0 0 1 1 2 0 0 0
 0 0 2 0 1 0 0 0 0 2 2 1 2 1 2 0 2 0 2 2 0 2 0 2 2 1 0 2 2 0 1 0 0 2 1 0 0
 2 1 1 0 1 1 0 2 1 1 2 1 0 0 1 1 0 2 1 0 2 1 1 2 1 0 0 0 0 2 0 0 2 0 0 0 2
 0 1 0 2 0 0 2 1 1 1 1 2 2 1 2 2 0 1 1 0 0 0 2 2 0 2 2 1 1 1 1 0 0 2 0 1 0
 0 1 1 2 1 2 1 0 2 0 0 0 2 1 2 2 2 2 0 2 0 1 2 1 1 1 1 1 2 1 0 2 1 1 2 1 0
 0 2 0 2 2 2 2 2 0 1 2 1 2 0 1 2 2 1 2 1 1 0 0 1 1 1 2 2 2 1 2 2 1 2 2 2 0
 1 2 1 1 1 2 2 2 1 2 2 2 1 1 0 1 1 2 1 1 2 0 1 0 1 1 1 2 0 0 2 2 1 0 0 0 1
 0 2 2 1 1 2 0 0 1 1 2 2 1 1 2 1 0 0 2 0 0 2 1 1 2 1 0 2 1 1 2 1 1 0 2 1 0
 2 2 0 0 1 2 0 2 0 1 1 1 0 0 2 2 0 2 1 0 2 2 0 0 2 0 0 1 0 1 1 2 1 2 2 0 0
 2 0 2 2 0 2 1 1 1 0 0 0 2 0 1 2 0 2 1 2 1 2 0 2 2 2 0 2 1 1 0 1 1 1 1 2 1
 2 0 2 1 0 1 0 1 2 2 0 2 1 2 2 1 2 0 1 2 2 2 0 2 0 0 1 1 2 0 2 2 1 0 2 0 0
 2 1 1 2 0 2 1 2 1 0 2 0 2 0 2 2 0 2 0 2 2 2 1 1 0 2 1 2 2 0 1 1 1 2 0 1 1
 0 1 1 0 0 2 1 2 0 1 1 2 2 0 1 2 2 1 1 1 2 2 2 1 2 1 0 0 2 1 2 2 0 0 2 2 0
 0 0 1 0 0 2 2 1 1 1 2 1 2 1 2 1 2 1 2 2 0 1 1 1 1 1 0 0 0 1 2 2 2 2 0 0 0
 1 1 1 1 0 0 1 0 2 0 2 1 1 2 2 2 2 2 2 1 1 2 2 1 0 1 2 2 2 0 0 2 1 1 1 0 0
 1 2 1 0 2 0 0 2 2 1 1 0 0 0 2 0 1 1 0 0 0 1 2 1 1 0 1 0 1 1 0 1 0 1 1 0 2
 1 1 1 2 2 2 2 0 0 2 1 0 2 2 2 0 1 1 0 2 0 0 0 0 0 0 0 1 0 1 0 0 0 0 0 1 2
 2 0 0 2 2 0 1 1 0 1 0 1 2 1 0 1 1 0 0 0 2 1 0 2 2 0 0 0 0 1 0 2 1 1 1 0 0
 2 2 1 0 0 2 2 0 2 0 2 0 0 2 1 0 1 0 2 0 0 0 2 1 0 2 1 1 0 1 1 1 1 0 0 1 2
 1 0 0 2 1 0 0 0 1 0 1 2 0 1 1 1 2 1 2 1 1 1 0 2 1 0 1 2 0 1 1 1 0 2 2 0 0
 1]"
misspec_tuned__rho0.6_block10_noise3__correlated_noise__seed2015__kmeans_oracle,run_divi_misspec_robustness_tuned.py,2026-04-02T15:22:45Z,unknown,local,cpu,x86_64,synthetic_correlated_noise,rho0.6_block10_noise3,correlated_noise,1000,100,3,0.1,0.9,3.0,101015,2015,kmeans_oracle,nan,KMeans,nan,nan,120,manual_mult_auto,141.89385332046726,1.0,0.01,1.0,0.1,300,nan,3,0,nan,nan,[],0.40561654400513075,0.43136105320876295,nan,0.653,nan,nan,nan,nan,nan,nan,nan,nan,nan,nan,nan,nan,nan,nan,nan,467.91796875,ok,0,,outputs/misspec_robustness_tuned
misspec_tuned__rho0.6_block10_noise3__correlated_noise__seed2015__gmm_oracle,run_divi_misspec_robustness_tuned.py,2026-04-02T15:22:45Z,unknown,local,cpu,x86_64,synthetic_correlated_noise,rho0.6_block10_noise3,correlated_noise,1000,100,3,0.1,0.9,3.0,101015,2015,gmm_oracle,nan,GaussianMixtureDiag,nan,nan,120,manual_mult_auto,141.89385332046726,1.0,0.01,1.0,0.1,300,nan,3,0,nan,nan,[],0.49721276632992084,0.5738170636833163,nan,0.668,nan,nan,nan,nan,nan,nan,nan,nan,nan,nan,nan,nan,nan,nan,nan,467.91796875,ok,0,,outputs/misspec_robustness_tuned
misspec_tuned__rho0.6_block10_noise3__correlated_noise__seed2016__DIVI_p1,run_divi_misspec_robustness_tuned.py,2026-04-02T15:22:48Z,unknown,local,cpu,x86_64,synthetic_correlated_noise,rho0.6_block10_noise3,correlated_noise,1000,100,3,0.1,0.9,3.0,101016,2016,DIVI,1,DIVI,1000.0,1.0,120,manual_mult_auto,141.89385332046726,1.0,0.01,1.0,0.1,300,300,3,2,120,240,"[120, 240]",0.9969970000481382,0.9938015778197291,0.2597402597402597,0.999,67,0.67,0.5975925326347351,0.5790002346038818,168051.90625,155690.4375,12361.46875,163090.21875,4.961683750152588,1.2740399849999449,0.1781884409997474,1.0906107840000914,0.0020776109995495062,0.0047451899999941816,0.0036353692800003045,461.17578125,ok,0,,outputs/misspec_robustness_tuned,"[120, 240]",informative_kw_llr,"[1 0 0 1 0 2 0 1 1 2 0 2 1 2 1 1 0 2 1 0 1 2 0 2 1 0 2 1 1 2 0 2 0 2 1 0 1
 2 1 0 0 0 2 2 2 2 2 1 2 2 2 1 1 0 0 1 0 1 1 0 2 0 2 1 0 0 1 1 0 0 1 1 0 0
 1 1 1 2 0 2 0 2 0 2 1 0 2 1 0 2 0 0 2 0 2 0 0 2 2 0 0 1 2 2 2 1 2 2 0 0 1
 2 1 2 1 2 2 0 1 1 0 2 2 2 0 2 2 1 1 0 0 2 2 2 0 0 2 2 0 0 0 2 0 0 0 1 2 0
 2 1 2 0 1 2 2 2 2 1 2 0 1 0 1 0 0 1 1 2 2 1 1 0 1 0 0 1 2 1 0 1 1 2 1 1 1
 1 0 2 1 1 1 1 0 2 1 0 1 1 0 2 1 0 0 2 2 0 0 1 1 1 1 2 0 2 2 2 0 2 2 2 1 1
 2 0 1 2 1 1 0 0 2 2 1 1 0 1 0 1 1 2 0 0 2 2 1 1 1 1 2 2 0 2 0 1 0 1 0 1 0
 1 1 1 0 1 1 1 0 1 1 2 1 2 1 0 1 2 0 1 2 0 0 2 2 0 1 1 0 2 0 0 0 0 0 2 1 0
 2 0 2 0 1 2 0 0 2 0 1 2 2 2 2 1 1 2 2 0 1 0 1 2 2 1 0 1 0 0 0 2 2 0 2 1 1
 0 1 0 0 1 1 1 1 0 1 1 0 1 0 0 1 0 2 2 0 0 0 1 0 1 1 2 1 2 0 1 2 1 2 1 2 0
 2 0 1 2 0 0 2 0 2 2 2 1 0 1 0 2 0 2 2 2 2 1 1 0 2 2 0 2 2 1 1 0 1 0 1 2 0
 2 0 1 2 2 1 2 2 2 1 0 1 0 1 0 2 0 1 0 0 1 1 1 2 0 1 0 0 0 1 1 2 0 1 2 2 2
 2 0 2 0 2 0 1 2 0 1 1 1 0 2 1 0 2 0 2 0 1 2 2 2 2 1 2 0 2 2 2 0 2 0 1 0 1
 1 0 0 2 1 0 0 2 0 0 1 0 2 0 0 2 2 0 2 1 2 1 2 0 1 0 2 0 2 1 1 0 1 0 1 0 1
 2 2 1 2 2 2 0 1 1 0 1 0 2 1 2 2 1 2 2 0 1 1 0 1 2 2 1 2 0 0 2 0 0 0 0 1 1
 2 0 1 2 2 0 2 2 1 1 0 2 1 0 0 1 0 1 2 2 2 0 2 0 1 2 1 0 0 1 0 1 0 1 0 2 2
 1 0 1 1 1 0 1 2 2 2 1 1 2 0 0 2 2 0 1 1 1 2 1 0 2 2 0 2 2 2 1 0 2 1 0 0 2
 0 0 0 1 2 2 2 0 1 0 1 0 1 2 2 2 0 2 0 1 0 2 2 1 1 0 1 0 1 2 0 2 1 1 0 2 1
 0 1 1 0 0 0 0 2 0 0 2 1 2 2 0 1 2 0 0 2 2 2 1 0 1 1 0 1 2 1 2 1 2 0 0 0 1
 0 2 1 0 2 1 1 1 0 0 2 2 2 1 1 1 1 0 0 1 1 1 2 1 2 1 2 0 0 1 1 2 0 0 2 0 2
 1 2 1 0 2 2 1 2 2 1 1 1 2 2 2 0 0 2 1 0 1 0 0 0 0 2 1 0 1 1 2 0 1 1 2 1 2
 0 2 2 2 2 0 1 0 0 2 1 0 0 0 0 1 2 1 2 1 2 0 0 1 0 2 0 1 2 1 1 0 2 0 2 0 0
 1 0 0 1 1 2 2 1 1 0 0 0 2 1 1 2 1 2 1 1 1 0 1 2 0 2 1 2 2 2 2 1 2 0 1 1 0
 2 2 1 0 2 1 2 2 1 1 0 2 0 0 0 0 1 0 0 0 1 2 2 2 2 0 1 0 1 2 2 2 0 1 1 2 1
 0 2 2 2 1 2 1 2 1 1 0 2 0 0 1 0 0 0 2 1 0 1 0 1 1 2 2 2 2 1 0 1 2 1 2 0 2
 1 1 2 1 0 1 0 2 2 2 0 1 1 1 0 1 2 0 2 1 1 0 2 2 2 0 2 2 2 2 0 0 0 0 2 2 2
 1 0 1 0 0 1 0 2 0 2 1 1 0 0 2 1 1 0 1 0 0 0 0 2 1 2 1 0 0 1 2 1 0 1 1 0 1
 2]"
misspec_tuned__rho0.6_block10_noise3__correlated_noise__seed2016__DIVI_p2,run_divi_misspec_robustness_tuned.py,2026-04-02T15:22:48Z,unknown,local,cpu,x86_64,synthetic_correlated_noise,rho0.6_block10_noise3,correlated_noise,1000,100,3,0.1,0.9,3.0,101016,2016,DIVI,2,DIVI,1000.0,1.0,120,manual_mult_auto,141.89385332046726,1.0,0.01,1.0,0.1,300,300,3,2,120,240,"[120, 240]",0.5139156859662759,0.5690109492501102,0.18181818181818182,0.734,100,1.0,0.6727573871612549,0.672083854675293,166305.265625,148201.640625,18103.625,160136.6875,6.168583869934082,1.177995319999809,2.8870000278402586e-05,1.1735440299999027,0.002642939999986993,0.003913170000032551,0.003911813433333009,461.17578125,ok,0,,outputs/misspec_robustness_tuned,"[120, 240]",noninformative_uniform,"[1 0 0 2 0 1 0 1 2 1 0 2 1 1 2 2 0 1 1 0 1 1 0 2 2 0 2 0 1 1 0 2 0 1 1 0 1
 2 1 0 0 0 1 2 2 1 1 1 2 2 1 2 1 0 0 1 0 1 1 0 2 0 2 2 0 0 1 2 0 0 2 2 0 0
 1 1 1 2 0 1 0 2 0 1 2 0 1 2 0 2 0 0 1 0 1 0 0 2 2 0 0 2 2 2 2 2 1 2 0 0 1
 1 2 2 2 2 2 0 1 1 0 2 1 2 0 2 1 2 1 0 0 2 2 1 0 0 1 2 0 0 0 2 0 0 0 1 2 0
 1 1 2 0 2 2 1 2 2 2 2 0 1 0 1 0 0 1 2 2 2 1 2 0 1 0 0 2 2 1 0 1 1 1 2 1 1
 1 0 2 2 2 2 1 0 2 1 0 1 2 0 1 2 0 0 2 2 0 0 2 1 1 1 1 0 1 2 2 0 2 2 2 1 2
 2 0 1 2 1 1 0 0 2 2 2 2 0 2 0 2 2 2 0 0 2 1 2 1 1 2 2 2 0 1 0 2 0 2 0 2 0
 2 2 2 0 2 1 1 0 2 1 2 2 2 2 0 2 2 0 2 1 0 0 2 2 0 2 2 0 2 0 0 0 0 0 2 2 0
 2 0 1 0 1 2 0 0 2 0 2 1 2 2 2 1 2 2 1 0 2 0 2 2 2 2 0 2 0 1 0 2 2 0 2 1 2
 0 1 0 0 1 1 1 1 0 2 2 0 2 0 0 0 0 1 1 0 0 0 1 0 2 1 1 1 2 0 1 2 1 2 1 2 0
 1 0 1 2 0 0 2 0 2 2 2 1 0 1 0 2 0 2 1 2 2 2 2 0 1 2 0 1 1 1 2 0 1 0 2 2 0
 2 0 1 2 2 1 2 2 2 1 0 2 0 1 0 2 0 2 0 0 1 2 2 2 0 2 0 0 0 2 2 2 0 1 2 2 2
 2 0 2 0 2 0 1 1 0 1 1 1 0 1 1 0 2 0 1 0 1 2 2 2 2 1 1 0 2 1 2 0 2 0 1 0 1
 2 0 0 2 2 0 0 2 0 0 1 0 2 0 0 2 1 0 2 2 2 1 2 0 1 0 1 0 2 1 1 0 1 0 1 0 1
 2 1 1 1 2 2 0 1 1 0 1 0 1 2 1 1 2 2 1 0 2 1 0 1 1 2 1 2 0 0 1 0 0 0 0 2 1
 2 0 2 2 2 0 2 1 1 1 0 2 2 0 0 1 0 2 1 1 1 0 2 0 2 2 1 0 0 2 0 2 0 2 0 1 1
 2 0 2 1 2 0 1 2 1 1 1 2 2 0 0 2 2 0 1 2 2 2 2 0 2 1 0 2 1 2 2 0 2 2 0 0 1
 0 0 0 1 2 1 2 0 2 0 1 0 1 1 1 2 0 2 0 1 0 2 1 1 1 0 1 0 1 2 0 2 2 2 0 2 2
 0 1 1 0 0 0 0 2 0 0 1 1 1 2 0 2 1 0 0 2 1 2 2 0 1 1 0 2 2 1 2 2 2 0 0 0 2
 0 1 1 0 1 2 2 1 0 0 1 2 1 1 1 2 1 0 0 2 1 2 2 2 2 1 2 0 0 1 1 2 0 0 2 0 2
 2 2 1 0 2 2 2 2 2 2 1 1 2 2 1 0 0 1 1 0 1 0 0 0 0 1 1 0 1 2 2 0 1 2 2 1 1
 0 2 2 2 1 0 1 0 0 1 1 0 0 0 0 2 2 1 2 2 1 0 0 2 0 1 0 2 2 1 2 0 2 0 2 0 0
 1 0 0 2 2 1 1 2 2 0 0 0 2 2 2 1 0 2 2 1 1 0 1 1 0 2 1 2 2 2 2 1 2 0 1 2 0
 2 1 1 0 2 2 2 2 1 1 0 1 0 0 0 0 0 0 0 0 2 2 2 1 2 0 1 0 1 1 2 2 0 1 1 2 1
 0 2 2 2 1 2 1 2 1 2 0 1 0 0 1 0 0 0 1 2 0 2 0 2 2 2 2 2 1 1 0 1 2 2 2 0 2
 1 1 1 1 0 2 0 2 2 2 0 2 2 1 0 2 2 0 1 2 2 0 2 2 2 0 2 2 2 2 0 0 0 0 1 1 2
 2 0 1 0 0 2 0 1 0 2 2 2 0 0 1 2 2 0 2 0 0 0 0 2 2 2 1 0 0 2 1 1 0 1 1 0 1
 1]"
misspec_tuned__rho0.6_block10_noise3__correlated_noise__seed2016__DIVI_p3,run_divi_misspec_robustness_tuned.py,2026-04-02T15:22:48Z,unknown,local,cpu,x86_64,synthetic_correlated_noise,rho0.6_block10_noise3,correlated_noise,1000,100,3,0.1,0.9,3.0,101016,2016,DIVI,3,DIVI,1000.0,1.0,120,manual_mult_auto,141.89385332046726,1.0,0.01,1.0,0.1,300,300,3,2,120,240,"[120, 240]",0.7517467581141543,0.7779316385903268,0.225,0.903,70,0.7,0.5815996527671814,0.6504618525505066,171007.671875,156699.109375,14308.5625,166348.46875,4.6591973304748535,1.0473136069999782,5.654899996443419e-05,1.043431617999886,0.0024221900002885377,0.0034113490000891034,0.003478105393332953,464.484375,ok,0,,outputs/misspec_robustness_tuned,"[120, 240]",random_prior,"[0 1 1 2 1 0 1 2 2 0 1 0 0 0 0 2 1 0 2 1 2 0 1 0 2 1 0 1 2 0 1 0 1 0 2 1 2
 0 0 1 1 1 0 0 0 0 0 2 0 0 0 2 0 1 1 0 1 0 2 1 0 1 0 2 1 1 2 2 1 1 2 2 1 1
 2 0 2 0 1 0 1 0 1 0 2 1 0 2 1 0 1 1 0 1 0 1 1 0 0 1 1 0 0 0 0 2 0 0 1 1 0
 0 2 0 2 0 0 1 2 2 1 0 0 0 1 0 0 2 2 1 1 0 0 0 1 1 0 0 1 1 1 0 1 1 1 2 0 1
 0 2 0 1 2 0 0 0 0 2 0 1 2 1 2 1 1 0 2 0 0 0 2 1 2 1 1 2 0 2 1 2 2 0 2 0 0
 0 1 0 0 2 2 0 1 0 2 1 0 2 1 0 2 1 1 0 0 1 1 2 2 0 0 0 1 0 0 0 1 0 0 0 2 2
 0 2 2 0 2 0 1 1 0 0 0 0 1 2 1 2 2 0 1 1 0 0 2 2 2 2 0 0 1 0 1 2 1 2 1 2 1
 0 2 2 1 2 0 2 1 2 2 0 0 0 2 1 0 0 1 2 0 1 1 0 0 1 2 2 1 0 1 1 1 1 1 0 2 1
 0 1 0 1 2 0 1 1 0 1 2 0 0 0 0 0 2 0 0 1 2 1 2 0 0 2 1 0 1 1 1 0 0 1 0 0 2
 1 0 1 1 0 2 2 2 1 2 2 1 2 1 1 1 1 0 0 1 1 1 2 1 0 2 0 0 0 1 0 0 2 0 2 0 1
 0 1 2 0 1 1 0 1 0 0 0 2 1 0 1 0 1 0 0 0 0 2 2 1 0 0 1 0 0 2 2 1 2 1 0 0 1
 0 1 2 0 0 0 0 0 0 2 1 2 1 0 1 0 1 2 1 1 0 2 2 0 1 0 1 1 1 2 2 0 1 0 0 0 0
 0 1 0 1 0 1 0 0 1 0 2 2 1 0 2 1 0 1 0 1 2 0 0 0 0 0 0 1 0 0 0 1 0 1 0 1 2
 2 1 1 0 0 1 1 0 1 1 0 1 0 1 1 0 0 1 0 2 0 2 0 1 2 1 0 1 0 2 0 1 0 1 2 1 2
 0 0 0 0 0 0 1 2 2 1 0 1 0 2 0 0 2 0 0 1 2 2 1 2 0 0 2 0 1 2 0 1 1 1 1 2 0
 0 1 2 0 0 1 0 0 2 2 1 0 2 1 1 0 1 0 0 0 0 1 0 1 2 0 2 1 1 0 1 2 1 2 1 0 0
 2 1 2 0 2 1 0 0 0 0 2 2 0 1 1 0 0 1 2 2 2 0 2 1 0 0 1 0 0 0 2 1 0 2 1 1 0
 1 1 1 2 0 0 0 1 2 1 0 1 2 0 0 0 1 0 1 2 1 0 0 2 2 1 0 1 0 0 1 0 2 2 1 0 2
 1 0 0 1 1 1 1 0 1 1 0 0 0 0 1 2 0 1 1 0 0 0 2 1 2 2 1 2 0 0 0 2 0 1 1 1 2
 1 0 2 1 0 2 0 2 1 1 0 0 0 0 0 2 0 1 1 2 2 0 0 2 0 2 0 1 1 2 0 0 1 1 0 1 0
 2 0 2 1 0 0 2 0 0 0 2 2 0 0 0 1 1 0 2 1 2 1 1 1 1 0 2 1 2 2 0 1 2 2 0 2 0
 1 0 0 0 0 1 2 1 1 0 0 1 1 1 1 2 0 0 0 2 0 1 1 2 1 0 1 2 0 1 2 1 0 1 0 1 1
 0 2 1 2 2 0 0 2 2 1 1 1 0 2 2 0 2 0 0 2 2 1 2 0 1 0 0 0 0 0 0 0 0 1 2 2 1
 0 0 2 1 0 2 0 0 2 0 1 0 1 1 1 2 2 1 1 1 0 0 0 0 0 1 2 1 2 0 0 0 1 0 2 0 0
 1 0 0 0 2 0 0 0 2 0 1 0 1 1 2 1 1 1 0 2 1 2 1 2 2 0 0 0 0 2 1 2 0 2 0 1 0
 0 2 0 0 1 2 1 0 0 0 1 2 2 2 1 0 0 1 0 2 2 1 0 0 0 1 0 0 0 0 1 1 1 1 0 0 0
 2 1 2 1 1 2 1 0 1 0 2 0 1 1 0 2 2 1 0 1 1 1 1 0 2 0 2 1 1 2 0 0 1 0 2 1 2
 0]"
misspec_tuned__rho0.6_block10_noise3__correlated_noise__seed2016__kmeans_oracle,run_divi_misspec_robustness_tuned.py,2026-04-02T15:22:48Z,unknown,local,cpu,x86_64,synthetic_correlated_noise,rho0.6_block10_noise3,correlated_noise,1000,100,3,0.1,0.9,3.0,101016,2016,kmeans_oracle,nan,KMeans,nan,nan,120,manual_mult_auto,141.89385332046726,1.0,0.01,1.0,0.1,300,nan,3,0,nan,nan,[],0.41210811152242843,0.43793325576542724,nan,0.669,nan,nan,nan,nan,nan,nan,nan,nan,nan,nan,nan,nan,nan,nan,nan,464.484375,ok,0,,outputs/misspec_robustness_tuned
misspec_tuned__rho0.6_block10_noise3__correlated_noise__seed2016__gmm_oracle,run_divi_misspec_robustness_tuned.py,2026-04-02T15:22:48Z,unknown,local,cpu,x86_64,synthetic_correlated_noise,rho0.6_block10_noise3,correlated_noise,1000,100,3,0.1,0.9,3.0,101016,2016,gmm_oracle,nan,GaussianMixtureDiag,nan,nan,120,manual_mult_auto,141.89385332046726,1.0,0.01,1.0,0.1,300,nan,3,0,nan,nan,[],0.5036346651101673,0.5660834095468292,nan,0.714,nan,nan,nan,nan,nan,nan,nan,nan,nan,nan,nan,nan,nan,nan,nan,464.484375,ok,0,,outputs/misspec_robustness_tuned
misspec_tuned__rho0.6_block10_noise3__correlated_noise__seed2017__DIVI_p1,run_divi_misspec_robustness_tuned.py,2026-04-02T15:22:52Z,unknown,local,cpu,x86_64,synthetic_correlated_noise,rho0.6_block10_noise3,correlated_noise,1000,100,3,0.1,0.9,3.0,101017,2017,DIVI,1,DIVI,1000.0,1.0,120,manual_mult_auto,141.89385332046726,1.0,0.01,1.0,0.1,300,300,3,2,120,240,"[120, 240]",0.9910135858709991,0.9826706392158682,0.2222222222222222,0.997,80,0.8,0.6525188684463501,0.7219204306602478,163022.390625,150115.875,12906.515625,159557.78125,3.4646029472351074,0.9423795220000102,0.16840442100010478,0.771264421000069,0.002023109000219847,0.0021768699998574448,0.0025708814033335633,465.375,ok,0,,outputs/misspec_robustness_tuned,"[120, 240]",informative_kw_llr,"[0 1 2 2 1 2 2 1 1 2 0 1 1 1 2 1 1 0 0 2 0 1 2 0 0 1 1 1 0 0 2 1 2 1 1 0 0
 1 2 1 1 1 2 2 2 0 2 2 0 1 0 2 0 0 0 1 1 0 1 2 1 0 2 1 2 0 1 1 0 0 1 2 2 2
 2 2 1 0 0 0 0 0 2 2 0 2 2 1 1 1 1 1 0 1 1 2 0 2 0 1 2 0 0 1 2 1 0 0 1 1 0
 2 0 2 0 1 2 2 1 0 0 0 1 2 2 0 0 0 1 2 0 2 1 2 0 2 2 2 2 0 1 2 1 1 2 0 0 0
 0 2 0 0 1 1 0 0 2 0 2 2 1 2 0 1 2 0 1 0 1 1 0 1 2 2 2 2 1 0 2 1 2 2 1 2 0
 0 1 1 1 0 1 0 0 2 1 1 1 1 1 1 0 2 2 1 0 1 1 1 1 1 0 0 0 2 1 0 1 1 2 2 0 1
 2 1 1 1 2 0 2 1 0 1 1 0 1 0 2 0 0 0 2 2 0 2 2 1 0 1 2 1 0 2 2 1 2 1 1 0 2
 1 0 0 0 0 1 1 0 2 2 2 2 0 1 2 0 1 1 0 2 1 1 0 0 0 1 0 2 2 0 0 2 2 2 0 2 1
 1 0 0 2 0 1 0 0 0 0 2 2 2 0 1 2 2 1 1 1 1 2 0 0 2 1 2 2 2 2 0 0 2 1 1 2 1
 2 1 2 1 1 0 0 2 1 0 1 2 2 0 2 1 2 2 1 1 2 0 2 2 0 0 1 1 2 0 2 2 1 0 0 1 0
 1 2 2 0 0 1 0 2 0 1 0 1 0 0 0 2 0 0 1 0 0 2 2 2 2 2 0 2 1 2 1 2 0 2 0 1 1
 2 1 1 1 2 0 1 1 0 0 1 0 1 0 1 0 2 1 2 1 1 2 2 0 1 2 0 1 2 2 2 2 1 2 1 2 1
 0 1 2 2 0 0 2 0 2 1 0 1 0 1 1 1 1 0 0 0 0 0 0 1 2 1 0 2 0 2 1 2 2 2 1 0 0
 2 0 0 1 0 0 0 2 2 2 0 2 2 1 1 0 0 0 0 0 0 2 2 1 2 1 2 1 0 0 0 2 0 2 2 0 1
 0 1 1 2 1 1 2 1 2 0 0 0 1 0 1 0 2 0 2 0 1 2 0 2 1 0 0 2 0 0 1 1 1 1 0 2 2
 2 1 2 2 1 2 1 2 2 0 1 0 2 2 0 2 2 0 0 1 2 1 0 0 1 1 1 0 2 1 1 0 1 2 2 1 2
 0 1 0 1 0 2 1 1 0 0 2 2 0 2 0 0 1 1 0 0 2 0 0 0 2 0 0 2 2 1 2 2 2 1 0 1 1
 2 0 1 0 0 1 1 0 2 0 0 0 1 2 2 2 0 1 0 2 1 1 0 0 2 2 0 2 2 2 2 1 0 0 0 0 0
 1 2 1 1 1 0 2 2 0 1 0 0 1 0 1 0 1 0 1 1 1 2 2 2 0 2 1 2 2 0 2 1 1 2 0 2 1
 2 0 1 2 2 2 2 1 0 2 2 0 1 2 1 1 0 1 2 1 2 1 2 2 2 0 2 0 1 1 0 0 1 1 1 1 0
 0 0 0 1 1 0 0 1 2 0 1 2 2 0 0 0 1 2 1 2 1 2 0 2 1 1 2 2 1 1 1 1 1 0 2 1 0
 0 1 1 2 0 0 0 1 2 2 2 2 1 1 0 2 2 1 1 1 0 1 2 1 2 2 1 2 0 1 2 0 0 0 1 0 2
 1 1 0 1 0 2 0 0 2 1 2 2 2 2 0 1 2 2 2 1 2 1 1 0 2 1 2 1 1 0 1 0 2 1 0 2 2
 2 2 0 2 2 1 2 0 0 2 0 0 0 1 1 2 1 1 2 0 2 2 1 1 2 0 2 1 1 1 0 0 2 0 0 0 2
 1 2 1 1 1 0 2 0 1 2 2 2 2 1 0 0 0 1 0 2 1 0 0 2 1 2 1 0 2 0 0 2 2 0 0 0 1
 1 1 0 0 0 0 1 0 1 1 2 1 1 0 2 2 2 2 1 2 0 1 0 1 0 1 2 2 1 1 2 1 1 2 0 1 0
 1 1 0 1 0 2 2 1 0 2 1 0 0 2 2 1 0 2 1 2 1 0 0 1 2 2 0 0 2 2 2 0 1 1 0 2 0
 2]"
misspec_tuned__rho0.6_block10_noise3__correlated_noise__seed2017__DIVI_p2,run_divi_misspec_robustness_tuned.py,2026-04-02T15:22:52Z,unknown,local,cpu,x86_64,synthetic_correlated_noise,rho0.6_block10_noise3,correlated_noise,1000,100,3,0.1,0.9,3.0,101017,2017,DIVI,2,DIVI,1000.0,1.0,120,manual_mult_auto,141.89385332046726,1.0,0.01,1.0,0.1,300,300,3,2,120,240,"[120, 240]",0.7537611350824509,0.730752035064347,0.18181818181818182,0.906,100,1.0,0.6727265119552612,0.6714762449264526,166377.21875,149008.8125,17368.40625,160196.46875,6.18074893951416,0.8809835850001946,3.47400000464404e-05,0.8786505150001176,0.0017883299997265567,0.0019472799999675772,0.002928835050000392,467.5390625,ok,0,,outputs/misspec_robustness_tuned,"[120, 240]",noninformative_uniform,"[0 1 2 1 1 2 1 1 2 2 0 2 1 1 2 1 1 0 0 2 0 1 2 0 0 1 1 2 0 0 2 2 2 1 1 0 0
 1 2 1 1 1 1 1 2 0 2 2 0 2 0 2 0 0 0 1 2 0 2 2 1 0 2 2 2 0 1 1 0 0 1 2 2 2
 2 2 1 0 0 0 0 0 2 2 0 2 2 1 2 1 1 1 0 2 1 2 0 2 0 1 1 0 0 1 2 1 0 0 1 1 0
 2 0 2 0 1 1 2 1 0 0 0 1 2 1 0 0 0 1 2 0 2 1 2 0 2 2 2 2 0 1 2 1 2 2 0 0 0
 0 2 0 0 2 1 0 0 2 0 1 2 1 2 0 1 2 0 1 0 1 1 0 1 2 2 2 2 1 0 2 1 2 2 1 2 0
 0 1 2 1 0 1 0 0 2 1 1 1 1 1 1 0 2 2 1 0 1 2 1 0 0 0 0 0 2 1 0 1 1 2 2 0 1
 2 1 1 1 2 0 2 1 0 2 2 0 1 0 2 0 0 0 2 2 0 2 2 1 0 1 2 1 0 2 2 2 2 1 1 0 2
 1 0 0 0 0 1 1 0 2 2 2 2 0 1 2 0 1 1 0 2 2 1 0 0 0 1 0 2 2 0 0 2 1 2 0 2 1
 1 0 0 2 0 1 0 0 0 0 2 2 2 0 1 1 2 1 1 1 1 1 0 0 2 1 2 2 2 2 0 0 1 1 1 2 1
 2 1 2 1 0 0 0 2 1 0 1 2 2 0 2 1 2 2 1 1 2 0 2 2 0 0 1 1 2 0 2 2 2 0 0 1 0
 2 2 2 0 0 1 0 1 0 2 0 1 0 0 0 2 0 0 1 0 0 2 2 2 2 2 0 2 1 2 1 2 0 2 0 1 1
 1 0 1 1 2 0 1 1 0 0 1 0 1 0 1 0 2 1 1 1 2 2 2 0 1 2 0 1 2 2 2 2 1 2 2 2 1
 0 1 2 2 0 0 2 0 2 1 0 1 0 1 1 1 1 0 0 0 0 0 0 1 2 1 0 2 0 2 1 2 2 2 1 0 0
 2 0 0 0 0 0 0 2 2 1 0 2 2 1 1 0 0 0 0 0 0 1 2 1 2 1 1 1 0 0 0 2 0 1 2 0 1
 0 2 1 2 1 1 2 1 2 0 0 0 1 0 1 0 2 0 2 0 1 2 0 2 1 0 0 2 0 0 1 1 1 1 0 2 2
 2 1 2 2 1 2 1 2 2 0 1 0 2 2 0 2 2 0 0 1 2 1 0 0 1 1 1 0 2 1 1 0 1 2 1 1 2
 0 1 0 1 0 1 0 1 0 0 2 2 0 2 0 0 1 1 0 0 1 0 0 0 2 0 0 1 2 1 2 2 2 1 0 1 1
 2 0 1 0 0 1 1 0 2 0 0 0 1 2 2 2 0 1 0 2 1 1 0 0 2 2 0 2 2 2 2 1 0 0 0 0 0
 1 1 1 1 1 0 2 2 0 2 0 0 2 0 1 0 1 0 1 1 1 2 1 2 0 1 1 2 2 0 2 1 1 1 0 2 1
 1 0 1 2 1 2 1 1 0 2 2 0 1 2 1 1 0 1 2 1 2 1 2 2 2 0 2 0 1 1 0 0 2 1 1 1 0
 0 0 0 1 1 0 0 1 2 0 1 2 2 0 0 0 2 2 1 2 1 1 0 2 1 1 1 2 1 1 1 2 1 0 1 1 0
 0 1 1 2 0 0 0 1 2 1 2 2 1 1 0 2 2 1 1 1 0 1 2 1 2 2 1 2 0 1 2 0 0 0 1 0 1
 2 2 0 2 0 2 0 0 2 1 2 2 1 1 0 2 1 2 2 1 2 1 1 0 2 1 2 1 1 0 1 0 2 1 0 2 2
 2 2 0 2 2 0 1 0 0 2 0 0 0 1 1 2 1 2 2 0 2 2 1 1 1 0 2 1 1 1 0 0 2 0 0 0 2
 1 2 1 1 1 0 2 0 2 2 2 2 2 1 0 0 0 1 0 1 1 0 0 2 1 2 1 0 1 0 0 2 2 0 0 0 1
 1 1 0 0 0 0 1 0 1 1 2 1 1 0 2 2 2 1 1 2 0 1 0 1 0 1 2 1 1 1 2 1 2 2 0 2 0
 1 1 0 1 0 2 2 2 0 2 0 0 0 2 1 1 0 2 1 2 1 0 0 1 2 2 0 0 2 2 2 0 1 1 0 2 0
 2]"
misspec_tuned__rho0.6_block10_noise3__correlated_noise__seed2017__DIVI_p3,run_divi_misspec_robustness_tuned.py,2026-04-02T15:22:52Z,unknown,local,cpu,x86_64,synthetic_correlated_noise,rho0.6_block10_noise3,correlated_noise,1000,100,3,0.1,0.9,3.0,101017,2017,DIVI,3,DIVI,1000.0,1.0,120,manual_mult_auto,141.89385332046726,1.0,0.01,1.0,0.1,300,300,3,2,120,240,"[120, 240]",0.3749917798626486,0.44369447814614127,0.22222222222222224,0.633,71,0.71,0.6207693219184875,0.691981315612793,168042.234375,153432.578125,14609.65625,163914.640625,4.1275954246521,0.7880468190001011,2.7879999834112823e-05,0.785224869999638,0.001745779999964725,0.0023249099999702594,0.0026174162333321266,466.13671875,ok,0,,outputs/misspec_robustness_tuned,"[120, 240]",random_prior,"[0 1 1 2 1 1 1 1 1 2 0 0 0 1 2 2 1 0 0 2 0 1 1 0 0 0 1 0 0 0 1 2 1 2 0 0 0
 2 2 0 1 0 2 1 2 0 2 1 0 2 0 2 0 0 0 2 0 0 1 1 1 0 2 1 1 0 2 0 0 0 1 2 2 1
 2 1 1 0 0 0 0 0 1 1 0 1 1 1 1 2 0 0 0 1 0 1 0 1 0 2 2 0 0 0 1 0 0 0 0 1 0
 1 0 2 0 0 1 1 1 0 0 0 0 2 2 0 0 0 0 2 0 1 2 2 0 1 2 2 1 0 0 1 1 2 2 0 0 0
 0 2 0 0 1 0 0 0 2 0 1 1 1 1 0 0 2 0 1 0 1 2 0 1 1 2 1 1 2 0 2 0 2 1 1 1 0
 0 1 1 1 0 0 0 0 2 0 0 0 0 1 1 0 2 2 1 0 0 1 0 0 0 0 0 0 1 2 0 0 2 2 2 0 0
 1 1 2 0 2 0 1 0 0 2 2 0 1 0 1 0 0 0 2 1 0 2 2 0 0 0 2 0 0 2 2 1 1 2 2 0 2
 0 0 0 0 0 0 1 0 1 2 1 2 0 1 2 0 1 0 0 2 2 0 0 0 0 0 0 1 1 0 0 2 2 1 0 2 2
 1 0 0 2 0 0 0 0 0 0 2 2 1 0 1 1 1 1 2 0 1 1 0 0 1 0 1 2 2 1 0 0 1 0 0 2 1
 2 1 2 1 0 0 0 2 0 0 0 1 2 0 1 0 2 2 0 2 2 0 2 2 0 0 1 2 2 0 2 1 2 0 0 1 0
 0 1 2 0 0 2 0 2 0 0 0 1 0 0 0 2 0 0 0 0 0 1 2 1 1 1 0 2 1 1 0 1 0 1 0 1 1
 1 0 0 0 2 0 0 1 0 0 1 0 0 0 1 0 1 0 1 0 2 1 2 0 0 2 0 0 1 2 1 2 0 2 0 2 1
 0 1 2 1 0 0 2 0 1 1 0 1 0 1 2 0 2 0 0 0 0 0 0 0 1 0 0 1 0 1 0 2 1 1 0 0 0
 1 0 0 0 0 0 0 2 2 1 0 1 1 2 0 0 0 0 0 0 0 1 1 1 2 1 2 0 0 0 0 2 0 2 1 0 0
 0 1 1 2 2 0 1 1 2 0 0 0 1 0 1 0 1 0 1 0 1 1 0 2 1 0 0 2 0 0 0 2 0 1 0 2 1
 1 0 2 2 1 2 0 1 1 0 1 0 2 2 0 1 2 0 0 0 2 1 0 0 1 1 1 0 1 2 0 0 2 2 1 0 1
 0 1 0 2 0 1 0 0 0 0 2 1 0 2 0 0 0 1 0 0 1 0 0 0 1 0 0 1 2 1 1 2 2 0 0 1 1
 2 0 1 0 0 0 0 0 2 0 0 0 1 1 2 1 0 0 0 1 0 2 0 0 1 1 0 1 2 2 2 2 0 0 0 0 0
 2 1 1 0 0 0 2 1 0 1 0 0 0 0 2 0 1 0 1 1 2 1 1 2 0 2 0 2 1 0 1 1 1 1 0 1 0
 1 0 0 1 1 1 1 1 0 2 1 0 1 2 0 0 0 1 2 1 2 0 1 2 1 0 2 0 1 1 0 0 1 0 0 0 0
 0 0 0 1 2 0 0 1 2 0 1 2 1 0 0 0 0 2 0 2 0 1 0 1 1 0 1 1 0 1 2 1 0 0 2 2 0
 0 0 0 2 0 0 0 0 2 1 2 1 1 1 0 1 1 1 1 1 0 2 2 0 1 1 0 1 0 1 2 0 0 0 1 0 2
 1 0 0 0 0 1 0 0 2 0 2 1 1 1 0 2 2 2 2 0 2 2 0 0 2 1 2 0 0 0 0 0 1 0 0 2 2
 2 2 0 2 1 0 2 0 0 2 0 0 0 1 1 1 0 1 2 0 1 2 1 1 1 0 2 0 1 0 0 0 1 0 0 0 1
 1 2 1 2 0 0 1 0 2 2 1 2 2 0 0 0 0 1 0 1 0 0 0 2 1 1 0 0 2 0 0 2 2 0 0 0 0
 1 0 0 0 0 0 0 0 1 0 2 1 1 0 1 2 2 1 1 2 0 0 0 2 0 0 2 2 0 0 1 0 1 2 0 1 0
 2 0 0 0 0 2 1 0 0 2 0 0 0 1 1 1 0 1 0 1 0 0 0 0 1 2 0 0 1 1 1 0 2 2 0 1 0
 2]"
misspec_tuned__rho0.6_block10_noise3__correlated_noise__seed2017__kmeans_oracle,run_divi_misspec_robustness_tuned.py,2026-04-02T15:22:52Z,unknown,local,cpu,x86_64,synthetic_correlated_noise,rho0.6_block10_noise3,correlated_noise,1000,100,3,0.1,0.9,3.0,101017,2017,kmeans_oracle,nan,KMeans,nan,nan,120,manual_mult_auto,141.89385332046726,1.0,0.01,1.0,0.1,300,nan,3,0,nan,nan,[],0.4009294564351725,0.42701641014801317,nan,0.651,nan,nan,nan,nan,nan,nan,nan,nan,nan,nan,nan,nan,nan,nan,nan,461.94140625,ok,0,,outputs/misspec_robustness_tuned
misspec_tuned__rho0.6_block10_noise3__correlated_noise__seed2017__gmm_oracle,run_divi_misspec_robustness_tuned.py,2026-04-02T15:22:52Z,unknown,local,cpu,x86_64,synthetic_correlated_noise,rho0.6_block10_noise3,correlated_noise,1000,100,3,0.1,0.9,3.0,101017,2017,gmm_oracle,nan,GaussianMixtureDiag,nan,nan,120,manual_mult_auto,141.89385332046726,1.0,0.01,1.0,0.1,300,nan,3,0,nan,nan,[],0.48546774521194996,0.5466319228391124,nan,0.663,nan,nan,nan,nan,nan,nan,nan,nan,nan,nan,nan,nan,nan,nan,nan,461.94140625,ok,0,,outputs/misspec_robustness_tuned
misspec_tuned__rho0.6_block10_noise3__correlated_noise__seed2018__DIVI_p1,run_divi_misspec_robustness_tuned.py,2026-04-02T15:22:54Z,unknown,local,cpu,x86_64,synthetic_correlated_noise,rho0.6_block10_noise3,correlated_noise,1000,100,3,0.1,0.9,3.0,101018,2018,DIVI,1,DIVI,1000.0,1.0,120,manual_mult_auto,141.89385332046726,1.0,0.01,1.0,0.1,300,300,3,2,120,240,"[120, 240]",0.10212548251882199,0.1073984216125794,0.22727272727272727,0.498,78,0.78,0.6312841176986694,0.6659232378005981,168117.65625,154531.046875,13586.609375,163345.03125,4.772619247436523,1.3903995299997405,0.17975065100017673,1.2071477189997495,0.001538030000119761,0.0030079200000727724,0.004023825729999165,458.76171875,ok,0,,outputs/misspec_robustness_tuned,"[120, 240]",informative_kw_llr,"[0 2 1 0 2 2 1 2 1 0 1 2 0 2 1 0 0 0 1 2 0 2 2 2 2 2 2 0 2 1 1 0 0 0 0 2 0
 1 0 1 2 2 2 0 1 0 1 1 1 0 2 2 0 0 2 1 1 2 1 2 0 0 0 2 1 0 2 0 2 0 2 0 0 0
 2 0 1 1 2 0 1 0 0 1 0 0 1 2 0 2 1 2 0 0 2 2 2 0 2 1 0 1 2 0 1 0 0 1 2 2 2
 0 0 0 0 1 0 2 0 2 2 1 1 0 2 1 2 2 2 2 1 1 0 2 2 1 0 0 2 0 2 0 1 1 1 0 2 0
 1 0 0 1 0 1 1 1 0 1 0 0 2 2 0 2 2 1 0 0 1 2 1 2 2 1 1 2 2 1 2 0 2 1 2 0 2
 0 2 2 1 1 2 2 0 2 1 1 0 2 1 2 1 1 2 2 2 0 2 1 1 0 2 2 1 2 2 0 0 1 1 1 1 2
 1 0 2 1 2 2 1 2 2 1 2 2 0 2 0 2 0 1 1 0 2 2 0 0 1 0 2 0 2 0 2 1 2 0 2 1 0
 0 1 0 0 0 2 1 2 1 0 0 2 0 0 2 2 0 1 2 1 1 0 0 0 1 1 0 0 2 1 1 2 2 0 2 2 1
 1 0 0 2 0 0 2 1 1 0 1 2 2 2 0 2 1 0 0 2 0 1 1 0 0 0 0 2 1 2 0 0 1 0 1 2 2
 1 2 0 1 1 2 1 2 0 2 0 0 1 1 2 0 2 0 1 2 1 1 1 1 2 1 0 0 0 0 2 2 0 2 2 0 1
 2 0 0 2 2 0 0 0 1 0 2 0 0 1 0 2 1 1 2 0 0 1 2 1 0 2 0 1 0 0 2 0 2 1 1 0 0
 2 2 1 1 2 2 0 2 2 1 0 0 0 2 2 0 1 2 1 2 1 1 2 2 1 2 2 2 1 1 0 0 2 1 0 1 1
 0 0 2 0 2 0 2 0 0 0 0 2 2 1 0 0 1 0 2 2 2 1 1 1 0 0 2 1 2 0 0 1 0 2 0 2 2
 1 1 0 2 1 2 2 0 1 0 0 1 1 1 0 0 0 2 1 0 2 1 2 2 2 0 1 1 0 2 0 0 0 0 2 0 0
 2 0 0 0 0 2 0 0 2 2 1 0 2 0 2 1 0 0 2 2 1 1 1 0 1 0 2 1 2 0 0 1 1 1 1 1 2
 2 2 2 0 1 2 1 1 2 0 0 0 2 2 0 0 2 1 1 1 1 0 1 2 0 2 0 1 2 0 2 1 2 2 2 2 1
 1 2 2 2 2 0 2 2 0 0 2 0 0 0 0 0 1 2 1 1 1 0 1 2 2 1 0 0 2 1 2 2 2 0 2 1 1
 1 0 2 1 1 1 2 0 2 0 2 1 2 0 2 1 1 2 2 1 2 2 0 0 0 1 1 0 1 0 0 0 2 0 2 1 1
 0 1 2 2 1 1 0 2 2 1 2 0 2 1 2 2 0 0 2 1 0 0 0 2 2 2 0 2 0 2 0 0 0 2 2 1 2
 0 0 1 0 2 1 1 2 2 0 0 1 0 1 1 2 0 0 2 2 1 1 2 1 0 0 1 1 0 0 1 1 0 0 2 0 0
 0 0 0 0 0 0 2 2 1 1 2 2 1 1 1 2 0 0 1 0 2 2 1 2 1 1 2 2 1 2 0 2 1 1 1 1 0
 2 1 1 1 2 2 2 1 2 2 0 2 0 1 1 0 1 2 1 0 1 0 1 1 0 0 0 1 1 2 0 1 2 0 1 0 0
 1 0 2 2 1 1 1 1 1 0 2 1 1 1 2 2 1 0 0 0 2 2 0 2 1 1 0 2 1 1 2 2 0 0 2 0 0
 2 1 1 2 2 2 1 0 0 1 0 0 1 2 0 1 2 2 0 1 1 1 0 0 0 0 1 2 2 0 2 1 0 0 2 2 0
 0 2 1 1 2 1 0 2 0 1 1 2 1 1 0 1 2 1 1 2 2 0 2 0 1 0 1 1 1 1 0 2 1 0 0 0 0
 1 0 0 1 0 0 0 0 0 1 1 2 2 2 0 0 2 0 0 2 1 2 0 2 0 2 2 1 2 2 0 1 0 2 1 0 0
 1 1 1 1 0 1 0 0 1 0 0 2 2 0 2 0 1 2 1 2 1 0 1 1 1 0 1 0 1 2 1 2 0 0 0 2 1
 2]"
misspec_tuned__rho0.6_block10_noise3__correlated_noise__seed2018__DIVI_p2,run_divi_misspec_robustness_tuned.py,2026-04-02T15:22:54Z,unknown,local,cpu,x86_64,synthetic_correlated_noise,rho0.6_block10_noise3,correlated_noise,1000,100,3,0.1,0.9,3.0,101018,2018,DIVI,2,DIVI,1000.0,1.0,120,manual_mult_auto,141.89385332046726,1.0,0.01,1.0,0.1,300,300,3,2,120,240,"[120, 240]",0.43235222782187843,0.4737077023344767,0.18181818181818182,0.687,100,1.0,0.6730814576148987,0.6753407716751099,166629.140625,149321.53125,17307.609375,160433.828125,6.195309638977051,0.8527411770000981,2.0450000192795414e-05,0.8494187769997552,0.0016285899996546505,0.0028954200001862773,0.0028313959233325172,451.640625,ok,0,,outputs/misspec_robustness_tuned,"[120, 240]",noninformative_uniform,"[0 2 0 2 2 2 1 0 1 1 0 2 0 2 0 0 0 2 1 0 2 2 1 2 2 2 1 0 0 2 0 1 0 2 2 1 1
 0 0 0 2 1 0 0 0 2 1 1 0 1 0 2 0 2 1 0 0 0 1 2 0 2 0 1 0 1 0 0 2 1 2 0 1 1
 1 2 0 0 1 0 0 0 2 1 1 1 0 0 1 0 0 2 0 0 0 2 2 0 1 0 2 1 2 2 0 2 0 1 1 2 1
 2 2 0 2 1 1 0 0 2 1 1 0 2 2 1 2 2 0 1 0 0 0 2 2 0 2 2 1 0 2 2 0 0 1 0 2 2
 1 0 1 0 0 0 1 0 0 1 1 2 1 2 0 2 2 0 0 0 0 1 0 1 1 0 0 1 2 1 2 1 0 0 0 1 1
 2 1 2 0 0 1 0 0 2 1 1 2 2 0 2 0 0 1 2 2 1 1 1 1 0 2 1 0 0 0 0 0 0 0 1 0 1
 0 0 2 1 0 2 1 1 2 1 2 1 0 1 1 2 2 0 0 2 2 2 1 2 0 1 2 1 2 1 1 0 0 1 2 2 2
 0 0 0 1 2 2 1 1 1 2 2 1 0 0 2 1 1 0 2 1 1 0 0 2 1 0 2 0 2 0 1 1 1 2 1 2 2
 1 2 0 2 0 2 1 0 0 2 0 0 0 0 2 2 0 2 1 1 2 1 1 2 1 1 2 1 1 2 1 0 1 2 0 0 1
 0 0 0 0 1 1 0 1 1 2 0 2 0 1 1 0 0 1 1 2 0 0 0 1 2 0 2 2 2 2 1 2 2 1 1 2 0
 2 2 2 2 2 0 0 0 0 1 1 1 0 0 2 1 0 0 2 1 0 0 0 0 2 1 0 0 2 2 1 1 2 0 0 1 2
 2 2 0 1 2 2 0 1 2 0 2 2 2 0 2 2 0 2 1 1 0 1 2 0 1 2 1 2 0 0 0 1 1 0 0 0 0
 2 0 0 0 1 2 1 2 2 0 0 2 2 0 0 2 0 2 2 1 2 0 0 0 0 1 1 0 1 1 2 2 0 1 0 2 1
 0 1 1 2 0 2 0 0 0 1 2 1 0 0 1 0 1 1 0 0 2 0 2 0 2 2 0 1 0 2 1 1 1 0 0 2 2
 0 1 1 1 1 1 2 2 1 2 0 0 2 1 0 0 0 2 2 0 1 0 0 0 0 0 2 1 1 0 2 0 1 0 1 0 0
 2 2 0 0 0 0 1 1 1 2 2 0 2 0 2 1 2 0 1 0 0 1 2 2 0 0 2 1 2 0 2 0 1 2 0 2 1
 1 0 0 2 2 0 2 0 2 1 1 2 1 0 0 2 1 1 0 2 0 2 0 2 1 1 1 0 2 0 1 1 1 2 2 0 0
 1 0 1 2 0 0 1 2 2 2 2 1 2 1 1 1 0 0 2 0 2 1 2 2 2 0 1 0 1 2 0 1 0 1 2 0 0
 2 0 0 0 0 1 0 2 2 0 0 2 1 0 0 2 0 0 0 0 2 0 2 2 2 2 1 2 2 2 0 1 0 0 2 0 2
 0 0 1 2 1 1 0 2 1 2 1 0 0 1 0 0 1 1 2 2 0 1 2 1 0 0 1 0 2 0 0 0 2 1 2 2 0
 0 0 2 0 0 0 2 2 1 1 0 0 0 0 1 1 0 1 0 1 2 2 1 2 1 0 2 2 0 1 1 2 0 0 0 0 2
 1 1 0 0 1 2 2 0 2 1 0 1 1 0 1 0 1 0 0 1 0 2 1 1 0 1 0 1 0 2 1 0 0 0 0 0 2
 1 2 1 0 0 0 0 0 0 1 1 0 1 0 1 1 0 0 0 1 1 2 0 2 0 1 2 1 0 0 2 2 2 2 2 1 2
 1 0 1 2 0 2 0 0 2 1 0 0 0 0 1 0 2 1 1 0 0 0 0 0 2 2 1 1 1 1 2 0 1 2 0 2 2
 2 0 1 0 1 1 1 2 0 0 0 1 0 0 2 0 2 2 0 0 1 1 1 1 1 1 0 0 1 0 1 0 0 0 0 0 0
 0 0 0 1 2 0 1 0 2 1 2 0 2 0 0 2 2 1 2 2 1 2 0 2 2 1 2 0 0 2 0 0 1 2 0 2 1
 0 0 0 1 0 1 1 2 0 2 2 1 2 2 2 2 1 2 0 2 1 2 0 1 1 0 0 2 1 1 0 1 2 1 0 2 1
 1]"
misspec_tuned__rho0.6_block10_noise3__correlated_noise__seed2018__DIVI_p3,run_divi_misspec_robustness_tuned.py,2026-04-02T15:22:54Z,unknown,local,cpu,x86_64,synthetic_correlated_noise,rho0.6_block10_noise3,correlated_noise,1000,100,3,0.1,0.9,3.0,101018,2018,DIVI,3,DIVI,1000.0,1.0,120,manual_mult_auto,141.89385332046726,1.0,0.01,1.0,0.1,300,300,3,2,120,240,"[120, 240]",0.11009099795325074,0.11430450777586884,0.1728395061728395,0.494,71,0.71,0.6075953841209412,0.6790357828140259,169875.609375,156288.890625,13586.71875,165825.15625,4.050454616546631,0.9155952139999499,2.286000017193146e-05,0.9110499739999796,0.0016944099997999729,0.004131959999995161,0.0030368332466665987,452.78515625,ok,0,,outputs/misspec_robustness_tuned,"[120, 240]",random_prior,"[0 2 1 2 2 1 0 1 0 2 0 1 0 2 0 0 0 2 1 1 1 1 1 2 1 1 2 2 1 2 0 0 0 2 0 0 0
 0 0 0 2 0 1 0 0 2 2 0 0 0 0 1 0 2 1 1 1 1 2 2 0 0 0 0 1 2 1 0 1 2 2 2 0 2
 1 2 2 0 0 0 0 0 2 2 0 0 2 1 0 1 0 1 0 0 1 2 2 0 2 0 0 2 1 2 0 1 0 1 2 1 2
 2 2 0 2 0 0 1 1 2 1 0 0 0 0 2 1 2 1 1 0 1 0 2 0 0 2 2 2 2 1 2 0 0 0 0 2 2
 2 0 0 0 0 0 0 0 0 0 2 2 0 1 0 2 2 1 1 0 0 2 1 0 0 0 0 1 1 1 1 2 1 0 0 0 1
 1 2 2 1 1 2 1 0 1 0 0 0 2 0 1 0 1 2 1 1 2 0 0 0 2 2 2 0 0 1 0 0 2 0 1 2 2
 0 0 2 0 1 2 2 0 1 0 1 0 2 1 0 1 2 0 0 2 1 1 0 2 0 2 1 0 1 0 2 0 1 0 2 2 2
 0 1 2 2 0 1 2 0 2 0 0 0 0 0 1 2 0 1 1 0 0 0 0 1 0 0 2 0 2 0 0 2 1 0 0 1 2
 0 2 0 1 0 0 1 1 1 2 0 1 0 1 2 1 1 2 0 2 2 2 0 2 2 0 2 2 0 1 2 0 0 2 1 1 2
 1 1 0 0 2 2 1 2 2 1 0 0 1 2 2 1 0 0 0 1 1 1 0 0 1 0 0 2 2 2 0 2 2 1 1 0 0
 1 2 2 2 1 0 0 0 0 0 0 2 0 0 1 1 0 0 1 0 0 1 1 1 2 0 0 0 1 2 2 0 2 0 0 2 2
 2 1 1 0 1 2 0 1 2 0 2 2 2 1 1 1 0 1 1 1 1 0 1 1 0 2 2 2 2 0 0 0 1 1 1 1 1
 2 0 1 0 1 2 1 2 2 0 0 2 2 1 0 0 1 2 1 2 1 0 0 0 0 2 0 0 1 0 2 1 0 0 0 2 0
 1 0 2 2 1 2 1 2 0 0 2 0 1 0 0 1 2 1 1 0 1 0 2 1 2 0 0 2 0 2 0 2 0 0 1 2 2
 1 0 2 0 0 0 2 1 1 2 0 0 1 2 1 0 0 2 1 1 0 1 0 2 0 1 1 2 2 0 1 0 2 0 2 0 0
 1 1 1 0 1 1 0 0 1 2 2 0 2 1 2 0 1 0 0 1 1 0 0 1 1 1 2 0 2 0 1 1 1 2 0 1 0
 0 1 2 2 2 0 2 1 2 0 1 2 0 0 1 0 1 1 0 2 1 1 0 1 2 0 1 2 2 0 2 1 1 2 1 0 1
 1 0 2 0 0 1 2 2 2 2 2 0 1 0 0 2 1 1 1 1 0 0 2 2 2 0 2 0 0 2 0 2 1 0 2 0 0
 0 0 1 1 0 0 0 2 2 1 0 2 0 1 1 1 0 0 1 1 1 2 0 2 1 2 2 1 2 1 2 2 0 1 2 0 1
 0 0 0 0 1 0 0 1 2 2 0 1 0 0 0 1 2 1 1 1 0 1 2 0 0 2 1 0 2 0 0 0 2 0 2 2 0
 0 1 2 0 2 1 1 1 0 1 1 1 1 0 0 2 0 0 1 0 2 1 2 2 0 1 1 2 1 1 2 2 0 0 1 2 2
 0 0 0 0 0 1 2 0 1 1 1 1 0 0 2 0 1 1 0 2 0 2 0 0 1 2 0 0 0 2 2 1 1 2 0 2 2
 0 2 1 1 0 1 1 0 0 0 0 0 1 0 1 1 2 0 0 2 2 0 1 1 0 2 0 0 0 0 1 1 2 2 1 0 1
 0 0 2 1 1 1 1 2 2 0 2 0 0 1 0 1 1 2 0 1 0 1 2 0 2 1 0 1 0 0 1 1 0 2 1 1 2
 2 0 2 0 1 0 0 1 0 0 0 2 0 0 2 0 1 0 0 1 1 0 0 0 0 2 0 0 0 0 0 1 1 0 0 2 0
 0 0 0 1 2 0 0 2 0 2 1 1 1 0 0 0 2 0 2 1 0 1 0 1 2 1 1 1 1 2 0 0 0 1 0 0 0
 0 0 0 0 0 0 0 2 0 2 2 2 2 0 1 2 2 1 0 1 0 2 1 0 1 0 0 2 0 2 2 1 2 2 0 1 0
 1]"
misspec_tuned__rho0.6_block10_noise3__correlated_noise__seed2018__kmeans_oracle,run_divi_misspec_robustness_tuned.py,2026-04-02T15:22:54Z,unknown,local,cpu,x86_64,synthetic_correlated_noise,rho0.6_block10_noise3,correlated_noise,1000,100,3,0.1,0.9,3.0,101018,2018,kmeans_oracle,nan,KMeans,nan,nan,120,manual_mult_auto,141.89385332046726,1.0,0.01,1.0,0.1,300,nan,3,0,nan,nan,[],0.37332962834545913,0.39762074629569627,nan,0.647,nan,nan,nan,nan,nan,nan,nan,nan,nan,nan,nan,nan,nan,nan,nan,449.60546875,ok,0,,outputs/misspec_robustness_tuned
misspec_tuned__rho0.6_block10_noise3__correlated_noise__seed2018__gmm_oracle,run_divi_misspec_robustness_tuned.py,2026-04-02T15:22:54Z,unknown,local,cpu,x86_64,synthetic_correlated_noise,rho0.6_block10_noise3,correlated_noise,1000,100,3,0.1,0.9,3.0,101018,2018,gmm_oracle,nan,GaussianMixtureDiag,nan,nan,120,manual_mult_auto,141.89385332046726,1.0,0.01,1.0,0.1,300,nan,3,0,nan,nan,[],0.49451632953159613,0.5629121924457136,nan,0.674,nan,nan,nan,nan,nan,nan,nan,nan,nan,nan,nan,nan,nan,nan,nan,449.60546875,ok,0,,outputs/misspec_robustness_tuned
misspec_tuned__rho0.6_block10_noise3__correlated_noise__seed2019__DIVI_p1,run_divi_misspec_robustness_tuned.py,2026-04-02T15:22:58Z,unknown,local,cpu,x86_64,synthetic_correlated_noise,rho0.6_block10_noise3,correlated_noise,1000,100,3,0.1,0.9,3.0,101019,2019,DIVI,1,DIVI,1000.0,1.0,120,manual_mult_auto,141.89385332046726,1.0,0.01,1.0,0.1,300,300,3,2,120,240,"[120, 240]",0.5038160935536924,0.5354927266270515,0.2469135802469136,0.75,71,0.71,0.5966318845748901,0.68492192029953,168482.3125,156917.265625,11565.046875,164277.6875,4.2046284675598145,1.252251996999803,0.1844370210001216,1.0637469360003706,0.0020212000003994035,0.0033494900003461225,0.0035458231200012355,462.96875,ok,0,,outputs/misspec_robustness_tuned,"[120, 240]",informative_kw_llr,"[0 2 2 0 0 1 2 2 0 2 0 2 1 0 2 0 2 2 1 2 0 0 0 1 2 0 0 0 1 2 1 1 0 1 0 1 0
 2 1 2 1 2 2 1 0 2 1 2 2 2 0 0 0 1 1 1 2 1 2 1 2 1 0 1 1 1 2 0 0 1 0 0 2 0
 0 0 0 0 1 0 0 0 2 1 0 0 0 1 0 0 2 0 1 1 2 2 0 1 0 0 1 0 1 1 0 0 1 0 0 1 0
 1 1 2 1 0 0 2 1 0 2 2 1 1 0 2 0 2 0 0 0 1 1 0 0 1 1 0 0 0 2 1 2 1 2 2 1 1
 1 0 1 0 1 2 1 1 1 1 2 1 0 0 0 2 0 0 1 0 0 2 2 2 1 0 1 1 0 0 0 0 1 0 0 1 2
 1 0 0 2 0 0 2 2 0 2 0 0 1 0 0 0 1 1 2 0 1 1 0 2 0 0 0 1 1 0 1 1 0 1 2 0 0
 1 2 1 2 2 0 0 0 0 0 2 2 0 2 2 2 0 0 0 2 2 1 1 2 2 1 2 2 0 0 2 0 1 1 2 0 0
 2 1 2 0 0 1 0 1 0 1 1 1 1 0 1 0 0 2 0 2 0 0 2 2 0 1 1 1 2 2 0 0 2 2 1 1 0
 1 1 0 2 0 1 0 1 0 1 2 1 2 0 1 2 0 2 2 2 2 2 0 0 1 1 0 1 1 0 0 0 2 2 2 2 0
 2 1 1 2 1 0 1 1 1 0 2 2 2 1 1 0 0 1 0 1 0 1 1 1 1 0 2 0 1 0 2 2 2 0 0 1 0
 0 2 1 1 1 2 2 1 1 0 0 0 2 1 1 0 0 0 0 1 0 0 2 0 2 1 0 1 0 2 0 1 2 1 2 1 1
 2 1 1 0 2 2 2 0 0 1 2 1 0 2 2 1 0 2 1 1 2 1 1 2 0 1 2 2 0 2 1 1 0 0 2 0 1
 0 1 1 0 1 1 2 1 1 1 0 2 2 2 1 0 1 2 0 1 1 0 0 2 0 0 2 2 1 2 0 1 1 2 1 0 0
 1 1 1 2 0 0 0 2 0 1 0 0 1 1 0 0 0 1 0 2 0 2 0 0 1 0 1 1 2 1 2 1 1 1 0 1 2
 2 2 1 2 1 0 1 1 2 2 2 0 0 0 0 1 0 2 1 1 0 0 2 2 0 0 1 1 2 2 2 0 0 0 0 2 1
 2 2 1 1 0 2 1 1 2 0 0 0 0 1 0 1 1 1 1 1 1 0 1 2 1 2 2 1 1 0 0 2 1 1 0 2 0
 0 0 0 0 1 0 2 2 2 1 0 1 1 1 0 2 2 1 1 2 1 0 1 2 1 1 0 0 2 0 1 1 2 0 2 2 1
 2 0 1 0 2 1 2 0 0 0 2 1 2 1 0 1 1 1 2 1 0 0 0 1 2 2 0 1 1 2 2 0 1 1 0 1 1
 2 0 2 0 1 1 0 0 0 0 1 1 0 2 0 1 2 1 1 1 1 0 1 2 0 2 1 1 1 1 1 2 1 0 1 0 0
 0 0 1 1 0 2 0 2 0 1 0 0 1 1 2 2 1 0 2 2 0 1 2 0 1 1 0 1 0 0 0 0 0 0 0 1 1
 0 2 1 1 0 0 0 1 0 1 2 1 0 1 2 0 1 1 2 0 2 0 0 2 2 2 0 1 2 2 0 0 0 1 1 0 1
 2 0 1 0 0 2 1 2 1 2 2 0 0 2 2 1 1 1 1 1 0 1 2 1 1 1 1 0 0 1 1 0 1 1 1 2 0
 0 0 0 2 0 2 0 1 1 2 1 1 0 0 2 2 1 2 0 0 0 2 1 0 1 2 1 2 1 2 1 2 0 1 1 2 1
 0 1 2 0 1 1 2 2 2 0 2 1 1 2 1 1 2 2 2 1 2 0 1 1 2 0 0 1 1 2 0 2 2 2 0 1 1
 1 2 2 0 0 2 1 0 2 1 0 1 2 0 0 0 2 2 1 1 2 0 0 1 0 0 1 0 1 0 0 0 1 0 1 2 0
 0 0 1 1 2 2 2 0 1 2 1 0 2 2 2 0 1 1 1 2 2 0 1 0 2 2 2 2 1 1 0 1 2 2 1 2 1
 0 1 1 0 1 0 1 0 2 0 0 1 1 1 2 0 0 2 1 1 0 2 2 1 2 1 0 0 0 1 1 2 2 1 1 0 1
 1]"
misspec_tuned__rho0.6_block10_noise3__correlated_noise__seed2019__DIVI_p2,run_divi_misspec_robustness_tuned.py,2026-04-02T15:22:58Z,unknown,local,cpu,x86_64,synthetic_correlated_noise,rho0.6_block10_noise3,correlated_noise,1000,100,3,0.1,0.9,3.0,101019,2019,DIVI,2,DIVI,1000.0,1.0,120,manual_mult_auto,141.89385332046726,1.0,0.01,1.0,0.1,300,300,3,2,120,240,"[120, 240]",0.1546158517994932,0.16803452820402,0.18181818181818182,0.512,100,1.0,0.6706934571266174,0.6712337732315063,167441.375,149405.046875,18036.328125,161436.125,6.005245208740234,1.106246184000156,3.4589999813761096e-05,1.1029367840001214,0.0023837689996071276,0.002686320000066189,0.0036764559466670715,466.40234375,ok,0,,outputs/misspec_robustness_tuned,"[120, 240]",noninformative_uniform,"[0 2 2 2 2 2 0 2 2 0 2 1 1 0 0 1 0 2 2 0 0 0 0 1 2 2 0 0 1 1 1 1 0 0 2 2 0
 2 1 1 1 2 1 1 0 2 0 0 2 2 0 0 2 1 1 0 2 1 2 1 0 1 0 1 1 1 1 2 0 1 0 2 0 2
 0 0 0 0 0 2 2 0 1 1 0 0 2 2 0 0 1 0 0 0 2 0 2 1 0 0 2 0 2 1 0 0 0 0 0 1 0
 1 0 1 2 2 0 2 1 0 2 2 2 1 2 2 0 0 0 2 0 0 1 0 2 0 1 2 2 0 2 0 2 0 0 1 0 1
 0 2 0 0 1 0 1 1 2 1 1 0 1 0 0 0 0 0 2 0 0 1 0 0 1 0 0 1 0 2 0 0 0 0 0 0 2
 1 2 0 1 0 0 0 1 2 0 0 0 1 0 2 2 0 1 0 0 1 0 2 2 0 0 0 1 1 2 2 2 2 2 1 0 2
 1 2 2 0 1 0 0 2 2 0 2 0 0 0 2 1 0 0 1 2 0 0 0 1 2 1 2 1 2 1 2 2 1 2 2 0 2
 2 0 2 2 2 1 0 2 0 1 1 1 0 2 1 0 2 2 0 2 0 0 1 1 1 1 0 0 0 2 2 0 0 1 1 1 2
 1 0 0 2 2 0 1 2 2 1 1 1 2 2 0 2 2 2 2 0 2 1 0 0 1 1 1 1 1 1 0 0 2 0 1 2 0
 0 2 2 1 1 0 1 1 1 1 1 2 2 2 1 0 2 0 0 0 2 2 1 1 0 0 1 0 1 0 1 2 1 0 2 0 0
 0 1 1 1 2 2 2 2 1 0 0 0 0 0 0 0 0 0 2 1 1 0 0 0 2 1 2 2 2 2 0 2 1 1 2 0 0
 1 1 0 0 2 2 2 0 0 1 1 2 0 2 0 2 2 2 1 1 2 2 0 0 0 1 1 1 2 1 1 1 1 0 1 0 2
 0 2 1 0 0 1 0 1 1 1 0 2 1 1 0 2 0 2 2 1 1 0 2 0 2 2 1 2 0 2 2 0 0 2 1 2 0
 1 1 0 2 0 0 0 0 0 1 2 0 1 2 2 0 0 1 0 1 0 0 0 0 0 2 0 0 2 1 0 1 1 1 1 1 1
 1 0 1 1 0 0 1 1 0 0 1 0 1 2 0 1 0 2 1 2 0 0 1 2 2 2 2 1 2 0 1 2 0 0 2 1 1
 0 0 0 1 0 1 1 1 2 2 2 0 2 1 0 0 1 2 1 2 1 2 0 2 1 1 1 1 2 0 0 2 1 1 2 2 2
 0 0 0 2 1 0 2 0 0 1 0 2 1 0 0 1 2 1 1 2 1 2 1 2 1 2 0 0 1 2 1 0 2 0 1 0 1
 2 2 1 2 1 1 0 0 2 0 2 1 2 1 0 1 0 1 2 1 0 2 0 1 2 2 2 1 1 2 0 2 2 1 0 1 1
 0 0 2 2 0 1 0 2 2 0 0 2 0 2 0 1 0 1 1 2 0 0 1 0 0 0 1 1 1 1 1 2 1 2 1 0 2
 2 0 0 2 2 1 0 2 0 1 0 2 1 1 1 1 1 0 2 0 0 1 1 0 2 2 2 2 2 0 2 2 0 0 0 1 1
 0 0 1 2 0 0 2 0 0 1 0 1 0 1 0 2 1 0 2 0 2 2 2 0 0 1 2 1 2 1 0 0 0 1 0 0 2
 1 2 1 2 0 0 0 1 0 2 0 2 2 0 1 1 1 1 2 2 0 1 1 0 1 1 1 2 0 0 0 0 1 1 1 2 0
 2 0 0 2 2 1 0 1 1 1 1 1 0 0 2 0 0 0 2 0 2 0 0 2 1 0 1 2 1 0 1 2 2 2 1 1 1
 0 1 2 0 0 0 0 1 1 2 2 1 0 2 1 2 2 1 2 1 2 0 1 1 2 0 2 0 1 0 0 2 1 0 2 1 0
 2 2 1 0 0 1 1 2 2 1 0 1 2 2 0 0 2 0 1 2 2 0 0 0 2 2 1 0 1 0 0 0 1 2 0 1 0
 0 2 0 1 0 1 1 0 0 2 1 1 0 0 1 0 1 1 0 2 1 2 1 0 1 0 2 2 1 0 2 1 0 1 1 1 1
 0 1 0 0 1 0 1 0 1 0 0 1 0 2 1 0 0 2 0 1 2 1 2 1 1 1 0 0 2 2 2 1 2 1 0 2 0
 0]"
misspec_tuned__rho0.6_block10_noise3__correlated_noise__seed2019__DIVI_p3,run_divi_misspec_robustness_tuned.py,2026-04-02T15:22:58Z,unknown,local,cpu,x86_64,synthetic_correlated_noise,rho0.6_block10_noise3,correlated_noise,1000,100,3,0.1,0.9,3.0,101019,2019,DIVI,3,DIVI,1000.0,1.0,120,manual_mult_auto,141.89385332046726,1.0,0.01,1.0,0.1,300,300,3,2,120,240,"[120, 240]",0.1885956778118348,0.2564554845902359,0.19047619047619047,0.558,74,0.74,0.6117011904716492,0.6820429563522339,168565.484375,156374.4375,12191.046875,164821.40625,3.7440743446350098,1.0837044539998715,3.0188999971869634e-05,1.0798469050000676,0.002290590000029624,0.003309950000129902,0.003599489683333559,459.66015625,ok,0,,outputs/misspec_robustness_tuned,"[120, 240]",random_prior,"[2 1 1 2 2 0 0 1 0 1 2 1 0 2 0 2 0 1 0 2 2 0 2 1 0 0 2 2 0 1 1 1 2 0 0 0 2
 0 1 1 1 1 2 1 0 1 2 2 0 0 2 2 0 1 0 2 0 1 0 1 0 0 2 0 0 1 0 0 2 1 2 0 1 0
 0 2 0 2 2 0 0 0 0 1 2 0 0 2 2 2 0 2 0 2 0 1 0 1 2 2 1 2 0 2 2 2 0 0 2 0 2
 1 2 1 1 0 2 0 1 0 0 0 0 1 0 1 2 1 0 0 0 0 2 0 0 2 0 0 0 0 2 1 0 0 1 1 2 2
 1 2 1 2 0 0 1 1 0 1 0 2 0 2 2 2 0 2 1 2 0 1 0 2 1 0 0 1 2 0 0 2 2 2 2 1 0
 0 0 2 0 2 0 0 1 0 2 2 0 0 2 0 2 2 1 2 2 1 2 0 0 2 0 2 0 1 0 1 0 2 1 1 2 2
 1 0 1 0 1 0 0 0 0 2 1 2 0 2 0 1 2 2 0 0 1 0 1 1 0 1 0 2 0 0 0 0 1 1 1 0 0
 1 2 1 2 2 1 2 1 0 1 1 1 2 0 1 0 0 0 2 0 0 0 1 1 2 0 0 2 2 0 2 2 0 0 1 1 0
 1 1 2 0 2 0 2 1 0 0 0 1 0 2 1 0 0 0 0 0 0 1 2 0 1 0 2 1 1 2 0 2 0 0 1 1 2
 2 1 0 0 1 0 1 1 1 2 1 1 0 1 2 2 2 2 2 2 2 1 1 1 2 2 1 2 1 2 1 1 1 0 2 2 2
 2 1 1 0 1 0 0 0 1 2 2 2 0 1 2 2 0 0 0 1 0 2 2 0 0 0 0 1 0 0 2 0 1 1 0 1 2
 0 1 0 2 0 2 1 0 2 0 0 2 2 1 0 1 2 1 0 1 1 0 0 0 2 1 1 1 0 1 1 1 0 2 1 2 1
 0 1 1 2 1 0 2 1 1 0 2 0 1 1 0 2 0 1 2 0 1 2 2 1 0 0 1 1 2 0 0 0 2 0 0 2 0
 2 0 2 1 2 2 0 1 0 0 0 2 0 1 2 2 0 1 0 1 0 2 2 0 2 0 1 0 1 0 2 1 0 0 2 0 0
 1 1 1 1 2 2 0 1 0 1 0 0 1 0 0 2 2 0 0 1 2 2 0 0 0 0 1 0 0 0 1 0 0 2 0 1 0
 2 0 0 0 2 0 0 0 1 2 0 2 0 1 0 1 0 1 2 1 1 0 0 0 1 1 0 1 1 2 0 0 1 1 2 0 2
 2 2 0 2 1 0 0 1 0 1 2 1 1 2 2 1 0 2 2 0 0 2 1 0 0 0 0 2 2 0 0 2 0 0 0 2 1
 0 2 1 2 0 0 2 2 0 0 0 1 1 0 0 1 2 0 0 1 2 0 2 0 0 0 0 0 0 0 0 0 0 2 2 0 1
 2 0 1 2 1 1 2 2 2 2 0 2 0 0 2 0 2 1 2 0 2 2 1 1 0 0 1 0 0 1 0 0 0 2 1 2 0
 2 0 0 0 2 1 2 0 0 0 2 0 1 0 2 1 0 2 0 1 2 0 0 2 0 0 0 0 2 2 0 2 0 2 2 1 1
 2 2 1 0 2 2 2 0 0 1 0 0 0 0 0 0 1 0 2 0 1 0 0 2 0 0 2 0 0 1 2 0 0 1 1 2 1
 0 2 1 2 2 0 2 1 1 0 2 0 0 1 1 0 0 1 0 0 2 1 0 1 0 1 1 2 2 2 1 0 1 2 1 0 2
 0 2 2 0 2 1 2 1 1 1 1 1 0 0 0 0 2 2 0 2 0 0 0 0 0 1 1 2 2 1 1 0 0 0 1 2 0
 2 0 2 2 2 0 1 2 1 2 0 1 0 2 1 1 0 1 0 1 0 0 1 0 0 0 0 1 2 2 2 0 0 0 2 2 0
 0 0 1 2 2 1 1 0 2 0 2 1 1 2 2 0 0 2 1 0 0 2 2 2 0 2 0 2 1 2 2 2 1 2 2 1 2
 0 2 2 1 0 1 1 2 1 1 1 0 1 0 0 2 1 1 0 0 1 0 1 2 0 2 0 0 0 1 0 1 0 1 1 1 1
 0 1 2 2 1 2 1 0 1 2 2 0 2 1 0 2 0 1 1 0 2 1 1 1 0 1 2 0 0 1 1 1 2 0 1 0 2
 2]"
misspec_tuned__rho0.6_block10_noise3__correlated_noise__seed2019__kmeans_oracle,run_divi_misspec_robustness_tuned.py,2026-04-02T15:22:58Z,unknown,local,cpu,x86_64,synthetic_correlated_noise,rho0.6_block10_noise3,correlated_noise,1000,100,3,0.1,0.9,3.0,101019,2019,kmeans_oracle,nan,KMeans,nan,nan,120,manual_mult_auto,141.89385332046726,1.0,0.01,1.0,0.1,300,nan,3,0,nan,nan,[],0.41281546139703984,0.43532358711277774,nan,0.659,nan,nan,nan,nan,nan,nan,nan,nan,nan,nan,nan,nan,nan,nan,nan,459.66015625,ok,0,,outputs/misspec_robustness_tuned
misspec_tuned__rho0.6_block10_noise3__correlated_noise__seed2019__gmm_oracle,run_divi_misspec_robustness_tuned.py,2026-04-02T15:22:58Z,unknown,local,cpu,x86_64,synthetic_correlated_noise,rho0.6_block10_noise3,correlated_noise,1000,100,3,0.1,0.9,3.0,101019,2019,gmm_oracle,nan,GaussianMixtureDiag,nan,nan,120,manual_mult_auto,141.89385332046726,1.0,0.01,1.0,0.1,300,nan,3,0,nan,nan,[],0.49719100814622874,0.573771313371852,nan,0.668,nan,nan,nan,nan,nan,nan,nan,nan,nan,nan,nan,nan,nan,nan,nan,459.66015625,ok,0,,outputs/misspec_robustness_tuned
