scenario,n,d,d_info,k_true,delta,noise_sd,seed,split_interval,split_burn_in,split_persistence,split_warmup_epochs,split_accept_tol_per_sample,min_cluster_size_for_split,method,status,error,ARI,NMI,runtime_sec,final_K,over_split,under_split,correct_K,split_proposals,accepted_splits,rejected_splits,active_dims,feature_f1_thresh,feature_f1_topd,split_history_json
matched_sparse_gaussian,200,100,10,3,2.0,3.0,1,60,120,2,20,0.001,25,original,ok,,0.6819390393852095,0.7913985802259049,2.5066543289995025,6,1,0,0,4,4,0,20,0.6666666666666666,1.0,[]
matched_sparse_gaussian,200,100,10,3,2.0,3.0,1,60,120,2,20,0.001,25,burnin_only,ok,,0.821247531922528,0.8589149157157362,1.0048752869988675,5,1,0,0,4,4,0,19,0.6896551724137931,1.0,"[{""split_idx"": 0, ""old_K"": 1, ""proposed_K"": 2, ""null_loss"": NaN, ""split_loss"": NaN, ""improvement"": NaN, ""improvement_per_sample"": NaN, ""accept_tol_per_sample"": NaN, ""accepted"": true, ""acceptance_mode"": ""accept_all_eligible"", ""epoch"": 120, ""diagnostic_score"": 185.26512145996094, ""cluster_size"": 200, ""persistence_count"": 1}, {""split_idx"": 1, ""old_K"": 2, ""proposed_K"": 3, ""null_loss"": NaN, ""split_loss"": NaN, ""improvement"": NaN, ""improvement_per_sample"": NaN, ""accept_tol_per_sample"": NaN, ""accepted"": true, ""acceptance_mode"": ""accept_all_eligible"", ""epoch"": 180, ""diagnostic_score"": 180.9214324951172, ""cluster_size"": 98, ""persistence_count"": 1}, {""split_idx"": 1, ""old_K"": 3, ""proposed_K"": 4, ""null_loss"": NaN, ""split_loss"": NaN, ""improvement"": NaN, ""improvement_per_sample"": NaN, ""accept_tol_per_sample"": NaN, ""accepted"": true, ""acceptance_mode"": ""accept_all_eligible"", ""epoch"": 240, ""diagnostic_score"": 178.2869415283203, ""cluster_size"": 68, ""persistence_count"": 1}, {""split_idx"": 2, ""old_K"": 4, ""proposed_K"": 5, ""null_loss"": NaN, ""split_loss"": NaN, ""improvement"": NaN, ""improvement_per_sample"": NaN, ""accept_tol_per_sample"": NaN, ""accepted"": true, ""acceptance_mode"": ""accept_all_eligible"", ""epoch"": 300, ""diagnostic_score"": 178.16644287109375, ""cluster_size"": 36, ""persistence_count"": 1}]"
matched_sparse_gaussian,200,100,10,3,2.0,3.0,1,60,120,2,20,0.001,25,burnin_persistence,ok,,0.41126507311812266,0.4668157821898179,0.8084048430009716,3,0,0,1,2,2,0,23,0.6060606060606061,1.0,"[{""split_idx"": 0, ""old_K"": 1, ""proposed_K"": 2, ""null_loss"": NaN, ""split_loss"": NaN, ""improvement"": NaN, ""improvement_per_sample"": NaN, ""accept_tol_per_sample"": NaN, ""accepted"": true, ""acceptance_mode"": ""accept_all_eligible"", ""epoch"": 180, ""diagnostic_score"": 184.0500946044922, ""cluster_size"": 200, ""persistence_count"": 2}, {""split_idx"": 0, ""old_K"": 2, ""proposed_K"": 3, ""null_loss"": NaN, ""split_loss"": NaN, ""improvement"": NaN, ""improvement_per_sample"": NaN, ""accept_tol_per_sample"": NaN, ""accepted"": true, ""acceptance_mode"": ""accept_all_eligible"", ""epoch"": 300, ""diagnostic_score"": 179.67474365234375, ""cluster_size"": 107, ""persistence_count"": 2}]"
matched_sparse_gaussian,200,100,10,3,2.0,3.0,1,60,120,2,20,0.001,25,full_safeguard,ok,,0.9409304304319847,0.9181192087635595,1.044599034001294,3,0,0,1,2,2,0,22,0.625,1.0,"[{""split_idx"": 0, ""old_K"": 1, ""proposed_K"": 2, ""null_loss"": 37539.5, ""split_loss"": 37324.66796875, ""improvement"": 214.83203125, ""improvement_per_sample"": 1.07416015625, ""accept_tol_per_sample"": 0.001, ""accepted"": true, ""epoch"": 180, ""diagnostic_score"": 184.0500946044922, ""cluster_size"": 200, ""persistence_count"": 2}, {""split_idx"": 0, ""old_K"": 2, ""proposed_K"": 3, ""null_loss"": 36836.8515625, ""split_loss"": 36677.62109375, ""improvement"": 159.23046875, ""improvement_per_sample"": 0.79615234375, ""accept_tol_per_sample"": 0.001, ""accepted"": true, ""epoch"": 300, ""diagnostic_score"": 179.65744018554688, ""cluster_size"": 111, ""persistence_count"": 2}]"
matched_sparse_gaussian,200,100,10,3,2.0,3.0,2,60,120,2,20,0.001,25,original,ok,,0.6930631414911862,0.794058878473898,1.031252509999831,6,1,0,0,4,4,0,22,0.625,1.0,[]
matched_sparse_gaussian,200,100,10,3,2.0,3.0,2,60,120,2,20,0.001,25,burnin_only,ok,,0.7365408582156409,0.8300465553166161,0.9488334329998906,5,1,0,0,4,4,0,20,0.6666666666666666,1.0,"[{""split_idx"": 0, ""old_K"": 1, ""proposed_K"": 2, ""null_loss"": NaN, ""split_loss"": NaN, ""improvement"": NaN, ""improvement_per_sample"": NaN, ""accept_tol_per_sample"": NaN, ""accepted"": true, ""acceptance_mode"": ""accept_all_eligible"", ""epoch"": 120, ""diagnostic_score"": 185.96324157714844, ""cluster_size"": 200, ""persistence_count"": 1}, {""split_idx"": 1, ""old_K"": 2, ""proposed_K"": 3, ""null_loss"": NaN, ""split_loss"": NaN, ""improvement"": NaN, ""improvement_per_sample"": NaN, ""accept_tol_per_sample"": NaN, ""accepted"": true, ""acceptance_mode"": ""accept_all_eligible"", ""epoch"": 180, ""diagnostic_score"": 181.83885192871094, ""cluster_size"": 101, ""persistence_count"": 1}, {""split_idx"": 2, ""old_K"": 3, ""proposed_K"": 4, ""null_loss"": NaN, ""split_loss"": NaN, ""improvement"": NaN, ""improvement_per_sample"": NaN, ""accept_tol_per_sample"": NaN, ""accepted"": true, ""acceptance_mode"": ""accept_all_eligible"", ""epoch"": 240, ""diagnostic_score"": 179.4130859375, ""cluster_size"": 65, ""persistence_count"": 1}, {""split_idx"": 0, ""old_K"": 4, ""proposed_K"": 5, ""null_loss"": NaN, ""split_loss"": NaN, ""improvement"": NaN, ""improvement_per_sample"": NaN, ""accept_tol_per_sample"": NaN, ""accepted"": true, ""acceptance_mode"": ""accept_all_eligible"", ""epoch"": 300, ""diagnostic_score"": 178.7782745361328, ""cluster_size"": 66, ""persistence_count"": 1}]"
matched_sparse_gaussian,200,100,10,3,2.0,3.0,2,60,120,2,20,0.001,25,burnin_persistence,ok,,0.37928764856451386,0.44727760343702044,0.8880088109999633,3,0,0,1,2,2,0,23,0.6060606060606061,1.0,"[{""split_idx"": 0, ""old_K"": 1, ""proposed_K"": 2, ""null_loss"": NaN, ""split_loss"": NaN, ""improvement"": NaN, ""improvement_per_sample"": NaN, ""accept_tol_per_sample"": NaN, ""accepted"": true, ""acceptance_mode"": ""accept_all_eligible"", ""epoch"": 180, ""diagnostic_score"": 184.56956481933594, ""cluster_size"": 200, ""persistence_count"": 2}, {""split_idx"": 0, ""old_K"": 2, ""proposed_K"": 3, ""null_loss"": NaN, ""split_loss"": NaN, ""improvement"": NaN, ""improvement_per_sample"": NaN, ""accept_tol_per_sample"": NaN, ""accepted"": true, ""acceptance_mode"": ""accept_all_eligible"", ""epoch"": 300, ""diagnostic_score"": 180.13832092285156, ""cluster_size"": 102, ""persistence_count"": 2}]"
matched_sparse_gaussian,200,100,10,3,2.0,3.0,2,60,120,2,20,0.001,25,full_safeguard,ok,,0.8851452328494422,0.8726444798278077,1.4210895269989123,3,0,0,1,2,2,0,23,0.6060606060606061,1.0,"[{""split_idx"": 0, ""old_K"": 1, ""proposed_K"": 2, ""null_loss"": 37633.78125, ""split_loss"": 37363.734375, ""improvement"": 270.046875, ""improvement_per_sample"": 1.350234375, ""accept_tol_per_sample"": 0.001, ""accepted"": true, ""epoch"": 180, ""diagnostic_score"": 184.56956481933594, ""cluster_size"": 200, ""persistence_count"": 2}, {""split_idx"": 0, ""old_K"": 2, ""proposed_K"": 3, ""null_loss"": 36949.4765625, ""split_loss"": 36851.953125, ""improvement"": 97.5234375, ""improvement_per_sample"": 0.4876171875, ""accept_tol_per_sample"": 0.001, ""accepted"": true, ""epoch"": 300, ""diagnostic_score"": 180.2593231201172, ""cluster_size"": 106, ""persistence_count"": 2}]"
matched_sparse_gaussian,200,100,10,3,2.0,3.0,3,60,120,2,20,0.001,25,original,ok,,0.5800668034431852,0.7641677485071814,1.5146974309991492,6,1,0,0,4,4,0,29,0.5128205128205128,1.0,[]
matched_sparse_gaussian,200,100,10,3,2.0,3.0,3,60,120,2,20,0.001,25,burnin_only,ok,,0.8413191338546873,0.8675271995922041,1.3257688419998885,5,1,0,0,4,4,0,31,0.4878048780487805,1.0,"[{""split_idx"": 0, ""old_K"": 1, ""proposed_K"": 2, ""null_loss"": NaN, ""split_loss"": NaN, ""improvement"": NaN, ""improvement_per_sample"": NaN, ""accept_tol_per_sample"": NaN, ""accepted"": true, ""acceptance_mode"": ""accept_all_eligible"", ""epoch"": 120, ""diagnostic_score"": 182.3910675048828, ""cluster_size"": 200, ""persistence_count"": 1}, {""split_idx"": 1, ""old_K"": 2, ""proposed_K"": 3, ""null_loss"": NaN, ""split_loss"": NaN, ""improvement"": NaN, ""improvement_per_sample"": NaN, ""accept_tol_per_sample"": NaN, ""accepted"": true, ""acceptance_mode"": ""accept_all_eligible"", ""epoch"": 180, ""diagnostic_score"": 178.38526916503906, ""cluster_size"": 104, ""persistence_count"": 1}, {""split_idx"": 1, ""old_K"": 3, ""proposed_K"": 4, ""null_loss"": NaN, ""split_loss"": NaN, ""improvement"": NaN, ""improvement_per_sample"": NaN, ""accept_tol_per_sample"": NaN, ""accepted"": true, ""acceptance_mode"": ""accept_all_eligible"", ""epoch"": 240, ""diagnostic_score"": 175.41867065429688, ""cluster_size"": 66, ""persistence_count"": 1}, {""split_idx"": 3, ""old_K"": 4, ""proposed_K"": 5, ""null_loss"": NaN, ""split_loss"": NaN, ""improvement"": NaN, ""improvement_per_sample"": NaN, ""accept_tol_per_sample"": NaN, ""accepted"": true, ""acceptance_mode"": ""accept_all_eligible"", ""epoch"": 300, ""diagnostic_score"": 174.36798095703125, ""cluster_size"": 30, ""persistence_count"": 1}]"
matched_sparse_gaussian,200,100,10,3,2.0,3.0,3,60,120,2,20,0.001,25,burnin_persistence,ok,,0.4082223256136103,0.4567841577184514,0.9683347169993795,3,0,0,1,2,2,0,35,0.4444444444444444,1.0,"[{""split_idx"": 0, ""old_K"": 1, ""proposed_K"": 2, ""null_loss"": NaN, ""split_loss"": NaN, ""improvement"": NaN, ""improvement_per_sample"": NaN, ""accept_tol_per_sample"": NaN, ""accepted"": true, ""acceptance_mode"": ""accept_all_eligible"", ""epoch"": 180, ""diagnostic_score"": 181.0865020751953, ""cluster_size"": 200, ""persistence_count"": 2}, {""split_idx"": 0, ""old_K"": 2, ""proposed_K"": 3, ""null_loss"": NaN, ""split_loss"": NaN, ""improvement"": NaN, ""improvement_per_sample"": NaN, ""accept_tol_per_sample"": NaN, ""accepted"": true, ""acceptance_mode"": ""accept_all_eligible"", ""epoch"": 300, ""diagnostic_score"": 176.95669555664062, ""cluster_size"": 110, ""persistence_count"": 2}]"
matched_sparse_gaussian,200,100,10,3,2.0,3.0,3,60,120,2,20,0.001,25,full_safeguard,ok,,0.8983831889867403,0.8664203643534023,0.9904074810001475,3,0,0,1,2,2,0,33,0.46511627906976744,1.0,"[{""split_idx"": 0, ""old_K"": 1, ""proposed_K"": 2, ""null_loss"": 37039.90234375, ""split_loss"": 36834.09765625, ""improvement"": 205.8046875, ""improvement_per_sample"": 1.0290234375, ""accept_tol_per_sample"": 0.001, ""accepted"": true, ""epoch"": 180, ""diagnostic_score"": 181.0865020751953, ""cluster_size"": 200, ""persistence_count"": 2}, {""split_idx"": 0, ""old_K"": 2, ""proposed_K"": 3, ""null_loss"": 36293.40625, ""split_loss"": 36216.16796875, ""improvement"": 77.23828125, ""improvement_per_sample"": 0.38619140625, ""accept_tol_per_sample"": 0.001, ""accepted"": true, ""epoch"": 300, ""diagnostic_score"": 176.84678649902344, ""cluster_size"": 113, ""persistence_count"": 2}]"
matched_sparse_gaussian,200,100,10,3,2.0,3.0,4,60,120,2,20,0.001,25,original,ok,,0.5456009485588055,0.719957183049557,1.0741637400005857,6,1,0,0,4,4,0,27,0.5405405405405406,1.0,[]
matched_sparse_gaussian,200,100,10,3,2.0,3.0,4,60,120,2,20,0.001,25,burnin_only,ok,,0.7122293004648416,0.808726633368948,0.9322723699988273,5,1,0,0,4,4,0,26,0.5555555555555556,1.0,"[{""split_idx"": 0, ""old_K"": 1, ""proposed_K"": 2, ""null_loss"": NaN, ""split_loss"": NaN, ""improvement"": NaN, ""improvement_per_sample"": NaN, ""accept_tol_per_sample"": NaN, ""accepted"": true, ""acceptance_mode"": ""accept_all_eligible"", ""epoch"": 120, ""diagnostic_score"": 182.93617248535156, ""cluster_size"": 200, ""persistence_count"": 1}, {""split_idx"": 0, ""old_K"": 2, ""proposed_K"": 3, ""null_loss"": NaN, ""split_loss"": NaN, ""improvement"": NaN, ""improvement_per_sample"": NaN, ""accept_tol_per_sample"": NaN, ""accepted"": true, ""acceptance_mode"": ""accept_all_eligible"", ""epoch"": 180, ""diagnostic_score"": 178.52783203125, ""cluster_size"": 91, ""persistence_count"": 1}, {""split_idx"": 0, ""old_K"": 3, ""proposed_K"": 4, ""null_loss"": NaN, ""split_loss"": NaN, ""improvement"": NaN, ""improvement_per_sample"": NaN, ""accept_tol_per_sample"": NaN, ""accepted"": true, ""acceptance_mode"": ""accept_all_eligible"", ""epoch"": 240, ""diagnostic_score"": 175.45693969726562, ""cluster_size"": 69, ""persistence_count"": 1}, {""split_idx"": 0, ""old_K"": 4, ""proposed_K"": 5, ""null_loss"": NaN, ""split_loss"": NaN, ""improvement"": NaN, ""improvement_per_sample"": NaN, ""accept_tol_per_sample"": NaN, ""accepted"": true, ""acceptance_mode"": ""accept_all_eligible"", ""epoch"": 300, ""diagnostic_score"": 175.09652709960938, ""cluster_size"": 66, ""persistence_count"": 1}]"
matched_sparse_gaussian,200,100,10,3,2.0,3.0,4,60,120,2,20,0.001,25,burnin_persistence,ok,,0.47519207917419554,0.5142461313112802,0.7924392049990274,3,0,0,1,2,2,0,28,0.5263157894736842,1.0,"[{""split_idx"": 0, ""old_K"": 1, ""proposed_K"": 2, ""null_loss"": NaN, ""split_loss"": NaN, ""improvement"": NaN, ""improvement_per_sample"": NaN, ""accept_tol_per_sample"": NaN, ""accepted"": true, ""acceptance_mode"": ""accept_all_eligible"", ""epoch"": 180, ""diagnostic_score"": 181.45018005371094, ""cluster_size"": 200, ""persistence_count"": 2}, {""split_idx"": 1, ""old_K"": 2, ""proposed_K"": 3, ""null_loss"": NaN, ""split_loss"": NaN, ""improvement"": NaN, ""improvement_per_sample"": NaN, ""accept_tol_per_sample"": NaN, ""accepted"": true, ""acceptance_mode"": ""accept_all_eligible"", ""epoch"": 300, ""diagnostic_score"": 177.59043884277344, ""cluster_size"": 126, ""persistence_count"": 2}]"
matched_sparse_gaussian,200,100,10,3,2.0,3.0,4,60,120,2,20,0.001,25,full_safeguard,ok,,0.970001567757263,0.9526898520691804,1.0181682929996896,3,0,0,1,2,2,0,27,0.5405405405405406,1.0,"[{""split_idx"": 0, ""old_K"": 1, ""proposed_K"": 2, ""null_loss"": 37127.55859375, ""split_loss"": 36795.8828125, ""improvement"": 331.67578125, ""improvement_per_sample"": 1.65837890625, ""accept_tol_per_sample"": 0.001, ""accepted"": true, ""epoch"": 180, ""diagnostic_score"": 181.45018005371094, ""cluster_size"": 200, ""persistence_count"": 2}, {""split_idx"": 1, ""old_K"": 2, ""proposed_K"": 3, ""null_loss"": 36377.0234375, ""split_loss"": 36187.85546875, ""improvement"": 189.16796875, ""improvement_per_sample"": 0.94583984375, ""accept_tol_per_sample"": 0.001, ""accepted"": true, ""epoch"": 300, ""diagnostic_score"": 177.57664489746094, ""cluster_size"": 132, ""persistence_count"": 2}]"
matched_sparse_gaussian,200,100,10,3,2.0,3.0,5,60,120,2,20,0.001,25,original,ok,,0.6835422892368986,0.7795607932867996,1.0446091889989475,6,1,0,0,4,4,0,16,0.7692307692307693,1.0,[]
matched_sparse_gaussian,200,100,10,3,2.0,3.0,5,60,120,2,20,0.001,25,burnin_only,ok,,0.7328946106005845,0.8297928966730087,0.9237730329987244,5,1,0,0,4,4,0,16,0.7692307692307693,1.0,"[{""split_idx"": 0, ""old_K"": 1, ""proposed_K"": 2, ""null_loss"": NaN, ""split_loss"": NaN, ""improvement"": NaN, ""improvement_per_sample"": NaN, ""accept_tol_per_sample"": NaN, ""accepted"": true, ""acceptance_mode"": ""accept_all_eligible"", ""epoch"": 120, ""diagnostic_score"": 188.55697631835938, ""cluster_size"": 200, ""persistence_count"": 1}, {""split_idx"": 0, ""old_K"": 2, ""proposed_K"": 3, ""null_loss"": NaN, ""split_loss"": NaN, ""improvement"": NaN, ""improvement_per_sample"": NaN, ""accept_tol_per_sample"": NaN, ""accepted"": true, ""acceptance_mode"": ""accept_all_eligible"", ""epoch"": 180, ""diagnostic_score"": 184.47720336914062, ""cluster_size"": 98, ""persistence_count"": 1}, {""split_idx"": 1, ""old_K"": 3, ""proposed_K"": 4, ""null_loss"": NaN, ""split_loss"": NaN, ""improvement"": NaN, ""improvement_per_sample"": NaN, ""accept_tol_per_sample"": NaN, ""accepted"": true, ""acceptance_mode"": ""accept_all_eligible"", ""epoch"": 240, ""diagnostic_score"": 181.771728515625, ""cluster_size"": 65, ""persistence_count"": 1}, {""split_idx"": 1, ""old_K"": 4, ""proposed_K"": 5, ""null_loss"": NaN, ""split_loss"": NaN, ""improvement"": NaN, ""improvement_per_sample"": NaN, ""accept_tol_per_sample"": NaN, ""accepted"": true, ""acceptance_mode"": ""accept_all_eligible"", ""epoch"": 300, ""diagnostic_score"": 181.34535217285156, ""cluster_size"": 68, ""persistence_count"": 1}]"
matched_sparse_gaussian,200,100,10,3,2.0,3.0,5,60,120,2,20,0.001,25,burnin_persistence,ok,,0.4952582424190354,0.5451414414597712,0.7998482120001427,3,0,0,1,2,2,0,17,0.7407407407407407,1.0,"[{""split_idx"": 0, ""old_K"": 1, ""proposed_K"": 2, ""null_loss"": NaN, ""split_loss"": NaN, ""improvement"": NaN, ""improvement_per_sample"": NaN, ""accept_tol_per_sample"": NaN, ""accepted"": true, ""acceptance_mode"": ""accept_all_eligible"", ""epoch"": 180, ""diagnostic_score"": 187.33551025390625, ""cluster_size"": 200, ""persistence_count"": 2}, {""split_idx"": 0, ""old_K"": 2, ""proposed_K"": 3, ""null_loss"": NaN, ""split_loss"": NaN, ""improvement"": NaN, ""improvement_per_sample"": NaN, ""accept_tol_per_sample"": NaN, ""accepted"": true, ""acceptance_mode"": ""accept_all_eligible"", ""epoch"": 300, ""diagnostic_score"": 183.0359649658203, ""cluster_size"": 106, ""persistence_count"": 2}]"
matched_sparse_gaussian,200,100,10,3,2.0,3.0,5,60,120,2,20,0.001,25,full_safeguard,ok,,0.5347728322429022,0.6354888668864086,1.0033930459994735,2,0,1,0,2,1,1,15,0.8,1.0,"[{""split_idx"": 0, ""old_K"": 1, ""proposed_K"": 2, ""null_loss"": 38054.7109375, ""split_loss"": 37963.35546875, ""improvement"": 91.35546875, ""improvement_per_sample"": 0.45677734375, ""accept_tol_per_sample"": 0.001, ""accepted"": true, ""epoch"": 180, ""diagnostic_score"": 187.33551025390625, ""cluster_size"": 200, ""persistence_count"": 2}, {""split_idx"": 0, ""old_K"": 2, ""proposed_K"": 3, ""null_loss"": 37339.93359375, ""split_loss"": 37361.8671875, ""improvement"": -21.93359375, ""improvement_per_sample"": -0.10966796875, ""accept_tol_per_sample"": 0.001, ""accepted"": false, ""epoch"": 300, ""diagnostic_score"": 183.09561157226562, ""cluster_size"": 112, ""persistence_count"": 2}]"
matched_sparse_gaussian,200,100,10,3,2.0,3.0,6,60,120,2,20,0.001,25,original,ok,,0.710978787602407,0.8033742348146975,1.219936362998851,6,1,0,0,4,4,0,19,0.6896551724137931,1.0,[]
matched_sparse_gaussian,200,100,10,3,2.0,3.0,6,60,120,2,20,0.001,25,burnin_only,ok,,0.7240824909036784,0.8266504329348218,1.2463495619995228,5,1,0,0,4,4,0,21,0.6451612903225806,1.0,"[{""split_idx"": 0, ""old_K"": 1, ""proposed_K"": 2, ""null_loss"": NaN, ""split_loss"": NaN, ""improvement"": NaN, ""improvement_per_sample"": NaN, ""accept_tol_per_sample"": NaN, ""accepted"": true, ""acceptance_mode"": ""accept_all_eligible"", ""epoch"": 120, ""diagnostic_score"": 184.69033813476562, ""cluster_size"": 200, ""persistence_count"": 1}, {""split_idx"": 0, ""old_K"": 2, ""proposed_K"": 3, ""null_loss"": NaN, ""split_loss"": NaN, ""improvement"": NaN, ""improvement_per_sample"": NaN, ""accept_tol_per_sample"": NaN, ""accepted"": true, ""acceptance_mode"": ""accept_all_eligible"", ""epoch"": 180, ""diagnostic_score"": 180.28997802734375, ""cluster_size"": 96, ""persistence_count"": 1}, {""split_idx"": 1, ""old_K"": 3, ""proposed_K"": 4, ""null_loss"": NaN, ""split_loss"": NaN, ""improvement"": NaN, ""improvement_per_sample"": NaN, ""accept_tol_per_sample"": NaN, ""accepted"": true, ""acceptance_mode"": ""accept_all_eligible"", ""epoch"": 240, ""diagnostic_score"": 177.25375366210938, ""cluster_size"": 66, ""persistence_count"": 1}, {""split_idx"": 0, ""old_K"": 4, ""proposed_K"": 5, ""null_loss"": NaN, ""split_loss"": NaN, ""improvement"": NaN, ""improvement_per_sample"": NaN, ""accept_tol_per_sample"": NaN, ""accepted"": true, ""acceptance_mode"": ""accept_all_eligible"", ""epoch"": 300, ""diagnostic_score"": 176.9045867919922, ""cluster_size"": 68, ""persistence_count"": 1}]"
matched_sparse_gaussian,200,100,10,3,2.0,3.0,6,60,120,2,20,0.001,25,burnin_persistence,ok,,0.7116371369358024,0.6906505633435044,1.1653455020004913,3,0,0,1,2,2,0,22,0.625,1.0,"[{""split_idx"": 0, ""old_K"": 1, ""proposed_K"": 2, ""null_loss"": NaN, ""split_loss"": NaN, ""improvement"": NaN, ""improvement_per_sample"": NaN, ""accept_tol_per_sample"": NaN, ""accepted"": true, ""acceptance_mode"": ""accept_all_eligible"", ""epoch"": 180, ""diagnostic_score"": 183.3910675048828, ""cluster_size"": 200, ""persistence_count"": 2}, {""split_idx"": 0, ""old_K"": 2, ""proposed_K"": 3, ""null_loss"": NaN, ""split_loss"": NaN, ""improvement"": NaN, ""improvement_per_sample"": NaN, ""accept_tol_per_sample"": NaN, ""accepted"": true, ""acceptance_mode"": ""accept_all_eligible"", ""epoch"": 300, ""diagnostic_score"": 179.63015747070312, ""cluster_size"": 127, ""persistence_count"": 2}]"
matched_sparse_gaussian,200,100,10,3,2.0,3.0,6,60,120,2,20,0.001,25,full_safeguard,ok,,0.8854605314368221,0.8631525277655353,1.4726403250006115,3,0,0,1,2,2,0,21,0.6451612903225806,1.0,"[{""split_idx"": 0, ""old_K"": 1, ""proposed_K"": 2, ""null_loss"": 37420.7734375, ""split_loss"": 37078.625, ""improvement"": 342.1484375, ""improvement_per_sample"": 1.7107421875, ""accept_tol_per_sample"": 0.001, ""accepted"": true, ""epoch"": 180, ""diagnostic_score"": 183.3910675048828, ""cluster_size"": 200, ""persistence_count"": 2}, {""split_idx"": 0, ""old_K"": 2, ""proposed_K"": 3, ""null_loss"": 36665.80859375, ""split_loss"": 36607.640625, ""improvement"": 58.16796875, ""improvement_per_sample"": 0.29083984375, ""accept_tol_per_sample"": 0.001, ""accepted"": true, ""epoch"": 300, ""diagnostic_score"": 179.46868896484375, ""cluster_size"": 134, ""persistence_count"": 2}]"
matched_sparse_gaussian,200,100,10,3,2.0,3.0,7,60,120,2,20,0.001,25,original,ok,,0.700804951123528,0.7972450330884618,1.3000919990008697,6,1,0,0,4,4,0,19,0.6896551724137931,1.0,[]
matched_sparse_gaussian,200,100,10,3,2.0,3.0,7,60,120,2,20,0.001,25,burnin_only,ok,,0.7299174551365714,0.8277071761562382,0.9438388609996764,5,1,0,0,4,4,0,19,0.6896551724137931,1.0,"[{""split_idx"": 0, ""old_K"": 1, ""proposed_K"": 2, ""null_loss"": NaN, ""split_loss"": NaN, ""improvement"": NaN, ""improvement_per_sample"": NaN, ""accept_tol_per_sample"": NaN, ""accepted"": true, ""acceptance_mode"": ""accept_all_eligible"", ""epoch"": 120, ""diagnostic_score"": 187.31890869140625, ""cluster_size"": 200, ""persistence_count"": 1}, {""split_idx"": 0, ""old_K"": 2, ""proposed_K"": 3, ""null_loss"": NaN, ""split_loss"": NaN, ""improvement"": NaN, ""improvement_per_sample"": NaN, ""accept_tol_per_sample"": NaN, ""accepted"": true, ""acceptance_mode"": ""accept_all_eligible"", ""epoch"": 180, ""diagnostic_score"": 183.35977172851562, ""cluster_size"": 95, ""persistence_count"": 1}, {""split_idx"": 1, ""old_K"": 3, ""proposed_K"": 4, ""null_loss"": NaN, ""split_loss"": NaN, ""improvement"": NaN, ""improvement_per_sample"": NaN, ""accept_tol_per_sample"": NaN, ""accepted"": true, ""acceptance_mode"": ""accept_all_eligible"", ""epoch"": 240, ""diagnostic_score"": 181.25927734375, ""cluster_size"": 67, ""persistence_count"": 1}, {""split_idx"": 1, ""old_K"": 4, ""proposed_K"": 5, ""null_loss"": NaN, ""split_loss"": NaN, ""improvement"": NaN, ""improvement_per_sample"": NaN, ""accept_tol_per_sample"": NaN, ""accepted"": true, ""acceptance_mode"": ""accept_all_eligible"", ""epoch"": 300, ""diagnostic_score"": 180.04083251953125, ""cluster_size"": 66, ""persistence_count"": 1}]"
matched_sparse_gaussian,200,100,10,3,2.0,3.0,7,60,120,2,20,0.001,25,burnin_persistence,ok,,0.4004693624047339,0.4504622686301627,0.8022889380008564,3,0,0,1,2,2,0,18,0.7142857142857143,1.0,"[{""split_idx"": 0, ""old_K"": 1, ""proposed_K"": 2, ""null_loss"": NaN, ""split_loss"": NaN, ""improvement"": NaN, ""improvement_per_sample"": NaN, ""accept_tol_per_sample"": NaN, ""accepted"": true, ""acceptance_mode"": ""accept_all_eligible"", ""epoch"": 180, ""diagnostic_score"": 186.0272979736328, ""cluster_size"": 200, ""persistence_count"": 2}, {""split_idx"": 1, ""old_K"": 2, ""proposed_K"": 3, ""null_loss"": NaN, ""split_loss"": NaN, ""improvement"": NaN, ""improvement_per_sample"": NaN, ""accept_tol_per_sample"": NaN, ""accepted"": true, ""acceptance_mode"": ""accept_all_eligible"", ""epoch"": 300, ""diagnostic_score"": 182.18666076660156, ""cluster_size"": 117, ""persistence_count"": 2}]"
matched_sparse_gaussian,200,100,10,3,2.0,3.0,7,60,120,2,20,0.001,25,full_safeguard,ok,,0.9704560894579105,0.9528267554683132,0.9949630360006267,3,0,0,1,2,2,0,19,0.6896551724137931,1.0,"[{""split_idx"": 0, ""old_K"": 1, ""proposed_K"": 2, ""null_loss"": 37820.9609375, ""split_loss"": 37611.5625, ""improvement"": 209.3984375, ""improvement_per_sample"": 1.0469921875, ""accept_tol_per_sample"": 0.001, ""accepted"": true, ""epoch"": 180, ""diagnostic_score"": 186.0272979736328, ""cluster_size"": 200, ""persistence_count"": 2}, {""split_idx"": 1, ""old_K"": 2, ""proposed_K"": 3, ""null_loss"": 37086.19921875, ""split_loss"": 36917.5390625, ""improvement"": 168.66015625, ""improvement_per_sample"": 0.84330078125, ""accept_tol_per_sample"": 0.001, ""accepted"": true, ""epoch"": 300, ""diagnostic_score"": 182.27992248535156, ""cluster_size"": 127, ""persistence_count"": 2}]"
matched_sparse_gaussian,200,100,10,3,2.0,3.0,8,60,120,2,20,0.001,25,original,ok,,0.5821428903071549,0.7646968828733647,1.0063500689993816,6,1,0,0,4,4,0,12,0.9090909090909091,1.0,[]
matched_sparse_gaussian,200,100,10,3,2.0,3.0,8,60,120,2,20,0.001,25,burnin_only,ok,,0.8466112597501703,0.870538685304045,0.8953840980011591,5,1,0,0,4,4,0,13,0.8695652173913043,1.0,"[{""split_idx"": 0, ""old_K"": 1, ""proposed_K"": 2, ""null_loss"": NaN, ""split_loss"": NaN, ""improvement"": NaN, ""improvement_per_sample"": NaN, ""accept_tol_per_sample"": NaN, ""accepted"": true, ""acceptance_mode"": ""accept_all_eligible"", ""epoch"": 120, ""diagnostic_score"": 188.7710418701172, ""cluster_size"": 200, ""persistence_count"": 1}, {""split_idx"": 1, ""old_K"": 2, ""proposed_K"": 3, ""null_loss"": NaN, ""split_loss"": NaN, ""improvement"": NaN, ""improvement_per_sample"": NaN, ""accept_tol_per_sample"": NaN, ""accepted"": true, ""acceptance_mode"": ""accept_all_eligible"", ""epoch"": 180, ""diagnostic_score"": 184.82884216308594, ""cluster_size"": 100, ""persistence_count"": 1}, {""split_idx"": 1, ""old_K"": 3, ""proposed_K"": 4, ""null_loss"": NaN, ""split_loss"": NaN, ""improvement"": NaN, ""improvement_per_sample"": NaN, ""accept_tol_per_sample"": NaN, ""accepted"": true, ""acceptance_mode"": ""accept_all_eligible"", ""epoch"": 240, ""diagnostic_score"": 182.07357788085938, ""cluster_size"": 66, ""persistence_count"": 1}, {""split_idx"": 3, ""old_K"": 4, ""proposed_K"": 5, ""null_loss"": NaN, ""split_loss"": NaN, ""improvement"": NaN, ""improvement_per_sample"": NaN, ""accept_tol_per_sample"": NaN, ""accepted"": true, ""acceptance_mode"": ""accept_all_eligible"", ""epoch"": 300, ""diagnostic_score"": 181.47235107421875, ""cluster_size"": 29, ""persistence_count"": 1}]"
matched_sparse_gaussian,200,100,10,3,2.0,3.0,8,60,120,2,20,0.001,25,burnin_persistence,ok,,0.38669460362623526,0.45016816453070585,0.8053667259991926,3,0,0,1,2,2,0,12,0.9090909090909091,1.0,"[{""split_idx"": 0, ""old_K"": 1, ""proposed_K"": 2, ""null_loss"": NaN, ""split_loss"": NaN, ""improvement"": NaN, ""improvement_per_sample"": NaN, ""accept_tol_per_sample"": NaN, ""accepted"": true, ""acceptance_mode"": ""accept_all_eligible"", ""epoch"": 180, ""diagnostic_score"": 187.7747802734375, ""cluster_size"": 200, ""persistence_count"": 2}, {""split_idx"": 0, ""old_K"": 2, ""proposed_K"": 3, ""null_loss"": NaN, ""split_loss"": NaN, ""improvement"": NaN, ""improvement_per_sample"": NaN, ""accept_tol_per_sample"": NaN, ""accepted"": true, ""acceptance_mode"": ""accept_all_eligible"", ""epoch"": 300, ""diagnostic_score"": 183.35623168945312, ""cluster_size"": 104, ""persistence_count"": 2}]"
matched_sparse_gaussian,200,100,10,3,2.0,3.0,8,60,120,2,20,0.001,25,full_safeguard,ok,,0.9127857289988182,0.889911398162295,1.057954095000241,3,0,0,1,2,2,0,12,0.9090909090909091,1.0,"[{""split_idx"": 0, ""old_K"": 1, ""proposed_K"": 2, ""null_loss"": 38110.36328125, ""split_loss"": 38049.55078125, ""improvement"": 60.8125, ""improvement_per_sample"": 0.3040625, ""accept_tol_per_sample"": 0.001, ""accepted"": true, ""epoch"": 180, ""diagnostic_score"": 187.7747802734375, ""cluster_size"": 200, ""persistence_count"": 2}, {""split_idx"": 0, ""old_K"": 2, ""proposed_K"": 3, ""null_loss"": 37369.66796875, ""split_loss"": 37230.2734375, ""improvement"": 139.39453125, ""improvement_per_sample"": 0.69697265625, ""accept_tol_per_sample"": 0.001, ""accepted"": true, ""epoch"": 300, ""diagnostic_score"": 183.36349487304688, ""cluster_size"": 109, ""persistence_count"": 2}]"
matched_sparse_gaussian,200,100,10,3,2.0,3.0,9,60,120,2,20,0.001,25,original,ok,,0.5552685769110793,0.7219920318065799,1.0413903740009118,6,1,0,0,4,4,0,35,0.4444444444444444,1.0,[]
matched_sparse_gaussian,200,100,10,3,2.0,3.0,9,60,120,2,20,0.001,25,burnin_only,ok,,0.6957453660251681,0.7896784348309823,0.9221489239989751,5,1,0,0,4,4,0,33,0.46511627906976744,1.0,"[{""split_idx"": 0, ""old_K"": 1, ""proposed_K"": 2, ""null_loss"": NaN, ""split_loss"": NaN, ""improvement"": NaN, ""improvement_per_sample"": NaN, ""accept_tol_per_sample"": NaN, ""accepted"": true, ""acceptance_mode"": ""accept_all_eligible"", ""epoch"": 120, ""diagnostic_score"": 182.4404296875, ""cluster_size"": 200, ""persistence_count"": 1}, {""split_idx"": 1, ""old_K"": 2, ""proposed_K"": 3, ""null_loss"": NaN, ""split_loss"": NaN, ""improvement"": NaN, ""improvement_per_sample"": NaN, ""accept_tol_per_sample"": NaN, ""accepted"": true, ""acceptance_mode"": ""accept_all_eligible"", ""epoch"": 180, ""diagnostic_score"": 178.2073974609375, ""cluster_size"": 95, ""persistence_count"": 1}, {""split_idx"": 2, ""old_K"": 3, ""proposed_K"": 4, ""null_loss"": NaN, ""split_loss"": NaN, ""improvement"": NaN, ""improvement_per_sample"": NaN, ""accept_tol_per_sample"": NaN, ""accepted"": true, ""acceptance_mode"": ""accept_all_eligible"", ""epoch"": 240, ""diagnostic_score"": 175.38302612304688, ""cluster_size"": 67, ""persistence_count"": 1}, {""split_idx"": 1, ""old_K"": 4, ""proposed_K"": 5, ""null_loss"": NaN, ""split_loss"": NaN, ""improvement"": NaN, ""improvement_per_sample"": NaN, ""accept_tol_per_sample"": NaN, ""accepted"": true, ""acceptance_mode"": ""accept_all_eligible"", ""epoch"": 300, ""diagnostic_score"": 174.82574462890625, ""cluster_size"": 68, ""persistence_count"": 1}]"
matched_sparse_gaussian,200,100,10,3,2.0,3.0,9,60,120,2,20,0.001,25,burnin_persistence,ok,,0.49112053276142925,0.5225820618682339,0.9378836079995381,3,0,0,1,2,2,0,38,0.4166666666666667,1.0,"[{""split_idx"": 0, ""old_K"": 1, ""proposed_K"": 2, ""null_loss"": NaN, ""split_loss"": NaN, ""improvement"": NaN, ""improvement_per_sample"": NaN, ""accept_tol_per_sample"": NaN, ""accepted"": true, ""acceptance_mode"": ""accept_all_eligible"", ""epoch"": 180, ""diagnostic_score"": 181.07284545898438, ""cluster_size"": 200, ""persistence_count"": 2}, {""split_idx"": 1, ""old_K"": 2, ""proposed_K"": 3, ""null_loss"": NaN, ""split_loss"": NaN, ""improvement"": NaN, ""improvement_per_sample"": NaN, ""accept_tol_per_sample"": NaN, ""accepted"": true, ""acceptance_mode"": ""accept_all_eligible"", ""epoch"": 300, ""diagnostic_score"": 177.00904846191406, ""cluster_size"": 125, ""persistence_count"": 2}]"
matched_sparse_gaussian,200,100,10,3,2.0,3.0,9,60,120,2,20,0.001,25,full_safeguard,ok,,0.9271769606649515,0.8971604079088178,1.381810017999669,3,0,0,1,2,2,0,37,0.425531914893617,1.0,"[{""split_idx"": 0, ""old_K"": 1, ""proposed_K"": 2, ""null_loss"": 37003.45703125, ""split_loss"": 36884.8828125, ""improvement"": 118.57421875, ""improvement_per_sample"": 0.59287109375, ""accept_tol_per_sample"": 0.001, ""accepted"": true, ""epoch"": 180, ""diagnostic_score"": 181.07284545898438, ""cluster_size"": 200, ""persistence_count"": 2}, {""split_idx"": 1, ""old_K"": 2, ""proposed_K"": 3, ""null_loss"": 36274.20703125, ""split_loss"": 36137.46875, ""improvement"": 136.73828125, ""improvement_per_sample"": 0.68369140625, ""accept_tol_per_sample"": 0.001, ""accepted"": true, ""epoch"": 300, ""diagnostic_score"": 177.0147247314453, ""cluster_size"": 129, ""persistence_count"": 2}]"
matched_sparse_gaussian,200,100,10,3,2.0,3.0,10,60,120,2,20,0.001,25,original,ok,,0.6954869319517532,0.7860321618792201,1.4558390930014866,6,1,0,0,4,4,0,27,0.5405405405405406,1.0,[]
matched_sparse_gaussian,200,100,10,3,2.0,3.0,10,60,120,2,20,0.001,25,burnin_only,ok,,0.7157114005456473,0.8103786581033332,1.3250669469998684,5,1,0,0,4,4,0,26,0.5555555555555556,1.0,"[{""split_idx"": 0, ""old_K"": 1, ""proposed_K"": 2, ""null_loss"": NaN, ""split_loss"": NaN, ""improvement"": NaN, ""improvement_per_sample"": NaN, ""accept_tol_per_sample"": NaN, ""accepted"": true, ""acceptance_mode"": ""accept_all_eligible"", ""epoch"": 120, ""diagnostic_score"": 184.5986785888672, ""cluster_size"": 200, ""persistence_count"": 1}, {""split_idx"": 0, ""old_K"": 2, ""proposed_K"": 3, ""null_loss"": NaN, ""split_loss"": NaN, ""improvement"": NaN, ""improvement_per_sample"": NaN, ""accept_tol_per_sample"": NaN, ""accepted"": true, ""acceptance_mode"": ""accept_all_eligible"", ""epoch"": 180, ""diagnostic_score"": 180.72694396972656, ""cluster_size"": 99, ""persistence_count"": 1}, {""split_idx"": 2, ""old_K"": 3, ""proposed_K"": 4, ""null_loss"": NaN, ""split_loss"": NaN, ""improvement"": NaN, ""improvement_per_sample"": NaN, ""accept_tol_per_sample"": NaN, ""accepted"": true, ""acceptance_mode"": ""accept_all_eligible"", ""epoch"": 240, ""diagnostic_score"": 177.67929077148438, ""cluster_size"": 67, ""persistence_count"": 1}, {""split_idx"": 0, ""old_K"": 4, ""proposed_K"": 5, ""null_loss"": NaN, ""split_loss"": NaN, ""improvement"": NaN, ""improvement_per_sample"": NaN, ""accept_tol_per_sample"": NaN, ""accepted"": true, ""acceptance_mode"": ""accept_all_eligible"", ""epoch"": 300, ""diagnostic_score"": 177.2921905517578, ""cluster_size"": 68, ""persistence_count"": 1}]"
matched_sparse_gaussian,200,100,10,3,2.0,3.0,10,60,120,2,20,0.001,25,burnin_persistence,ok,,0.48909873154532746,0.5683727124569989,0.960992364998674,3,0,0,1,2,2,0,29,0.5128205128205128,1.0,"[{""split_idx"": 0, ""old_K"": 1, ""proposed_K"": 2, ""null_loss"": NaN, ""split_loss"": NaN, ""improvement"": NaN, ""improvement_per_sample"": NaN, ""accept_tol_per_sample"": NaN, ""accepted"": true, ""acceptance_mode"": ""accept_all_eligible"", ""epoch"": 180, ""diagnostic_score"": 183.1747589111328, ""cluster_size"": 200, ""persistence_count"": 2}, {""split_idx"": 0, ""old_K"": 2, ""proposed_K"": 3, ""null_loss"": NaN, ""split_loss"": NaN, ""improvement"": NaN, ""improvement_per_sample"": NaN, ""accept_tol_per_sample"": NaN, ""accepted"": true, ""acceptance_mode"": ""accept_all_eligible"", ""epoch"": 300, ""diagnostic_score"": 178.7342071533203, ""cluster_size"": 102, ""persistence_count"": 2}]"
matched_sparse_gaussian,200,100,10,3,2.0,3.0,10,60,120,2,20,0.001,25,full_safeguard,ok,,0.7346945495718307,0.7436288773203149,0.9946277729995927,3,0,0,1,2,2,0,29,0.5128205128205128,1.0,"[{""split_idx"": 0, ""old_K"": 1, ""proposed_K"": 2, ""null_loss"": 37400.59765625, ""split_loss"": 37370.8671875, ""improvement"": 29.73046875, ""improvement_per_sample"": 0.14865234375, ""accept_tol_per_sample"": 0.001, ""accepted"": true, ""epoch"": 180, ""diagnostic_score"": 183.1747589111328, ""cluster_size"": 200, ""persistence_count"": 2}, {""split_idx"": 0, ""old_K"": 2, ""proposed_K"": 3, ""null_loss"": 36732.76953125, ""split_loss"": 36661.8125, ""improvement"": 70.95703125, ""improvement_per_sample"": 0.35478515625, ""accept_tol_per_sample"": 0.001, ""accepted"": true, ""epoch"": 300, ""diagnostic_score"": 178.51390075683594, ""cluster_size"": 101, ""persistence_count"": 2}]"
matched_sparse_gaussian,200,100,10,3,2.0,3.0,11,60,120,2,20,0.001,25,original,ok,,0.571289317413266,0.7618138612492533,1.054867546999958,6,1,0,0,4,4,0,32,0.47619047619047616,1.0,[]
matched_sparse_gaussian,200,100,10,3,2.0,3.0,11,60,120,2,20,0.001,25,burnin_only,ok,,0.7224503434015257,0.8261039477742997,0.9221978719997423,5,1,0,0,4,4,0,34,0.45454545454545453,1.0,"[{""split_idx"": 0, ""old_K"": 1, ""proposed_K"": 2, ""null_loss"": NaN, ""split_loss"": NaN, ""improvement"": NaN, ""improvement_per_sample"": NaN, ""accept_tol_per_sample"": NaN, ""accepted"": true, ""acceptance_mode"": ""accept_all_eligible"", ""epoch"": 120, ""diagnostic_score"": 182.8722686767578, ""cluster_size"": 200, ""persistence_count"": 1}, {""split_idx"": 1, ""old_K"": 2, ""proposed_K"": 3, ""null_loss"": NaN, ""split_loss"": NaN, ""improvement"": NaN, ""improvement_per_sample"": NaN, ""accept_tol_per_sample"": NaN, ""accepted"": true, ""acceptance_mode"": ""accept_all_eligible"", ""epoch"": 180, ""diagnostic_score"": 178.9170379638672, ""cluster_size"": 102, ""persistence_count"": 1}, {""split_idx"": 1, ""old_K"": 3, ""proposed_K"": 4, ""null_loss"": NaN, ""split_loss"": NaN, ""improvement"": NaN, ""improvement_per_sample"": NaN, ""accept_tol_per_sample"": NaN, ""accepted"": true, ""acceptance_mode"": ""accept_all_eligible"", ""epoch"": 240, ""diagnostic_score"": 176.42352294921875, ""cluster_size"": 65, ""persistence_count"": 1}, {""split_idx"": 0, ""old_K"": 4, ""proposed_K"": 5, ""null_loss"": NaN, ""split_loss"": NaN, ""improvement"": NaN, ""improvement_per_sample"": NaN, ""accept_tol_per_sample"": NaN, ""accepted"": true, ""acceptance_mode"": ""accept_all_eligible"", ""epoch"": 300, ""diagnostic_score"": 175.3087158203125, ""cluster_size"": 68, ""persistence_count"": 1}]"
matched_sparse_gaussian,200,100,10,3,2.0,3.0,11,60,120,2,20,0.001,25,burnin_persistence,ok,,0.42353728896988074,0.473475382470788,0.7957245790003071,3,0,0,1,2,2,0,36,0.43478260869565216,1.0,"[{""split_idx"": 0, ""old_K"": 1, ""proposed_K"": 2, ""null_loss"": NaN, ""split_loss"": NaN, ""improvement"": NaN, ""improvement_per_sample"": NaN, ""accept_tol_per_sample"": NaN, ""accepted"": true, ""acceptance_mode"": ""accept_all_eligible"", ""epoch"": 180, ""diagnostic_score"": 181.68678283691406, ""cluster_size"": 200, ""persistence_count"": 2}, {""split_idx"": 1, ""old_K"": 2, ""proposed_K"": 3, ""null_loss"": NaN, ""split_loss"": NaN, ""improvement"": NaN, ""improvement_per_sample"": NaN, ""accept_tol_per_sample"": NaN, ""accepted"": true, ""acceptance_mode"": ""accept_all_eligible"", ""epoch"": 300, ""diagnostic_score"": 177.4891815185547, ""cluster_size"": 113, ""persistence_count"": 2}]"
matched_sparse_gaussian,200,100,10,3,2.0,3.0,11,60,120,2,20,0.001,25,full_safeguard,ok,,0.8329771837649038,0.82143045183813,1.0061496029993577,3,0,0,1,2,2,0,34,0.45454545454545453,1.0,"[{""split_idx"": 0, ""old_K"": 1, ""proposed_K"": 2, ""null_loss"": 37112.953125, ""split_loss"": 37014.40234375, ""improvement"": 98.55078125, ""improvement_per_sample"": 0.49275390625, ""accept_tol_per_sample"": 0.001, ""accepted"": true, ""epoch"": 180, ""diagnostic_score"": 181.68678283691406, ""cluster_size"": 200, ""persistence_count"": 2}, {""split_idx"": 1, ""old_K"": 2, ""proposed_K"": 3, ""null_loss"": 36417.47265625, ""split_loss"": 36387.27734375, ""improvement"": 30.1953125, ""improvement_per_sample"": 0.1509765625, ""accept_tol_per_sample"": 0.001, ""accepted"": true, ""epoch"": 300, ""diagnostic_score"": 177.69314575195312, ""cluster_size"": 123, ""persistence_count"": 2}]"
matched_sparse_gaussian,200,100,10,3,2.0,3.0,12,60,120,2,20,0.001,25,original,ok,,0.5637146350173406,0.7461901350816492,1.0731186489992979,6,1,0,0,4,4,0,23,0.6060606060606061,1.0,[]
matched_sparse_gaussian,200,100,10,3,2.0,3.0,12,60,120,2,20,0.001,25,burnin_only,ok,,0.8058949118076637,0.8230293877045344,0.9483345410008042,5,1,0,0,4,4,0,25,0.5714285714285714,1.0,"[{""split_idx"": 0, ""old_K"": 1, ""proposed_K"": 2, ""null_loss"": NaN, ""split_loss"": NaN, ""improvement"": NaN, ""improvement_per_sample"": NaN, ""accept_tol_per_sample"": NaN, ""accepted"": true, ""acceptance_mode"": ""accept_all_eligible"", ""epoch"": 120, ""diagnostic_score"": 183.05917358398438, ""cluster_size"": 200, ""persistence_count"": 1}, {""split_idx"": 0, ""old_K"": 2, ""proposed_K"": 3, ""null_loss"": NaN, ""split_loss"": NaN, ""improvement"": NaN, ""improvement_per_sample"": NaN, ""accept_tol_per_sample"": NaN, ""accepted"": true, ""acceptance_mode"": ""accept_all_eligible"", ""epoch"": 180, ""diagnostic_score"": 179.091064453125, ""cluster_size"": 93, ""persistence_count"": 1}, {""split_idx"": 2, ""old_K"": 3, ""proposed_K"": 4, ""null_loss"": NaN, ""split_loss"": NaN, ""improvement"": NaN, ""improvement_per_sample"": NaN, ""accept_tol_per_sample"": NaN, ""accepted"": true, ""acceptance_mode"": ""accept_all_eligible"", ""epoch"": 240, ""diagnostic_score"": 178.9987030029297, ""cluster_size"": 51, ""persistence_count"": 1}, {""split_idx"": 2, ""old_K"": 4, ""proposed_K"": 5, ""null_loss"": NaN, ""split_loss"": NaN, ""improvement"": NaN, ""improvement_per_sample"": NaN, ""accept_tol_per_sample"": NaN, ""accepted"": true, ""acceptance_mode"": ""accept_all_eligible"", ""epoch"": 300, ""diagnostic_score"": 175.95245361328125, ""cluster_size"": 46, ""persistence_count"": 1}]"
matched_sparse_gaussian,200,100,10,3,2.0,3.0,12,60,120,2,20,0.001,25,burnin_persistence,ok,,0.43237373381003535,0.4842295164820509,0.8228800110009615,3,0,0,1,2,2,0,29,0.5128205128205128,1.0,"[{""split_idx"": 0, ""old_K"": 1, ""proposed_K"": 2, ""null_loss"": NaN, ""split_loss"": NaN, ""improvement"": NaN, ""improvement_per_sample"": NaN, ""accept_tol_per_sample"": NaN, ""accepted"": true, ""acceptance_mode"": ""accept_all_eligible"", ""epoch"": 180, ""diagnostic_score"": 181.71421813964844, ""cluster_size"": 200, ""persistence_count"": 2}, {""split_idx"": 1, ""old_K"": 2, ""proposed_K"": 3, ""null_loss"": NaN, ""split_loss"": NaN, ""improvement"": NaN, ""improvement_per_sample"": NaN, ""accept_tol_per_sample"": NaN, ""accepted"": true, ""acceptance_mode"": ""accept_all_eligible"", ""epoch"": 300, ""diagnostic_score"": 177.51344299316406, ""cluster_size"": 125, ""persistence_count"": 2}]"
matched_sparse_gaussian,200,100,10,3,2.0,3.0,12,60,120,2,20,0.001,25,full_safeguard,ok,,0.9409213060835389,0.9118875506979627,1.4664333849996183,3,0,0,1,2,2,0,25,0.5714285714285714,1.0,"[{""split_idx"": 0, ""old_K"": 1, ""proposed_K"": 2, ""null_loss"": 37174.59375, ""split_loss"": 37055.53125, ""improvement"": 119.0625, ""improvement_per_sample"": 0.5953125, ""accept_tol_per_sample"": 0.001, ""accepted"": true, ""epoch"": 180, ""diagnostic_score"": 181.71421813964844, ""cluster_size"": 200, ""persistence_count"": 2}, {""split_idx"": 1, ""old_K"": 2, ""proposed_K"": 3, ""null_loss"": 36456.53515625, ""split_loss"": 36365.12890625, ""improvement"": 91.40625, ""improvement_per_sample"": 0.45703125, ""accept_tol_per_sample"": 0.001, ""accepted"": true, ""epoch"": 300, ""diagnostic_score"": 177.55067443847656, ""cluster_size"": 128, ""persistence_count"": 2}]"
matched_sparse_gaussian,200,100,10,3,2.0,3.0,13,60,120,2,20,0.001,25,original,ok,,0.6847137981958661,0.7781686561592103,1.8704292300008092,6,1,0,0,4,4,0,18,0.7142857142857143,1.0,[]
matched_sparse_gaussian,200,100,10,3,2.0,3.0,13,60,120,2,20,0.001,25,burnin_only,ok,,0.7304591669264876,0.8278963233325899,1.3254746769998746,5,1,0,0,4,4,0,17,0.7407407407407407,1.0,"[{""split_idx"": 0, ""old_K"": 1, ""proposed_K"": 2, ""null_loss"": NaN, ""split_loss"": NaN, ""improvement"": NaN, ""improvement_per_sample"": NaN, ""accept_tol_per_sample"": NaN, ""accepted"": true, ""acceptance_mode"": ""accept_all_eligible"", ""epoch"": 120, ""diagnostic_score"": 187.0474395751953, ""cluster_size"": 200, ""persistence_count"": 1}, {""split_idx"": 0, ""old_K"": 2, ""proposed_K"": 3, ""null_loss"": NaN, ""split_loss"": NaN, ""improvement"": NaN, ""improvement_per_sample"": NaN, ""accept_tol_per_sample"": NaN, ""accepted"": true, ""acceptance_mode"": ""accept_all_eligible"", ""epoch"": 180, ""diagnostic_score"": 183.52381896972656, ""cluster_size"": 98, ""persistence_count"": 1}, {""split_idx"": 2, ""old_K"": 3, ""proposed_K"": 4, ""null_loss"": NaN, ""split_loss"": NaN, ""improvement"": NaN, ""improvement_per_sample"": NaN, ""accept_tol_per_sample"": NaN, ""accepted"": true, ""acceptance_mode"": ""accept_all_eligible"", ""epoch"": 240, ""diagnostic_score"": 180.36337280273438, ""cluster_size"": 66, ""persistence_count"": 1}, {""split_idx"": 1, ""old_K"": 4, ""proposed_K"": 5, ""null_loss"": NaN, ""split_loss"": NaN, ""improvement"": NaN, ""improvement_per_sample"": NaN, ""accept_tol_per_sample"": NaN, ""accepted"": true, ""acceptance_mode"": ""accept_all_eligible"", ""epoch"": 300, ""diagnostic_score"": 179.84646606445312, ""cluster_size"": 66, ""persistence_count"": 1}]"
matched_sparse_gaussian,200,100,10,3,2.0,3.0,13,60,120,2,20,0.001,25,burnin_persistence,ok,,0.42242072962403154,0.47004259102028323,1.1367722199993295,3,0,0,1,2,2,0,19,0.6896551724137931,1.0,"[{""split_idx"": 0, ""old_K"": 1, ""proposed_K"": 2, ""null_loss"": NaN, ""split_loss"": NaN, ""improvement"": NaN, ""improvement_per_sample"": NaN, ""accept_tol_per_sample"": NaN, ""accepted"": true, ""acceptance_mode"": ""accept_all_eligible"", ""epoch"": 180, ""diagnostic_score"": 185.55935668945312, ""cluster_size"": 200, ""persistence_count"": 2}, {""split_idx"": 1, ""old_K"": 2, ""proposed_K"": 3, ""null_loss"": NaN, ""split_loss"": NaN, ""improvement"": NaN, ""improvement_per_sample"": NaN, ""accept_tol_per_sample"": NaN, ""accepted"": true, ""acceptance_mode"": ""accept_all_eligible"", ""epoch"": 300, ""diagnostic_score"": 181.4552001953125, ""cluster_size"": 118, ""persistence_count"": 2}]"
matched_sparse_gaussian,200,100,10,3,2.0,3.0,13,60,120,2,20,0.001,25,full_safeguard,ok,,1.0,1.0,1.3312473519999912,3,0,0,1,2,2,0,18,0.7142857142857143,1.0,"[{""split_idx"": 0, ""old_K"": 1, ""proposed_K"": 2, ""null_loss"": 37810.90234375, ""split_loss"": 37626.375, ""improvement"": 184.52734375, ""improvement_per_sample"": 0.92263671875, ""accept_tol_per_sample"": 0.001, ""accepted"": true, ""epoch"": 180, ""diagnostic_score"": 185.55935668945312, ""cluster_size"": 200, ""persistence_count"": 2}, {""split_idx"": 1, ""old_K"": 2, ""proposed_K"": 3, ""null_loss"": 37116.1171875, ""split_loss"": 36977.90625, ""improvement"": 138.2109375, ""improvement_per_sample"": 0.6910546875, ""accept_tol_per_sample"": 0.001, ""accepted"": true, ""epoch"": 300, ""diagnostic_score"": 181.53591918945312, ""cluster_size"": 126, ""persistence_count"": 2}]"
matched_sparse_gaussian,200,100,10,3,2.0,3.0,14,60,120,2,20,0.001,25,original,ok,,0.5647829828742227,0.7382577400401896,1.0060795489989687,6,1,0,0,4,4,0,18,0.7142857142857143,1.0,[]
matched_sparse_gaussian,200,100,10,3,2.0,3.0,14,60,120,2,20,0.001,25,burnin_only,ok,,0.7921325590960431,0.8158172843408821,0.9115035329996317,5,1,0,0,4,4,0,18,0.7142857142857143,1.0,"[{""split_idx"": 0, ""old_K"": 1, ""proposed_K"": 2, ""null_loss"": NaN, ""split_loss"": NaN, ""improvement"": NaN, ""improvement_per_sample"": NaN, ""accept_tol_per_sample"": NaN, ""accepted"": true, ""acceptance_mode"": ""accept_all_eligible"", ""epoch"": 120, ""diagnostic_score"": 186.09600830078125, ""cluster_size"": 200, ""persistence_count"": 1}, {""split_idx"": 0, ""old_K"": 2, ""proposed_K"": 3, ""null_loss"": NaN, ""split_loss"": NaN, ""improvement"": NaN, ""improvement_per_sample"": NaN, ""accept_tol_per_sample"": NaN, ""accepted"": true, ""acceptance_mode"": ""accept_all_eligible"", ""epoch"": 180, ""diagnostic_score"": 182.47958374023438, ""cluster_size"": 95, ""persistence_count"": 1}, {""split_idx"": 1, ""old_K"": 3, ""proposed_K"": 4, ""null_loss"": NaN, ""split_loss"": NaN, ""improvement"": NaN, ""improvement_per_sample"": NaN, ""accept_tol_per_sample"": NaN, ""accepted"": true, ""acceptance_mode"": ""accept_all_eligible"", ""epoch"": 240, ""diagnostic_score"": 181.1811065673828, ""cluster_size"": 57, ""persistence_count"": 1}, {""split_idx"": 2, ""old_K"": 4, ""proposed_K"": 5, ""null_loss"": NaN, ""split_loss"": NaN, ""improvement"": NaN, ""improvement_per_sample"": NaN, ""accept_tol_per_sample"": NaN, ""accepted"": true, ""acceptance_mode"": ""accept_all_eligible"", ""epoch"": 300, ""diagnostic_score"": 178.92965698242188, ""cluster_size"": 52, ""persistence_count"": 1}]"
matched_sparse_gaussian,200,100,10,3,2.0,3.0,14,60,120,2,20,0.001,25,burnin_persistence,ok,,0.48509802544224606,0.5233033691705491,0.8492841219995171,3,0,0,1,2,2,0,18,0.7142857142857143,1.0,"[{""split_idx"": 0, ""old_K"": 1, ""proposed_K"": 2, ""null_loss"": NaN, ""split_loss"": NaN, ""improvement"": NaN, ""improvement_per_sample"": NaN, ""accept_tol_per_sample"": NaN, ""accepted"": true, ""acceptance_mode"": ""accept_all_eligible"", ""epoch"": 180, ""diagnostic_score"": 184.8312530517578, ""cluster_size"": 200, ""persistence_count"": 2}, {""split_idx"": 1, ""old_K"": 2, ""proposed_K"": 3, ""null_loss"": NaN, ""split_loss"": NaN, ""improvement"": NaN, ""improvement_per_sample"": NaN, ""accept_tol_per_sample"": NaN, ""accepted"": true, ""acceptance_mode"": ""accept_all_eligible"", ""epoch"": 300, ""diagnostic_score"": 180.89854431152344, ""cluster_size"": 127, ""persistence_count"": 2}]"
matched_sparse_gaussian,200,100,10,3,2.0,3.0,14,60,120,2,20,0.001,25,full_safeguard,ok,,0.9412870851583854,0.9205191285435739,1.044526155999847,3,0,0,1,2,2,0,19,0.6896551724137931,1.0,"[{""split_idx"": 0, ""old_K"": 1, ""proposed_K"": 2, ""null_loss"": 37686.14453125, ""split_loss"": 37447.890625, ""improvement"": 238.25390625, ""improvement_per_sample"": 1.19126953125, ""accept_tol_per_sample"": 0.001, ""accepted"": true, ""epoch"": 180, ""diagnostic_score"": 184.8312530517578, ""cluster_size"": 200, ""persistence_count"": 2}, {""split_idx"": 1, ""old_K"": 2, ""proposed_K"": 3, ""null_loss"": 36944.125, ""split_loss"": 36856.5859375, ""improvement"": 87.5390625, ""improvement_per_sample"": 0.4376953125, ""accept_tol_per_sample"": 0.001, ""accepted"": true, ""epoch"": 300, ""diagnostic_score"": 181.01719665527344, ""cluster_size"": 131, ""persistence_count"": 2}]"
matched_sparse_gaussian,200,100,10,3,2.0,3.0,15,60,120,2,20,0.001,25,original,ok,,0.5694096018340312,0.7480434548883405,1.1233810230005474,6,1,0,0,4,4,0,25,0.5714285714285714,1.0,[]
matched_sparse_gaussian,200,100,10,3,2.0,3.0,15,60,120,2,20,0.001,25,burnin_only,ok,,0.7170770956554009,0.8098906759589269,0.9166853959995933,5,1,0,0,4,4,0,28,0.5263157894736842,1.0,"[{""split_idx"": 0, ""old_K"": 1, ""proposed_K"": 2, ""null_loss"": NaN, ""split_loss"": NaN, ""improvement"": NaN, ""improvement_per_sample"": NaN, ""accept_tol_per_sample"": NaN, ""accepted"": true, ""acceptance_mode"": ""accept_all_eligible"", ""epoch"": 120, ""diagnostic_score"": 184.04354858398438, ""cluster_size"": 200, ""persistence_count"": 1}, {""split_idx"": 1, ""old_K"": 2, ""proposed_K"": 3, ""null_loss"": NaN, ""split_loss"": NaN, ""improvement"": NaN, ""improvement_per_sample"": NaN, ""accept_tol_per_sample"": NaN, ""accepted"": true, ""acceptance_mode"": ""accept_all_eligible"", ""epoch"": 180, ""diagnostic_score"": 179.94712829589844, ""cluster_size"": 103, ""persistence_count"": 1}, {""split_idx"": 1, ""old_K"": 3, ""proposed_K"": 4, ""null_loss"": NaN, ""split_loss"": NaN, ""improvement"": NaN, ""improvement_per_sample"": NaN, ""accept_tol_per_sample"": NaN, ""accepted"": true, ""acceptance_mode"": ""accept_all_eligible"", ""epoch"": 240, ""diagnostic_score"": 177.1936798095703, ""cluster_size"": 66, ""persistence_count"": 1}, {""split_idx"": 0, ""old_K"": 4, ""proposed_K"": 5, ""null_loss"": NaN, ""split_loss"": NaN, ""improvement"": NaN, ""improvement_per_sample"": NaN, ""accept_tol_per_sample"": NaN, ""accepted"": true, ""acceptance_mode"": ""accept_all_eligible"", ""epoch"": 300, ""diagnostic_score"": 176.51829528808594, ""cluster_size"": 68, ""persistence_count"": 1}]"
matched_sparse_gaussian,200,100,10,3,2.0,3.0,15,60,120,2,20,0.001,25,burnin_persistence,ok,,0.48613569404442286,0.5131949230930113,0.8481277190003311,3,0,0,1,2,2,0,27,0.5405405405405406,1.0,"[{""split_idx"": 0, ""old_K"": 1, ""proposed_K"": 2, ""null_loss"": NaN, ""split_loss"": NaN, ""improvement"": NaN, ""improvement_per_sample"": NaN, ""accept_tol_per_sample"": NaN, ""accepted"": true, ""acceptance_mode"": ""accept_all_eligible"", ""epoch"": 180, ""diagnostic_score"": 182.5928497314453, ""cluster_size"": 200, ""persistence_count"": 2}, {""split_idx"": 0, ""old_K"": 2, ""proposed_K"": 3, ""null_loss"": NaN, ""split_loss"": NaN, ""improvement"": NaN, ""improvement_per_sample"": NaN, ""accept_tol_per_sample"": NaN, ""accepted"": true, ""acceptance_mode"": ""accept_all_eligible"", ""epoch"": 300, ""diagnostic_score"": 178.28329467773438, ""cluster_size"": 114, ""persistence_count"": 2}]"
matched_sparse_gaussian,200,100,10,3,2.0,3.0,15,60,120,2,20,0.001,25,full_safeguard,ok,,0.44776926422783625,0.5207528180763613,0.9548190250006883,2,0,1,0,2,1,1,27,0.5405405405405406,1.0,"[{""split_idx"": 0, ""old_K"": 1, ""proposed_K"": 2, ""null_loss"": 37307.64453125, ""split_loss"": 37333.1328125, ""improvement"": -25.48828125, ""improvement_per_sample"": -0.12744140625, ""accept_tol_per_sample"": 0.001, ""accepted"": false, ""epoch"": 180, ""diagnostic_score"": 182.5928497314453, ""cluster_size"": 200, ""persistence_count"": 2}, {""split_idx"": 0, ""old_K"": 1, ""proposed_K"": 2, ""null_loss"": 37297.91015625, ""split_loss"": 37160.8125, ""improvement"": 137.09765625, ""improvement_per_sample"": 0.68548828125, ""accept_tol_per_sample"": 0.001, ""accepted"": true, ""epoch"": 300, ""diagnostic_score"": 181.71189880371094, ""cluster_size"": 200, ""persistence_count"": 2}]"
matched_sparse_gaussian,200,100,10,3,2.0,3.0,16,60,120,2,20,0.001,25,original,ok,,0.5714384701753078,0.7618349214255549,1.061888029000329,6,1,0,0,4,4,0,14,0.8333333333333334,1.0,[]
matched_sparse_gaussian,200,100,10,3,2.0,3.0,16,60,120,2,20,0.001,25,burnin_only,ok,,0.728969019642824,0.8283442491600839,1.1398548020006274,5,1,0,0,4,4,0,15,0.8,1.0,"[{""split_idx"": 0, ""old_K"": 1, ""proposed_K"": 2, ""null_loss"": NaN, ""split_loss"": NaN, ""improvement"": NaN, ""improvement_per_sample"": NaN, ""accept_tol_per_sample"": NaN, ""accepted"": true, ""acceptance_mode"": ""accept_all_eligible"", ""epoch"": 120, ""diagnostic_score"": 189.39515686035156, ""cluster_size"": 200, ""persistence_count"": 1}, {""split_idx"": 0, ""old_K"": 2, ""proposed_K"": 3, ""null_loss"": NaN, ""split_loss"": NaN, ""improvement"": NaN, ""improvement_per_sample"": NaN, ""accept_tol_per_sample"": NaN, ""accepted"": true, ""acceptance_mode"": ""accept_all_eligible"", ""epoch"": 180, ""diagnostic_score"": 185.6949462890625, ""cluster_size"": 98, ""persistence_count"": 1}, {""split_idx"": 1, ""old_K"": 3, ""proposed_K"": 4, ""null_loss"": NaN, ""split_loss"": NaN, ""improvement"": NaN, ""improvement_per_sample"": NaN, ""accept_tol_per_sample"": NaN, ""accepted"": true, ""acceptance_mode"": ""accept_all_eligible"", ""epoch"": 240, ""diagnostic_score"": 182.90528869628906, ""cluster_size"": 66, ""persistence_count"": 1}, {""split_idx"": 1, ""old_K"": 4, ""proposed_K"": 5, ""null_loss"": NaN, ""split_loss"": NaN, ""improvement"": NaN, ""improvement_per_sample"": NaN, ""accept_tol_per_sample"": NaN, ""accepted"": true, ""acceptance_mode"": ""accept_all_eligible"", ""epoch"": 300, ""diagnostic_score"": 182.19110107421875, ""cluster_size"": 68, ""persistence_count"": 1}]"
matched_sparse_gaussian,200,100,10,3,2.0,3.0,16,60,120,2,20,0.001,25,burnin_persistence,ok,,0.41117078657420053,0.4584154793729684,1.1656640820001485,3,0,0,1,2,2,0,15,0.8,1.0,"[{""split_idx"": 0, ""old_K"": 1, ""proposed_K"": 2, ""null_loss"": NaN, ""split_loss"": NaN, ""improvement"": NaN, ""improvement_per_sample"": NaN, ""accept_tol_per_sample"": NaN, ""accepted"": true, ""acceptance_mode"": ""accept_all_eligible"", ""epoch"": 180, ""diagnostic_score"": 188.2029266357422, ""cluster_size"": 200, ""persistence_count"": 2}, {""split_idx"": 0, ""old_K"": 2, ""proposed_K"": 3, ""null_loss"": NaN, ""split_loss"": NaN, ""improvement"": NaN, ""improvement_per_sample"": NaN, ""accept_tol_per_sample"": NaN, ""accepted"": true, ""acceptance_mode"": ""accept_all_eligible"", ""epoch"": 300, ""diagnostic_score"": 184.33184814453125, ""cluster_size"": 116, ""persistence_count"": 2}]"
matched_sparse_gaussian,200,100,10,3,2.0,3.0,16,60,120,2,20,0.001,25,full_safeguard,ok,,0.9412734838994374,0.9205309341305687,1.520553125999868,3,0,0,1,2,2,0,15,0.8,1.0,"[{""split_idx"": 0, ""old_K"": 1, ""proposed_K"": 2, ""null_loss"": 38160.2578125, ""split_loss"": 37989.17578125, ""improvement"": 171.08203125, ""improvement_per_sample"": 0.85541015625, ""accept_tol_per_sample"": 0.001, ""accepted"": true, ""epoch"": 180, ""diagnostic_score"": 188.2029266357422, ""cluster_size"": 200, ""persistence_count"": 2}, {""split_idx"": 0, ""old_K"": 2, ""proposed_K"": 3, ""null_loss"": 37451.6484375, ""split_loss"": 37388.46875, ""improvement"": 63.1796875, ""improvement_per_sample"": 0.3158984375, ""accept_tol_per_sample"": 0.001, ""accepted"": true, ""epoch"": 300, ""diagnostic_score"": 184.35211181640625, ""cluster_size"": 120, ""persistence_count"": 2}]"
matched_sparse_gaussian,200,100,10,3,2.0,3.0,17,60,120,2,20,0.001,25,original,ok,,0.6897338901109689,0.7944343514436915,1.5177054700016015,6,1,0,0,4,4,0,24,0.5882352941176471,1.0,[]
matched_sparse_gaussian,200,100,10,3,2.0,3.0,17,60,120,2,20,0.001,25,burnin_only,ok,,0.7217697931932735,0.8258751818811734,1.031472461998419,5,1,0,0,4,4,0,22,0.625,1.0,"[{""split_idx"": 0, ""old_K"": 1, ""proposed_K"": 2, ""null_loss"": NaN, ""split_loss"": NaN, ""improvement"": NaN, ""improvement_per_sample"": NaN, ""accept_tol_per_sample"": NaN, ""accepted"": true, ""acceptance_mode"": ""accept_all_eligible"", ""epoch"": 120, ""diagnostic_score"": 183.7621307373047, ""cluster_size"": 200, ""persistence_count"": 1}, {""split_idx"": 1, ""old_K"": 2, ""proposed_K"": 3, ""null_loss"": NaN, ""split_loss"": NaN, ""improvement"": NaN, ""improvement_per_sample"": NaN, ""accept_tol_per_sample"": NaN, ""accepted"": true, ""acceptance_mode"": ""accept_all_eligible"", ""epoch"": 180, ""diagnostic_score"": 179.7881317138672, ""cluster_size"": 97, ""persistence_count"": 1}, {""split_idx"": 1, ""old_K"": 3, ""proposed_K"": 4, ""null_loss"": NaN, ""split_loss"": NaN, ""improvement"": NaN, ""improvement_per_sample"": NaN, ""accept_tol_per_sample"": NaN, ""accepted"": true, ""acceptance_mode"": ""accept_all_eligible"", ""epoch"": 240, ""diagnostic_score"": 178.1364288330078, ""cluster_size"": 62, ""persistence_count"": 1}, {""split_idx"": 1, ""old_K"": 4, ""proposed_K"": 5, ""null_loss"": NaN, ""split_loss"": NaN, ""improvement"": NaN, ""improvement_per_sample"": NaN, ""accept_tol_per_sample"": NaN, ""accepted"": true, ""acceptance_mode"": ""accept_all_eligible"", ""epoch"": 300, ""diagnostic_score"": 176.02804565429688, ""cluster_size"": 68, ""persistence_count"": 1}]"
matched_sparse_gaussian,200,100,10,3,2.0,3.0,17,60,120,2,20,0.001,25,burnin_persistence,ok,,0.4655642273148746,0.510895239401782,0.8532713149998017,3,0,0,1,2,2,0,29,0.5128205128205128,1.0,"[{""split_idx"": 0, ""old_K"": 1, ""proposed_K"": 2, ""null_loss"": NaN, ""split_loss"": NaN, ""improvement"": NaN, ""improvement_per_sample"": NaN, ""accept_tol_per_sample"": NaN, ""accepted"": true, ""acceptance_mode"": ""accept_all_eligible"", ""epoch"": 180, ""diagnostic_score"": 182.2659149169922, ""cluster_size"": 200, ""persistence_count"": 2}, {""split_idx"": 1, ""old_K"": 2, ""proposed_K"": 3, ""null_loss"": NaN, ""split_loss"": NaN, ""improvement"": NaN, ""improvement_per_sample"": NaN, ""accept_tol_per_sample"": NaN, ""accepted"": true, ""acceptance_mode"": ""accept_all_eligible"", ""epoch"": 300, ""diagnostic_score"": 177.65249633789062, ""cluster_size"": 123, ""persistence_count"": 2}]"
matched_sparse_gaussian,200,100,10,3,2.0,3.0,17,60,120,2,20,0.001,25,full_safeguard,ok,,0.6522908990046385,0.6779886535737708,1.0448441169992293,3,0,0,1,2,2,0,26,0.5555555555555556,1.0,"[{""split_idx"": 0, ""old_K"": 1, ""proposed_K"": 2, ""null_loss"": 37263.6640625, ""split_loss"": 37174.484375, ""improvement"": 89.1796875, ""improvement_per_sample"": 0.4458984375, ""accept_tol_per_sample"": 0.001, ""accepted"": true, ""epoch"": 180, ""diagnostic_score"": 182.2659149169922, ""cluster_size"": 200, ""persistence_count"": 2}, {""split_idx"": 1, ""old_K"": 2, ""proposed_K"": 3, ""null_loss"": 36510.80859375, ""split_loss"": 36496.9140625, ""improvement"": 13.89453125, ""improvement_per_sample"": 0.06947265625, ""accept_tol_per_sample"": 0.001, ""accepted"": true, ""epoch"": 300, ""diagnostic_score"": 177.85650634765625, ""cluster_size"": 132, ""persistence_count"": 2}]"
matched_sparse_gaussian,200,100,10,3,2.0,3.0,18,60,120,2,20,0.001,25,original,ok,,0.6845879054398343,0.790272860322366,1.0650662150001153,6,1,0,0,4,4,0,23,0.6060606060606061,1.0,[]
matched_sparse_gaussian,200,100,10,3,2.0,3.0,18,60,120,2,20,0.001,25,burnin_only,ok,,0.723402630592002,0.8264417661192569,0.9145888999992167,5,1,0,0,4,4,0,24,0.5882352941176471,1.0,"[{""split_idx"": 0, ""old_K"": 1, ""proposed_K"": 2, ""null_loss"": NaN, ""split_loss"": NaN, ""improvement"": NaN, ""improvement_per_sample"": NaN, ""accept_tol_per_sample"": NaN, ""accepted"": true, ""acceptance_mode"": ""accept_all_eligible"", ""epoch"": 120, ""diagnostic_score"": 184.92733764648438, ""cluster_size"": 200, ""persistence_count"": 1}, {""split_idx"": 1, ""old_K"": 2, ""proposed_K"": 3, ""null_loss"": NaN, ""split_loss"": NaN, ""improvement"": NaN, ""improvement_per_sample"": NaN, ""accept_tol_per_sample"": NaN, ""accepted"": true, ""acceptance_mode"": ""accept_all_eligible"", ""epoch"": 180, ""diagnostic_score"": 180.8429718017578, ""cluster_size"": 97, ""persistence_count"": 1}, {""split_idx"": 1, ""old_K"": 3, ""proposed_K"": 4, ""null_loss"": NaN, ""split_loss"": NaN, ""improvement"": NaN, ""improvement_per_sample"": NaN, ""accept_tol_per_sample"": NaN, ""accepted"": true, ""acceptance_mode"": ""accept_all_eligible"", ""epoch"": 240, ""diagnostic_score"": 178.10430908203125, ""cluster_size"": 66, ""persistence_count"": 1}, {""split_idx"": 1, ""old_K"": 4, ""proposed_K"": 5, ""null_loss"": NaN, ""split_loss"": NaN, ""improvement"": NaN, ""improvement_per_sample"": NaN, ""accept_tol_per_sample"": NaN, ""accepted"": true, ""acceptance_mode"": ""accept_all_eligible"", ""epoch"": 300, ""diagnostic_score"": 177.69387817382812, ""cluster_size"": 68, ""persistence_count"": 1}]"
matched_sparse_gaussian,200,100,10,3,2.0,3.0,18,60,120,2,20,0.001,25,burnin_persistence,ok,,0.383340345138888,0.43961323532807134,0.8212259030005953,3,0,0,1,2,2,0,26,0.5555555555555556,1.0,"[{""split_idx"": 0, ""old_K"": 1, ""proposed_K"": 2, ""null_loss"": NaN, ""split_loss"": NaN, ""improvement"": NaN, ""improvement_per_sample"": NaN, ""accept_tol_per_sample"": NaN, ""accepted"": true, ""acceptance_mode"": ""accept_all_eligible"", ""epoch"": 180, ""diagnostic_score"": 183.48138427734375, ""cluster_size"": 200, ""persistence_count"": 2}, {""split_idx"": 1, ""old_K"": 2, ""proposed_K"": 3, ""null_loss"": NaN, ""split_loss"": NaN, ""improvement"": NaN, ""improvement_per_sample"": NaN, ""accept_tol_per_sample"": NaN, ""accepted"": true, ""acceptance_mode"": ""accept_all_eligible"", ""epoch"": 300, ""diagnostic_score"": 178.7606201171875, ""cluster_size"": 110, ""persistence_count"": 2}]"
matched_sparse_gaussian,200,100,10,3,2.0,3.0,18,60,120,2,20,0.001,25,full_safeguard,ok,,0.9409668996591551,0.9304448083881361,1.047525358000712,3,0,0,1,2,2,0,26,0.5555555555555556,1.0,"[{""split_idx"": 0, ""old_K"": 1, ""proposed_K"": 2, ""null_loss"": 37448.62109375, ""split_loss"": 37401.46484375, ""improvement"": 47.15625, ""improvement_per_sample"": 0.23578125, ""accept_tol_per_sample"": 0.001, ""accepted"": true, ""epoch"": 180, ""diagnostic_score"": 183.48138427734375, ""cluster_size"": 200, ""persistence_count"": 2}, {""split_idx"": 1, ""old_K"": 2, ""proposed_K"": 3, ""null_loss"": 36724.4140625, ""split_loss"": 36606.65234375, ""improvement"": 117.76171875, ""improvement_per_sample"": 0.58880859375, ""accept_tol_per_sample"": 0.001, ""accepted"": true, ""epoch"": 300, ""diagnostic_score"": 178.8108673095703, ""cluster_size"": 118, ""persistence_count"": 2}]"
matched_sparse_gaussian,200,100,10,3,2.0,3.0,19,60,120,2,20,0.001,25,original,ok,,0.6738263136410904,0.7873475832799012,1.0474034150010993,6,1,0,0,4,4,0,27,0.5405405405405406,1.0,[]
matched_sparse_gaussian,200,100,10,3,2.0,3.0,19,60,120,2,20,0.001,25,burnin_only,ok,,0.72313060602531,0.8263398059101416,0.940989160000754,5,1,0,0,4,4,0,29,0.5128205128205128,1.0,"[{""split_idx"": 0, ""old_K"": 1, ""proposed_K"": 2, ""null_loss"": NaN, ""split_loss"": NaN, ""improvement"": NaN, ""improvement_per_sample"": NaN, ""accept_tol_per_sample"": NaN, ""accepted"": true, ""acceptance_mode"": ""accept_all_eligible"", ""epoch"": 120, ""diagnostic_score"": 184.07373046875, ""cluster_size"": 200, ""persistence_count"": 1}, {""split_idx"": 0, ""old_K"": 2, ""proposed_K"": 3, ""null_loss"": NaN, ""split_loss"": NaN, ""improvement"": NaN, ""improvement_per_sample"": NaN, ""accept_tol_per_sample"": NaN, ""accepted"": true, ""acceptance_mode"": ""accept_all_eligible"", ""epoch"": 180, ""diagnostic_score"": 179.9346923828125, ""cluster_size"": 98, ""persistence_count"": 1}, {""split_idx"": 0, ""old_K"": 3, ""proposed_K"": 4, ""null_loss"": NaN, ""split_loss"": NaN, ""improvement"": NaN, ""improvement_per_sample"": NaN, ""accept_tol_per_sample"": NaN, ""accepted"": true, ""acceptance_mode"": ""accept_all_eligible"", ""epoch"": 240, ""diagnostic_score"": 178.808349609375, ""cluster_size"": 90, ""persistence_count"": 1}, {""split_idx"": 0, ""old_K"": 4, ""proposed_K"": 5, ""null_loss"": NaN, ""split_loss"": NaN, ""improvement"": NaN, ""improvement_per_sample"": NaN, ""accept_tol_per_sample"": NaN, ""accepted"": true, ""acceptance_mode"": ""accept_all_eligible"", ""epoch"": 300, ""diagnostic_score"": 176.8583984375, ""cluster_size"": 66, ""persistence_count"": 1}]"
matched_sparse_gaussian,200,100,10,3,2.0,3.0,19,60,120,2,20,0.001,25,burnin_persistence,ok,,0.3810113534156982,0.43998760027410605,0.8658724609995261,3,0,0,1,2,2,0,29,0.5128205128205128,1.0,"[{""split_idx"": 0, ""old_K"": 1, ""proposed_K"": 2, ""null_loss"": NaN, ""split_loss"": NaN, ""improvement"": NaN, ""improvement_per_sample"": NaN, ""accept_tol_per_sample"": NaN, ""accepted"": true, ""acceptance_mode"": ""accept_all_eligible"", ""epoch"": 180, ""diagnostic_score"": 182.55540466308594, ""cluster_size"": 200, ""persistence_count"": 2}, {""split_idx"": 1, ""old_K"": 2, ""proposed_K"": 3, ""null_loss"": NaN, ""split_loss"": NaN, ""improvement"": NaN, ""improvement_per_sample"": NaN, ""accept_tol_per_sample"": NaN, ""accepted"": true, ""acceptance_mode"": ""accept_all_eligible"", ""epoch"": 300, ""diagnostic_score"": 178.40057373046875, ""cluster_size"": 106, ""persistence_count"": 2}]"
matched_sparse_gaussian,200,100,10,3,2.0,3.0,19,60,120,2,20,0.001,25,full_safeguard,ok,,0.9555790820904775,0.935437545993921,1.3082216399998288,3,0,0,1,2,2,0,31,0.4878048780487805,1.0,"[{""split_idx"": 0, ""old_K"": 1, ""proposed_K"": 2, ""null_loss"": 37320.03125, ""split_loss"": 37067.3671875, ""improvement"": 252.6640625, ""improvement_per_sample"": 1.2633203125, ""accept_tol_per_sample"": 0.001, ""accepted"": true, ""epoch"": 180, ""diagnostic_score"": 182.55540466308594, ""cluster_size"": 200, ""persistence_count"": 2}, {""split_idx"": 1, ""old_K"": 2, ""proposed_K"": 3, ""null_loss"": 36616.96875, ""split_loss"": 36451.1796875, ""improvement"": 165.7890625, ""improvement_per_sample"": 0.8289453125, ""accept_tol_per_sample"": 0.001, ""accepted"": true, ""epoch"": 300, ""diagnostic_score"": 178.4665985107422, ""cluster_size"": 114, ""persistence_count"": 2}]"
matched_sparse_gaussian,200,100,10,3,2.0,3.0,20,60,120,2,20,0.001,25,original,ok,,0.6776079446300929,0.7885438073574245,1.4832028210003045,6,1,0,0,4,4,0,13,0.8695652173913043,1.0,[]
matched_sparse_gaussian,200,100,10,3,2.0,3.0,20,60,120,2,20,0.001,25,burnin_only,ok,,0.7212251458432836,0.8256869570016946,1.2949436680009967,5,1,0,0,4,4,0,15,0.8,1.0,"[{""split_idx"": 0, ""old_K"": 1, ""proposed_K"": 2, ""null_loss"": NaN, ""split_loss"": NaN, ""improvement"": NaN, ""improvement_per_sample"": NaN, ""accept_tol_per_sample"": NaN, ""accepted"": true, ""acceptance_mode"": ""accept_all_eligible"", ""epoch"": 120, ""diagnostic_score"": 187.7566375732422, ""cluster_size"": 200, ""persistence_count"": 1}, {""split_idx"": 0, ""old_K"": 2, ""proposed_K"": 3, ""null_loss"": NaN, ""split_loss"": NaN, ""improvement"": NaN, ""improvement_per_sample"": NaN, ""accept_tol_per_sample"": NaN, ""accepted"": true, ""acceptance_mode"": ""accept_all_eligible"", ""epoch"": 180, ""diagnostic_score"": 184.0296173095703, ""cluster_size"": 106, ""persistence_count"": 1}, {""split_idx"": 2, ""old_K"": 3, ""proposed_K"": 4, ""null_loss"": NaN, ""split_loss"": NaN, ""improvement"": NaN, ""improvement_per_sample"": NaN, ""accept_tol_per_sample"": NaN, ""accepted"": true, ""acceptance_mode"": ""accept_all_eligible"", ""epoch"": 240, ""diagnostic_score"": 180.9104461669922, ""cluster_size"": 66, ""persistence_count"": 1}, {""split_idx"": 1, ""old_K"": 4, ""proposed_K"": 5, ""null_loss"": NaN, ""split_loss"": NaN, ""improvement"": NaN, ""improvement_per_sample"": NaN, ""accept_tol_per_sample"": NaN, ""accepted"": true, ""acceptance_mode"": ""accept_all_eligible"", ""epoch"": 300, ""diagnostic_score"": 180.3729248046875, ""cluster_size"": 68, ""persistence_count"": 1}]"
matched_sparse_gaussian,200,100,10,3,2.0,3.0,20,60,120,2,20,0.001,25,burnin_persistence,ok,,0.48718273836162285,0.5226042097539985,1.2366442359998473,3,0,0,1,2,2,0,16,0.7692307692307693,1.0,"[{""split_idx"": 0, ""old_K"": 1, ""proposed_K"": 2, ""null_loss"": NaN, ""split_loss"": NaN, ""improvement"": NaN, ""improvement_per_sample"": NaN, ""accept_tol_per_sample"": NaN, ""accepted"": true, ""acceptance_mode"": ""accept_all_eligible"", ""epoch"": 180, ""diagnostic_score"": 186.40115356445312, ""cluster_size"": 200, ""persistence_count"": 2}, {""split_idx"": 1, ""old_K"": 2, ""proposed_K"": 3, ""null_loss"": NaN, ""split_loss"": NaN, ""improvement"": NaN, ""improvement_per_sample"": NaN, ""accept_tol_per_sample"": NaN, ""accepted"": true, ""acceptance_mode"": ""accept_all_eligible"", ""epoch"": 300, ""diagnostic_score"": 182.76953125, ""cluster_size"": 126, ""persistence_count"": 2}]"
matched_sparse_gaussian,200,100,10,3,2.0,3.0,20,60,120,2,20,0.001,25,full_safeguard,ok,,0.8590982727992653,0.8381057997329421,1.010498349000045,3,0,0,1,2,2,0,14,0.8333333333333334,1.0,"[{""split_idx"": 0, ""old_K"": 1, ""proposed_K"": 2, ""null_loss"": 37925.234375, ""split_loss"": 37655.23828125, ""improvement"": 269.99609375, ""improvement_per_sample"": 1.34998046875, ""accept_tol_per_sample"": 0.001, ""accepted"": true, ""epoch"": 180, ""diagnostic_score"": 186.40115356445312, ""cluster_size"": 200, ""persistence_count"": 2}, {""split_idx"": 1, ""old_K"": 2, ""proposed_K"": 3, ""null_loss"": 37193.67578125, ""split_loss"": 37168.62890625, ""improvement"": 25.046875, ""improvement_per_sample"": 0.125234375, ""accept_tol_per_sample"": 0.001, ""accepted"": true, ""epoch"": 300, ""diagnostic_score"": 182.78736877441406, ""cluster_size"": 132, ""persistence_count"": 2}]"
matched_sparse_gaussian,1000,100,10,3,2.0,3.0,1,60,120,2,20,0.001,25,original,ok,,0.687739681672887,0.7842444697483489,3.308605988999261,6,1,0,0,4,4,0,10,1.0,1.0,[]
matched_sparse_gaussian,1000,100,10,3,2.0,3.0,1,60,120,2,20,0.001,25,burnin_only,ok,,0.7206475622955444,0.8131367921052604,2.7220660240000143,5,1,0,0,4,4,0,10,1.0,1.0,"[{""split_idx"": 0, ""old_K"": 1, ""proposed_K"": 2, ""null_loss"": NaN, ""split_loss"": NaN, ""improvement"": NaN, ""improvement_per_sample"": NaN, ""accept_tol_per_sample"": NaN, ""accepted"": true, ""acceptance_mode"": ""accept_all_eligible"", ""epoch"": 120, ""diagnostic_score"": 193.04820251464844, ""cluster_size"": 1000, ""persistence_count"": 1}, {""split_idx"": 1, ""old_K"": 2, ""proposed_K"": 3, ""null_loss"": NaN, ""split_loss"": NaN, ""improvement"": NaN, ""improvement_per_sample"": NaN, ""accept_tol_per_sample"": NaN, ""accepted"": true, ""acceptance_mode"": ""accept_all_eligible"", ""epoch"": 180, ""diagnostic_score"": 189.3878631591797, ""cluster_size"": 514, ""persistence_count"": 1}, {""split_idx"": 1, ""old_K"": 3, ""proposed_K"": 4, ""null_loss"": NaN, ""split_loss"": NaN, ""improvement"": NaN, ""improvement_per_sample"": NaN, ""accept_tol_per_sample"": NaN, ""accepted"": true, ""acceptance_mode"": ""accept_all_eligible"", ""epoch"": 240, ""diagnostic_score"": 186.73255920410156, ""cluster_size"": 332, ""persistence_count"": 1}, {""split_idx"": 0, ""old_K"": 4, ""proposed_K"": 5, ""null_loss"": NaN, ""split_loss"": NaN, ""improvement"": NaN, ""improvement_per_sample"": NaN, ""accept_tol_per_sample"": NaN, ""accepted"": true, ""acceptance_mode"": ""accept_all_eligible"", ""epoch"": 300, ""diagnostic_score"": 186.60052490234375, ""cluster_size"": 333, ""persistence_count"": 1}]"
matched_sparse_gaussian,1000,100,10,3,2.0,3.0,1,60,120,2,20,0.001,25,burnin_persistence,ok,,0.43707895261601687,0.48360902775121145,1.810759849000533,3,0,0,1,2,2,0,10,1.0,1.0,"[{""split_idx"": 0, ""old_K"": 1, ""proposed_K"": 2, ""null_loss"": NaN, ""split_loss"": NaN, ""improvement"": NaN, ""improvement_per_sample"": NaN, ""accept_tol_per_sample"": NaN, ""accepted"": true, ""acceptance_mode"": ""accept_all_eligible"", ""epoch"": 180, ""diagnostic_score"": 191.98094177246094, ""cluster_size"": 1000, ""persistence_count"": 2}, {""split_idx"": 0, ""old_K"": 2, ""proposed_K"": 3, ""null_loss"": NaN, ""split_loss"": NaN, ""improvement"": NaN, ""improvement_per_sample"": NaN, ""accept_tol_per_sample"": NaN, ""accepted"": true, ""acceptance_mode"": ""accept_all_eligible"", ""epoch"": 300, ""diagnostic_score"": 188.223388671875, ""cluster_size"": 540, ""persistence_count"": 2}]"
matched_sparse_gaussian,1000,100,10,3,2.0,3.0,1,60,120,2,20,0.001,25,full_safeguard,ok,,0.9673922251269633,0.9472773798683043,2.5470448329997453,3,0,0,1,2,2,0,10,1.0,1.0,"[{""split_idx"": 0, ""old_K"": 1, ""proposed_K"": 2, ""null_loss"": 193852.46875, ""split_loss"": 192855.578125, ""improvement"": 996.890625, ""improvement_per_sample"": 0.996890625, ""accept_tol_per_sample"": 0.001, ""accepted"": true, ""epoch"": 180, ""diagnostic_score"": 191.98094177246094, ""cluster_size"": 1000, ""persistence_count"": 2}, {""split_idx"": 0, ""old_K"": 2, ""proposed_K"": 3, ""null_loss"": 190488.296875, ""split_loss"": 189785.0625, ""improvement"": 703.234375, ""improvement_per_sample"": 0.703234375, ""accept_tol_per_sample"": 0.001, ""accepted"": true, ""epoch"": 300, ""diagnostic_score"": 188.3332977294922, ""cluster_size"": 568, ""persistence_count"": 2}]"
matched_sparse_gaussian,1000,100,10,3,2.0,3.0,2,60,120,2,20,0.001,25,original,ok,,0.6936486850319581,0.7843605161157299,3.6175355810009933,6,1,0,0,4,4,0,11,0.9523809523809523,1.0,[]
matched_sparse_gaussian,1000,100,10,3,2.0,3.0,2,60,120,2,20,0.001,25,burnin_only,ok,,0.727583676062865,0.8265209881506771,2.2129743960013,5,1,0,0,4,4,0,11,0.9523809523809523,1.0,"[{""split_idx"": 0, ""old_K"": 1, ""proposed_K"": 2, ""null_loss"": NaN, ""split_loss"": NaN, ""improvement"": NaN, ""improvement_per_sample"": NaN, ""accept_tol_per_sample"": NaN, ""accepted"": true, ""acceptance_mode"": ""accept_all_eligible"", ""epoch"": 120, ""diagnostic_score"": 192.1594696044922, ""cluster_size"": 1000, ""persistence_count"": 1}, {""split_idx"": 0, ""old_K"": 2, ""proposed_K"": 3, ""null_loss"": NaN, ""split_loss"": NaN, ""improvement"": NaN, ""improvement_per_sample"": NaN, ""accept_tol_per_sample"": NaN, ""accepted"": true, ""acceptance_mode"": ""accept_all_eligible"", ""epoch"": 180, ""diagnostic_score"": 188.43817138671875, ""cluster_size"": 488, ""persistence_count"": 1}, {""split_idx"": 1, ""old_K"": 3, ""proposed_K"": 4, ""null_loss"": NaN, ""split_loss"": NaN, ""improvement"": NaN, ""improvement_per_sample"": NaN, ""accept_tol_per_sample"": NaN, ""accepted"": true, ""acceptance_mode"": ""accept_all_eligible"", ""epoch"": 240, ""diagnostic_score"": 185.804931640625, ""cluster_size"": 333, ""persistence_count"": 1}, {""split_idx"": 1, ""old_K"": 4, ""proposed_K"": 5, ""null_loss"": NaN, ""split_loss"": NaN, ""improvement"": NaN, ""improvement_per_sample"": NaN, ""accept_tol_per_sample"": NaN, ""accepted"": true, ""acceptance_mode"": ""accept_all_eligible"", ""epoch"": 300, ""diagnostic_score"": 185.50363159179688, ""cluster_size"": 333, ""persistence_count"": 1}]"
matched_sparse_gaussian,1000,100,10,3,2.0,3.0,2,60,120,2,20,0.001,25,burnin_persistence,ok,,0.4187561224485795,0.4639399188299395,1.52596551500028,3,0,0,1,2,2,0,11,0.9523809523809523,1.0,"[{""split_idx"": 0, ""old_K"": 1, ""proposed_K"": 2, ""null_loss"": NaN, ""split_loss"": NaN, ""improvement"": NaN, ""improvement_per_sample"": NaN, ""accept_tol_per_sample"": NaN, ""accepted"": true, ""acceptance_mode"": ""accept_all_eligible"", ""epoch"": 180, ""diagnostic_score"": 190.9984130859375, ""cluster_size"": 1000, ""persistence_count"": 2}, {""split_idx"": 1, ""old_K"": 2, ""proposed_K"": 3, ""null_loss"": NaN, ""split_loss"": NaN, ""improvement"": NaN, ""improvement_per_sample"": NaN, ""accept_tol_per_sample"": NaN, ""accepted"": true, ""acceptance_mode"": ""accept_all_eligible"", ""epoch"": 300, ""diagnostic_score"": 187.20730590820312, ""cluster_size"": 558, ""persistence_count"": 2}]"
matched_sparse_gaussian,1000,100,10,3,2.0,3.0,2,60,120,2,20,0.001,25,full_safeguard,ok,,0.9761748282088182,0.9607615463769597,2.0307473839984596,3,0,0,1,2,2,0,11,0.9523809523809523,1.0,"[{""split_idx"": 0, ""old_K"": 1, ""proposed_K"": 2, ""null_loss"": 193177.03125, ""split_loss"": 191849.703125, ""improvement"": 1327.328125, ""improvement_per_sample"": 1.327328125, ""accept_tol_per_sample"": 0.001, ""accepted"": true, ""epoch"": 180, ""diagnostic_score"": 190.9984130859375, ""cluster_size"": 1000, ""persistence_count"": 2}, {""split_idx"": 1, ""old_K"": 2, ""proposed_K"": 3, ""null_loss"": 189649.34375, ""split_loss"": 189072.375, ""improvement"": 576.96875, ""improvement_per_sample"": 0.57696875, ""accept_tol_per_sample"": 0.001, ""accepted"": true, ""epoch"": 300, ""diagnostic_score"": 187.14724731445312, ""cluster_size"": 601, ""persistence_count"": 2}]"
matched_sparse_gaussian,1000,100,10,3,2.0,3.0,3,60,120,2,20,0.001,25,original,ok,,0.5823294490331844,0.7634959782423174,3.0408019079986843,6,1,0,0,4,4,0,10,1.0,1.0,[]
matched_sparse_gaussian,1000,100,10,3,2.0,3.0,3,60,120,2,20,0.001,25,burnin_only,ok,,0.7265203340296764,0.826247050853196,2.6500460489987745,5,1,0,0,4,4,0,10,1.0,1.0,"[{""split_idx"": 0, ""old_K"": 1, ""proposed_K"": 2, ""null_loss"": NaN, ""split_loss"": NaN, ""improvement"": NaN, ""improvement_per_sample"": NaN, ""accept_tol_per_sample"": NaN, ""accepted"": true, ""acceptance_mode"": ""accept_all_eligible"", ""epoch"": 120, ""diagnostic_score"": 192.6420135498047, ""cluster_size"": 1000, ""persistence_count"": 1}, {""split_idx"": 0, ""old_K"": 2, ""proposed_K"": 3, ""null_loss"": NaN, ""split_loss"": NaN, ""improvement"": NaN, ""improvement_per_sample"": NaN, ""accept_tol_per_sample"": NaN, ""accepted"": true, ""acceptance_mode"": ""accept_all_eligible"", ""epoch"": 180, ""diagnostic_score"": 189.17527770996094, ""cluster_size"": 505, ""persistence_count"": 1}, {""split_idx"": 0, ""old_K"": 3, ""proposed_K"": 4, ""null_loss"": NaN, ""split_loss"": NaN, ""improvement"": NaN, ""improvement_per_sample"": NaN, ""accept_tol_per_sample"": NaN, ""accepted"": true, ""acceptance_mode"": ""accept_all_eligible"", ""epoch"": 240, ""diagnostic_score"": 186.4614715576172, ""cluster_size"": 333, ""persistence_count"": 1}, {""split_idx"": 1, ""old_K"": 4, ""proposed_K"": 5, ""null_loss"": NaN, ""split_loss"": NaN, ""improvement"": NaN, ""improvement_per_sample"": NaN, ""accept_tol_per_sample"": NaN, ""accepted"": true, ""acceptance_mode"": ""accept_all_eligible"", ""epoch"": 300, ""diagnostic_score"": 186.17030334472656, ""cluster_size"": 334, ""persistence_count"": 1}]"
matched_sparse_gaussian,1000,100,10,3,2.0,3.0,3,60,120,2,20,0.001,25,burnin_persistence,ok,,0.41246681005445807,0.47763876683756473,2.142652136999459,3,0,0,1,2,2,0,10,1.0,1.0,"[{""split_idx"": 0, ""old_K"": 1, ""proposed_K"": 2, ""null_loss"": NaN, ""split_loss"": NaN, ""improvement"": NaN, ""improvement_per_sample"": NaN, ""accept_tol_per_sample"": NaN, ""accepted"": true, ""acceptance_mode"": ""accept_all_eligible"", ""epoch"": 180, ""diagnostic_score"": 191.71617126464844, ""cluster_size"": 1000, ""persistence_count"": 2}, {""split_idx"": 1, ""old_K"": 2, ""proposed_K"": 3, ""null_loss"": NaN, ""split_loss"": NaN, ""improvement"": NaN, ""improvement_per_sample"": NaN, ""accept_tol_per_sample"": NaN, ""accepted"": true, ""acceptance_mode"": ""accept_all_eligible"", ""epoch"": 300, ""diagnostic_score"": 187.7932586669922, ""cluster_size"": 518, ""persistence_count"": 2}]"
matched_sparse_gaussian,1000,100,10,3,2.0,3.0,3,60,120,2,20,0.001,25,full_safeguard,ok,,0.9615225563815984,0.9419510725006842,2.543709432999094,3,0,0,1,2,2,0,10,1.0,1.0,"[{""split_idx"": 0, ""old_K"": 1, ""proposed_K"": 2, ""null_loss"": 193516.125, ""split_loss"": 192530.0, ""improvement"": 986.125, ""improvement_per_sample"": 0.986125, ""accept_tol_per_sample"": 0.001, ""accepted"": true, ""epoch"": 180, ""diagnostic_score"": 191.71617126464844, ""cluster_size"": 1000, ""persistence_count"": 2}, {""split_idx"": 1, ""old_K"": 2, ""proposed_K"": 3, ""null_loss"": 190073.8125, ""split_loss"": 189491.015625, ""improvement"": 582.796875, ""improvement_per_sample"": 0.582796875, ""accept_tol_per_sample"": 0.001, ""accepted"": true, ""epoch"": 300, ""diagnostic_score"": 187.9114227294922, ""cluster_size"": 553, ""persistence_count"": 2}]"
matched_sparse_gaussian,1000,100,10,3,2.0,3.0,4,60,120,2,20,0.001,25,original,ok,,0.6780520592524066,0.7870219663810444,2.9896362139988923,6,1,0,0,4,4,0,10,1.0,1.0,[]
matched_sparse_gaussian,1000,100,10,3,2.0,3.0,4,60,120,2,20,0.001,25,burnin_only,ok,,0.8386827192547738,0.8659411335427027,2.572941432999869,5,1,0,0,4,4,0,10,1.0,1.0,"[{""split_idx"": 0, ""old_K"": 1, ""proposed_K"": 2, ""null_loss"": NaN, ""split_loss"": NaN, ""improvement"": NaN, ""improvement_per_sample"": NaN, ""accept_tol_per_sample"": NaN, ""accepted"": true, ""acceptance_mode"": ""accept_all_eligible"", ""epoch"": 120, ""diagnostic_score"": 192.61647033691406, ""cluster_size"": 1000, ""persistence_count"": 1}, {""split_idx"": 0, ""old_K"": 2, ""proposed_K"": 3, ""null_loss"": NaN, ""split_loss"": NaN, ""improvement"": NaN, ""improvement_per_sample"": NaN, ""accept_tol_per_sample"": NaN, ""accepted"": true, ""acceptance_mode"": ""accept_all_eligible"", ""epoch"": 180, ""diagnostic_score"": 188.93222045898438, ""cluster_size"": 503, ""persistence_count"": 1}, {""split_idx"": 1, ""old_K"": 3, ""proposed_K"": 4, ""null_loss"": NaN, ""split_loss"": NaN, ""improvement"": NaN, ""improvement_per_sample"": NaN, ""accept_tol_per_sample"": NaN, ""accepted"": true, ""acceptance_mode"": ""accept_all_eligible"", ""epoch"": 240, ""diagnostic_score"": 186.28164672851562, ""cluster_size"": 333, ""persistence_count"": 1}, {""split_idx"": 3, ""old_K"": 4, ""proposed_K"": 5, ""null_loss"": NaN, ""split_loss"": NaN, ""improvement"": NaN, ""improvement_per_sample"": NaN, ""accept_tol_per_sample"": NaN, ""accepted"": true, ""acceptance_mode"": ""accept_all_eligible"", ""epoch"": 300, ""diagnostic_score"": 186.40501403808594, ""cluster_size"": 153, ""persistence_count"": 1}]"
matched_sparse_gaussian,1000,100,10,3,2.0,3.0,4,60,120,2,20,0.001,25,burnin_persistence,ok,,0.453982735587894,0.49664380005781716,1.648558672000945,3,0,0,1,2,2,0,10,1.0,1.0,"[{""split_idx"": 0, ""old_K"": 1, ""proposed_K"": 2, ""null_loss"": NaN, ""split_loss"": NaN, ""improvement"": NaN, ""improvement_per_sample"": NaN, ""accept_tol_per_sample"": NaN, ""accepted"": true, ""acceptance_mode"": ""accept_all_eligible"", ""epoch"": 180, ""diagnostic_score"": 191.79513549804688, ""cluster_size"": 1000, ""persistence_count"": 2}, {""split_idx"": 1, ""old_K"": 2, ""proposed_K"": 3, ""null_loss"": NaN, ""split_loss"": NaN, ""improvement"": NaN, ""improvement_per_sample"": NaN, ""accept_tol_per_sample"": NaN, ""accepted"": true, ""acceptance_mode"": ""accept_all_eligible"", ""epoch"": 300, ""diagnostic_score"": 187.64248657226562, ""cluster_size"": 556, ""persistence_count"": 2}]"
matched_sparse_gaussian,1000,100,10,3,2.0,3.0,4,60,120,2,20,0.001,25,full_safeguard,ok,,0.9910135316283827,0.982670709093929,2.7889187910004694,3,0,0,1,2,2,0,10,1.0,1.0,"[{""split_idx"": 0, ""old_K"": 1, ""proposed_K"": 2, ""null_loss"": 193513.25, ""split_loss"": 191951.171875, ""improvement"": 1562.078125, ""improvement_per_sample"": 1.562078125, ""accept_tol_per_sample"": 0.001, ""accepted"": true, ""epoch"": 180, ""diagnostic_score"": 191.79513549804688, ""cluster_size"": 1000, ""persistence_count"": 2}, {""split_idx"": 1, ""old_K"": 2, ""proposed_K"": 3, ""null_loss"": 189942.546875, ""split_loss"": 189080.21875, ""improvement"": 862.328125, ""improvement_per_sample"": 0.862328125, ""accept_tol_per_sample"": 0.001, ""accepted"": true, ""epoch"": 300, ""diagnostic_score"": 187.7632293701172, ""cluster_size"": 595, ""persistence_count"": 2}]"
matched_sparse_gaussian,1000,100,10,3,2.0,3.0,5,60,120,2,20,0.001,25,original,ok,,0.7031244591691687,0.7979382352374121,4.064501030999963,6,1,0,0,4,4,0,10,1.0,1.0,[]
matched_sparse_gaussian,1000,100,10,3,2.0,3.0,5,60,120,2,20,0.001,25,burnin_only,ok,,0.7338296025947486,0.8246556405956541,2.4041482740012725,5,1,0,0,4,4,0,10,1.0,1.0,"[{""split_idx"": 0, ""old_K"": 1, ""proposed_K"": 2, ""null_loss"": NaN, ""split_loss"": NaN, ""improvement"": NaN, ""improvement_per_sample"": NaN, ""accept_tol_per_sample"": NaN, ""accepted"": true, ""acceptance_mode"": ""accept_all_eligible"", ""epoch"": 120, ""diagnostic_score"": 192.3436737060547, ""cluster_size"": 1000, ""persistence_count"": 1}, {""split_idx"": 1, ""old_K"": 2, ""proposed_K"": 3, ""null_loss"": NaN, ""split_loss"": NaN, ""improvement"": NaN, ""improvement_per_sample"": NaN, ""accept_tol_per_sample"": NaN, ""accepted"": true, ""acceptance_mode"": ""accept_all_eligible"", ""epoch"": 180, ""diagnostic_score"": 188.5216827392578, ""cluster_size"": 506, ""persistence_count"": 1}, {""split_idx"": 2, ""old_K"": 3, ""proposed_K"": 4, ""null_loss"": NaN, ""split_loss"": NaN, ""improvement"": NaN, ""improvement_per_sample"": NaN, ""accept_tol_per_sample"": NaN, ""accepted"": true, ""acceptance_mode"": ""accept_all_eligible"", ""epoch"": 240, ""diagnostic_score"": 186.42095947265625, ""cluster_size"": 331, ""persistence_count"": 1}, {""split_idx"": 1, ""old_K"": 4, ""proposed_K"": 5, ""null_loss"": NaN, ""split_loss"": NaN, ""improvement"": NaN, ""improvement_per_sample"": NaN, ""accept_tol_per_sample"": NaN, ""accepted"": true, ""acceptance_mode"": ""accept_all_eligible"", ""epoch"": 300, ""diagnostic_score"": 185.73785400390625, ""cluster_size"": 333, ""persistence_count"": 1}]"
matched_sparse_gaussian,1000,100,10,3,2.0,3.0,5,60,120,2,20,0.001,25,burnin_persistence,ok,,0.47192903043130086,0.5194292959161747,1.623724974999277,3,0,0,1,2,2,0,11,0.9523809523809523,1.0,"[{""split_idx"": 0, ""old_K"": 1, ""proposed_K"": 2, ""null_loss"": NaN, ""split_loss"": NaN, ""improvement"": NaN, ""improvement_per_sample"": NaN, ""accept_tol_per_sample"": NaN, ""accepted"": true, ""acceptance_mode"": ""accept_all_eligible"", ""epoch"": 180, ""diagnostic_score"": 191.27398681640625, ""cluster_size"": 1000, ""persistence_count"": 2}, {""split_idx"": 0, ""old_K"": 2, ""proposed_K"": 3, ""null_loss"": NaN, ""split_loss"": NaN, ""improvement"": NaN, ""improvement_per_sample"": NaN, ""accept_tol_per_sample"": NaN, ""accepted"": true, ""acceptance_mode"": ""accept_all_eligible"", ""epoch"": 300, ""diagnostic_score"": 187.3319854736328, ""cluster_size"": 524, ""persistence_count"": 2}]"
matched_sparse_gaussian,1000,100,10,3,2.0,3.0,5,60,120,2,20,0.001,25,full_safeguard,ok,,0.5545359653949758,0.680538512921324,2.1429721179993066,2,0,1,0,2,1,1,11,0.9523809523809523,1.0,"[{""split_idx"": 0, ""old_K"": 1, ""proposed_K"": 2, ""null_loss"": 193259.859375, ""split_loss"": 192736.40625, ""improvement"": 523.453125, ""improvement_per_sample"": 0.523453125, ""accept_tol_per_sample"": 0.001, ""accepted"": true, ""epoch"": 180, ""diagnostic_score"": 191.27398681640625, ""cluster_size"": 1000, ""persistence_count"": 2}, {""split_idx"": 0, ""old_K"": 2, ""proposed_K"": 3, ""null_loss"": 189837.015625, ""split_loss"": 189913.703125, ""improvement"": -76.6875, ""improvement_per_sample"": -0.0766875, ""accept_tol_per_sample"": 0.001, ""accepted"": false, ""epoch"": 300, ""diagnostic_score"": 187.38197326660156, ""cluster_size"": 546, ""persistence_count"": 2}]"
matched_sparse_gaussian,1000,100,10,3,2.0,3.0,6,60,120,2,20,0.001,25,original,ok,,0.6792064910915283,0.7835846157311702,3.2420076910002535,6,1,0,0,4,4,0,10,1.0,1.0,[]
matched_sparse_gaussian,1000,100,10,3,2.0,3.0,6,60,120,2,20,0.001,25,burnin_only,ok,,0.8422347359947663,0.8643341914805939,3.2169266310011153,5,1,0,0,4,4,0,10,1.0,1.0,"[{""split_idx"": 0, ""old_K"": 1, ""proposed_K"": 2, ""null_loss"": NaN, ""split_loss"": NaN, ""improvement"": NaN, ""improvement_per_sample"": NaN, ""accept_tol_per_sample"": NaN, ""accepted"": true, ""acceptance_mode"": ""accept_all_eligible"", ""epoch"": 120, ""diagnostic_score"": 191.72962951660156, ""cluster_size"": 1000, ""persistence_count"": 1}, {""split_idx"": 1, ""old_K"": 2, ""proposed_K"": 3, ""null_loss"": NaN, ""split_loss"": NaN, ""improvement"": NaN, ""improvement_per_sample"": NaN, ""accept_tol_per_sample"": NaN, ""accepted"": true, ""acceptance_mode"": ""accept_all_eligible"", ""epoch"": 180, ""diagnostic_score"": 188.00393676757812, ""cluster_size"": 499, ""persistence_count"": 1}, {""split_idx"": 2, ""old_K"": 3, ""proposed_K"": 4, ""null_loss"": NaN, ""split_loss"": NaN, ""improvement"": NaN, ""improvement_per_sample"": NaN, ""accept_tol_per_sample"": NaN, ""accepted"": true, ""acceptance_mode"": ""accept_all_eligible"", ""epoch"": 240, ""diagnostic_score"": 185.7025146484375, ""cluster_size"": 336, ""persistence_count"": 1}, {""split_idx"": 3, ""old_K"": 4, ""proposed_K"": 5, ""null_loss"": NaN, ""split_loss"": NaN, ""improvement"": NaN, ""improvement_per_sample"": NaN, ""accept_tol_per_sample"": NaN, ""accepted"": true, ""acceptance_mode"": ""accept_all_eligible"", ""epoch"": 300, ""diagnostic_score"": 185.64476013183594, ""cluster_size"": 137, ""persistence_count"": 1}]"
matched_sparse_gaussian,1000,100,10,3,2.0,3.0,6,60,120,2,20,0.001,25,burnin_persistence,ok,,0.6921705567482765,0.6726323304256303,1.997815325999909,3,0,0,1,2,2,0,10,1.0,1.0,"[{""split_idx"": 0, ""old_K"": 1, ""proposed_K"": 2, ""null_loss"": NaN, ""split_loss"": NaN, ""improvement"": NaN, ""improvement_per_sample"": NaN, ""accept_tol_per_sample"": NaN, ""accepted"": true, ""acceptance_mode"": ""accept_all_eligible"", ""epoch"": 180, ""diagnostic_score"": 190.74996948242188, ""cluster_size"": 1000, ""persistence_count"": 2}, {""split_idx"": 0, ""old_K"": 2, ""proposed_K"": 3, ""null_loss"": NaN, ""split_loss"": NaN, ""improvement"": NaN, ""improvement_per_sample"": NaN, ""accept_tol_per_sample"": NaN, ""accepted"": true, ""acceptance_mode"": ""accept_all_eligible"", ""epoch"": 300, ""diagnostic_score"": 187.1897735595703, ""cluster_size"": 612, ""persistence_count"": 2}]"
matched_sparse_gaussian,1000,100,10,3,2.0,3.0,6,60,120,2,20,0.001,25,full_safeguard,ok,,0.9673911426131003,0.9455335716483555,2.0867612629990617,3,0,0,1,2,2,0,10,1.0,1.0,"[{""split_idx"": 0, ""old_K"": 1, ""proposed_K"": 2, ""null_loss"": 192862.46875, ""split_loss"": 191229.03125, ""improvement"": 1633.4375, ""improvement_per_sample"": 1.6334375, ""accept_tol_per_sample"": 0.001, ""accepted"": true, ""epoch"": 180, ""diagnostic_score"": 190.74996948242188, ""cluster_size"": 1000, ""persistence_count"": 2}, {""split_idx"": 0, ""old_K"": 2, ""proposed_K"": 3, ""null_loss"": 189263.171875, ""split_loss"": 189014.515625, ""improvement"": 248.65625, ""improvement_per_sample"": 0.24865625, ""accept_tol_per_sample"": 0.001, ""accepted"": true, ""epoch"": 300, ""diagnostic_score"": 187.11988830566406, ""cluster_size"": 656, ""persistence_count"": 2}]"
matched_sparse_gaussian,1000,100,10,3,2.0,3.0,7,60,120,2,20,0.001,25,original,ok,,0.5753934656011814,0.7539887949006865,2.857037933999891,6,1,0,0,4,4,0,10,1.0,1.0,[]
matched_sparse_gaussian,1000,100,10,3,2.0,3.0,7,60,120,2,20,0.001,25,burnin_only,ok,,0.7235569550746573,0.8170878536870525,2.1673755459996755,5,1,0,0,4,4,0,10,1.0,1.0,"[{""split_idx"": 0, ""old_K"": 1, ""proposed_K"": 2, ""null_loss"": NaN, ""split_loss"": NaN, ""improvement"": NaN, ""improvement_per_sample"": NaN, ""accept_tol_per_sample"": NaN, ""accepted"": true, ""acceptance_mode"": ""accept_all_eligible"", ""epoch"": 120, ""diagnostic_score"": 193.11102294921875, ""cluster_size"": 1000, ""persistence_count"": 1}, {""split_idx"": 1, ""old_K"": 2, ""proposed_K"": 3, ""null_loss"": NaN, ""split_loss"": NaN, ""improvement"": NaN, ""improvement_per_sample"": NaN, ""accept_tol_per_sample"": NaN, ""accepted"": true, ""acceptance_mode"": ""accept_all_eligible"", ""epoch"": 180, ""diagnostic_score"": 189.4876708984375, ""cluster_size"": 497, ""persistence_count"": 1}, {""split_idx"": 2, ""old_K"": 3, ""proposed_K"": 4, ""null_loss"": NaN, ""split_loss"": NaN, ""improvement"": NaN, ""improvement_per_sample"": NaN, ""accept_tol_per_sample"": NaN, ""accepted"": true, ""acceptance_mode"": ""accept_all_eligible"", ""epoch"": 240, ""diagnostic_score"": 187.10450744628906, ""cluster_size"": 335, ""persistence_count"": 1}, {""split_idx"": 1, ""old_K"": 4, ""proposed_K"": 5, ""null_loss"": NaN, ""split_loss"": NaN, ""improvement"": NaN, ""improvement_per_sample"": NaN, ""accept_tol_per_sample"": NaN, ""accepted"": true, ""acceptance_mode"": ""accept_all_eligible"", ""epoch"": 300, ""diagnostic_score"": 186.5652618408203, ""cluster_size"": 333, ""persistence_count"": 1}]"
matched_sparse_gaussian,1000,100,10,3,2.0,3.0,7,60,120,2,20,0.001,25,burnin_persistence,ok,,0.37098378412415794,0.4351009902772716,1.6184731679986726,3,0,0,1,2,2,0,10,1.0,1.0,"[{""split_idx"": 0, ""old_K"": 1, ""proposed_K"": 2, ""null_loss"": NaN, ""split_loss"": NaN, ""improvement"": NaN, ""improvement_per_sample"": NaN, ""accept_tol_per_sample"": NaN, ""accepted"": true, ""acceptance_mode"": ""accept_all_eligible"", ""epoch"": 180, ""diagnostic_score"": 192.29302978515625, ""cluster_size"": 1000, ""persistence_count"": 2}, {""split_idx"": 1, ""old_K"": 2, ""proposed_K"": 3, ""null_loss"": NaN, ""split_loss"": NaN, ""improvement"": NaN, ""improvement_per_sample"": NaN, ""accept_tol_per_sample"": NaN, ""accepted"": true, ""acceptance_mode"": ""accept_all_eligible"", ""epoch"": 300, ""diagnostic_score"": 188.18116760253906, ""cluster_size"": 514, ""persistence_count"": 2}]"
matched_sparse_gaussian,1000,100,10,3,2.0,3.0,7,60,120,2,20,0.001,25,full_safeguard,ok,,0.9673564501246866,0.9489751031067585,2.6178286980011762,3,0,0,1,2,2,0,10,1.0,1.0,"[{""split_idx"": 0, ""old_K"": 1, ""proposed_K"": 2, ""null_loss"": 193858.4375, ""split_loss"": 192735.390625, ""improvement"": 1123.046875, ""improvement_per_sample"": 1.123046875, ""accept_tol_per_sample"": 0.001, ""accepted"": true, ""epoch"": 180, ""diagnostic_score"": 192.29302978515625, ""cluster_size"": 1000, ""persistence_count"": 2}, {""split_idx"": 1, ""old_K"": 2, ""proposed_K"": 3, ""null_loss"": 190396.875, ""split_loss"": 189672.578125, ""improvement"": 724.296875, ""improvement_per_sample"": 0.724296875, ""accept_tol_per_sample"": 0.001, ""accepted"": true, ""epoch"": 300, ""diagnostic_score"": 188.0763702392578, ""cluster_size"": 522, ""persistence_count"": 2}]"
matched_sparse_gaussian,1000,100,10,3,2.0,3.0,8,60,120,2,20,0.001,25,original,ok,,0.8071590644900537,0.8327963755944837,3.7347441599995364,6,1,0,0,4,4,0,11,0.9523809523809523,1.0,[]
matched_sparse_gaussian,1000,100,10,3,2.0,3.0,8,60,120,2,20,0.001,25,burnin_only,ok,,0.7273635460017623,0.8265395916537346,2.242973509000876,5,1,0,0,4,4,0,11,0.9523809523809523,1.0,"[{""split_idx"": 0, ""old_K"": 1, ""proposed_K"": 2, ""null_loss"": NaN, ""split_loss"": NaN, ""improvement"": NaN, ""improvement_per_sample"": NaN, ""accept_tol_per_sample"": NaN, ""accepted"": true, ""acceptance_mode"": ""accept_all_eligible"", ""epoch"": 120, ""diagnostic_score"": 191.40023803710938, ""cluster_size"": 1000, ""persistence_count"": 1}, {""split_idx"": 1, ""old_K"": 2, ""proposed_K"": 3, ""null_loss"": NaN, ""split_loss"": NaN, ""improvement"": NaN, ""improvement_per_sample"": NaN, ""accept_tol_per_sample"": NaN, ""accepted"": true, ""acceptance_mode"": ""accept_all_eligible"", ""epoch"": 180, ""diagnostic_score"": 187.71298217773438, ""cluster_size"": 479, ""persistence_count"": 1}, {""split_idx"": 2, ""old_K"": 3, ""proposed_K"": 4, ""null_loss"": NaN, ""split_loss"": NaN, ""improvement"": NaN, ""improvement_per_sample"": NaN, ""accept_tol_per_sample"": NaN, ""accepted"": true, ""acceptance_mode"": ""accept_all_eligible"", ""epoch"": 240, ""diagnostic_score"": 185.13246154785156, ""cluster_size"": 334, ""persistence_count"": 1}, {""split_idx"": 1, ""old_K"": 4, ""proposed_K"": 5, ""null_loss"": NaN, ""split_loss"": NaN, ""improvement"": NaN, ""improvement_per_sample"": NaN, ""accept_tol_per_sample"": NaN, ""accepted"": true, ""acceptance_mode"": ""accept_all_eligible"", ""epoch"": 300, ""diagnostic_score"": 184.8931427001953, ""cluster_size"": 333, ""persistence_count"": 1}]"
matched_sparse_gaussian,1000,100,10,3,2.0,3.0,8,60,120,2,20,0.001,25,burnin_persistence,ok,,0.43171062432586466,0.47364815163016477,1.534304828999666,3,0,0,1,2,2,0,11,0.9523809523809523,1.0,"[{""split_idx"": 0, ""old_K"": 1, ""proposed_K"": 2, ""null_loss"": NaN, ""split_loss"": NaN, ""improvement"": NaN, ""improvement_per_sample"": NaN, ""accept_tol_per_sample"": NaN, ""accepted"": true, ""acceptance_mode"": ""accept_all_eligible"", ""epoch"": 180, ""diagnostic_score"": 190.3199462890625, ""cluster_size"": 1000, ""persistence_count"": 2}, {""split_idx"": 1, ""old_K"": 2, ""proposed_K"": 3, ""null_loss"": NaN, ""split_loss"": NaN, ""improvement"": NaN, ""improvement_per_sample"": NaN, ""accept_tol_per_sample"": NaN, ""accepted"": true, ""acceptance_mode"": ""accept_all_eligible"", ""epoch"": 300, ""diagnostic_score"": 186.76400756835938, ""cluster_size"": 606, ""persistence_count"": 2}]"
matched_sparse_gaussian,1000,100,10,3,2.0,3.0,8,60,120,2,20,0.001,25,full_safeguard,ok,,0.9910315676913463,0.9826761842501963,2.300743567999234,3,0,0,1,2,2,0,11,0.9523809523809523,1.0,"[{""split_idx"": 0, ""old_K"": 1, ""proposed_K"": 2, ""null_loss"": 192582.953125, ""split_loss"": 192379.921875, ""improvement"": 203.03125, ""improvement_per_sample"": 0.20303125, ""accept_tol_per_sample"": 0.001, ""accepted"": true, ""epoch"": 180, ""diagnostic_score"": 190.3199462890625, ""cluster_size"": 1000, ""persistence_count"": 2}, {""split_idx"": 1, ""old_K"": 2, ""proposed_K"": 3, ""null_loss"": 188986.140625, ""split_loss"": 188254.21875, ""improvement"": 731.921875, ""improvement_per_sample"": 0.731921875, ""accept_tol_per_sample"": 0.001, ""accepted"": true, ""epoch"": 300, ""diagnostic_score"": 186.6885223388672, ""cluster_size"": 638, ""persistence_count"": 2}]"
matched_sparse_gaussian,1000,100,10,3,2.0,3.0,9,60,120,2,20,0.001,25,original,ok,,0.6962247000550535,0.7912090970344113,3.089701546001379,6,1,0,0,4,4,0,10,1.0,1.0,[]
matched_sparse_gaussian,1000,100,10,3,2.0,3.0,9,60,120,2,20,0.001,25,burnin_only,ok,,0.8302842608197878,0.8573446306003764,2.9425852420008596,5,1,0,0,4,4,0,10,1.0,1.0,"[{""split_idx"": 0, ""old_K"": 1, ""proposed_K"": 2, ""null_loss"": NaN, ""split_loss"": NaN, ""improvement"": NaN, ""improvement_per_sample"": NaN, ""accept_tol_per_sample"": NaN, ""accepted"": true, ""acceptance_mode"": ""accept_all_eligible"", ""epoch"": 120, ""diagnostic_score"": 191.80113220214844, ""cluster_size"": 1000, ""persistence_count"": 1}, {""split_idx"": 0, ""old_K"": 2, ""proposed_K"": 3, ""null_loss"": NaN, ""split_loss"": NaN, ""improvement"": NaN, ""improvement_per_sample"": NaN, ""accept_tol_per_sample"": NaN, ""accepted"": true, ""acceptance_mode"": ""accept_all_eligible"", ""epoch"": 180, ""diagnostic_score"": 188.15965270996094, ""cluster_size"": 482, ""persistence_count"": 1}, {""split_idx"": 1, ""old_K"": 3, ""proposed_K"": 4, ""null_loss"": NaN, ""split_loss"": NaN, ""improvement"": NaN, ""improvement_per_sample"": NaN, ""accept_tol_per_sample"": NaN, ""accepted"": true, ""acceptance_mode"": ""accept_all_eligible"", ""epoch"": 240, ""diagnostic_score"": 185.61671447753906, ""cluster_size"": 333, ""persistence_count"": 1}, {""split_idx"": 2, ""old_K"": 4, ""proposed_K"": 5, ""null_loss"": NaN, ""split_loss"": NaN, ""improvement"": NaN, ""improvement_per_sample"": NaN, ""accept_tol_per_sample"": NaN, ""accepted"": true, ""acceptance_mode"": ""accept_all_eligible"", ""epoch"": 300, ""diagnostic_score"": 185.2019500732422, ""cluster_size"": 185, ""persistence_count"": 1}]"
matched_sparse_gaussian,1000,100,10,3,2.0,3.0,9,60,120,2,20,0.001,25,burnin_persistence,ok,,0.41422523146339824,0.4746993920784201,2.1383113030005916,3,0,0,1,2,2,0,10,1.0,1.0,"[{""split_idx"": 0, ""old_K"": 1, ""proposed_K"": 2, ""null_loss"": NaN, ""split_loss"": NaN, ""improvement"": NaN, ""improvement_per_sample"": NaN, ""accept_tol_per_sample"": NaN, ""accepted"": true, ""acceptance_mode"": ""accept_all_eligible"", ""epoch"": 180, ""diagnostic_score"": 190.67550659179688, ""cluster_size"": 1000, ""persistence_count"": 2}, {""split_idx"": 1, ""old_K"": 2, ""proposed_K"": 3, ""null_loss"": NaN, ""split_loss"": NaN, ""improvement"": NaN, ""improvement_per_sample"": NaN, ""accept_tol_per_sample"": NaN, ""accepted"": true, ""acceptance_mode"": ""accept_all_eligible"", ""epoch"": 300, ""diagnostic_score"": 186.66571044921875, ""cluster_size"": 519, ""persistence_count"": 2}]"
matched_sparse_gaussian,1000,100,10,3,2.0,3.0,9,60,120,2,20,0.001,25,full_safeguard,ok,,0.9298385131169493,0.9057945464420106,2.123558528999638,3,0,0,1,2,2,0,10,1.0,1.0,"[{""split_idx"": 0, ""old_K"": 1, ""proposed_K"": 2, ""null_loss"": 192804.546875, ""split_loss"": 192190.359375, ""improvement"": 614.1875, ""improvement_per_sample"": 0.6141875, ""accept_tol_per_sample"": 0.001, ""accepted"": true, ""epoch"": 180, ""diagnostic_score"": 190.67550659179688, ""cluster_size"": 1000, ""persistence_count"": 2}, {""split_idx"": 1, ""old_K"": 2, ""proposed_K"": 3, ""null_loss"": 189389.984375, ""split_loss"": 188825.46875, ""improvement"": 564.515625, ""improvement_per_sample"": 0.564515625, ""accept_tol_per_sample"": 0.001, ""accepted"": true, ""epoch"": 300, ""diagnostic_score"": 186.58523559570312, ""cluster_size"": 525, ""persistence_count"": 2}]"
matched_sparse_gaussian,1000,100,10,3,2.0,3.0,10,60,120,2,20,0.001,25,original,ok,,0.8119906991087608,0.8361612422092191,3.1406609780005965,6,1,0,0,4,4,0,10,1.0,1.0,[]
matched_sparse_gaussian,1000,100,10,3,2.0,3.0,10,60,120,2,20,0.001,25,burnin_only,ok,,0.7324886131417384,0.8283436154950335,2.196660673000224,5,1,0,0,4,4,0,10,1.0,1.0,"[{""split_idx"": 0, ""old_K"": 1, ""proposed_K"": 2, ""null_loss"": NaN, ""split_loss"": NaN, ""improvement"": NaN, ""improvement_per_sample"": NaN, ""accept_tol_per_sample"": NaN, ""accepted"": true, ""acceptance_mode"": ""accept_all_eligible"", ""epoch"": 120, ""diagnostic_score"": 192.34315490722656, ""cluster_size"": 1000, ""persistence_count"": 1}, {""split_idx"": 1, ""old_K"": 2, ""proposed_K"": 3, ""null_loss"": NaN, ""split_loss"": NaN, ""improvement"": NaN, ""improvement_per_sample"": NaN, ""accept_tol_per_sample"": NaN, ""accepted"": true, ""acceptance_mode"": ""accept_all_eligible"", ""epoch"": 180, ""diagnostic_score"": 188.6033477783203, ""cluster_size"": 509, ""persistence_count"": 1}, {""split_idx"": 1, ""old_K"": 3, ""proposed_K"": 4, ""null_loss"": NaN, ""split_loss"": NaN, ""improvement"": NaN, ""improvement_per_sample"": NaN, ""accept_tol_per_sample"": NaN, ""accepted"": true, ""acceptance_mode"": ""accept_all_eligible"", ""epoch"": 240, ""diagnostic_score"": 185.91761779785156, ""cluster_size"": 333, ""persistence_count"": 1}, {""split_idx"": 1, ""old_K"": 4, ""proposed_K"": 5, ""null_loss"": NaN, ""split_loss"": NaN, ""improvement"": NaN, ""improvement_per_sample"": NaN, ""accept_tol_per_sample"": NaN, ""accepted"": true, ""acceptance_mode"": ""accept_all_eligible"", ""epoch"": 300, ""diagnostic_score"": 185.65487670898438, ""cluster_size"": 334, ""persistence_count"": 1}]"
matched_sparse_gaussian,1000,100,10,3,2.0,3.0,10,60,120,2,20,0.001,25,burnin_persistence,ok,,0.5902015320338155,0.635714327839251,1.5243078209987289,3,0,0,1,2,2,0,10,1.0,1.0,"[{""split_idx"": 0, ""old_K"": 1, ""proposed_K"": 2, ""null_loss"": NaN, ""split_loss"": NaN, ""improvement"": NaN, ""improvement_per_sample"": NaN, ""accept_tol_per_sample"": NaN, ""accepted"": true, ""acceptance_mode"": ""accept_all_eligible"", ""epoch"": 180, ""diagnostic_score"": 191.3138427734375, ""cluster_size"": 1000, ""persistence_count"": 2}, {""split_idx"": 0, ""old_K"": 2, ""proposed_K"": 3, ""null_loss"": NaN, ""split_loss"": NaN, ""improvement"": NaN, ""improvement_per_sample"": NaN, ""accept_tol_per_sample"": NaN, ""accepted"": true, ""acceptance_mode"": ""accept_all_eligible"", ""epoch"": 300, ""diagnostic_score"": 187.24237060546875, ""cluster_size"": 524, ""persistence_count"": 2}]"
matched_sparse_gaussian,1000,100,10,3,2.0,3.0,10,60,120,2,20,0.001,25,full_safeguard,ok,,0.9527847933465731,0.9284810985293461,2.372632576001706,3,0,0,1,2,2,0,10,1.0,1.0,"[{""split_idx"": 0, ""old_K"": 1, ""proposed_K"": 2, ""null_loss"": 193267.484375, ""split_loss"": 192913.171875, ""improvement"": 354.3125, ""improvement_per_sample"": 0.3543125, ""accept_tol_per_sample"": 0.001, ""accepted"": true, ""epoch"": 180, ""diagnostic_score"": 191.3138427734375, ""cluster_size"": 1000, ""persistence_count"": 2}, {""split_idx"": 0, ""old_K"": 2, ""proposed_K"": 3, ""null_loss"": 189733.75, ""split_loss"": 189222.59375, ""improvement"": 511.15625, ""improvement_per_sample"": 0.51115625, ""accept_tol_per_sample"": 0.001, ""accepted"": true, ""epoch"": 300, ""diagnostic_score"": 187.3929901123047, ""cluster_size"": 579, ""persistence_count"": 2}]"
matched_sparse_gaussian,1000,100,10,3,2.0,3.0,11,60,120,2,20,0.001,25,original,ok,,0.8068291466081925,0.8281000627601673,3.732091890000447,6,1,0,0,4,4,0,10,1.0,1.0,[]
matched_sparse_gaussian,1000,100,10,3,2.0,3.0,11,60,120,2,20,0.001,25,burnin_only,ok,,0.8413131933174999,0.8636055617767363,2.284866811000029,5,1,0,0,4,4,0,10,1.0,1.0,"[{""split_idx"": 0, ""old_K"": 1, ""proposed_K"": 2, ""null_loss"": NaN, ""split_loss"": NaN, ""improvement"": NaN, ""improvement_per_sample"": NaN, ""accept_tol_per_sample"": NaN, ""accepted"": true, ""acceptance_mode"": ""accept_all_eligible"", ""epoch"": 120, ""diagnostic_score"": 192.54464721679688, ""cluster_size"": 1000, ""persistence_count"": 1}, {""split_idx"": 0, ""old_K"": 2, ""proposed_K"": 3, ""null_loss"": NaN, ""split_loss"": NaN, ""improvement"": NaN, ""improvement_per_sample"": NaN, ""accept_tol_per_sample"": NaN, ""accepted"": true, ""acceptance_mode"": ""accept_all_eligible"", ""epoch"": 180, ""diagnostic_score"": 188.80699157714844, ""cluster_size"": 512, ""persistence_count"": 1}, {""split_idx"": 2, ""old_K"": 3, ""proposed_K"": 4, ""null_loss"": NaN, ""split_loss"": NaN, ""improvement"": NaN, ""improvement_per_sample"": NaN, ""accept_tol_per_sample"": NaN, ""accepted"": true, ""acceptance_mode"": ""accept_all_eligible"", ""epoch"": 240, ""diagnostic_score"": 186.36180114746094, ""cluster_size"": 332, ""persistence_count"": 1}, {""split_idx"": 2, ""old_K"": 4, ""proposed_K"": 5, ""null_loss"": NaN, ""split_loss"": NaN, ""improvement"": NaN, ""improvement_per_sample"": NaN, ""accept_tol_per_sample"": NaN, ""accepted"": true, ""acceptance_mode"": ""accept_all_eligible"", ""epoch"": 300, ""diagnostic_score"": 185.8795928955078, ""cluster_size"": 178, ""persistence_count"": 1}]"
matched_sparse_gaussian,1000,100,10,3,2.0,3.0,11,60,120,2,20,0.001,25,burnin_persistence,ok,,0.43696003895896623,0.4871752580587145,1.4259142210012214,3,0,0,1,2,2,0,10,1.0,1.0,"[{""split_idx"": 0, ""old_K"": 1, ""proposed_K"": 2, ""null_loss"": NaN, ""split_loss"": NaN, ""improvement"": NaN, ""improvement_per_sample"": NaN, ""accept_tol_per_sample"": NaN, ""accepted"": true, ""acceptance_mode"": ""accept_all_eligible"", ""epoch"": 180, ""diagnostic_score"": 191.5599365234375, ""cluster_size"": 1000, ""persistence_count"": 2}, {""split_idx"": 1, ""old_K"": 2, ""proposed_K"": 3, ""null_loss"": NaN, ""split_loss"": NaN, ""improvement"": NaN, ""improvement_per_sample"": NaN, ""accept_tol_per_sample"": NaN, ""accepted"": true, ""acceptance_mode"": ""accept_all_eligible"", ""epoch"": 300, ""diagnostic_score"": 187.60623168945312, ""cluster_size"": 549, ""persistence_count"": 2}]"
matched_sparse_gaussian,1000,100,10,3,2.0,3.0,11,60,120,2,20,0.001,25,full_safeguard,ok,,0.9384248320901034,0.9094717803560884,2.050509067001258,3,0,0,1,2,2,0,10,1.0,1.0,"[{""split_idx"": 0, ""old_K"": 1, ""proposed_K"": 2, ""null_loss"": 193406.40625, ""split_loss"": 192800.703125, ""improvement"": 605.703125, ""improvement_per_sample"": 0.605703125, ""accept_tol_per_sample"": 0.001, ""accepted"": true, ""epoch"": 180, ""diagnostic_score"": 191.5599365234375, ""cluster_size"": 1000, ""persistence_count"": 2}, {""split_idx"": 1, ""old_K"": 2, ""proposed_K"": 3, ""null_loss"": 189919.734375, ""split_loss"": 189663.234375, ""improvement"": 256.5, ""improvement_per_sample"": 0.2565, ""accept_tol_per_sample"": 0.001, ""accepted"": true, ""epoch"": 300, ""diagnostic_score"": 187.66836547851562, ""cluster_size"": 602, ""persistence_count"": 2}]"
matched_sparse_gaussian,1000,100,10,3,2.0,3.0,12,60,120,2,20,0.001,25,original,ok,,0.7003537708773103,0.7969991361938659,2.986450816000797,6,1,0,0,4,4,0,10,1.0,1.0,[]
matched_sparse_gaussian,1000,100,10,3,2.0,3.0,12,60,120,2,20,0.001,25,burnin_only,ok,,0.8398844269350068,0.8666963963751793,2.3754792229992745,5,1,0,0,4,4,0,10,1.0,1.0,"[{""split_idx"": 0, ""old_K"": 1, ""proposed_K"": 2, ""null_loss"": NaN, ""split_loss"": NaN, ""improvement"": NaN, ""improvement_per_sample"": NaN, ""accept_tol_per_sample"": NaN, ""accepted"": true, ""acceptance_mode"": ""accept_all_eligible"", ""epoch"": 120, ""diagnostic_score"": 191.74525451660156, ""cluster_size"": 1000, ""persistence_count"": 1}, {""split_idx"": 1, ""old_K"": 2, ""proposed_K"": 3, ""null_loss"": NaN, ""split_loss"": NaN, ""improvement"": NaN, ""improvement_per_sample"": NaN, ""accept_tol_per_sample"": NaN, ""accepted"": true, ""acceptance_mode"": ""accept_all_eligible"", ""epoch"": 180, ""diagnostic_score"": 187.95985412597656, ""cluster_size"": 519, ""persistence_count"": 1}, {""split_idx"": 1, ""old_K"": 3, ""proposed_K"": 4, ""null_loss"": NaN, ""split_loss"": NaN, ""improvement"": NaN, ""improvement_per_sample"": NaN, ""accept_tol_per_sample"": NaN, ""accepted"": true, ""acceptance_mode"": ""accept_all_eligible"", ""epoch"": 240, ""diagnostic_score"": 185.4384307861328, ""cluster_size"": 333, ""persistence_count"": 1}, {""split_idx"": 3, ""old_K"": 4, ""proposed_K"": 5, ""null_loss"": NaN, ""split_loss"": NaN, ""improvement"": NaN, ""improvement_per_sample"": NaN, ""accept_tol_per_sample"": NaN, ""accepted"": true, ""acceptance_mode"": ""accept_all_eligible"", ""epoch"": 300, ""diagnostic_score"": 184.9949493408203, ""cluster_size"": 182, ""persistence_count"": 1}]"
matched_sparse_gaussian,1000,100,10,3,2.0,3.0,12,60,120,2,20,0.001,25,burnin_persistence,ok,,0.42088581388476004,0.4644760061700097,2.1048767770007544,3,0,0,1,2,2,0,10,1.0,1.0,"[{""split_idx"": 0, ""old_K"": 1, ""proposed_K"": 2, ""null_loss"": NaN, ""split_loss"": NaN, ""improvement"": NaN, ""improvement_per_sample"": NaN, ""accept_tol_per_sample"": NaN, ""accepted"": true, ""acceptance_mode"": ""accept_all_eligible"", ""epoch"": 180, ""diagnostic_score"": 190.5913848876953, ""cluster_size"": 1000, ""persistence_count"": 2}, {""split_idx"": 1, ""old_K"": 2, ""proposed_K"": 3, ""null_loss"": NaN, ""split_loss"": NaN, ""improvement"": NaN, ""improvement_per_sample"": NaN, ""accept_tol_per_sample"": NaN, ""accepted"": true, ""acceptance_mode"": ""accept_all_eligible"", ""epoch"": 300, ""diagnostic_score"": 186.74908447265625, ""cluster_size"": 591, ""persistence_count"": 2}]"
matched_sparse_gaussian,1000,100,10,3,2.0,3.0,12,60,120,2,20,0.001,25,full_safeguard,ok,,0.9940030000150241,0.9876059147486771,2.651945184001306,3,0,0,1,2,2,0,10,1.0,1.0,"[{""split_idx"": 0, ""old_K"": 1, ""proposed_K"": 2, ""null_loss"": 192781.421875, ""split_loss"": 192066.484375, ""improvement"": 714.9375, ""improvement_per_sample"": 0.7149375, ""accept_tol_per_sample"": 0.001, ""accepted"": true, ""epoch"": 180, ""diagnostic_score"": 190.5913848876953, ""cluster_size"": 1000, ""persistence_count"": 2}, {""split_idx"": 1, ""old_K"": 2, ""proposed_K"": 3, ""null_loss"": 189236.859375, ""split_loss"": 188628.609375, ""improvement"": 608.25, ""improvement_per_sample"": 0.60825, ""accept_tol_per_sample"": 0.001, ""accepted"": true, ""epoch"": 300, ""diagnostic_score"": 186.96041870117188, ""cluster_size"": 632, ""persistence_count"": 2}]"
matched_sparse_gaussian,1000,100,10,3,2.0,3.0,13,60,120,2,20,0.001,25,original,ok,,0.6801915477307763,0.7802235063100643,3.0385461320001923,6,1,0,0,4,4,0,10,1.0,1.0,[]
matched_sparse_gaussian,1000,100,10,3,2.0,3.0,13,60,120,2,20,0.001,25,burnin_only,ok,,0.7231796598049605,0.816876588507546,2.3013855230001354,5,1,0,0,4,4,0,10,1.0,1.0,"[{""split_idx"": 0, ""old_K"": 1, ""proposed_K"": 2, ""null_loss"": NaN, ""split_loss"": NaN, ""improvement"": NaN, ""improvement_per_sample"": NaN, ""accept_tol_per_sample"": NaN, ""accepted"": true, ""acceptance_mode"": ""accept_all_eligible"", ""epoch"": 120, ""diagnostic_score"": 192.37164306640625, ""cluster_size"": 1000, ""persistence_count"": 1}, {""split_idx"": 1, ""old_K"": 2, ""proposed_K"": 3, ""null_loss"": NaN, ""split_loss"": NaN, ""improvement"": NaN, ""improvement_per_sample"": NaN, ""accept_tol_per_sample"": NaN, ""accepted"": true, ""acceptance_mode"": ""accept_all_eligible"", ""epoch"": 180, ""diagnostic_score"": 188.76412963867188, ""cluster_size"": 500, ""persistence_count"": 1}, {""split_idx"": 0, ""old_K"": 3, ""proposed_K"": 4, ""null_loss"": NaN, ""split_loss"": NaN, ""improvement"": NaN, ""improvement_per_sample"": NaN, ""accept_tol_per_sample"": NaN, ""accepted"": true, ""acceptance_mode"": ""accept_all_eligible"", ""epoch"": 240, ""diagnostic_score"": 185.94955444335938, ""cluster_size"": 332, ""persistence_count"": 1}, {""split_idx"": 0, ""old_K"": 4, ""proposed_K"": 5, ""null_loss"": NaN, ""split_loss"": NaN, ""improvement"": NaN, ""improvement_per_sample"": NaN, ""accept_tol_per_sample"": NaN, ""accepted"": true, ""acceptance_mode"": ""accept_all_eligible"", ""epoch"": 300, ""diagnostic_score"": 185.74012756347656, ""cluster_size"": 334, ""persistence_count"": 1}]"
matched_sparse_gaussian,1000,100,10,3,2.0,3.0,13,60,120,2,20,0.001,25,burnin_persistence,ok,,0.38747595348950775,0.44223757911932515,1.678812450998521,3,0,0,1,2,2,0,10,1.0,1.0,"[{""split_idx"": 0, ""old_K"": 1, ""proposed_K"": 2, ""null_loss"": NaN, ""split_loss"": NaN, ""improvement"": NaN, ""improvement_per_sample"": NaN, ""accept_tol_per_sample"": NaN, ""accepted"": true, ""acceptance_mode"": ""accept_all_eligible"", ""epoch"": 180, ""diagnostic_score"": 191.26422119140625, ""cluster_size"": 1000, ""persistence_count"": 2}, {""split_idx"": 0, ""old_K"": 2, ""proposed_K"": 3, ""null_loss"": NaN, ""split_loss"": NaN, ""improvement"": NaN, ""improvement_per_sample"": NaN, ""accept_tol_per_sample"": NaN, ""accepted"": true, ""acceptance_mode"": ""accept_all_eligible"", ""epoch"": 300, ""diagnostic_score"": 187.3507537841797, ""cluster_size"": 551, ""persistence_count"": 2}]"
matched_sparse_gaussian,1000,100,10,3,2.0,3.0,13,60,120,2,20,0.001,25,full_safeguard,ok,,0.9732446714468198,0.9570311769657741,2.2048134120013856,3,0,0,1,2,2,0,10,1.0,1.0,"[{""split_idx"": 0, ""old_K"": 1, ""proposed_K"": 2, ""null_loss"": 193261.15625, ""split_loss"": 192302.0625, ""improvement"": 959.09375, ""improvement_per_sample"": 0.95909375, ""accept_tol_per_sample"": 0.001, ""accepted"": true, ""epoch"": 180, ""diagnostic_score"": 191.26422119140625, ""cluster_size"": 1000, ""persistence_count"": 2}, {""split_idx"": 0, ""old_K"": 2, ""proposed_K"": 3, ""null_loss"": 189731.5, ""split_loss"": 189043.40625, ""improvement"": 688.09375, ""improvement_per_sample"": 0.68809375, ""accept_tol_per_sample"": 0.001, ""accepted"": true, ""epoch"": 300, ""diagnostic_score"": 187.4116668701172, ""cluster_size"": 597, ""persistence_count"": 2}]"
matched_sparse_gaussian,1000,100,10,3,2.0,3.0,14,60,120,2,20,0.001,25,original,ok,,0.6795342444530038,0.7874146811954323,4.162711220998972,6,1,0,0,4,4,0,10,1.0,1.0,[]
matched_sparse_gaussian,1000,100,10,3,2.0,3.0,14,60,120,2,20,0.001,25,burnin_only,ok,,0.8658605461279469,0.8818417344960842,2.4157092419991386,5,1,0,0,4,4,0,10,1.0,1.0,"[{""split_idx"": 0, ""old_K"": 1, ""proposed_K"": 2, ""null_loss"": NaN, ""split_loss"": NaN, ""improvement"": NaN, ""improvement_per_sample"": NaN, ""accept_tol_per_sample"": NaN, ""accepted"": true, ""acceptance_mode"": ""accept_all_eligible"", ""epoch"": 120, ""diagnostic_score"": 192.8933868408203, ""cluster_size"": 1000, ""persistence_count"": 1}, {""split_idx"": 0, ""old_K"": 2, ""proposed_K"": 3, ""null_loss"": NaN, ""split_loss"": NaN, ""improvement"": NaN, ""improvement_per_sample"": NaN, ""accept_tol_per_sample"": NaN, ""accepted"": true, ""acceptance_mode"": ""accept_all_eligible"", ""epoch"": 180, ""diagnostic_score"": 189.52093505859375, ""cluster_size"": 499, ""persistence_count"": 1}, {""split_idx"": 2, ""old_K"": 3, ""proposed_K"": 4, ""null_loss"": NaN, ""split_loss"": NaN, ""improvement"": NaN, ""improvement_per_sample"": NaN, ""accept_tol_per_sample"": NaN, ""accepted"": true, ""acceptance_mode"": ""accept_all_eligible"", ""epoch"": 240, ""diagnostic_score"": 187.60011291503906, ""cluster_size"": 333, ""persistence_count"": 1}, {""split_idx"": 2, ""old_K"": 4, ""proposed_K"": 5, ""null_loss"": NaN, ""split_loss"": NaN, ""improvement"": NaN, ""improvement_per_sample"": NaN, ""accept_tol_per_sample"": NaN, ""accepted"": true, ""acceptance_mode"": ""accept_all_eligible"", ""epoch"": 300, ""diagnostic_score"": 186.75904846191406, ""cluster_size"": 107, ""persistence_count"": 1}]"
matched_sparse_gaussian,1000,100,10,3,2.0,3.0,14,60,120,2,20,0.001,25,burnin_persistence,ok,,0.4223681702366964,0.47803319459499155,1.5337551020002138,3,0,0,1,2,2,0,10,1.0,1.0,"[{""split_idx"": 0, ""old_K"": 1, ""proposed_K"": 2, ""null_loss"": NaN, ""split_loss"": NaN, ""improvement"": NaN, ""improvement_per_sample"": NaN, ""accept_tol_per_sample"": NaN, ""accepted"": true, ""acceptance_mode"": ""accept_all_eligible"", ""epoch"": 180, ""diagnostic_score"": 192.06712341308594, ""cluster_size"": 1000, ""persistence_count"": 2}, {""split_idx"": 1, ""old_K"": 2, ""proposed_K"": 3, ""null_loss"": NaN, ""split_loss"": NaN, ""improvement"": NaN, ""improvement_per_sample"": NaN, ""accept_tol_per_sample"": NaN, ""accepted"": true, ""acceptance_mode"": ""accept_all_eligible"", ""epoch"": 300, ""diagnostic_score"": 187.90574645996094, ""cluster_size"": 535, ""persistence_count"": 2}]"
matched_sparse_gaussian,1000,100,10,3,2.0,3.0,14,60,120,2,20,0.001,25,full_safeguard,ok,,0.9499124689964494,0.9285134486256706,2.1686059149997163,3,0,0,1,2,2,0,10,1.0,1.0,"[{""split_idx"": 0, ""old_K"": 1, ""proposed_K"": 2, ""null_loss"": 193719.5625, ""split_loss"": 192553.828125, ""improvement"": 1165.734375, ""improvement_per_sample"": 1.165734375, ""accept_tol_per_sample"": 0.001, ""accepted"": true, ""epoch"": 180, ""diagnostic_score"": 192.06712341308594, ""cluster_size"": 1000, ""persistence_count"": 2}, {""split_idx"": 1, ""old_K"": 2, ""proposed_K"": 3, ""null_loss"": 190177.875, ""split_loss"": 189756.984375, ""improvement"": 420.890625, ""improvement_per_sample"": 0.420890625, ""accept_tol_per_sample"": 0.001, ""accepted"": true, ""epoch"": 300, ""diagnostic_score"": 188.09483337402344, ""cluster_size"": 570, ""persistence_count"": 2}]"
matched_sparse_gaussian,1000,100,10,3,2.0,3.0,15,60,120,2,20,0.001,25,original,ok,,0.691651446498674,0.7931902341694295,3.160412818999248,6,1,0,0,4,4,0,10,1.0,1.0,[]
matched_sparse_gaussian,1000,100,10,3,2.0,3.0,15,60,120,2,20,0.001,25,burnin_only,ok,,0.7407266567566633,0.8313162700271735,2.7174325010000757,5,1,0,0,4,4,0,10,1.0,1.0,"[{""split_idx"": 0, ""old_K"": 1, ""proposed_K"": 2, ""null_loss"": NaN, ""split_loss"": NaN, ""improvement"": NaN, ""improvement_per_sample"": NaN, ""accept_tol_per_sample"": NaN, ""accepted"": true, ""acceptance_mode"": ""accept_all_eligible"", ""epoch"": 120, ""diagnostic_score"": 192.01307678222656, ""cluster_size"": 1000, ""persistence_count"": 1}, {""split_idx"": 0, ""old_K"": 2, ""proposed_K"": 3, ""null_loss"": NaN, ""split_loss"": NaN, ""improvement"": NaN, ""improvement_per_sample"": NaN, ""accept_tol_per_sample"": NaN, ""accepted"": true, ""acceptance_mode"": ""accept_all_eligible"", ""epoch"": 180, ""diagnostic_score"": 188.28619384765625, ""cluster_size"": 494, ""persistence_count"": 1}, {""split_idx"": 1, ""old_K"": 3, ""proposed_K"": 4, ""null_loss"": NaN, ""split_loss"": NaN, ""improvement"": NaN, ""improvement_per_sample"": NaN, ""accept_tol_per_sample"": NaN, ""accepted"": true, ""acceptance_mode"": ""accept_all_eligible"", ""epoch"": 240, ""diagnostic_score"": 186.15110778808594, ""cluster_size"": 332, ""persistence_count"": 1}, {""split_idx"": 1, ""old_K"": 4, ""proposed_K"": 5, ""null_loss"": NaN, ""split_loss"": NaN, ""improvement"": NaN, ""improvement_per_sample"": NaN, ""accept_tol_per_sample"": NaN, ""accepted"": true, ""acceptance_mode"": ""accept_all_eligible"", ""epoch"": 300, ""diagnostic_score"": 185.22976684570312, ""cluster_size"": 334, ""persistence_count"": 1}]"
matched_sparse_gaussian,1000,100,10,3,2.0,3.0,15,60,120,2,20,0.001,25,burnin_persistence,ok,,0.6036848768791208,0.617841554066331,2.1389336430002004,3,0,0,1,2,2,0,10,1.0,1.0,"[{""split_idx"": 0, ""old_K"": 1, ""proposed_K"": 2, ""null_loss"": NaN, ""split_loss"": NaN, ""improvement"": NaN, ""improvement_per_sample"": NaN, ""accept_tol_per_sample"": NaN, ""accepted"": true, ""acceptance_mode"": ""accept_all_eligible"", ""epoch"": 180, ""diagnostic_score"": 190.92959594726562, ""cluster_size"": 1000, ""persistence_count"": 2}, {""split_idx"": 0, ""old_K"": 2, ""proposed_K"": 3, ""null_loss"": NaN, ""split_loss"": NaN, ""improvement"": NaN, ""improvement_per_sample"": NaN, ""accept_tol_per_sample"": NaN, ""accepted"": true, ""acceptance_mode"": ""accept_all_eligible"", ""epoch"": 300, ""diagnostic_score"": 186.9827117919922, ""cluster_size"": 568, ""persistence_count"": 2}]"
matched_sparse_gaussian,1000,100,10,3,2.0,3.0,15,60,120,2,20,0.001,25,full_safeguard,ok,,0.9791327474867721,0.9646797902161003,2.433446201001061,3,0,0,1,2,2,0,10,1.0,1.0,"[{""split_idx"": 0, ""old_K"": 1, ""proposed_K"": 2, ""null_loss"": 192970.421875, ""split_loss"": 192697.125, ""improvement"": 273.296875, ""improvement_per_sample"": 0.273296875, ""accept_tol_per_sample"": 0.001, ""accepted"": true, ""epoch"": 180, ""diagnostic_score"": 190.92959594726562, ""cluster_size"": 1000, ""persistence_count"": 2}, {""split_idx"": 0, ""old_K"": 2, ""proposed_K"": 3, ""null_loss"": 189427.09375, ""split_loss"": 188991.90625, ""improvement"": 435.1875, ""improvement_per_sample"": 0.4351875, ""accept_tol_per_sample"": 0.001, ""accepted"": true, ""epoch"": 300, ""diagnostic_score"": 187.1164093017578, ""cluster_size"": 620, ""persistence_count"": 2}]"
matched_sparse_gaussian,1000,100,10,3,2.0,3.0,16,60,120,2,20,0.001,25,original,ok,,0.6952881338926497,0.790870116873349,3.032080049999422,6,1,0,0,4,4,0,10,1.0,1.0,[]
matched_sparse_gaussian,1000,100,10,3,2.0,3.0,16,60,120,2,20,0.001,25,burnin_only,ok,,0.8502062423526344,0.8725127024494912,2.3213744290005707,5,1,0,0,4,4,0,10,1.0,1.0,"[{""split_idx"": 0, ""old_K"": 1, ""proposed_K"": 2, ""null_loss"": NaN, ""split_loss"": NaN, ""improvement"": NaN, ""improvement_per_sample"": NaN, ""accept_tol_per_sample"": NaN, ""accepted"": true, ""acceptance_mode"": ""accept_all_eligible"", ""epoch"": 120, ""diagnostic_score"": 191.92068481445312, ""cluster_size"": 1000, ""persistence_count"": 1}, {""split_idx"": 1, ""old_K"": 2, ""proposed_K"": 3, ""null_loss"": NaN, ""split_loss"": NaN, ""improvement"": NaN, ""improvement_per_sample"": NaN, ""accept_tol_per_sample"": NaN, ""accepted"": true, ""acceptance_mode"": ""accept_all_eligible"", ""epoch"": 180, ""diagnostic_score"": 188.3728790283203, ""cluster_size"": 511, ""persistence_count"": 1}, {""split_idx"": 1, ""old_K"": 3, ""proposed_K"": 4, ""null_loss"": NaN, ""split_loss"": NaN, ""improvement"": NaN, ""improvement_per_sample"": NaN, ""accept_tol_per_sample"": NaN, ""accepted"": true, ""acceptance_mode"": ""accept_all_eligible"", ""epoch"": 240, ""diagnostic_score"": 185.57601928710938, ""cluster_size"": 333, ""persistence_count"": 1}, {""split_idx"": 3, ""old_K"": 4, ""proposed_K"": 5, ""null_loss"": NaN, ""split_loss"": NaN, ""improvement"": NaN, ""improvement_per_sample"": NaN, ""accept_tol_per_sample"": NaN, ""accepted"": true, ""acceptance_mode"": ""accept_all_eligible"", ""epoch"": 300, ""diagnostic_score"": 186.02197265625, ""cluster_size"": 154, ""persistence_count"": 1}]"
matched_sparse_gaussian,1000,100,10,3,2.0,3.0,16,60,120,2,20,0.001,25,burnin_persistence,ok,,0.37116402624525785,0.43232396050649324,1.6743608380002115,3,0,0,1,2,2,0,10,1.0,1.0,"[{""split_idx"": 0, ""old_K"": 1, ""proposed_K"": 2, ""null_loss"": NaN, ""split_loss"": NaN, ""improvement"": NaN, ""improvement_per_sample"": NaN, ""accept_tol_per_sample"": NaN, ""accepted"": true, ""acceptance_mode"": ""accept_all_eligible"", ""epoch"": 180, ""diagnostic_score"": 190.9917449951172, ""cluster_size"": 1000, ""persistence_count"": 2}, {""split_idx"": 0, ""old_K"": 2, ""proposed_K"": 3, ""null_loss"": NaN, ""split_loss"": NaN, ""improvement"": NaN, ""improvement_per_sample"": NaN, ""accept_tol_per_sample"": NaN, ""accepted"": true, ""acceptance_mode"": ""accept_all_eligible"", ""epoch"": 300, ""diagnostic_score"": 187.03236389160156, ""cluster_size"": 540, ""persistence_count"": 2}]"
matched_sparse_gaussian,1000,100,10,3,2.0,3.0,16,60,120,2,20,0.001,25,full_safeguard,ok,,0.8032111936209747,0.7795784805221317,2.576210881999941,3,0,0,1,2,2,0,10,1.0,1.0,"[{""split_idx"": 0, ""old_K"": 1, ""proposed_K"": 2, ""null_loss"": 192934.421875, ""split_loss"": 192109.6875, ""improvement"": 824.734375, ""improvement_per_sample"": 0.824734375, ""accept_tol_per_sample"": 0.001, ""accepted"": true, ""epoch"": 180, ""diagnostic_score"": 190.9917449951172, ""cluster_size"": 1000, ""persistence_count"": 2}, {""split_idx"": 0, ""old_K"": 2, ""proposed_K"": 3, ""null_loss"": 189456.859375, ""split_loss"": 189453.640625, ""improvement"": 3.21875, ""improvement_per_sample"": 0.00321875, ""accept_tol_per_sample"": 0.001, ""accepted"": true, ""epoch"": 300, ""diagnostic_score"": 187.08328247070312, ""cluster_size"": 576, ""persistence_count"": 2}]"
matched_sparse_gaussian,1000,100,10,3,2.0,3.0,17,60,120,2,20,0.001,25,original,ok,,0.6699542099227372,0.7692135553373572,4.054328502001226,6,1,0,0,4,4,0,10,1.0,1.0,[]
matched_sparse_gaussian,1000,100,10,3,2.0,3.0,17,60,120,2,20,0.001,25,burnin_only,ok,,0.8295222597138094,0.8510712622545379,2.3149922669999796,5,1,0,0,4,4,0,10,1.0,1.0,"[{""split_idx"": 0, ""old_K"": 1, ""proposed_K"": 2, ""null_loss"": NaN, ""split_loss"": NaN, ""improvement"": NaN, ""improvement_per_sample"": NaN, ""accept_tol_per_sample"": NaN, ""accepted"": true, ""acceptance_mode"": ""accept_all_eligible"", ""epoch"": 120, ""diagnostic_score"": 192.65097045898438, ""cluster_size"": 1000, ""persistence_count"": 1}, {""split_idx"": 0, ""old_K"": 2, ""proposed_K"": 3, ""null_loss"": NaN, ""split_loss"": NaN, ""improvement"": NaN, ""improvement_per_sample"": NaN, ""accept_tol_per_sample"": NaN, ""accepted"": true, ""acceptance_mode"": ""accept_all_eligible"", ""epoch"": 180, ""diagnostic_score"": 188.92514038085938, ""cluster_size"": 495, ""persistence_count"": 1}, {""split_idx"": 1, ""old_K"": 3, ""proposed_K"": 4, ""null_loss"": NaN, ""split_loss"": NaN, ""improvement"": NaN, ""improvement_per_sample"": NaN, ""accept_tol_per_sample"": NaN, ""accepted"": true, ""acceptance_mode"": ""accept_all_eligible"", ""epoch"": 240, ""diagnostic_score"": 186.55047607421875, ""cluster_size"": 332, ""persistence_count"": 1}, {""split_idx"": 3, ""old_K"": 4, ""proposed_K"": 5, ""null_loss"": NaN, ""split_loss"": NaN, ""improvement"": NaN, ""improvement_per_sample"": NaN, ""accept_tol_per_sample"": NaN, ""accepted"": true, ""acceptance_mode"": ""accept_all_eligible"", ""epoch"": 300, ""diagnostic_score"": 186.3399658203125, ""cluster_size"": 166, ""persistence_count"": 1}]"
matched_sparse_gaussian,1000,100,10,3,2.0,3.0,17,60,120,2,20,0.001,25,burnin_persistence,ok,,0.3831115391328269,0.43986328617398884,1.553062487000716,3,0,0,1,2,2,0,10,1.0,1.0,"[{""split_idx"": 0, ""old_K"": 1, ""proposed_K"": 2, ""null_loss"": NaN, ""split_loss"": NaN, ""improvement"": NaN, ""improvement_per_sample"": NaN, ""accept_tol_per_sample"": NaN, ""accepted"": true, ""acceptance_mode"": ""accept_all_eligible"", ""epoch"": 180, ""diagnostic_score"": 191.5907440185547, ""cluster_size"": 1000, ""persistence_count"": 2}, {""split_idx"": 0, ""old_K"": 2, ""proposed_K"": 3, ""null_loss"": NaN, ""split_loss"": NaN, ""improvement"": NaN, ""improvement_per_sample"": NaN, ""accept_tol_per_sample"": NaN, ""accepted"": true, ""acceptance_mode"": ""accept_all_eligible"", ""epoch"": 300, ""diagnostic_score"": 187.6941680908203, ""cluster_size"": 552, ""persistence_count"": 2}]"
matched_sparse_gaussian,1000,100,10,3,2.0,3.0,17,60,120,2,20,0.001,25,full_safeguard,ok,,0.9586477381151336,0.9392930706667298,2.0528661500011367,3,0,0,1,2,2,0,10,1.0,1.0,"[{""split_idx"": 0, ""old_K"": 1, ""proposed_K"": 2, ""null_loss"": 193502.125, ""split_loss"": 192990.9375, ""improvement"": 511.1875, ""improvement_per_sample"": 0.5111875, ""accept_tol_per_sample"": 0.001, ""accepted"": true, ""epoch"": 180, ""diagnostic_score"": 191.5907440185547, ""cluster_size"": 1000, ""persistence_count"": 2}, {""split_idx"": 0, ""old_K"": 2, ""proposed_K"": 3, ""null_loss"": 190065.140625, ""split_loss"": 189551.90625, ""improvement"": 513.234375, ""improvement_per_sample"": 0.513234375, ""accept_tol_per_sample"": 0.001, ""accepted"": true, ""epoch"": 300, ""diagnostic_score"": 187.72703552246094, ""cluster_size"": 586, ""persistence_count"": 2}]"
matched_sparse_gaussian,1000,100,10,3,2.0,3.0,18,60,120,2,20,0.001,25,original,ok,,0.6889967002723921,0.7849606384275812,3.18314488499891,6,1,0,0,4,4,0,10,1.0,1.0,[]
matched_sparse_gaussian,1000,100,10,3,2.0,3.0,18,60,120,2,20,0.001,25,burnin_only,ok,,0.7253225918469294,0.821791533241064,2.919767151000997,5,1,0,0,4,4,0,11,0.9523809523809523,1.0,"[{""split_idx"": 0, ""old_K"": 1, ""proposed_K"": 2, ""null_loss"": NaN, ""split_loss"": NaN, ""improvement"": NaN, ""improvement_per_sample"": NaN, ""accept_tol_per_sample"": NaN, ""accepted"": true, ""acceptance_mode"": ""accept_all_eligible"", ""epoch"": 120, ""diagnostic_score"": 191.45602416992188, ""cluster_size"": 1000, ""persistence_count"": 1}, {""split_idx"": 0, ""old_K"": 2, ""proposed_K"": 3, ""null_loss"": NaN, ""split_loss"": NaN, ""improvement"": NaN, ""improvement_per_sample"": NaN, ""accept_tol_per_sample"": NaN, ""accepted"": true, ""acceptance_mode"": ""accept_all_eligible"", ""epoch"": 180, ""diagnostic_score"": 187.7471923828125, ""cluster_size"": 493, ""persistence_count"": 1}, {""split_idx"": 2, ""old_K"": 3, ""proposed_K"": 4, ""null_loss"": NaN, ""split_loss"": NaN, ""improvement"": NaN, ""improvement_per_sample"": NaN, ""accept_tol_per_sample"": NaN, ""accepted"": true, ""acceptance_mode"": ""accept_all_eligible"", ""epoch"": 240, ""diagnostic_score"": 185.1855010986328, ""cluster_size"": 333, ""persistence_count"": 1}, {""split_idx"": 1, ""old_K"": 4, ""proposed_K"": 5, ""null_loss"": NaN, ""split_loss"": NaN, ""improvement"": NaN, ""improvement_per_sample"": NaN, ""accept_tol_per_sample"": NaN, ""accepted"": true, ""acceptance_mode"": ""accept_all_eligible"", ""epoch"": 300, ""diagnostic_score"": 184.9058074951172, ""cluster_size"": 333, ""persistence_count"": 1}]"
matched_sparse_gaussian,1000,100,10,3,2.0,3.0,18,60,120,2,20,0.001,25,burnin_persistence,ok,,0.363595432862816,0.43265750896792265,2.0798214549995464,3,0,0,1,2,2,0,11,0.9523809523809523,1.0,"[{""split_idx"": 0, ""old_K"": 1, ""proposed_K"": 2, ""null_loss"": NaN, ""split_loss"": NaN, ""improvement"": NaN, ""improvement_per_sample"": NaN, ""accept_tol_per_sample"": NaN, ""accepted"": true, ""acceptance_mode"": ""accept_all_eligible"", ""epoch"": 180, ""diagnostic_score"": 190.39122009277344, ""cluster_size"": 1000, ""persistence_count"": 2}, {""split_idx"": 1, ""old_K"": 2, ""proposed_K"": 3, ""null_loss"": NaN, ""split_loss"": NaN, ""improvement"": NaN, ""improvement_per_sample"": NaN, ""accept_tol_per_sample"": NaN, ""accepted"": true, ""acceptance_mode"": ""accept_all_eligible"", ""epoch"": 300, ""diagnostic_score"": 186.25746154785156, ""cluster_size"": 503, ""persistence_count"": 2}]"
matched_sparse_gaussian,1000,100,10,3,2.0,3.0,18,60,120,2,20,0.001,25,full_safeguard,ok,,0.7274344877853879,0.7445290542991789,2.265030165001008,3,0,0,1,2,2,0,11,0.9523809523809523,1.0,"[{""split_idx"": 0, ""old_K"": 1, ""proposed_K"": 2, ""null_loss"": 192582.28125, ""split_loss"": 192570.6875, ""improvement"": 11.59375, ""improvement_per_sample"": 0.01159375, ""accept_tol_per_sample"": 0.001, ""accepted"": true, ""epoch"": 180, ""diagnostic_score"": 190.39122009277344, ""cluster_size"": 1000, ""persistence_count"": 2}, {""split_idx"": 1, ""old_K"": 2, ""proposed_K"": 3, ""null_loss"": 189175.828125, ""split_loss"": 188953.5, ""improvement"": 222.328125, ""improvement_per_sample"": 0.222328125, ""accept_tol_per_sample"": 0.001, ""accepted"": true, ""epoch"": 300, ""diagnostic_score"": 186.2083282470703, ""cluster_size"": 495, ""persistence_count"": 2}]"
matched_sparse_gaussian,1000,100,10,3,2.0,3.0,19,60,120,2,20,0.001,25,original,ok,,0.8041125543269779,0.8212165788912633,3.165228981999462,6,1,0,0,4,4,0,10,1.0,1.0,[]
matched_sparse_gaussian,1000,100,10,3,2.0,3.0,19,60,120,2,20,0.001,25,burnin_only,ok,,0.8247759570362382,0.8473735636140775,2.3557243539999035,5,1,0,0,4,4,0,10,1.0,1.0,"[{""split_idx"": 0, ""old_K"": 1, ""proposed_K"": 2, ""null_loss"": NaN, ""split_loss"": NaN, ""improvement"": NaN, ""improvement_per_sample"": NaN, ""accept_tol_per_sample"": NaN, ""accepted"": true, ""acceptance_mode"": ""accept_all_eligible"", ""epoch"": 120, ""diagnostic_score"": 191.97906494140625, ""cluster_size"": 1000, ""persistence_count"": 1}, {""split_idx"": 0, ""old_K"": 2, ""proposed_K"": 3, ""null_loss"": NaN, ""split_loss"": NaN, ""improvement"": NaN, ""improvement_per_sample"": NaN, ""accept_tol_per_sample"": NaN, ""accepted"": true, ""acceptance_mode"": ""accept_all_eligible"", ""epoch"": 180, ""diagnostic_score"": 188.0677032470703, ""cluster_size"": 525, ""persistence_count"": 1}, {""split_idx"": 2, ""old_K"": 3, ""proposed_K"": 4, ""null_loss"": NaN, ""split_loss"": NaN, ""improvement"": NaN, ""improvement_per_sample"": NaN, ""accept_tol_per_sample"": NaN, ""accepted"": true, ""acceptance_mode"": ""accept_all_eligible"", ""epoch"": 240, ""diagnostic_score"": 185.4405517578125, ""cluster_size"": 334, ""persistence_count"": 1}, {""split_idx"": 2, ""old_K"": 4, ""proposed_K"": 5, ""null_loss"": NaN, ""split_loss"": NaN, ""improvement"": NaN, ""improvement_per_sample"": NaN, ""accept_tol_per_sample"": NaN, ""accepted"": true, ""acceptance_mode"": ""accept_all_eligible"", ""epoch"": 300, ""diagnostic_score"": 185.15582275390625, ""cluster_size"": 186, ""persistence_count"": 1}]"
matched_sparse_gaussian,1000,100,10,3,2.0,3.0,19,60,120,2,20,0.001,25,burnin_persistence,ok,,0.49385524899887034,0.5314379167998873,1.6059276149990183,3,0,0,1,2,2,0,10,1.0,1.0,"[{""split_idx"": 0, ""old_K"": 1, ""proposed_K"": 2, ""null_loss"": NaN, ""split_loss"": NaN, ""improvement"": NaN, ""improvement_per_sample"": NaN, ""accept_tol_per_sample"": NaN, ""accepted"": true, ""acceptance_mode"": ""accept_all_eligible"", ""epoch"": 180, ""diagnostic_score"": 190.9423065185547, ""cluster_size"": 1000, ""persistence_count"": 2}, {""split_idx"": 1, ""old_K"": 2, ""proposed_K"": 3, ""null_loss"": NaN, ""split_loss"": NaN, ""improvement"": NaN, ""improvement_per_sample"": NaN, ""accept_tol_per_sample"": NaN, ""accepted"": true, ""acceptance_mode"": ""accept_all_eligible"", ""epoch"": 300, ""diagnostic_score"": 187.2281494140625, ""cluster_size"": 637, ""persistence_count"": 2}]"
matched_sparse_gaussian,1000,100,10,3,2.0,3.0,19,60,120,2,20,0.001,25,full_safeguard,ok,,0.9850573698702072,0.9720212719430543,2.5154881830003433,3,0,0,1,2,2,0,10,1.0,1.0,"[{""split_idx"": 0, ""old_K"": 1, ""proposed_K"": 2, ""null_loss"": 192977.8125, ""split_loss"": 191732.734375, ""improvement"": 1245.078125, ""improvement_per_sample"": 1.245078125, ""accept_tol_per_sample"": 0.001, ""accepted"": true, ""epoch"": 180, ""diagnostic_score"": 190.9423065185547, ""cluster_size"": 1000, ""persistence_count"": 2}, {""split_idx"": 1, ""old_K"": 2, ""proposed_K"": 3, ""null_loss"": 189342.09375, ""split_loss"": 188528.328125, ""improvement"": 813.765625, ""improvement_per_sample"": 0.813765625, ""accept_tol_per_sample"": 0.001, ""accepted"": true, ""epoch"": 300, ""diagnostic_score"": 187.14869689941406, ""cluster_size"": 650, ""persistence_count"": 2}]"
matched_sparse_gaussian,1000,100,10,3,2.0,3.0,20,60,120,2,20,0.001,25,original,ok,,0.7006079907393997,0.7936629378454538,3.8627529560017138,6,1,0,0,4,4,0,10,1.0,1.0,[]
matched_sparse_gaussian,1000,100,10,3,2.0,3.0,20,60,120,2,20,0.001,25,burnin_only,ok,,0.7281526550758529,0.8267193056930409,2.220665241999086,5,1,0,0,4,4,0,10,1.0,1.0,"[{""split_idx"": 0, ""old_K"": 1, ""proposed_K"": 2, ""null_loss"": NaN, ""split_loss"": NaN, ""improvement"": NaN, ""improvement_per_sample"": NaN, ""accept_tol_per_sample"": NaN, ""accepted"": true, ""acceptance_mode"": ""accept_all_eligible"", ""epoch"": 120, ""diagnostic_score"": 191.4831085205078, ""cluster_size"": 1000, ""persistence_count"": 1}, {""split_idx"": 1, ""old_K"": 2, ""proposed_K"": 3, ""null_loss"": NaN, ""split_loss"": NaN, ""improvement"": NaN, ""improvement_per_sample"": NaN, ""accept_tol_per_sample"": NaN, ""accepted"": true, ""acceptance_mode"": ""accept_all_eligible"", ""epoch"": 180, ""diagnostic_score"": 187.68377685546875, ""cluster_size"": 495, ""persistence_count"": 1}, {""split_idx"": 1, ""old_K"": 3, ""proposed_K"": 4, ""null_loss"": NaN, ""split_loss"": NaN, ""improvement"": NaN, ""improvement_per_sample"": NaN, ""accept_tol_per_sample"": NaN, ""accepted"": true, ""acceptance_mode"": ""accept_all_eligible"", ""epoch"": 240, ""diagnostic_score"": 184.90631103515625, ""cluster_size"": 334, ""persistence_count"": 1}, {""split_idx"": 1, ""old_K"": 4, ""proposed_K"": 5, ""null_loss"": NaN, ""split_loss"": NaN, ""improvement"": NaN, ""improvement_per_sample"": NaN, ""accept_tol_per_sample"": NaN, ""accepted"": true, ""acceptance_mode"": ""accept_all_eligible"", ""epoch"": 300, ""diagnostic_score"": 184.8009033203125, ""cluster_size"": 333, ""persistence_count"": 1}]"
matched_sparse_gaussian,1000,100,10,3,2.0,3.0,20,60,120,2,20,0.001,25,burnin_persistence,ok,,0.3848200843778101,0.44731125991672455,1.568564608000088,3,0,0,1,2,2,0,10,1.0,1.0,"[{""split_idx"": 0, ""old_K"": 1, ""proposed_K"": 2, ""null_loss"": NaN, ""split_loss"": NaN, ""improvement"": NaN, ""improvement_per_sample"": NaN, ""accept_tol_per_sample"": NaN, ""accepted"": true, ""acceptance_mode"": ""accept_all_eligible"", ""epoch"": 180, ""diagnostic_score"": 190.44920349121094, ""cluster_size"": 1000, ""persistence_count"": 2}, {""split_idx"": 0, ""old_K"": 2, ""proposed_K"": 3, ""null_loss"": NaN, ""split_loss"": NaN, ""improvement"": NaN, ""improvement_per_sample"": NaN, ""accept_tol_per_sample"": NaN, ""accepted"": true, ""acceptance_mode"": ""accept_all_eligible"", ""epoch"": 300, ""diagnostic_score"": 186.3542022705078, ""cluster_size"": 514, ""persistence_count"": 2}]"
matched_sparse_gaussian,1000,100,10,3,2.0,3.0,20,60,120,2,20,0.001,25,full_safeguard,ok,,0.8536082601818291,0.8336050031859567,2.0926779309993435,3,0,0,1,2,2,0,10,1.0,1.0,"[{""split_idx"": 0, ""old_K"": 1, ""proposed_K"": 2, ""null_loss"": 192571.34375, ""split_loss"": 191210.171875, ""improvement"": 1361.171875, ""improvement_per_sample"": 1.361171875, ""accept_tol_per_sample"": 0.001, ""accepted"": true, ""epoch"": 180, ""diagnostic_score"": 190.44920349121094, ""cluster_size"": 1000, ""persistence_count"": 2}, {""split_idx"": 0, ""old_K"": 2, ""proposed_K"": 3, ""null_loss"": 189148.03125, ""split_loss"": 188936.6875, ""improvement"": 211.34375, ""improvement_per_sample"": 0.21134375, ""accept_tol_per_sample"": 0.001, ""accepted"": true, ""epoch"": 300, ""diagnostic_score"": 186.4700164794922, ""cluster_size"": 526, ""persistence_count"": 2}]"
